"CIRCOSCRIZIONE","COLLEGIO_UNINOMINALE","DESCR_LISTA","CANDIDATO","DATA_NASCITA","LUOGO_NASCITA"
"PIEMONTE 1","PIEMONTE 1 - U01 (TORINO: CIRCOSCRIZIONE 2 - SANTA RITA - MIRAFIORI NORD - MIRAFIORI SUD)","MOVIMENTO 5 STELLE","CARLOTTA TEVERE","21/06/1978","TORINO"
"PIEMONTE 1","PIEMONTE 1 - U01 (TORINO: CIRCOSCRIZIONE 2 - SANTA RITA - MIRAFIORI NORD - MIRAFIORI SUD)","AZIONE - ITALIA VIVA - CALENDA","MASSIMO GIUNTOLI","24/02/1969","TORINO"
"PIEMONTE 1","PIEMONTE 1 - U01 (TORINO: CIRCOSCRIZIONE 2 - SANTA RITA - MIRAFIORI NORD - MIRAFIORI SUD)","FRATELLI D'ITALIA CON GIORGIA MELONI","ELENA CHIORINO","02/02/1977","BIELLA "
"PIEMONTE 1","PIEMONTE 1 - U01 (TORINO: CIRCOSCRIZIONE 2 - SANTA RITA - MIRAFIORI NORD - MIRAFIORI SUD)","FORZA ITALIA","ELENA CHIORINO","02/02/1977","BIELLA "
"PIEMONTE 1","PIEMONTE 1 - U01 (TORINO: CIRCOSCRIZIONE 2 - SANTA RITA - MIRAFIORI NORD - MIRAFIORI SUD)","NOI MODERATI/LUPI - TOTI - BRUGNARO - UDC","ELENA CHIORINO","02/02/1977","BIELLA "
"PIEMONTE 1","PIEMONTE 1 - U01 (TORINO: CIRCOSCRIZIONE 2 - SANTA RITA - MIRAFIORI NORD - MIRAFIORI SUD)","LEGA PER SALVINI PREMIER","ELENA CHIORINO","02/02/1977","BIELLA "
"PIEMONTE 1","PIEMONTE 1 - U01 (TORINO: CIRCOSCRIZIONE 2 - SANTA RITA - MIRAFIORI NORD - MIRAFIORI SUD)","ITALEXIT PER L'ITALIA","SERENA TAGLIAFERRI","06/05/1973","BUSTO ARSIZIO (VA)"
"PIEMONTE 1","PIEMONTE 1 - U01 (TORINO: CIRCOSCRIZIONE 2 - SANTA RITA - MIRAFIORI NORD - MIRAFIORI SUD)","ITALIA SOVRANA E POPOLARE","DOMENICA FOLLINO","09/06/1955","TORINO"
"PIEMONTE 1","PIEMONTE 1 - U01 (TORINO: CIRCOSCRIZIONE 2 - SANTA RITA - MIRAFIORI NORD - MIRAFIORI SUD)"," +EUROPA","RICCARDO MAGI","07/08/1976","ROMA (RM)"
"PIEMONTE 1","PIEMONTE 1 - U01 (TORINO: CIRCOSCRIZIONE 2 - SANTA RITA - MIRAFIORI NORD - MIRAFIORI SUD)","PARTITO DEMOCRATICO - ITALIA DEMOCRATICA E PROGRESSISTA","RICCARDO MAGI","07/08/1976","ROMA (RM)"
"PIEMONTE 1","PIEMONTE 1 - U01 (TORINO: CIRCOSCRIZIONE 2 - SANTA RITA - MIRAFIORI NORD - MIRAFIORI SUD)","ALLEANZA VERDI E SINISTRA","RICCARDO MAGI","07/08/1976","ROMA (RM)"
"PIEMONTE 1","PIEMONTE 1 - U01 (TORINO: CIRCOSCRIZIONE 2 - SANTA RITA - MIRAFIORI NORD - MIRAFIORI SUD)","IMPEGNO CIVICO LUIGI DI MAIO - CENTRO DEMOCRATICO","RICCARDO MAGI","07/08/1976","ROMA (RM)"
"PIEMONTE 1","PIEMONTE 1 - U01 (TORINO: CIRCOSCRIZIONE 2 - SANTA RITA - MIRAFIORI NORD - MIRAFIORI SUD)","VITA","LORENA BASSINO","11/02/1970","CHIVASSO (TO)"
"PIEMONTE 1","PIEMONTE 1 - U01 (TORINO: CIRCOSCRIZIONE 2 - SANTA RITA - MIRAFIORI NORD - MIRAFIORI SUD)","UNIONE POPOLARE CON DE MAGISTRIS","ELISABETTA FORNI","22/02/1951","PARMA"
"PIEMONTE 1","PIEMONTE 1 - U02 (TORINO: CIRCOSCRIZIONE 3 - SAN PAOLO - CENISIA - POZZO STRADA - CITTURIN - BORGATA LESNA)","MOVIMENTO 5 STELLE","CHIARA APPENDINO","12/06/1984","MONCALIERI (TO)"
"PIEMONTE 1","PIEMONTE 1 - U02 (TORINO: CIRCOSCRIZIONE 3 - SAN PAOLO - CENISIA - POZZO STRADA - CITTURIN - BORGATA LESNA)","AZIONE - ITALIA VIVA - CALENDA","MARIA KATJA AGATE","02/07/1976","RIVOLI (TO)"
"PIEMONTE 1","PIEMONTE 1 - U02 (TORINO: CIRCOSCRIZIONE 3 - SAN PAOLO - CENISIA - POZZO STRADA - CITTURIN - BORGATA LESNA)","FRATELLI D'ITALIA CON GIORGIA MELONI","AUGUSTA MONTARULI","14/09/1983","TORINO"
"PIEMONTE 1","PIEMONTE 1 - U02 (TORINO: CIRCOSCRIZIONE 3 - SAN PAOLO - CENISIA - POZZO STRADA - CITTURIN - BORGATA LESNA)","FORZA ITALIA","AUGUSTA MONTARULI","14/09/1983","TORINO"
"PIEMONTE 1","PIEMONTE 1 - U02 (TORINO: CIRCOSCRIZIONE 3 - SAN PAOLO - CENISIA - POZZO STRADA - CITTURIN - BORGATA LESNA)","NOI MODERATI/LUPI - TOTI - BRUGNARO - UDC","AUGUSTA MONTARULI","14/09/1983","TORINO"
"PIEMONTE 1","PIEMONTE 1 - U02 (TORINO: CIRCOSCRIZIONE 3 - SAN PAOLO - CENISIA - POZZO STRADA - CITTURIN - BORGATA LESNA)","LEGA PER SALVINI PREMIER","AUGUSTA MONTARULI","14/09/1983","TORINO"
"PIEMONTE 1","PIEMONTE 1 - U02 (TORINO: CIRCOSCRIZIONE 3 - SAN PAOLO - CENISIA - POZZO STRADA - CITTURIN - BORGATA LESNA)","ITALEXIT PER L'ITALIA","LUCA GIACOMONE","10/10/1971","TORINO"
"PIEMONTE 1","PIEMONTE 1 - U02 (TORINO: CIRCOSCRIZIONE 3 - SAN PAOLO - CENISIA - POZZO STRADA - CITTURIN - BORGATA LESNA)","ITALIA SOVRANA E POPOLARE","DANIELA TALARICO","08/06/1965","TORINO"
"PIEMONTE 1","PIEMONTE 1 - U02 (TORINO: CIRCOSCRIZIONE 3 - SAN PAOLO - CENISIA - POZZO STRADA - CITTURIN - BORGATA LESNA)"," +EUROPA","STEFANO LEPRI","05/02/1961","FIRENZE"
"PIEMONTE 1","PIEMONTE 1 - U02 (TORINO: CIRCOSCRIZIONE 3 - SAN PAOLO - CENISIA - POZZO STRADA - CITTURIN - BORGATA LESNA)","PARTITO DEMOCRATICO - ITALIA DEMOCRATICA E PROGRESSISTA","STEFANO LEPRI","05/02/1961","FIRENZE"
"PIEMONTE 1","PIEMONTE 1 - U02 (TORINO: CIRCOSCRIZIONE 3 - SAN PAOLO - CENISIA - POZZO STRADA - CITTURIN - BORGATA LESNA)","ALLEANZA VERDI E SINISTRA","STEFANO LEPRI","05/02/1961","FIRENZE"
"PIEMONTE 1","PIEMONTE 1 - U02 (TORINO: CIRCOSCRIZIONE 3 - SAN PAOLO - CENISIA - POZZO STRADA - CITTURIN - BORGATA LESNA)","IMPEGNO CIVICO LUIGI DI MAIO - CENTRO DEMOCRATICO","STEFANO LEPRI","05/02/1961","FIRENZE"
"PIEMONTE 1","PIEMONTE 1 - U02 (TORINO: CIRCOSCRIZIONE 3 - SAN PAOLO - CENISIA - POZZO STRADA - CITTURIN - BORGATA LESNA)","VITA","FEDERICA PATTARINO","26/07/1968","TORINO"
"PIEMONTE 1","PIEMONTE 1 - U02 (TORINO: CIRCOSCRIZIONE 3 - SAN PAOLO - CENISIA - POZZO STRADA - CITTURIN - BORGATA LESNA)","UNIONE POPOLARE CON DE MAGISTRIS","LUIGI CELEBRE","17/01/1995","MILAZZO (ME)"
"PIEMONTE 1","PIEMONTE 1 - U03 (COLLEGNO)","MOVIMENTO 5 STELLE","LUCA CARABETTA","10/06/1991","RIVOLI (TO)"
"PIEMONTE 1","PIEMONTE 1 - U03 (COLLEGNO)","AZIONE - ITALIA VIVA - CALENDA","PAOLA BARBERO","19/11/1953","TORINO"
"PIEMONTE 1","PIEMONTE 1 - U03 (COLLEGNO)","FRATELLI D'ITALIA CON GIORGIA MELONI","ELENA MACCANTI","05/02/1971","TORINO"
"PIEMONTE 1","PIEMONTE 1 - U03 (COLLEGNO)","FORZA ITALIA","ELENA MACCANTI","05/02/1971","TORINO"
"PIEMONTE 1","PIEMONTE 1 - U03 (COLLEGNO)","NOI MODERATI/LUPI - TOTI - BRUGNARO - UDC","ELENA MACCANTI","05/02/1971","TORINO"
"PIEMONTE 1","PIEMONTE 1 - U03 (COLLEGNO)","LEGA PER SALVINI PREMIER","ELENA MACCANTI","05/02/1971","TORINO"
"PIEMONTE 1","PIEMONTE 1 - U03 (COLLEGNO)","ITALEXIT PER L'ITALIA","LUCA CELLAMARE","27/09/1983","ROMA"
"PIEMONTE 1","PIEMONTE 1 - U03 (COLLEGNO)","ITALIA SOVRANA E POPOLARE","MONICA AMORE","14/12/1975","TORINO"
"PIEMONTE 1","PIEMONTE 1 - U03 (COLLEGNO)"," +EUROPA","DAVIDE GARIGLIO","03/04/1967","TORINO"
"PIEMONTE 1","PIEMONTE 1 - U03 (COLLEGNO)","PARTITO DEMOCRATICO - ITALIA DEMOCRATICA E PROGRESSISTA","DAVIDE GARIGLIO","03/04/1967","TORINO"
"PIEMONTE 1","PIEMONTE 1 - U03 (COLLEGNO)","ALLEANZA VERDI E SINISTRA","DAVIDE GARIGLIO","03/04/1967","TORINO"
"PIEMONTE 1","PIEMONTE 1 - U03 (COLLEGNO)","IMPEGNO CIVICO LUIGI DI MAIO - CENTRO DEMOCRATICO","DAVIDE GARIGLIO","03/04/1967","TORINO"
"PIEMONTE 1","PIEMONTE 1 - U03 (COLLEGNO)","VITA","GIANPIERO ALAIMO","05/06/1958","TORINO"
"PIEMONTE 1","PIEMONTE 1 - U03 (COLLEGNO)","UNIONE POPOLARE CON DE MAGISTRIS","ROSA BARTIROMO","08/01/1985","NAPOLI"
"PIEMONTE 1","PIEMONTE 1 - U04 (CHIERI)","MOVIMENTO 5 STELLE","ANTONINO IARIA","27/12/1970","CONDOFURI (RC)"
"PIEMONTE 1","PIEMONTE 1 - U04 (CHIERI)","AZIONE - ITALIA VIVA - CALENDA","OSVALDO NAPOLI","23/03/1944","TORINO"
"PIEMONTE 1","PIEMONTE 1 - U04 (CHIERI)","FRATELLI D'ITALIA CON GIORGIA MELONI","ALESSANDRO GIGLIO VIGNA","13/12/1980","IVREA (TO)"
"PIEMONTE 1","PIEMONTE 1 - U04 (CHIERI)","FORZA ITALIA","ALESSANDRO GIGLIO VIGNA","13/12/1980","IVREA (TO)"
"PIEMONTE 1","PIEMONTE 1 - U04 (CHIERI)","NOI MODERATI/LUPI - TOTI - BRUGNARO - UDC","ALESSANDRO GIGLIO VIGNA","13/12/1980","IVREA (TO)"
"PIEMONTE 1","PIEMONTE 1 - U04 (CHIERI)","LEGA PER SALVINI PREMIER","ALESSANDRO GIGLIO VIGNA","13/12/1980","IVREA (TO)"
"PIEMONTE 1","PIEMONTE 1 - U04 (CHIERI)","ITALEXIT PER L'ITALIA","ALDO QUERIO GIANETTO","01/11/1972","TORINO"
"PIEMONTE 1","PIEMONTE 1 - U04 (CHIERI)","ITALIA SOVRANA E POPOLARE","VINCENZO VALERIO DONATO","24/05/1977","NAPOLI"
"PIEMONTE 1","PIEMONTE 1 - U04 (CHIERI)"," +EUROPA","ANTONELLA GIORDANO","07/04/1969","SAN SEVERO (FG)"
"PIEMONTE 1","PIEMONTE 1 - U04 (CHIERI)","PARTITO DEMOCRATICO - ITALIA DEMOCRATICA E PROGRESSISTA","ANTONELLA GIORDANO","07/04/1969","SAN SEVERO (FG)"
"PIEMONTE 1","PIEMONTE 1 - U04 (CHIERI)","ALLEANZA VERDI E SINISTRA","ANTONELLA GIORDANO","07/04/1969","SAN SEVERO (FG)"
"PIEMONTE 1","PIEMONTE 1 - U04 (CHIERI)","IMPEGNO CIVICO LUIGI DI MAIO - CENTRO DEMOCRATICO","ANTONELLA GIORDANO","07/04/1969","SAN SEVERO (FG)"
"PIEMONTE 1","PIEMONTE 1 - U04 (CHIERI)","VITA","ROBERTO CONEDERA","09/08/1957","TERNI"
"PIEMONTE 1","PIEMONTE 1 - U04 (CHIERI)","UNIONE POPOLARE CON DE MAGISTRIS","CADIGIA ESTER PERINI","14/01/1959","IVREA (TO)"
"PIEMONTE 1","PIEMONTE 1 - U05 (MONCALIERI)","MOVIMENTO 5 STELLE","ANTONELLA PEPE","25/05/1974","TORINO"
"PIEMONTE 1","PIEMONTE 1 - U05 (MONCALIERI)","AZIONE - ITALIA VIVA - CALENDA","DANIELA RUFFINO","07/02/1959","TORINO"
"PIEMONTE 1","PIEMONTE 1 - U05 (MONCALIERI)","FRATELLI D'ITALIA CON GIORGIA MELONI","ROBERTO PELLA","06/03/1970","BIELLA"
"PIEMONTE 1","PIEMONTE 1 - U05 (MONCALIERI)","FORZA ITALIA","ROBERTO PELLA","06/03/1970","BIELLA"
"PIEMONTE 1","PIEMONTE 1 - U05 (MONCALIERI)","NOI MODERATI/LUPI - TOTI - BRUGNARO - UDC","ROBERTO PELLA","06/03/1970","BIELLA"
"PIEMONTE 1","PIEMONTE 1 - U05 (MONCALIERI)","LEGA PER SALVINI PREMIER","ROBERTO PELLA","06/03/1970","BIELLA"
"PIEMONTE 1","PIEMONTE 1 - U05 (MONCALIERI)","ITALEXIT PER L'ITALIA","MARINA PITTAU","07/11/1969","SUSA (TO)"
"PIEMONTE 1","PIEMONTE 1 - U05 (MONCALIERI)","ITALIA SOVRANA E POPOLARE","VINCENZA DI BLASI","12/05/1963","PALERMO"
"PIEMONTE 1","PIEMONTE 1 - U05 (MONCALIERI)"," +EUROPA","CARMEN BONINO","29/05/1960","QUILIANO (SV)"
"PIEMONTE 1","PIEMONTE 1 - U05 (MONCALIERI)","PARTITO DEMOCRATICO - ITALIA DEMOCRATICA E PROGRESSISTA","CARMEN BONINO","29/05/1960","QUILIANO (SV)"
"PIEMONTE 1","PIEMONTE 1 - U05 (MONCALIERI)","ALLEANZA VERDI E SINISTRA","CARMEN BONINO","29/05/1960","QUILIANO (SV)"
"PIEMONTE 1","PIEMONTE 1 - U05 (MONCALIERI)","IMPEGNO CIVICO LUIGI DI MAIO - CENTRO DEMOCRATICO","CARMEN BONINO","29/05/1960","QUILIANO (SV)"
"PIEMONTE 1","PIEMONTE 1 - U05 (MONCALIERI)","VITA","ANNARITA PLATANIA","21/08/1963","TORINO"
"PIEMONTE 1","PIEMONTE 1 - U05 (MONCALIERI)","UNIONE POPOLARE CON DE MAGISTRIS","MARCO SCIBONA","08/06/1967","WALD (SVIZZERA)"
"PIEMONTE 2","PIEMONTE 2 - U02 (NOVARA)","AZIONE - ITALIA VIVA - CALENDA","VITTORIO BARAZZOTTO","20/11/1958","BIELLA"
"PIEMONTE 2","PIEMONTE 2 - U02 (NOVARA)","UNIONE POPOLARE CON DE MAGISTRIS","DANIELE CHERUBIN","05/08/1961","GALLIATE (NO)"
"PIEMONTE 2","PIEMONTE 2 - U02 (NOVARA)"," +EUROPA","EMANUELA ALLEGRA DETTA MILU'","02/12/1966","NOVARA"
"PIEMONTE 2","PIEMONTE 2 - U02 (NOVARA)","PARTITO DEMOCRATICO - ITALIA DEMOCRATICA E PROGRESSISTA","EMANUELA ALLEGRA DETTA MILU'","02/12/1966","NOVARA"
"PIEMONTE 2","PIEMONTE 2 - U02 (NOVARA)","IMPEGNO CIVICO LUIGI DI MAIO - CENTRO DEMOCRATICO","EMANUELA ALLEGRA DETTA MILU'","02/12/1966","NOVARA"
"PIEMONTE 2","PIEMONTE 2 - U02 (NOVARA)","ALLEANZA VERDI E SINISTRA","EMANUELA ALLEGRA DETTA MILU'","02/12/1966","NOVARA"
"PIEMONTE 2","PIEMONTE 2 - U02 (NOVARA)","MOVIMENTO 5 STELLE","MARIO IACOPINO","09/07/1983","REGGIO CALABRIA "
"PIEMONTE 2","PIEMONTE 2 - U02 (NOVARA)","FRATELLI D'ITALIA CON GIORGIA MELONI","ALBERTO  LUIGI GUSMEROLI","27/02/1961","VARESE"
"PIEMONTE 2","PIEMONTE 2 - U02 (NOVARA)","LEGA PER SALVINI PREMIER","ALBERTO  LUIGI GUSMEROLI","27/02/1961","VARESE"
"PIEMONTE 2","PIEMONTE 2 - U02 (NOVARA)","FORZA ITALIA","ALBERTO  LUIGI GUSMEROLI","27/02/1961","VARESE"
"PIEMONTE 2","PIEMONTE 2 - U02 (NOVARA)","NOI MODERATI/LUPI - TOTI - BRUGNARO - UDC","ALBERTO  LUIGI GUSMEROLI","27/02/1961","VARESE"
"PIEMONTE 2","PIEMONTE 2 - U02 (NOVARA)","ITALIA SOVRANA E POPOLARE","MATTIA BIANCHI","26/04/1986","DOMODOSSOLA (VB)"
"PIEMONTE 2","PIEMONTE 2 - U02 (NOVARA)","ITALEXIT PER L'ITALIA","ELEONORA CHIODO","15/03/1995","CHIERI (TO)"
"PIEMONTE 2","PIEMONTE 2 - U03 (VERCELLI)","AZIONE - ITALIA VIVA - CALENDA","TERESA BARRESI","05/10/1966","BIELLA"
"PIEMONTE 2","PIEMONTE 2 - U03 (VERCELLI)","UNIONE POPOLARE CON DE MAGISTRIS","CINZIA LAMANNA","22/05/1960","MILANO"
"PIEMONTE 2","PIEMONTE 2 - U03 (VERCELLI)"," +EUROPA","MARIA MOCCIA DETTA MARIELLA","03/08/1964","VERCELLI"
"PIEMONTE 2","PIEMONTE 2 - U03 (VERCELLI)","PARTITO DEMOCRATICO - ITALIA DEMOCRATICA E PROGRESSISTA","MARIA MOCCIA DETTA MARIELLA","03/08/1964","VERCELLI"
"PIEMONTE 2","PIEMONTE 2 - U03 (VERCELLI)","IMPEGNO CIVICO LUIGI DI MAIO - CENTRO DEMOCRATICO","MARIA MOCCIA DETTA MARIELLA","03/08/1964","VERCELLI"
"PIEMONTE 2","PIEMONTE 2 - U03 (VERCELLI)","ALLEANZA VERDI E SINISTRA","MARIA MOCCIA DETTA MARIELLA","03/08/1964","VERCELLI"
"PIEMONTE 2","PIEMONTE 2 - U03 (VERCELLI)","MOVIMENTO 5 STELLE","GIUSEPPE PASCHETTO","23/04/1955","COSSATO (BI)"
"PIEMONTE 2","PIEMONTE 2 - U03 (VERCELLI)","FRATELLI D'ITALIA CON GIORGIA MELONI","ANDREA DELMASTRO DELLE VEDOVE","22/10/1976","GATTINARA (VC)"
"PIEMONTE 2","PIEMONTE 2 - U03 (VERCELLI)","LEGA PER SALVINI PREMIER","ANDREA DELMASTRO DELLE VEDOVE","22/10/1976","GATTINARA (VC)"
"PIEMONTE 2","PIEMONTE 2 - U03 (VERCELLI)","FORZA ITALIA","ANDREA DELMASTRO DELLE VEDOVE","22/10/1976","GATTINARA (VC)"
"PIEMONTE 2","PIEMONTE 2 - U03 (VERCELLI)","NOI MODERATI/LUPI - TOTI - BRUGNARO - UDC","ANDREA DELMASTRO DELLE VEDOVE","22/10/1976","GATTINARA (VC)"
"PIEMONTE 2","PIEMONTE 2 - U03 (VERCELLI)","ITALIA SOVRANA E POPOLARE","ANDREA RAVICIOTTI","07/08/1986","GATTINARA (VC)"
"PIEMONTE 2","PIEMONTE 2 - U03 (VERCELLI)","ITALEXIT PER L'ITALIA","DANILO RAMIREZ","12/03/1957","PONTREMOLI (MS)"
"PIEMONTE 2","PIEMONTE 2 - U01 (ALESSANDRIA)","AZIONE - ITALIA VIVA - CALENDA","GIOVANNI BAROSINI","05/07/1960","CAVE (RM)"
"PIEMONTE 2","PIEMONTE 2 - U01 (ALESSANDRIA)","UNIONE POPOLARE CON DE MAGISTRIS","STEFANELLA RAVAZZI","22/01/1953","TORTONA (AL)"
"PIEMONTE 2","PIEMONTE 2 - U01 (ALESSANDRIA)"," +EUROPA","FEDERICO BODO","15/09/1990","VERCELLI"
"PIEMONTE 2","PIEMONTE 2 - U01 (ALESSANDRIA)","PARTITO DEMOCRATICO - ITALIA DEMOCRATICA E PROGRESSISTA","FEDERICO BODO","15/09/1990","VERCELLI"
"PIEMONTE 2","PIEMONTE 2 - U01 (ALESSANDRIA)","IMPEGNO CIVICO LUIGI DI MAIO - CENTRO DEMOCRATICO","FEDERICO BODO","15/09/1990","VERCELLI"
"PIEMONTE 2","PIEMONTE 2 - U01 (ALESSANDRIA)","ALLEANZA VERDI E SINISTRA","FEDERICO BODO","15/09/1990","VERCELLI"
"PIEMONTE 2","PIEMONTE 2 - U01 (ALESSANDRIA)","MOVIMENTO 5 STELLE","ANTONELLA SCAGNETTI","27/02/1965","CASEI GEROLA (PV)"
"PIEMONTE 2","PIEMONTE 2 - U01 (ALESSANDRIA)","FRATELLI D'ITALIA CON GIORGIA MELONI","RICCARDO MOLINARI","29/07/1983","ALESSANDRIA"
"PIEMONTE 2","PIEMONTE 2 - U01 (ALESSANDRIA)","LEGA PER SALVINI PREMIER","RICCARDO MOLINARI","29/07/1983","ALESSANDRIA"
"PIEMONTE 2","PIEMONTE 2 - U01 (ALESSANDRIA)","FORZA ITALIA","RICCARDO MOLINARI","29/07/1983","ALESSANDRIA"
"PIEMONTE 2","PIEMONTE 2 - U01 (ALESSANDRIA)","NOI MODERATI/LUPI - TOTI - BRUGNARO - UDC","RICCARDO MOLINARI","29/07/1983","ALESSANDRIA"
"PIEMONTE 2","PIEMONTE 2 - U01 (ALESSANDRIA)","ITALIA SOVRANA E POPOLARE","PATRIZIA MILETO","27/06/1966","ALESSANDRIA"
"PIEMONTE 2","PIEMONTE 2 - U01 (ALESSANDRIA)","ITALEXIT PER L'ITALIA","ALBERTO COSTANZO","06/05/1962","TORINO"
"PIEMONTE 2","PIEMONTE 2 - U04 (ASTI)","AZIONE - ITALIA VIVA - CALENDA","BARBARA BAINO","24/03/1969","SORENGO (SVIZZERA)"
"PIEMONTE 2","PIEMONTE 2 - U04 (ASTI)","UNIONE POPOLARE CON DE MAGISTRIS","LORENZA AMEGLIO","07/03/1990","CUNEO"
"PIEMONTE 2","PIEMONTE 2 - U04 (ASTI)"," +EUROPA","ANDREA GHIGNONE","31/05/1973","ASTI"
"PIEMONTE 2","PIEMONTE 2 - U04 (ASTI)","PARTITO DEMOCRATICO - ITALIA DEMOCRATICA E PROGRESSISTA","ANDREA GHIGNONE","31/05/1973","ASTI"
"PIEMONTE 2","PIEMONTE 2 - U04 (ASTI)","IMPEGNO CIVICO LUIGI DI MAIO - CENTRO DEMOCRATICO","ANDREA GHIGNONE","31/05/1973","ASTI"
"PIEMONTE 2","PIEMONTE 2 - U04 (ASTI)","ALLEANZA VERDI E SINISTRA","ANDREA GHIGNONE","31/05/1973","ASTI"
"PIEMONTE 2","PIEMONTE 2 - U04 (ASTI)","MOVIMENTO 5 STELLE","MASSIMO CERRUTI","05/02/1972","ASTI"
"PIEMONTE 2","PIEMONTE 2 - U04 (ASTI)","FRATELLI D'ITALIA CON GIORGIA MELONI","MARCELLO COPPO","27/11/1978","ASTI"
"PIEMONTE 2","PIEMONTE 2 - U04 (ASTI)","LEGA PER SALVINI PREMIER","MARCELLO COPPO","27/11/1978","ASTI"
"PIEMONTE 2","PIEMONTE 2 - U04 (ASTI)","FORZA ITALIA","MARCELLO COPPO","27/11/1978","ASTI"
"PIEMONTE 2","PIEMONTE 2 - U04 (ASTI)","NOI MODERATI/LUPI - TOTI - BRUGNARO - UDC","MARCELLO COPPO","27/11/1978","ASTI"
"PIEMONTE 2","PIEMONTE 2 - U04 (ASTI)","ITALIA SOVRANA E POPOLARE","GERARDA MONACO","18/07/1995","ALBA (CN)"
"PIEMONTE 2","PIEMONTE 2 - U04 (ASTI)","ITALEXIT PER L'ITALIA","ELENA AGNESE ITALINA MARIA BOBBIO","02/09/1958","MILANO"
"PIEMONTE 2","PIEMONTE 2 - U05 (CUNEO)","AZIONE - ITALIA VIVA - CALENDA","ENRICO COSTA","29/11/1969","CUNEO"
"PIEMONTE 2","PIEMONTE 2 - U05 (CUNEO)","UNIONE POPOLARE CON DE MAGISTRIS","ANIELLO FIERRO DETTO NELLO","18/10/1983","CUNEO"
"PIEMONTE 2","PIEMONTE 2 - U05 (CUNEO)"," +EUROPA","LUCA PIONE","15/02/1994","CUNEO"
"PIEMONTE 2","PIEMONTE 2 - U05 (CUNEO)","PARTITO DEMOCRATICO - ITALIA DEMOCRATICA E PROGRESSISTA","LUCA PIONE","15/02/1994","CUNEO"
"PIEMONTE 2","PIEMONTE 2 - U05 (CUNEO)","IMPEGNO CIVICO LUIGI DI MAIO - CENTRO DEMOCRATICO","LUCA PIONE","15/02/1994","CUNEO"
"PIEMONTE 2","PIEMONTE 2 - U05 (CUNEO)","ALLEANZA VERDI E SINISTRA","LUCA PIONE","15/02/1994","CUNEO"
"PIEMONTE 2","PIEMONTE 2 - U05 (CUNEO)","MOVIMENTO 5 STELLE","ROSINA SERRATORE","20/03/1973","SAN PIETRO A MAIDA (CZ) "
"PIEMONTE 2","PIEMONTE 2 - U05 (CUNEO)","FRATELLI D'ITALIA CON GIORGIA MELONI","MONICA CIABURRO","12/04/1970","CUNEO"
"PIEMONTE 2","PIEMONTE 2 - U05 (CUNEO)","LEGA PER SALVINI PREMIER","MONICA CIABURRO","12/04/1970","CUNEO"
"PIEMONTE 2","PIEMONTE 2 - U05 (CUNEO)","FORZA ITALIA","MONICA CIABURRO","12/04/1970","CUNEO"
"PIEMONTE 2","PIEMONTE 2 - U05 (CUNEO)","NOI MODERATI/LUPI - TOTI - BRUGNARO - UDC","MONICA CIABURRO","12/04/1970","CUNEO"
"PIEMONTE 2","PIEMONTE 2 - U05 (CUNEO)","ITALIA SOVRANA E POPOLARE","FEDERICO MUSSO","10/07/1997","CUNEO"
"PIEMONTE 2","PIEMONTE 2 - U05 (CUNEO)","ITALEXIT PER L'ITALIA","PAOLO  RADOSTA","20/07/1988","SALUZZO (CN)"
"LOMBARDIA 1","LOMBARDIA 1 - U04 (ROZZANO)","ITALEXIT PER L'ITALIA","ALBERTO GAZZOLA MUTI","11/12/1972","MILANO"
"LOMBARDIA 1","LOMBARDIA 1 - U04 (ROZZANO)","AZIONE - ITALIA VIVA - CALENDA","MARGHERITA ALMERINDA MAZZUOCCOLO","03/09/1960","MILANO"
"LOMBARDIA 1","LOMBARDIA 1 - U04 (ROZZANO)","VITA","FELIX GIUSEPPE DE BRUMATTI","31/03/1966","ZURIGO (SVIZZERA)"
"LOMBARDIA 1","LOMBARDIA 1 - U04 (ROZZANO)","MASTELLA NOI DI CENTRO EUROPEISTI","FRANCESCA CASSANO","29/09/1960","FOGGIA"
"LOMBARDIA 1","LOMBARDIA 1 - U04 (ROZZANO)","ITALIA SOVRANA E POPOLARE","LUCA MANZONI","12/05/1969","MILANO"
"LOMBARDIA 1","LOMBARDIA 1 - U04 (ROZZANO)"," +EUROPA","ILARIA RAMONI","08/12/1977","MELZO"
"LOMBARDIA 1","LOMBARDIA 1 - U04 (ROZZANO)","ALLEANZA VERDI E SINISTRA","ILARIA RAMONI","08/12/1977","MELZO"
"LOMBARDIA 1","LOMBARDIA 1 - U04 (ROZZANO)","IMPEGNO CIVICO LUIGI DI MAIO - CENTRO DEMOCRATICO","ILARIA RAMONI","08/12/1977","MELZO"
"LOMBARDIA 1","LOMBARDIA 1 - U04 (ROZZANO)","PARTITO DEMOCRATICO - ITALIA DEMOCRATICA E PROGRESSISTA","ILARIA RAMONI","08/12/1977","MELZO"
"LOMBARDIA 1","LOMBARDIA 1 - U04 (ROZZANO)","MOVIMENTO 5 STELLE","STEFANIA MAMMI'","03/05/1990","MILANO"
"LOMBARDIA 1","LOMBARDIA 1 - U04 (ROZZANO)","UNIONE POPOLARE CON DE MAGISTRIS","MARA GHIDORZI","25/04/1981","MILANO"
"LOMBARDIA 1","LOMBARDIA 1 - U04 (ROZZANO)","NOI MODERATI/LUPI - TOTI - BRUGNARO - UDC","RICCARDO DE CORATO","01/11/1951","ANDRIA"
"LOMBARDIA 1","LOMBARDIA 1 - U04 (ROZZANO)","FRATELLI D'ITALIA CON GIORGIA MELONI","RICCARDO DE CORATO","01/11/1951","ANDRIA"
"LOMBARDIA 1","LOMBARDIA 1 - U04 (ROZZANO)","FORZA ITALIA","RICCARDO DE CORATO","01/11/1951","ANDRIA"
"LOMBARDIA 1","LOMBARDIA 1 - U04 (ROZZANO)","LEGA PER SALVINI PREMIER","RICCARDO DE CORATO","01/11/1951","ANDRIA"
"LOMBARDIA 1","LOMBARDIA 1 - U05 (LEGNANO)","ITALEXIT PER L'ITALIA","ALESSANDRA ROGGIA","23/05/1981","SUSA"
"LOMBARDIA 1","LOMBARDIA 1 - U05 (LEGNANO)","AZIONE - ITALIA VIVA - CALENDA","ANDREA SFONDRINI","12/12/1976","MAGENTA"
"LOMBARDIA 1","LOMBARDIA 1 - U05 (LEGNANO)","VITA","LUISA FORLINI","05/03/1959","BUENOS AIRES (ARGENTINA)"
"LOMBARDIA 1","LOMBARDIA 1 - U05 (LEGNANO)","MASTELLA NOI DI CENTRO EUROPEISTI","ERMINIO MARTUCCI","05/12/1992","CAPUA"
"LOMBARDIA 1","LOMBARDIA 1 - U05 (LEGNANO)","ITALIA SOVRANA E POPOLARE","ANDREA GRATTAROLA","28/04/1991","LEGNANO"
"LOMBARDIA 1","LOMBARDIA 1 - U05 (LEGNANO)"," +EUROPA","SARA BETTINELLI","06/11/1981","CUGGIONO"
"LOMBARDIA 1","LOMBARDIA 1 - U05 (LEGNANO)","ALLEANZA VERDI E SINISTRA","SARA BETTINELLI","06/11/1981","CUGGIONO"
"LOMBARDIA 1","LOMBARDIA 1 - U05 (LEGNANO)","IMPEGNO CIVICO LUIGI DI MAIO - CENTRO DEMOCRATICO","SARA BETTINELLI","06/11/1981","CUGGIONO"
"LOMBARDIA 1","LOMBARDIA 1 - U05 (LEGNANO)","PARTITO DEMOCRATICO - ITALIA DEMOCRATICA E PROGRESSISTA","SARA BETTINELLI","06/11/1981","CUGGIONO"
"LOMBARDIA 1","LOMBARDIA 1 - U05 (LEGNANO)","MOVIMENTO 5 STELLE","RICCARDO OLGIATI","14/02/1983","LEGNANO"
"LOMBARDIA 1","LOMBARDIA 1 - U05 (LEGNANO)","UNIONE POPOLARE CON DE MAGISTRIS","STEFANO AMANN","29/09/1976","MILANO"
"LOMBARDIA 1","LOMBARDIA 1 - U05 (LEGNANO)","NOI MODERATI/LUPI - TOTI - BRUGNARO - UDC","LAURA RAVETTO","25/01/1971","CUNEO"
"LOMBARDIA 1","LOMBARDIA 1 - U05 (LEGNANO)","FRATELLI D'ITALIA CON GIORGIA MELONI","LAURA RAVETTO","25/01/1971","CUNEO"
"LOMBARDIA 1","LOMBARDIA 1 - U05 (LEGNANO)","FORZA ITALIA","LAURA RAVETTO","25/01/1971","CUNEO"
"LOMBARDIA 1","LOMBARDIA 1 - U05 (LEGNANO)","LEGA PER SALVINI PREMIER","LAURA RAVETTO","25/01/1971","CUNEO"
"LOMBARDIA 1","LOMBARDIA 1 - U07 (MILANO: NIL 20 - LORETO)","ITALEXIT PER L'ITALIA","FRANCESCA GENTILE","04/05/1979","MILANO"
"LOMBARDIA 1","LOMBARDIA 1 - U07 (MILANO: NIL 20 - LORETO)","AZIONE - ITALIA VIVA - CALENDA","FILIPPO CAMPIOTTI","16/12/1993","BERGAMO"
"LOMBARDIA 1","LOMBARDIA 1 - U07 (MILANO: NIL 20 - LORETO)","VITA","SOFIA SIMONETTI","10/02/1963","MICIGLIANO"
"LOMBARDIA 1","LOMBARDIA 1 - U07 (MILANO: NIL 20 - LORETO)","MASTELLA NOI DI CENTRO EUROPEISTI","DANIELA REHO","12/04/1983","MILANO"
"LOMBARDIA 1","LOMBARDIA 1 - U07 (MILANO: NIL 20 - LORETO)","ITALIA SOVRANA E POPOLARE","ALESSANDRO  FABIO PASCALE","03/09/1985","AOSTA"
"LOMBARDIA 1","LOMBARDIA 1 - U07 (MILANO: NIL 20 - LORETO)"," +EUROPA","BRUNO TABACCI","27/08/1946","QUISTELLO  (MN)"
"LOMBARDIA 1","LOMBARDIA 1 - U07 (MILANO: NIL 20 - LORETO)","ALLEANZA VERDI E SINISTRA","BRUNO TABACCI","27/08/1946","QUISTELLO  (MN)"
"LOMBARDIA 1","LOMBARDIA 1 - U07 (MILANO: NIL 20 - LORETO)","IMPEGNO CIVICO LUIGI DI MAIO - CENTRO DEMOCRATICO","BRUNO TABACCI","27/08/1946","QUISTELLO  (MN)"
"LOMBARDIA 1","LOMBARDIA 1 - U07 (MILANO: NIL 20 - LORETO)","PARTITO DEMOCRATICO - ITALIA DEMOCRATICA E PROGRESSISTA","BRUNO TABACCI","27/08/1946","QUISTELLO  (MN)"
"LOMBARDIA 1","LOMBARDIA 1 - U07 (MILANO: NIL 20 - LORETO)","MOVIMENTO 5 STELLE","DENIS  NUNGA LODI","29/03/1978","LUBUMBASHI (REPUBBLICA DEMOCRATICA DEL CONGO)"
"LOMBARDIA 1","LOMBARDIA 1 - U07 (MILANO: NIL 20 - LORETO)","UNIONE POPOLARE CON DE MAGISTRIS","GIUSEPPINA MARIA VERCESI DETTA GIUSI","12/09/1965","MILANO"
"LOMBARDIA 1","LOMBARDIA 1 - U07 (MILANO: NIL 20 - LORETO)","NOI MODERATI/LUPI - TOTI - BRUGNARO - UDC","ANDREA MANDELLI","11/08/1962","MONZA"
"LOMBARDIA 1","LOMBARDIA 1 - U07 (MILANO: NIL 20 - LORETO)","FRATELLI D'ITALIA CON GIORGIA MELONI","ANDREA MANDELLI","11/08/1962","MONZA"
"LOMBARDIA 1","LOMBARDIA 1 - U07 (MILANO: NIL 20 - LORETO)","FORZA ITALIA","ANDREA MANDELLI","11/08/1962","MONZA"
"LOMBARDIA 1","LOMBARDIA 1 - U07 (MILANO: NIL 20 - LORETO)","LEGA PER SALVINI PREMIER","ANDREA MANDELLI","11/08/1962","MONZA"
"LOMBARDIA 1","LOMBARDIA 1 - U08 (MILANO: NIL 58 - BANDE NERE)","ITALEXIT PER L'ITALIA","FILIPPO DEIDDA","08/10/1990","BORDIGHERA"
"LOMBARDIA 1","LOMBARDIA 1 - U08 (MILANO: NIL 58 - BANDE NERE)","AZIONE - ITALIA VIVA - CALENDA","FRANCESCO ASCIOTI","20/06/1987","CINQUEFRONDI"
"LOMBARDIA 1","LOMBARDIA 1 - U08 (MILANO: NIL 58 - BANDE NERE)","VITA","ANTONIA COLOMBO","09/07/1965","MILANO"
"LOMBARDIA 1","LOMBARDIA 1 - U08 (MILANO: NIL 58 - BANDE NERE)","MASTELLA NOI DI CENTRO EUROPEISTI","ROCCO PIERRI","27/07/1982","SALERNO"
"LOMBARDIA 1","LOMBARDIA 1 - U08 (MILANO: NIL 58 - BANDE NERE)","ITALIA SOVRANA E POPOLARE","MARCO RIZZO","12/10/1959","TORINO"
"LOMBARDIA 1","LOMBARDIA 1 - U08 (MILANO: NIL 58 - BANDE NERE)"," +EUROPA","GIANFRANCO LIBRANDI","03/08/1954","SARONNO (VA)"
"LOMBARDIA 1","LOMBARDIA 1 - U08 (MILANO: NIL 58 - BANDE NERE)","ALLEANZA VERDI E SINISTRA","GIANFRANCO LIBRANDI","03/08/1954","SARONNO (VA)"
"LOMBARDIA 1","LOMBARDIA 1 - U08 (MILANO: NIL 58 - BANDE NERE)","IMPEGNO CIVICO LUIGI DI MAIO - CENTRO DEMOCRATICO","GIANFRANCO LIBRANDI","03/08/1954","SARONNO (VA)"
"LOMBARDIA 1","LOMBARDIA 1 - U08 (MILANO: NIL 58 - BANDE NERE)","PARTITO DEMOCRATICO - ITALIA DEMOCRATICA E PROGRESSISTA","GIANFRANCO LIBRANDI","03/08/1954","SARONNO (VA)"
"LOMBARDIA 1","LOMBARDIA 1 - U08 (MILANO: NIL 58 - BANDE NERE)","MOVIMENTO 5 STELLE","SIMONA BERTOGLIATTI","06/12/1974","LECCO"
"LOMBARDIA 1","LOMBARDIA 1 - U08 (MILANO: NIL 58 - BANDE NERE)","UNIONE POPOLARE CON DE MAGISTRIS","ELENA LOTT","24/04/1994","SEGRATE"
"LOMBARDIA 1","LOMBARDIA 1 - U08 (MILANO: NIL 58 - BANDE NERE)","NOI MODERATI/LUPI - TOTI - BRUGNARO - UDC","CRISTINA ROSSELLO","24/12/1961","FINALE LIGURE"
"LOMBARDIA 1","LOMBARDIA 1 - U08 (MILANO: NIL 58 - BANDE NERE)","FRATELLI D'ITALIA CON GIORGIA MELONI","CRISTINA ROSSELLO","24/12/1961","FINALE LIGURE"
"LOMBARDIA 1","LOMBARDIA 1 - U08 (MILANO: NIL 58 - BANDE NERE)","FORZA ITALIA","CRISTINA ROSSELLO","24/12/1961","FINALE LIGURE"
"LOMBARDIA 1","LOMBARDIA 1 - U08 (MILANO: NIL 58 - BANDE NERE)","LEGA PER SALVINI PREMIER","CRISTINA ROSSELLO","24/12/1961","FINALE LIGURE"
"LOMBARDIA 1","LOMBARDIA 1 - U09 (MILANO: NIL 21 - BUONES AIRES - VENEZIA)","ITALEXIT PER L'ITALIA","ANDREA GIUSEPPE GIORGIO STRAMEZZI","22/06/1958","MILANO"
"LOMBARDIA 1","LOMBARDIA 1 - U09 (MILANO: NIL 21 - BUONES AIRES - VENEZIA)","AZIONE - ITALIA VIVA - CALENDA","GIULIA PASTORELLA","05/06/1986","MILANO"
"LOMBARDIA 1","LOMBARDIA 1 - U09 (MILANO: NIL 21 - BUONES AIRES - VENEZIA)","VITA","ANDREA VARVARA","25/08/1980","GRAVINA DI PUGLIA"
"LOMBARDIA 1","LOMBARDIA 1 - U09 (MILANO: NIL 21 - BUONES AIRES - VENEZIA)","MASTELLA NOI DI CENTRO EUROPEISTI","CHIARA VAN ELLINKHUIZEN","31/10/1967","LA SPEZIA"
"LOMBARDIA 1","LOMBARDIA 1 - U09 (MILANO: NIL 21 - BUONES AIRES - VENEZIA)","ITALIA SOVRANA E POPOLARE","VALERIA LUCIANA GABRIELLA TOVAGLIERI","18/10/1963","MILANO"
"LOMBARDIA 1","LOMBARDIA 1 - U09 (MILANO: NIL 21 - BUONES AIRES - VENEZIA)"," +EUROPA","BENEDETTO DELLA VEDOVA","03/04/1962","SONDRIO"
"LOMBARDIA 1","LOMBARDIA 1 - U09 (MILANO: NIL 21 - BUONES AIRES - VENEZIA)","ALLEANZA VERDI E SINISTRA","BENEDETTO DELLA VEDOVA","03/04/1962","SONDRIO"
"LOMBARDIA 1","LOMBARDIA 1 - U09 (MILANO: NIL 21 - BUONES AIRES - VENEZIA)","IMPEGNO CIVICO LUIGI DI MAIO - CENTRO DEMOCRATICO","BENEDETTO DELLA VEDOVA","03/04/1962","SONDRIO"
"LOMBARDIA 1","LOMBARDIA 1 - U09 (MILANO: NIL 21 - BUONES AIRES - VENEZIA)","PARTITO DEMOCRATICO - ITALIA DEMOCRATICA E PROGRESSISTA","BENEDETTO DELLA VEDOVA","03/04/1962","SONDRIO"
"LOMBARDIA 1","LOMBARDIA 1 - U09 (MILANO: NIL 21 - BUONES AIRES - VENEZIA)","MOVIMENTO 5 STELLE","PIERLUIGI RICCITELLI","04/05/1981","VELLETRI"
"LOMBARDIA 1","LOMBARDIA 1 - U09 (MILANO: NIL 21 - BUONES AIRES - VENEZIA)","UNIONE POPOLARE CON DE MAGISTRIS","BIANCA MIRIAM TEDONE","05/12/1992","MILANO"
"LOMBARDIA 1","LOMBARDIA 1 - U09 (MILANO: NIL 21 - BUONES AIRES - VENEZIA)","NOI MODERATI/LUPI - TOTI - BRUGNARO - UDC","GIULIO TREMONTI","18/08/1947","SONDRIO"
"LOMBARDIA 1","LOMBARDIA 1 - U09 (MILANO: NIL 21 - BUONES AIRES - VENEZIA)","FRATELLI D'ITALIA CON GIORGIA MELONI","GIULIO TREMONTI","18/08/1947","SONDRIO"
"LOMBARDIA 1","LOMBARDIA 1 - U09 (MILANO: NIL 21 - BUONES AIRES - VENEZIA)","FORZA ITALIA","GIULIO TREMONTI","18/08/1947","SONDRIO"
"LOMBARDIA 1","LOMBARDIA 1 - U09 (MILANO: NIL 21 - BUONES AIRES - VENEZIA)","LEGA PER SALVINI PREMIER","GIULIO TREMONTI","18/08/1947","SONDRIO"
"LOMBARDIA 1","LOMBARDIA 1 - U01 (MONZA)","ITALEXIT PER L'ITALIA","DANIELA MARIA BRAMBILLA","16/08/1969","BESANA IN BRIANZA"
"LOMBARDIA 1","LOMBARDIA 1 - U01 (MONZA)","AZIONE - ITALIA VIVA - CALENDA","MARIASOLE MASCIA","24/01/1981","VIMERCATE"
"LOMBARDIA 1","LOMBARDIA 1 - U01 (MONZA)","VITA","DARIO MARZIO LIVIO","25/08/1958","ZURIGO (SVIZZERA)"
"LOMBARDIA 1","LOMBARDIA 1 - U01 (MONZA)","MASTELLA NOI DI CENTRO EUROPEISTI","JACOPO DOZIO","07/09/1991","MILANO"
"LOMBARDIA 1","LOMBARDIA 1 - U01 (MONZA)","ITALIA SOVRANA E POPOLARE","PATRIZIA CHIARA PEDRANI","09/02/1984","COMO"
"LOMBARDIA 1","LOMBARDIA 1 - U01 (MONZA)"," +EUROPA","GIOVANNA AMODIO","09/10/1962","MILANO"
"LOMBARDIA 1","LOMBARDIA 1 - U01 (MONZA)","ALLEANZA VERDI E SINISTRA","GIOVANNA AMODIO","09/10/1962","MILANO"
"LOMBARDIA 1","LOMBARDIA 1 - U01 (MONZA)","IMPEGNO CIVICO LUIGI DI MAIO - CENTRO DEMOCRATICO","GIOVANNA AMODIO","09/10/1962","MILANO"
"LOMBARDIA 1","LOMBARDIA 1 - U01 (MONZA)","PARTITO DEMOCRATICO - ITALIA DEMOCRATICA E PROGRESSISTA","GIOVANNA AMODIO","09/10/1962","MILANO"
"LOMBARDIA 1","LOMBARDIA 1 - U01 (MONZA)","MOVIMENTO 5 STELLE","DANIELA GOBBO","26/07/1979","DESIO"
"LOMBARDIA 1","LOMBARDIA 1 - U01 (MONZA)","UNIONE POPOLARE CON DE MAGISTRIS","MASSIMO CAMNASIO","13/02/1997","MONZA"
"LOMBARDIA 1","LOMBARDIA 1 - U01 (MONZA)","NOI MODERATI/LUPI - TOTI - BRUGNARO - UDC","PAOLA FRASSINETTI","02/05/1956","GENOVA"
"LOMBARDIA 1","LOMBARDIA 1 - U01 (MONZA)","FRATELLI D'ITALIA CON GIORGIA MELONI","PAOLA FRASSINETTI","02/05/1956","GENOVA"
"LOMBARDIA 1","LOMBARDIA 1 - U01 (MONZA)","FORZA ITALIA","PAOLA FRASSINETTI","02/05/1956","GENOVA"
"LOMBARDIA 1","LOMBARDIA 1 - U01 (MONZA)","LEGA PER SALVINI PREMIER","PAOLA FRASSINETTI","02/05/1956","GENOVA"
"LOMBARDIA 1","LOMBARDIA 1 - U02 (SEREGNO)","ITALEXIT PER L'ITALIA","MARCO PIPINO","23/07/1964","NAPOLI"
"LOMBARDIA 1","LOMBARDIA 1 - U02 (SEREGNO)","AZIONE - ITALIA VIVA - CALENDA","ANTONINO FOTI","09/09/1958","MONTEBELLO JONICO"
"LOMBARDIA 1","LOMBARDIA 1 - U02 (SEREGNO)","VITA","FEDERICO VELATI","01/10/1963","MILANO"
"LOMBARDIA 1","LOMBARDIA 1 - U02 (SEREGNO)","MASTELLA NOI DI CENTRO EUROPEISTI","FRANCESCO MARIA SABATINO","05/03/1975","NAPOLI"
"LOMBARDIA 1","LOMBARDIA 1 - U02 (SEREGNO)","ITALIA SOVRANA E POPOLARE","VINCENZO RIZZO","25/10/1965","MILANO"
"LOMBARDIA 1","LOMBARDIA 1 - U02 (SEREGNO)"," +EUROPA","JENNY ARIENTI","17/11/1985","DESIO"
"LOMBARDIA 1","LOMBARDIA 1 - U02 (SEREGNO)","ALLEANZA VERDI E SINISTRA","JENNY ARIENTI","17/11/1985","DESIO"
"LOMBARDIA 1","LOMBARDIA 1 - U02 (SEREGNO)","IMPEGNO CIVICO LUIGI DI MAIO - CENTRO DEMOCRATICO","JENNY ARIENTI","17/11/1985","DESIO"
"LOMBARDIA 1","LOMBARDIA 1 - U02 (SEREGNO)","PARTITO DEMOCRATICO - ITALIA DEMOCRATICA E PROGRESSISTA","JENNY ARIENTI","17/11/1985","DESIO"
"LOMBARDIA 1","LOMBARDIA 1 - U02 (SEREGNO)","MOVIMENTO 5 STELLE","SARA MONTRASIO","26/04/1966","DESIO"
"LOMBARDIA 1","LOMBARDIA 1 - U02 (SEREGNO)","UNIONE POPOLARE CON DE MAGISTRIS","MARIA ANGELA  PIUMATTI","29/03/1964","MILANO"
"LOMBARDIA 1","LOMBARDIA 1 - U02 (SEREGNO)","NOI MODERATI/LUPI - TOTI - BRUGNARO - UDC","ANDREA CRIPPA","10/05/1986","MONZA"
"LOMBARDIA 1","LOMBARDIA 1 - U02 (SEREGNO)","FRATELLI D'ITALIA CON GIORGIA MELONI","ANDREA CRIPPA","10/05/1986","MONZA"
"LOMBARDIA 1","LOMBARDIA 1 - U02 (SEREGNO)","FORZA ITALIA","ANDREA CRIPPA","10/05/1986","MONZA"
"LOMBARDIA 1","LOMBARDIA 1 - U02 (SEREGNO)","LEGA PER SALVINI PREMIER","ANDREA CRIPPA","10/05/1986","MONZA"
"LOMBARDIA 1","LOMBARDIA 1 - U03 (COLOGNO MONZESE)","ITALEXIT PER L'ITALIA","OLGA PELLEGRINO","31/01/1956","MESSINA"
"LOMBARDIA 1","LOMBARDIA 1 - U03 (COLOGNO MONZESE)","AZIONE - ITALIA VIVA - CALENDA","LIVIA ILARIA ACHILLI","13/01/1978","MILANO"
"LOMBARDIA 1","LOMBARDIA 1 - U03 (COLOGNO MONZESE)","VITA","BARBARA CHIORRINI DEZI","27/12/1969","MILANO"
"LOMBARDIA 1","LOMBARDIA 1 - U03 (COLOGNO MONZESE)","MASTELLA NOI DI CENTRO EUROPEISTI","NADIA DELLA CORTE","17/07/1953","BRESCIA"
"LOMBARDIA 1","LOMBARDIA 1 - U03 (COLOGNO MONZESE)","ITALIA SOVRANA E POPOLARE","FRANCESCO TOSCANO","28/05/1979","GIOIA TAURO"
"LOMBARDIA 1","LOMBARDIA 1 - U03 (COLOGNO MONZESE)"," +EUROPA","PAOLO  ROMANO","01/03/1996","ROMA"
"LOMBARDIA 1","LOMBARDIA 1 - U03 (COLOGNO MONZESE)","ALLEANZA VERDI E SINISTRA","PAOLO  ROMANO","01/03/1996","ROMA"
"LOMBARDIA 1","LOMBARDIA 1 - U03 (COLOGNO MONZESE)","IMPEGNO CIVICO LUIGI DI MAIO - CENTRO DEMOCRATICO","PAOLO  ROMANO","01/03/1996","ROMA"
"LOMBARDIA 1","LOMBARDIA 1 - U03 (COLOGNO MONZESE)","PARTITO DEMOCRATICO - ITALIA DEMOCRATICA E PROGRESSISTA","PAOLO  ROMANO","01/03/1996","ROMA"
"LOMBARDIA 1","LOMBARDIA 1 - U03 (COLOGNO MONZESE)","MOVIMENTO 5 STELLE","ELENA CALOGERO","21/09/1965","MILANO"
"LOMBARDIA 1","LOMBARDIA 1 - U03 (COLOGNO MONZESE)","UNIONE POPOLARE CON DE MAGISTRIS","OSVALDO COLOMBO","05/12/1957","MILANO"
"LOMBARDIA 1","LOMBARDIA 1 - U03 (COLOGNO MONZESE)","NOI MODERATI/LUPI - TOTI - BRUGNARO - UDC","LUCREZIA MARIA BENEDETTA MANTOVANI","20/05/1984","MILANO"
"LOMBARDIA 1","LOMBARDIA 1 - U03 (COLOGNO MONZESE)","FRATELLI D'ITALIA CON GIORGIA MELONI","LUCREZIA MARIA BENEDETTA MANTOVANI","20/05/1984","MILANO"
"LOMBARDIA 1","LOMBARDIA 1 - U03 (COLOGNO MONZESE)","FORZA ITALIA","LUCREZIA MARIA BENEDETTA MANTOVANI","20/05/1984","MILANO"
"LOMBARDIA 1","LOMBARDIA 1 - U03 (COLOGNO MONZESE)","LEGA PER SALVINI PREMIER","LUCREZIA MARIA BENEDETTA MANTOVANI","20/05/1984","MILANO"
"LOMBARDIA 1","LOMBARDIA 1 - U06 (SESTO SAN GIOVANNI)","ITALEXIT PER L'ITALIA","ADALBERTO MOTTA","14/10/1973","MESSINA"
"LOMBARDIA 1","LOMBARDIA 1 - U06 (SESTO SAN GIOVANNI)","AZIONE - ITALIA VIVA - CALENDA","EMANUELE ROSARIO DE CAROLIS","19/10/1985","FONDI"
"LOMBARDIA 1","LOMBARDIA 1 - U06 (SESTO SAN GIOVANNI)","VITA","ALBERTO LIBUTTI","15/04/1971","MILANO"
"LOMBARDIA 1","LOMBARDIA 1 - U06 (SESTO SAN GIOVANNI)","MASTELLA NOI DI CENTRO EUROPEISTI","VIRGILIO MARETTO","01/06/1972","AVELLINO"
"LOMBARDIA 1","LOMBARDIA 1 - U06 (SESTO SAN GIOVANNI)","ITALIA SOVRANA E POPOLARE","MASSIMO LEONI","21/02/1961","MONZA"
"LOMBARDIA 1","LOMBARDIA 1 - U06 (SESTO SAN GIOVANNI)"," +EUROPA","MATTEO MANGILI ","06/10/1982","BERGAMO"
"LOMBARDIA 1","LOMBARDIA 1 - U06 (SESTO SAN GIOVANNI)","ALLEANZA VERDI E SINISTRA","MATTEO MANGILI ","06/10/1982","BERGAMO"
"LOMBARDIA 1","LOMBARDIA 1 - U06 (SESTO SAN GIOVANNI)","IMPEGNO CIVICO LUIGI DI MAIO - CENTRO DEMOCRATICO","MATTEO MANGILI ","06/10/1982","BERGAMO"
"LOMBARDIA 1","LOMBARDIA 1 - U06 (SESTO SAN GIOVANNI)","PARTITO DEMOCRATICO - ITALIA DEMOCRATICA E PROGRESSISTA","MATTEO MANGILI ","06/10/1982","BERGAMO"
"LOMBARDIA 1","LOMBARDIA 1 - U06 (SESTO SAN GIOVANNI)","MOVIMENTO 5 STELLE","DANIELE TROMBONI","07/05/1986","MILANO"
"LOMBARDIA 1","LOMBARDIA 1 - U06 (SESTO SAN GIOVANNI)","UNIONE POPOLARE CON DE MAGISTRIS","FELISA FRANCISCA ALVEAR PINEDA","09/08/1959","SANTIAGO (CILE)"
"LOMBARDIA 1","LOMBARDIA 1 - U06 (SESTO SAN GIOVANNI)","NOI MODERATI/LUPI - TOTI - BRUGNARO - UDC","MARCO OSNATO","20/03/1972","BELLUNO"
"LOMBARDIA 1","LOMBARDIA 1 - U06 (SESTO SAN GIOVANNI)","FRATELLI D'ITALIA CON GIORGIA MELONI","MARCO OSNATO","20/03/1972","BELLUNO"
"LOMBARDIA 1","LOMBARDIA 1 - U06 (SESTO SAN GIOVANNI)","FORZA ITALIA","MARCO OSNATO","20/03/1972","BELLUNO"
"LOMBARDIA 1","LOMBARDIA 1 - U06 (SESTO SAN GIOVANNI)","LEGA PER SALVINI PREMIER","MARCO OSNATO","20/03/1972","BELLUNO"
"LOMBARDIA 2","LOMBARDIA 2 - U01 (VARESE)","VITA","PHOEBE RAYE CARRARA","10/05/1982","BOLTIERE"
"LOMBARDIA 2","LOMBARDIA 2 - U01 (VARESE)","ITALIA SOVRANA E POPOLARE","GIAMPIERO MARANO","29/07/1970","SALERNO"
"LOMBARDIA 2","LOMBARDIA 2 - U01 (VARESE)","MOVIMENTO 5 STELLE","ANTONIO FERRARA","28/01/1970","VARESE"
"LOMBARDIA 2","LOMBARDIA 2 - U01 (VARESE)","UNIONE POPOLARE CON DE MAGISTRIS","GIUSEPPE MUSOLINO","19/04/1953","OLIA"
"LOMBARDIA 2","LOMBARDIA 2 - U01 (VARESE)","AZIONE - ITALIA VIVA - CALENDA","GUIDO BONOLDI","15/02/1954","VARESE"
"LOMBARDIA 2","LOMBARDIA 2 - U01 (VARESE)","FORZA ITALIA","ANDREA PELLICINI","28/01/1970","VARESE"
"LOMBARDIA 2","LOMBARDIA 2 - U01 (VARESE)","FRATELLI D'ITALIA CON GIORGIA MELONI","ANDREA PELLICINI","28/01/1970","VARESE"
"LOMBARDIA 2","LOMBARDIA 2 - U01 (VARESE)","LEGA PER SALVINI PREMIER","ANDREA PELLICINI","28/01/1970","VARESE"
"LOMBARDIA 2","LOMBARDIA 2 - U01 (VARESE)","NOI MODERATI/LUPI - TOTI - BRUGNARO - UDC","ANDREA PELLICINI","28/01/1970","VARESE"
"LOMBARDIA 2","LOMBARDIA 2 - U01 (VARESE)","MASTELLA NOI DI CENTRO EUROPEISTI","JACOPO GERVASINI","05/10/1979","VARESE"
"LOMBARDIA 2","LOMBARDIA 2 - U01 (VARESE)","ALLEANZA VERDI E SINISTRA","MATTEO  CAPRIOLO","24/08/1997","VARESE"
"LOMBARDIA 2","LOMBARDIA 2 - U01 (VARESE)"," +EUROPA","MATTEO  CAPRIOLO","24/08/1997","VARESE"
"LOMBARDIA 2","LOMBARDIA 2 - U01 (VARESE)","PARTITO DEMOCRATICO - ITALIA DEMOCRATICA E PROGRESSISTA","MATTEO  CAPRIOLO","24/08/1997","VARESE"
"LOMBARDIA 2","LOMBARDIA 2 - U01 (VARESE)","IMPEGNO CIVICO LUIGI DI MAIO - CENTRO DEMOCRATICO","MATTEO  CAPRIOLO","24/08/1997","VARESE"
"LOMBARDIA 2","LOMBARDIA 2 - U01 (VARESE)","ITALEXIT PER L'ITALIA","ORIETTA CHIARAVALLI","07/07/1960","VARESE"
"LOMBARDIA 2","LOMBARDIA 2 - U02 (BUSTO ARSIZIO)","VITA","MARCO  BOLIS","31/10/1984","BERGAMO"
"LOMBARDIA 2","LOMBARDIA 2 - U02 (BUSTO ARSIZIO)","ITALIA SOVRANA E POPOLARE","ROSSANO FERRAZZANO","04/01/1972","BUSTO ARSIZIO"
"LOMBARDIA 2","LOMBARDIA 2 - U02 (BUSTO ARSIZIO)","MOVIMENTO 5 STELLE","VITTORIO SALVO","20/08/1967","MESSINA"
"LOMBARDIA 2","LOMBARDIA 2 - U02 (BUSTO ARSIZIO)","UNIONE POPOLARE CON DE MAGISTRIS","ANTONIO CUOMO","13/07/1953","GRAGNANO "
"LOMBARDIA 2","LOMBARDIA 2 - U02 (BUSTO ARSIZIO)","AZIONE - ITALIA VIVA - CALENDA","GIANLUIGI FARIOLI DETTO GIGI","23/05/1956","BUSTO ARSIZIO"
"LOMBARDIA 2","LOMBARDIA 2 - U02 (BUSTO ARSIZIO)","FORZA ITALIA","STEFANO CANDIANI","11/12/1971","BUSTO ARSIZIO"
"LOMBARDIA 2","LOMBARDIA 2 - U02 (BUSTO ARSIZIO)","FRATELLI D'ITALIA CON GIORGIA MELONI","STEFANO CANDIANI","11/12/1971","BUSTO ARSIZIO"
"LOMBARDIA 2","LOMBARDIA 2 - U02 (BUSTO ARSIZIO)","LEGA PER SALVINI PREMIER","STEFANO CANDIANI","11/12/1971","BUSTO ARSIZIO"
"LOMBARDIA 2","LOMBARDIA 2 - U02 (BUSTO ARSIZIO)","NOI MODERATI/LUPI - TOTI - BRUGNARO - UDC","STEFANO CANDIANI","11/12/1971","BUSTO ARSIZIO"
"LOMBARDIA 2","LOMBARDIA 2 - U02 (BUSTO ARSIZIO)","MASTELLA NOI DI CENTRO EUROPEISTI","MANUELA MOTTA","25/05/1977","VARESE"
"LOMBARDIA 2","LOMBARDIA 2 - U02 (BUSTO ARSIZIO)","ALLEANZA VERDI E SINISTRA","FEDERICA GASBARRO","03/01/1995","AVEZZANO"
"LOMBARDIA 2","LOMBARDIA 2 - U02 (BUSTO ARSIZIO)"," +EUROPA","FEDERICA GASBARRO","03/01/1995","AVEZZANO"
"LOMBARDIA 2","LOMBARDIA 2 - U02 (BUSTO ARSIZIO)","PARTITO DEMOCRATICO - ITALIA DEMOCRATICA E PROGRESSISTA","FEDERICA GASBARRO","03/01/1995","AVEZZANO"
"LOMBARDIA 2","LOMBARDIA 2 - U02 (BUSTO ARSIZIO)","IMPEGNO CIVICO LUIGI DI MAIO - CENTRO DEMOCRATICO","FEDERICA GASBARRO","03/01/1995","AVEZZANO"
"LOMBARDIA 2","LOMBARDIA 2 - U02 (BUSTO ARSIZIO)","ITALEXIT PER L'ITALIA","TIZIANO  FRACCHIA","22/07/1961","GALLARATE"
"LOMBARDIA 2","LOMBARDIA 2 - U03 (COMO)","VITA","PAOLA SARTORELLI","10/09/1960","COMO"
"LOMBARDIA 2","LOMBARDIA 2 - U03 (COMO)","ITALIA SOVRANA E POPOLARE","MICHAELA MERCURIO","29/01/1986","LEONBERG (GERMANIA)"
"LOMBARDIA 2","LOMBARDIA 2 - U03 (COMO)","MOVIMENTO 5 STELLE","GIOVANNI CURRO'","30/08/1986","MESSINA"
"LOMBARDIA 2","LOMBARDIA 2 - U03 (COMO)","UNIONE POPOLARE CON DE MAGISTRIS","MAURO BARONI","12/01/1966","MILANO"
"LOMBARDIA 2","LOMBARDIA 2 - U03 (COMO)","AZIONE - ITALIA VIVA - CALENDA","ANNA  VERONELLI ","15/09/1970","COMO"
"LOMBARDIA 2","LOMBARDIA 2 - U03 (COMO)","FORZA ITALIA","NICOLA MOLTENI","06/03/1976","CANTU'"
"LOMBARDIA 2","LOMBARDIA 2 - U03 (COMO)","FRATELLI D'ITALIA CON GIORGIA MELONI","NICOLA MOLTENI","06/03/1976","CANTU'"
"LOMBARDIA 2","LOMBARDIA 2 - U03 (COMO)","LEGA PER SALVINI PREMIER","NICOLA MOLTENI","06/03/1976","CANTU'"
"LOMBARDIA 2","LOMBARDIA 2 - U03 (COMO)","NOI MODERATI/LUPI - TOTI - BRUGNARO - UDC","NICOLA MOLTENI","06/03/1976","CANTU'"
"LOMBARDIA 2","LOMBARDIA 2 - U03 (COMO)","MASTELLA NOI DI CENTRO EUROPEISTI","ATTILIO SCARCELLA","25/12/1974","MESSINA"
"LOMBARDIA 2","LOMBARDIA 2 - U03 (COMO)","ALLEANZA VERDI E SINISTRA","LUCA MONTI","07/07/1968","COMO"
"LOMBARDIA 2","LOMBARDIA 2 - U03 (COMO)"," +EUROPA","LUCA MONTI","07/07/1968","COMO"
"LOMBARDIA 2","LOMBARDIA 2 - U03 (COMO)","PARTITO DEMOCRATICO - ITALIA DEMOCRATICA E PROGRESSISTA","LUCA MONTI","07/07/1968","COMO"
"LOMBARDIA 2","LOMBARDIA 2 - U03 (COMO)","IMPEGNO CIVICO LUIGI DI MAIO - CENTRO DEMOCRATICO","LUCA MONTI","07/07/1968","COMO"
"LOMBARDIA 2","LOMBARDIA 2 - U03 (COMO)","ITALEXIT PER L'ITALIA","CARLA CLERICI","27/01/1962","CANNOBIO"
"LOMBARDIA 2","LOMBARDIA 2 - U04 (SONDRIO)","VITA","CARLO TROTALLI","21/04/1975","SONDALO"
"LOMBARDIA 2","LOMBARDIA 2 - U04 (SONDRIO)","ITALIA SOVRANA E POPOLARE","DANIELA MOSCA","21/02/1959","ROMA"
"LOMBARDIA 2","LOMBARDIA 2 - U04 (SONDRIO)","MOVIMENTO 5 STELLE","LUCA SANGALLI","14/09/1982","LOVERE"
"LOMBARDIA 2","LOMBARDIA 2 - U04 (SONDRIO)","UNIONE POPOLARE CON DE MAGISTRIS","CRISTIAN PAVIONI","14/03/1973","CHIAVENNA"
"LOMBARDIA 2","LOMBARDIA 2 - U04 (SONDRIO)","AZIONE - ITALIA VIVA - CALENDA","ALESSANDRO  STEFANO BERTOLINI","06/05/1959","MILANO"
"LOMBARDIA 2","LOMBARDIA 2 - U04 (SONDRIO)","FORZA ITALIA","GIANCARLO GIORGETTI","16/12/1966","CAZZAGO BRABBIA"
"LOMBARDIA 2","LOMBARDIA 2 - U04 (SONDRIO)","FRATELLI D'ITALIA CON GIORGIA MELONI","GIANCARLO GIORGETTI","16/12/1966","CAZZAGO BRABBIA"
"LOMBARDIA 2","LOMBARDIA 2 - U04 (SONDRIO)","LEGA PER SALVINI PREMIER","GIANCARLO GIORGETTI","16/12/1966","CAZZAGO BRABBIA"
"LOMBARDIA 2","LOMBARDIA 2 - U04 (SONDRIO)","NOI MODERATI/LUPI - TOTI - BRUGNARO - UDC","GIANCARLO GIORGETTI","16/12/1966","CAZZAGO BRABBIA"
"LOMBARDIA 2","LOMBARDIA 2 - U04 (SONDRIO)","MASTELLA NOI DI CENTRO EUROPEISTI","ANGELO BELTRAMA","28/11/1954","TRESIVIO (SO)"
"LOMBARDIA 2","LOMBARDIA 2 - U04 (SONDRIO)","ALLEANZA VERDI E SINISTRA","VALERIA CATERINA DUICO","04/09/1958","TEGLIO"
"LOMBARDIA 2","LOMBARDIA 2 - U04 (SONDRIO)"," +EUROPA","VALERIA CATERINA DUICO","04/09/1958","TEGLIO"
"LOMBARDIA 2","LOMBARDIA 2 - U04 (SONDRIO)","PARTITO DEMOCRATICO - ITALIA DEMOCRATICA E PROGRESSISTA","VALERIA CATERINA DUICO","04/09/1958","TEGLIO"
"LOMBARDIA 2","LOMBARDIA 2 - U04 (SONDRIO)","IMPEGNO CIVICO LUIGI DI MAIO - CENTRO DEMOCRATICO","VALERIA CATERINA DUICO","04/09/1958","TEGLIO"
"LOMBARDIA 2","LOMBARDIA 2 - U04 (SONDRIO)","ITALEXIT PER L'ITALIA","FRANCESCA LOSI","02/09/1975","LECCO"
"LOMBARDIA 2","LOMBARDIA 2 - U05 (LECCO)","VITA","CARLO  BARRESI","09/07/1958","TRAPANI"
"LOMBARDIA 2","LOMBARDIA 2 - U05 (LECCO)","ITALIA SOVRANA E POPOLARE","LORENZO MICHELE LAMBRUGHI DETTO LAMBRENEDETTO","04/02/1969","LECCO"
"LOMBARDIA 2","LOMBARDIA 2 - U05 (LECCO)","MOVIMENTO 5 STELLE","GIOVANNI GALIMBERTI","11/01/1985","LECCO"
"LOMBARDIA 2","LOMBARDIA 2 - U05 (LECCO)","UNIONE POPOLARE CON DE MAGISTRIS","RAFFAELA LAMBERTI","14/02/1952","CHIESA IN VALMALENCO"
"LOMBARDIA 2","LOMBARDIA 2 - U05 (LECCO)","AZIONE - ITALIA VIVA - CALENDA","STEFANO  MOTTA","12/08/1967","MERATE"
"LOMBARDIA 2","LOMBARDIA 2 - U05 (LECCO)","FORZA ITALIA","MAURIZIO ENZO LUPI","03/10/1959","MILANO"
"LOMBARDIA 2","LOMBARDIA 2 - U05 (LECCO)","FRATELLI D'ITALIA CON GIORGIA MELONI","MAURIZIO ENZO LUPI","03/10/1959","MILANO"
"LOMBARDIA 2","LOMBARDIA 2 - U05 (LECCO)","LEGA PER SALVINI PREMIER","MAURIZIO ENZO LUPI","03/10/1959","MILANO"
"LOMBARDIA 2","LOMBARDIA 2 - U05 (LECCO)","NOI MODERATI/LUPI - TOTI - BRUGNARO - UDC","MAURIZIO ENZO LUPI","03/10/1959","MILANO"
"LOMBARDIA 2","LOMBARDIA 2 - U05 (LECCO)","MASTELLA NOI DI CENTRO EUROPEISTI","CATERINA DOMINGO","21/06/1988","SARONNO"
"LOMBARDIA 2","LOMBARDIA 2 - U05 (LECCO)","ALLEANZA VERDI E SINISTRA","LAURA BARTESAGHI","06/05/1994","LECCO"
"LOMBARDIA 2","LOMBARDIA 2 - U05 (LECCO)"," +EUROPA","LAURA BARTESAGHI","06/05/1994","LECCO"
"LOMBARDIA 2","LOMBARDIA 2 - U05 (LECCO)","PARTITO DEMOCRATICO - ITALIA DEMOCRATICA E PROGRESSISTA","LAURA BARTESAGHI","06/05/1994","LECCO"
"LOMBARDIA 2","LOMBARDIA 2 - U05 (LECCO)","IMPEGNO CIVICO LUIGI DI MAIO - CENTRO DEMOCRATICO","LAURA BARTESAGHI","06/05/1994","LECCO"
"LOMBARDIA 2","LOMBARDIA 2 - U05 (LECCO)","ITALEXIT PER L'ITALIA","EMANUELE GRECO","16/02/1985","MERATE"
"LOMBARDIA 3","LOMBARDIA 3 - U01 (TREVIGLIO)","VITA","PIERRE ANDRE FARHAT","18/06/1954","ALESSANDRIA D'EGITTO "
"LOMBARDIA 3","LOMBARDIA 3 - U01 (TREVIGLIO)","ITALEXIT PER L'ITALIA","GIANPAOLO CATANIA","27/02/1978","CATANZARO"
"LOMBARDIA 3","LOMBARDIA 3 - U01 (TREVIGLIO)","MOVIMENTO 5 STELLE","CONCETTA TORRISI","29/05/1971","PATERNO'"
"LOMBARDIA 3","LOMBARDIA 3 - U01 (TREVIGLIO)","ITALIA SOVRANA E POPOLARE","SERGIO RUSSO","09/09/1964","PALERMO"
"LOMBARDIA 3","LOMBARDIA 3 - U01 (TREVIGLIO)","FRATELLI D'ITALIA CON GIORGIA MELONI","ALESSANDRO SORTE","19/02/1984","TREVIGLIO"
"LOMBARDIA 3","LOMBARDIA 3 - U01 (TREVIGLIO)","FORZA ITALIA","ALESSANDRO SORTE","19/02/1984","TREVIGLIO"
"LOMBARDIA 3","LOMBARDIA 3 - U01 (TREVIGLIO)","LEGA PER SALVINI PREMIER","ALESSANDRO SORTE","19/02/1984","TREVIGLIO"
"LOMBARDIA 3","LOMBARDIA 3 - U01 (TREVIGLIO)","NOI MODERATI/LUPI - TOTI - BRUGNARO - UDC","ALESSANDRO SORTE","19/02/1984","TREVIGLIO"
"LOMBARDIA 3","LOMBARDIA 3 - U01 (TREVIGLIO)","IMPEGNO CIVICO LUIGI DI MAIO - CENTRO DEMOCRATICO","GABRIELE GIUDICI","18/06/1995","TREVIGLIO"
"LOMBARDIA 3","LOMBARDIA 3 - U01 (TREVIGLIO)"," +EUROPA","GABRIELE GIUDICI","18/06/1995","TREVIGLIO"
"LOMBARDIA 3","LOMBARDIA 3 - U01 (TREVIGLIO)","PARTITO DEMOCRATICO - ITALIA DEMOCRATICA E PROGRESSISTA","GABRIELE GIUDICI","18/06/1995","TREVIGLIO"
"LOMBARDIA 3","LOMBARDIA 3 - U01 (TREVIGLIO)","ALLEANZA VERDI E SINISTRA","GABRIELE GIUDICI","18/06/1995","TREVIGLIO"
"LOMBARDIA 3","LOMBARDIA 3 - U01 (TREVIGLIO)","MASTELLA NOI DI CENTRO EUROPEISTI","DONATELLA BUSSOLATI","15/09/1971","FIDENZA"
"LOMBARDIA 3","LOMBARDIA 3 - U01 (TREVIGLIO)","AZIONE - ITALIA VIVA - CALENDA","FABIO PAGANINI","24/05/1980","BERGAMO"
"LOMBARDIA 3","LOMBARDIA 3 - U01 (TREVIGLIO)","UNIONE POPOLARE CON DE MAGISTRIS","GIAN MARIA MADDALENA MAGNI DETTA GIOVANNA","16/12/1949","CARAVAGGIO"
"LOMBARDIA 3","LOMBARDIA 3 - U02 (BERGAMO)","VITA","LAURA  CATTANEO","05/03/1974","BERGAMO"
"LOMBARDIA 3","LOMBARDIA 3 - U02 (BERGAMO)","ITALEXIT PER L'ITALIA","CONSUELO LOCATI","08/07/1970","BERGAMO"
"LOMBARDIA 3","LOMBARDIA 3 - U02 (BERGAMO)","MOVIMENTO 5 STELLE","JACOPO  GNOCCHI","03/02/1976","CALCINATE"
"LOMBARDIA 3","LOMBARDIA 3 - U02 (BERGAMO)","ITALIA SOVRANA E POPOLARE","PAOLO EMILIO BOGNI","13/11/1967","ROMANO DI LOMBARDIA"
"LOMBARDIA 3","LOMBARDIA 3 - U02 (BERGAMO)","FRATELLI D'ITALIA CON GIORGIA MELONI","REBECCA FRASSINI","24/11/1988","CALCINATE"
"LOMBARDIA 3","LOMBARDIA 3 - U02 (BERGAMO)","FORZA ITALIA","REBECCA FRASSINI","24/11/1988","CALCINATE"
"LOMBARDIA 3","LOMBARDIA 3 - U02 (BERGAMO)","LEGA PER SALVINI PREMIER","REBECCA FRASSINI","24/11/1988","CALCINATE"
"LOMBARDIA 3","LOMBARDIA 3 - U02 (BERGAMO)","NOI MODERATI/LUPI - TOTI - BRUGNARO - UDC","REBECCA FRASSINI","24/11/1988","CALCINATE"
"LOMBARDIA 3","LOMBARDIA 3 - U02 (BERGAMO)","IMPEGNO CIVICO LUIGI DI MAIO - CENTRO DEMOCRATICO","VALENTINA CERUTI","13/02/1990","BERGAMO"
"LOMBARDIA 3","LOMBARDIA 3 - U02 (BERGAMO)"," +EUROPA","VALENTINA CERUTI","13/02/1990","BERGAMO"
"LOMBARDIA 3","LOMBARDIA 3 - U02 (BERGAMO)","PARTITO DEMOCRATICO - ITALIA DEMOCRATICA E PROGRESSISTA","VALENTINA CERUTI","13/02/1990","BERGAMO"
"LOMBARDIA 3","LOMBARDIA 3 - U02 (BERGAMO)","ALLEANZA VERDI E SINISTRA","VALENTINA CERUTI","13/02/1990","BERGAMO"
"LOMBARDIA 3","LOMBARDIA 3 - U02 (BERGAMO)","MASTELLA NOI DI CENTRO EUROPEISTI","ELEONORA PRANDI","03/05/1969","BERGAMO"
"LOMBARDIA 3","LOMBARDIA 3 - U02 (BERGAMO)","AZIONE - ITALIA VIVA - CALENDA","NICCOLO' CARRETTA","29/09/1991","SERIATE"
"LOMBARDIA 3","LOMBARDIA 3 - U02 (BERGAMO)","UNIONE POPOLARE CON DE MAGISTRIS","SIMONE SANTINI","09/01/1994","BERGAMO"
"LOMBARDIA 3","LOMBARDIA 3 - U03 (LUMEZZANE)","VITA","LAURA RUIBA","06/05/1972","FERRARA"
"LOMBARDIA 3","LOMBARDIA 3 - U03 (LUMEZZANE)","ITALEXIT PER L'ITALIA","GERMANO PEZZONI","06/03/1956","MALEGNO"
"LOMBARDIA 3","LOMBARDIA 3 - U03 (LUMEZZANE)","MOVIMENTO 5 STELLE","AMEDEO PACCAGNELLA","13/07/1966","SANREMO"
"LOMBARDIA 3","LOMBARDIA 3 - U03 (LUMEZZANE)","ITALIA SOVRANA E POPOLARE","MILA RIBELLI LIBERO","02/01/1974","SALO'"
"LOMBARDIA 3","LOMBARDIA 3 - U03 (LUMEZZANE)","FRATELLI D'ITALIA CON GIORGIA MELONI","SIMONA  BORDONALI ","01/08/1971","BRESCIA"
"LOMBARDIA 3","LOMBARDIA 3 - U03 (LUMEZZANE)","FORZA ITALIA","SIMONA  BORDONALI ","01/08/1971","BRESCIA"
"LOMBARDIA 3","LOMBARDIA 3 - U03 (LUMEZZANE)","LEGA PER SALVINI PREMIER","SIMONA  BORDONALI ","01/08/1971","BRESCIA"
"LOMBARDIA 3","LOMBARDIA 3 - U03 (LUMEZZANE)","NOI MODERATI/LUPI - TOTI - BRUGNARO - UDC","SIMONA  BORDONALI ","01/08/1971","BRESCIA"
"LOMBARDIA 3","LOMBARDIA 3 - U03 (LUMEZZANE)","IMPEGNO CIVICO LUIGI DI MAIO - CENTRO DEMOCRATICO","PIER LUIGI MOTTINELLI","12/01/1964","CEDEGOLO"
"LOMBARDIA 3","LOMBARDIA 3 - U03 (LUMEZZANE)"," +EUROPA","PIER LUIGI MOTTINELLI","12/01/1964","CEDEGOLO"
"LOMBARDIA 3","LOMBARDIA 3 - U03 (LUMEZZANE)","PARTITO DEMOCRATICO - ITALIA DEMOCRATICA E PROGRESSISTA","PIER LUIGI MOTTINELLI","12/01/1964","CEDEGOLO"
"LOMBARDIA 3","LOMBARDIA 3 - U03 (LUMEZZANE)","ALLEANZA VERDI E SINISTRA","PIER LUIGI MOTTINELLI","12/01/1964","CEDEGOLO"
"LOMBARDIA 3","LOMBARDIA 3 - U03 (LUMEZZANE)","MASTELLA NOI DI CENTRO EUROPEISTI","SUZANNE PIROVANO","29/10/1977","MONROVIA (LIBERIA)"
"LOMBARDIA 3","LOMBARDIA 3 - U03 (LUMEZZANE)","AZIONE - ITALIA VIVA - CALENDA","MASSIMO OTTELLI","16/11/1968","BRESCIA"
"LOMBARDIA 3","LOMBARDIA 3 - U03 (LUMEZZANE)","UNIONE POPOLARE CON DE MAGISTRIS","MARSILIO GATTI","19/03/1955","ISEO"
"LOMBARDIA 3","LOMBARDIA 3 - U04 (BRESCIA)","VITA","MARIANO DE MATTIA","14/06/1968","NAPOLI"
"LOMBARDIA 3","LOMBARDIA 3 - U04 (BRESCIA)","ITALEXIT PER L'ITALIA","MARCELLO ORIZIO","04/08/1971","BRESCIA"
"LOMBARDIA 3","LOMBARDIA 3 - U04 (BRESCIA)","MOVIMENTO 5 STELLE","SAMUEL SORIAL","12/10/1991","BRESCIA"
"LOMBARDIA 3","LOMBARDIA 3 - U04 (BRESCIA)","ITALIA SOVRANA E POPOLARE","ANDREA PIANTONI","23/04/1975","MANERBIO"
"LOMBARDIA 3","LOMBARDIA 3 - U04 (BRESCIA)","FRATELLI D'ITALIA CON GIORGIA MELONI","MAURIZIO CASASCO","07/09/1954","RIVANAZZANO"
"LOMBARDIA 3","LOMBARDIA 3 - U04 (BRESCIA)","FORZA ITALIA","MAURIZIO CASASCO","07/09/1954","RIVANAZZANO"
"LOMBARDIA 3","LOMBARDIA 3 - U04 (BRESCIA)","LEGA PER SALVINI PREMIER","MAURIZIO CASASCO","07/09/1954","RIVANAZZANO"
"LOMBARDIA 3","LOMBARDIA 3 - U04 (BRESCIA)","NOI MODERATI/LUPI - TOTI - BRUGNARO - UDC","MAURIZIO CASASCO","07/09/1954","RIVANAZZANO"
"LOMBARDIA 3","LOMBARDIA 3 - U04 (BRESCIA)","IMPEGNO CIVICO LUIGI DI MAIO - CENTRO DEMOCRATICO","ROBERTO ROSSINI","30/12/1964","BRESCIA"
"LOMBARDIA 3","LOMBARDIA 3 - U04 (BRESCIA)"," +EUROPA","ROBERTO ROSSINI","30/12/1964","BRESCIA"
"LOMBARDIA 3","LOMBARDIA 3 - U04 (BRESCIA)","PARTITO DEMOCRATICO - ITALIA DEMOCRATICA E PROGRESSISTA","ROBERTO ROSSINI","30/12/1964","BRESCIA"
"LOMBARDIA 3","LOMBARDIA 3 - U04 (BRESCIA)","ALLEANZA VERDI E SINISTRA","ROBERTO ROSSINI","30/12/1964","BRESCIA"
"LOMBARDIA 3","LOMBARDIA 3 - U04 (BRESCIA)","MASTELLA NOI DI CENTRO EUROPEISTI","VITO ROBERTO ROBLES","13/05/1948","CASTROVILLARI"
"LOMBARDIA 3","LOMBARDIA 3 - U04 (BRESCIA)","AZIONE - ITALIA VIVA - CALENDA","GUIDO GALPERTI","05/01/1959","PRALBOINO"
"LOMBARDIA 3","LOMBARDIA 3 - U04 (BRESCIA)","UNIONE POPOLARE CON DE MAGISTRIS","ARISTIDE GRECO CASOTTI DETTO DINO","09/07/1952","BRESCIA"
"LOMBARDIA 3","LOMBARDIA 3 - U05 (DESENZANO DEL GARDA)","VITA","ELENA DI BENEDETTO","26/04/1967","ROMA"
"LOMBARDIA 3","LOMBARDIA 3 - U05 (DESENZANO DEL GARDA)","ITALEXIT PER L'ITALIA","MARIA FAZIO","02/03/1972","MONGIANA"
"LOMBARDIA 3","LOMBARDIA 3 - U05 (DESENZANO DEL GARDA)","MOVIMENTO 5 STELLE","TERESA TAMBORINO","03/01/1972","MAGLIE"
"LOMBARDIA 3","LOMBARDIA 3 - U05 (DESENZANO DEL GARDA)","ITALIA SOVRANA E POPOLARE","EMILIANO FERRARI","10/01/1996","GALLARATE"
"LOMBARDIA 3","LOMBARDIA 3 - U05 (DESENZANO DEL GARDA)","FRATELLI D'ITALIA CON GIORGIA MELONI","GIANGIACOMO CALOVINI","16/03/1982","BRESCIA"
"LOMBARDIA 3","LOMBARDIA 3 - U05 (DESENZANO DEL GARDA)","FORZA ITALIA","GIANGIACOMO CALOVINI","16/03/1982","BRESCIA"
"LOMBARDIA 3","LOMBARDIA 3 - U05 (DESENZANO DEL GARDA)","LEGA PER SALVINI PREMIER","GIANGIACOMO CALOVINI","16/03/1982","BRESCIA"
"LOMBARDIA 3","LOMBARDIA 3 - U05 (DESENZANO DEL GARDA)","NOI MODERATI/LUPI - TOTI - BRUGNARO - UDC","GIANGIACOMO CALOVINI","16/03/1982","BRESCIA"
"LOMBARDIA 3","LOMBARDIA 3 - U05 (DESENZANO DEL GARDA)","IMPEGNO CIVICO LUIGI DI MAIO - CENTRO DEMOCRATICO","DONATELLA ALBINI","05/09/1954","BRESCIA"
"LOMBARDIA 3","LOMBARDIA 3 - U05 (DESENZANO DEL GARDA)"," +EUROPA","DONATELLA ALBINI","05/09/1954","BRESCIA"
"LOMBARDIA 3","LOMBARDIA 3 - U05 (DESENZANO DEL GARDA)","PARTITO DEMOCRATICO - ITALIA DEMOCRATICA E PROGRESSISTA","DONATELLA ALBINI","05/09/1954","BRESCIA"
"LOMBARDIA 3","LOMBARDIA 3 - U05 (DESENZANO DEL GARDA)","ALLEANZA VERDI E SINISTRA","DONATELLA ALBINI","05/09/1954","BRESCIA"
"LOMBARDIA 3","LOMBARDIA 3 - U05 (DESENZANO DEL GARDA)","MASTELLA NOI DI CENTRO EUROPEISTI","CHIARA BEZANTE","02/02/1968","GENOVA"
"LOMBARDIA 3","LOMBARDIA 3 - U05 (DESENZANO DEL GARDA)","AZIONE - ITALIA VIVA - CALENDA","MONICA LIPPA","02/11/1973","BRESCIA"
"LOMBARDIA 3","LOMBARDIA 3 - U05 (DESENZANO DEL GARDA)","UNIONE POPOLARE CON DE MAGISTRIS","CRISTINA TORLI","06/08/1976","GAVARDO"
"LOMBARDIA 4","LOMBARDIA 4 - U01 (PAVIA)","PARTITO DEMOCRATICO - ITALIA DEMOCRATICA E PROGRESSISTA","EMANUELE MASSIMILIANO CORSICO PICCOLINI","01/06/1990","RHO"
"LOMBARDIA 4","LOMBARDIA 4 - U01 (PAVIA)","IMPEGNO CIVICO LUIGI DI MAIO - CENTRO DEMOCRATICO","EMANUELE MASSIMILIANO CORSICO PICCOLINI","01/06/1990","RHO"
"LOMBARDIA 4","LOMBARDIA 4 - U01 (PAVIA)","ALLEANZA VERDI E SINISTRA","EMANUELE MASSIMILIANO CORSICO PICCOLINI","01/06/1990","RHO"
"LOMBARDIA 4","LOMBARDIA 4 - U01 (PAVIA)"," +EUROPA","EMANUELE MASSIMILIANO CORSICO PICCOLINI","01/06/1990","RHO"
"LOMBARDIA 4","LOMBARDIA 4 - U01 (PAVIA)","FREE","ELENA FONTANESI","08/07/1958","REGGIO NELL'EMILIA"
"LOMBARDIA 4","LOMBARDIA 4 - U01 (PAVIA)","ITALIA SOVRANA E POPOLARE","DANIELE BURGIO","12/08/1966","AGRIGENTO"
"LOMBARDIA 4","LOMBARDIA 4 - U01 (PAVIA)","MOVIMENTO 5 STELLE","ALBERTO VALENTI","21/04/1958","AUGUSTA"
"LOMBARDIA 4","LOMBARDIA 4 - U01 (PAVIA)","LEGA PER SALVINI PREMIER","ALESSANDRO CATTANEO","12/06/1979","RHO"
"LOMBARDIA 4","LOMBARDIA 4 - U01 (PAVIA)","FRATELLI D'ITALIA CON GIORGIA MELONI","ALESSANDRO CATTANEO","12/06/1979","RHO"
"LOMBARDIA 4","LOMBARDIA 4 - U01 (PAVIA)","NOI MODERATI/LUPI - TOTI - BRUGNARO - UDC","ALESSANDRO CATTANEO","12/06/1979","RHO"
"LOMBARDIA 4","LOMBARDIA 4 - U01 (PAVIA)","FORZA ITALIA","ALESSANDRO CATTANEO","12/06/1979","RHO"
"LOMBARDIA 4","LOMBARDIA 4 - U01 (PAVIA)","VITA","ANGELICA  POLI","11/11/1982","PAVIA"
"LOMBARDIA 4","LOMBARDIA 4 - U01 (PAVIA)","AZIONE - ITALIA VIVA - CALENDA","ACHILLE LANFRANCHI DETTO PIER","11/12/1950","FORTUNAGO"
"LOMBARDIA 4","LOMBARDIA 4 - U01 (PAVIA)","UNIONE POPOLARE CON DE MAGISTRIS","RITA LIPARDI","15/04/1991","PAVIA"
"LOMBARDIA 4","LOMBARDIA 4 - U01 (PAVIA)","MASTELLA NOI DI CENTRO EUROPEISTI","SARA MARIA GALLI","18/07/1983","VIGEVANO"
"LOMBARDIA 4","LOMBARDIA 4 - U01 (PAVIA)","ITALEXIT PER L'ITALIA","GIUSEPPE RAVALLI","29/10/1964","BOLLATE"
"LOMBARDIA 4","LOMBARDIA 4 - U01 (PAVIA)","ALTERNATIVA PER L'ITALIA - NO GREEN PASS","ANGELO MANDELLI","09/09/1952","MILANO"
"LOMBARDIA 4","LOMBARDIA 4 - U02 (LODI)","PARTITO DEMOCRATICO - ITALIA DEMOCRATICA E PROGRESSISTA","PAOLO COSTANZO","03/10/1963","VICENZA"
"LOMBARDIA 4","LOMBARDIA 4 - U02 (LODI)","IMPEGNO CIVICO LUIGI DI MAIO - CENTRO DEMOCRATICO","PAOLO COSTANZO","03/10/1963","VICENZA"
"LOMBARDIA 4","LOMBARDIA 4 - U02 (LODI)","ALLEANZA VERDI E SINISTRA","PAOLO COSTANZO","03/10/1963","VICENZA"
"LOMBARDIA 4","LOMBARDIA 4 - U02 (LODI)"," +EUROPA","PAOLO COSTANZO","03/10/1963","VICENZA"
"LOMBARDIA 4","LOMBARDIA 4 - U02 (LODI)","FREE","SILVIA MARIOTTI","08/11/1984","GUASTALLA"
"LOMBARDIA 4","LOMBARDIA 4 - U02 (LODI)","ITALIA SOVRANA E POPOLARE","DONATELLA PROIETTI","28/06/1965","COLONNA"
"LOMBARDIA 4","LOMBARDIA 4 - U02 (LODI)","MOVIMENTO 5 STELLE","VALENTINA BARZOTTI","05/02/1986","MILANO"
"LOMBARDIA 4","LOMBARDIA 4 - U02 (LODI)","LEGA PER SALVINI PREMIER","CARMINE FABIO RAIMONDO","09/11/1978","MILANO"
"LOMBARDIA 4","LOMBARDIA 4 - U02 (LODI)","FRATELLI D'ITALIA CON GIORGIA MELONI","CARMINE FABIO RAIMONDO","09/11/1978","MILANO"
"LOMBARDIA 4","LOMBARDIA 4 - U02 (LODI)","NOI MODERATI/LUPI - TOTI - BRUGNARO - UDC","CARMINE FABIO RAIMONDO","09/11/1978","MILANO"
"LOMBARDIA 4","LOMBARDIA 4 - U02 (LODI)","FORZA ITALIA","CARMINE FABIO RAIMONDO","09/11/1978","MILANO"
"LOMBARDIA 4","LOMBARDIA 4 - U02 (LODI)","VITA","EDOARDO POLACCO","18/11/1956","TARANTO"
"LOMBARDIA 4","LOMBARDIA 4 - U02 (LODI)","AZIONE - ITALIA VIVA - CALENDA","BIANCA BARUELLI","27/03/1962","CODOGNO"
"LOMBARDIA 4","LOMBARDIA 4 - U02 (LODI)","UNIONE POPOLARE CON DE MAGISTRIS","IARA SAVOIA","22/03/1994","VIGEVANO"
"LOMBARDIA 4","LOMBARDIA 4 - U02 (LODI)","MASTELLA NOI DI CENTRO EUROPEISTI","RITA  ROCCO","19/09/1988","BENEVENTO"
"LOMBARDIA 4","LOMBARDIA 4 - U02 (LODI)","ITALEXIT PER L'ITALIA","CRISTIANO SCHIAVI","24/09/1973","LODI"
"LOMBARDIA 4","LOMBARDIA 4 - U02 (LODI)","ALTERNATIVA PER L'ITALIA - NO GREEN PASS","VERONICA RINALDI","01/08/1975","GORGONZOLA"
"LOMBARDIA 4","LOMBARDIA 4 - U03 (CREMONA)","PARTITO DEMOCRATICO - ITALIA DEMOCRATICA E PROGRESSISTA","GIORGIO PAGLIARI","07/07/1955","CREMA"
"LOMBARDIA 4","LOMBARDIA 4 - U03 (CREMONA)","IMPEGNO CIVICO LUIGI DI MAIO - CENTRO DEMOCRATICO","GIORGIO PAGLIARI","07/07/1955","CREMA"
"LOMBARDIA 4","LOMBARDIA 4 - U03 (CREMONA)","ALLEANZA VERDI E SINISTRA","GIORGIO PAGLIARI","07/07/1955","CREMA"
"LOMBARDIA 4","LOMBARDIA 4 - U03 (CREMONA)"," +EUROPA","GIORGIO PAGLIARI","07/07/1955","CREMA"
"LOMBARDIA 4","LOMBARDIA 4 - U03 (CREMONA)","FREE","MASSIMILIANO BREVINI","02/07/1968","SUZZARA"
"LOMBARDIA 4","LOMBARDIA 4 - U03 (CREMONA)","ITALIA SOVRANA E POPOLARE","ELENA MAESTRI","22/05/1976","CREMONA"
"LOMBARDIA 4","LOMBARDIA 4 - U03 (CREMONA)","MOVIMENTO 5 STELLE","PAOLA TACCHINI","11/09/1963","NAPOLI"
"LOMBARDIA 4","LOMBARDIA 4 - U03 (CREMONA)","LEGA PER SALVINI PREMIER","SILVANA ANDREINA COMAROLI","27/03/1967","SONCINO "
"LOMBARDIA 4","LOMBARDIA 4 - U03 (CREMONA)","FRATELLI D'ITALIA CON GIORGIA MELONI","SILVANA ANDREINA COMAROLI","27/03/1967","SONCINO "
"LOMBARDIA 4","LOMBARDIA 4 - U03 (CREMONA)","NOI MODERATI/LUPI - TOTI - BRUGNARO - UDC","SILVANA ANDREINA COMAROLI","27/03/1967","SONCINO "
"LOMBARDIA 4","LOMBARDIA 4 - U03 (CREMONA)","FORZA ITALIA","SILVANA ANDREINA COMAROLI","27/03/1967","SONCINO "
"LOMBARDIA 4","LOMBARDIA 4 - U03 (CREMONA)","VITA","PAOLO CASATI","06/04/1983","COMO"
"LOMBARDIA 4","LOMBARDIA 4 - U03 (CREMONA)","AZIONE - ITALIA VIVA - CALENDA","GABRIEL FOMIATTI","02/04/1994","CASALMAGGIORE"
"LOMBARDIA 4","LOMBARDIA 4 - U03 (CREMONA)","UNIONE POPOLARE CON DE MAGISTRIS","VALENTINA MOZZI","12/11/1984","CREMONA"
"LOMBARDIA 4","LOMBARDIA 4 - U03 (CREMONA)","MASTELLA NOI DI CENTRO EUROPEISTI","LINA ALTAVILLA","28/05/1991","BENEVENTO"
"LOMBARDIA 4","LOMBARDIA 4 - U03 (CREMONA)","ITALEXIT PER L'ITALIA","PAOLA TROMBINI","20/06/1965","CREMONA"
"LOMBARDIA 4","LOMBARDIA 4 - U03 (CREMONA)","ALTERNATIVA PER L'ITALIA - NO GREEN PASS","CONSUELO NESPOLI","18/06/1972","SERIATE"
"LOMBARDIA 4","LOMBARDIA 4 - U04 (MANTOVA)","PARTITO DEMOCRATICO - ITALIA DEMOCRATICA E PROGRESSISTA","PAOLO GALEOTTI","22/10/1967","BRESCIA"
"LOMBARDIA 4","LOMBARDIA 4 - U04 (MANTOVA)","IMPEGNO CIVICO LUIGI DI MAIO - CENTRO DEMOCRATICO","PAOLO GALEOTTI","22/10/1967","BRESCIA"
"LOMBARDIA 4","LOMBARDIA 4 - U04 (MANTOVA)","ALLEANZA VERDI E SINISTRA","PAOLO GALEOTTI","22/10/1967","BRESCIA"
"LOMBARDIA 4","LOMBARDIA 4 - U04 (MANTOVA)"," +EUROPA","PAOLO GALEOTTI","22/10/1967","BRESCIA"
"LOMBARDIA 4","LOMBARDIA 4 - U04 (MANTOVA)","FREE","MARCO LUSETTI","08/11/1973","GUASTALLA"
"LOMBARDIA 4","LOMBARDIA 4 - U04 (MANTOVA)","ITALIA SOVRANA E POPOLARE","STEFANO BACCHI","08/05/1990","OSTIGLIA"
"LOMBARDIA 4","LOMBARDIA 4 - U04 (MANTOVA)","MOVIMENTO 5 STELLE","GIOVANNI CAPPELLAZZI","06/05/1955","MANTOVA"
"LOMBARDIA 4","LOMBARDIA 4 - U04 (MANTOVA)","LEGA PER SALVINI PREMIER","ANDREA DARA","07/01/1979","CASTEL GOFFREDO"
"LOMBARDIA 4","LOMBARDIA 4 - U04 (MANTOVA)","FRATELLI D'ITALIA CON GIORGIA MELONI","ANDREA DARA","07/01/1979","CASTEL GOFFREDO"
"LOMBARDIA 4","LOMBARDIA 4 - U04 (MANTOVA)","NOI MODERATI/LUPI - TOTI - BRUGNARO - UDC","ANDREA DARA","07/01/1979","CASTEL GOFFREDO"
"LOMBARDIA 4","LOMBARDIA 4 - U04 (MANTOVA)","FORZA ITALIA","ANDREA DARA","07/01/1979","CASTEL GOFFREDO"
"LOMBARDIA 4","LOMBARDIA 4 - U04 (MANTOVA)","VITA","SILVIA  ZAMPELLI","04/02/1975","BENEVENTO"
"LOMBARDIA 4","LOMBARDIA 4 - U04 (MANTOVA)","AZIONE - ITALIA VIVA - CALENDA","GIANMARCO CARRA","26/08/1996","MANTOVA"
"LOMBARDIA 4","LOMBARDIA 4 - U04 (MANTOVA)","UNIONE POPOLARE CON DE MAGISTRIS","ALDO VINCENZI","15/05/1983","VIADANA"
"LOMBARDIA 4","LOMBARDIA 4 - U04 (MANTOVA)","MASTELLA NOI DI CENTRO EUROPEISTI","CLAUDIO VIVONA","26/02/1963","MILANO"
"LOMBARDIA 4","LOMBARDIA 4 - U04 (MANTOVA)","ITALEXIT PER L'ITALIA","DOMENICO OSSINO","26/02/1955","LENTINI"
"LOMBARDIA 4","LOMBARDIA 4 - U04 (MANTOVA)","ALTERNATIVA PER L'ITALIA - NO GREEN PASS","SIMONE VISENTINI","04/06/1972","MANTOVA"
"VENETO 1","VENETO 1 - U01 (VENEZIA)","ALTERNATIVA PER L'ITALIA - NO GREEN PASS","LUIGI ROMANATO","31/07/1965","PADOVA"
"VENETO 1","VENETO 1 - U01 (VENEZIA)","ITALEXIT PER L'ITALIA","BRUNO MILLIACCIO","11/03/1961","VENEZIA"
"VENETO 1","VENETO 1 - U01 (VENEZIA)","FORZA ITALIA","MARTINA SEMENZATO","09/07/1973","SPINEA (VE)"
"VENETO 1","VENETO 1 - U01 (VENEZIA)","FRATELLI D'ITALIA CON GIORGIA MELONI","MARTINA SEMENZATO","09/07/1973","SPINEA (VE)"
"VENETO 1","VENETO 1 - U01 (VENEZIA)","NOI MODERATI/LUPI - TOTI - BRUGNARO - UDC","MARTINA SEMENZATO","09/07/1973","SPINEA (VE)"
"VENETO 1","VENETO 1 - U01 (VENEZIA)","LEGA PER SALVINI PREMIER","MARTINA SEMENZATO","09/07/1973","SPINEA (VE)"
"VENETO 1","VENETO 1 - U01 (VENEZIA)","ITALIA SOVRANA E POPOLARE","ADRIANO LONGO","05/06/1972","MONTECCHIO MAGGIORE (VI)"
"VENETO 1","VENETO 1 - U01 (VENEZIA)","MOVIMENTO 5 STELLE","MARCO LAZZARINI","09/09/1990","VENEZIA"
"VENETO 1","VENETO 1 - U01 (VENEZIA)","PARTITO DEMOCRATICO - ITALIA DEMOCRATICA E PROGRESSISTA","MARIA-TERESA MENOTTO","28/05/1956","VENEZIA"
"VENETO 1","VENETO 1 - U01 (VENEZIA)","IMPEGNO CIVICO LUIGI DI MAIO - CENTRO DEMOCRATICO","MARIA-TERESA MENOTTO","28/05/1956","VENEZIA"
"VENETO 1","VENETO 1 - U01 (VENEZIA)"," +EUROPA","MARIA-TERESA MENOTTO","28/05/1956","VENEZIA"
"VENETO 1","VENETO 1 - U01 (VENEZIA)","ALLEANZA VERDI E SINISTRA","MARIA-TERESA MENOTTO","28/05/1956","VENEZIA"
"VENETO 1","VENETO 1 - U01 (VENEZIA)","VITA","MASSIMO RUBI","23/07/1970","COPPARO (FE)"
"VENETO 1","VENETO 1 - U01 (VENEZIA)","UNIONE POPOLARE CON DE MAGISTRIS","MONICA COIN","31/03/1969","VENEZIA"
"VENETO 1","VENETO 1 - U01 (VENEZIA)","AZIONE - ITALIA VIVA - CALENDA","ALBERTO BABAN","19/12/1966","VENEZIA"
"VENETO 1","VENETO 1 - U02 (CHIOGGIA)","ALTERNATIVA PER L'ITALIA - NO GREEN PASS","MARIA NOVELLA ESPEN","27/07/1950","MONTEGROTTO TERME (PD)"
"VENETO 1","VENETO 1 - U02 (CHIOGGIA)","ITALEXIT PER L'ITALIA","LORENZA CITERONI","19/03/1966","VERONA"
"VENETO 1","VENETO 1 - U02 (CHIOGGIA)","FORZA ITALIA","GIORGIA ANDREUZZA","11/12/1973","PARMA"
"VENETO 1","VENETO 1 - U02 (CHIOGGIA)","FRATELLI D'ITALIA CON GIORGIA MELONI","GIORGIA ANDREUZZA","11/12/1973","PARMA"
"VENETO 1","VENETO 1 - U02 (CHIOGGIA)","NOI MODERATI/LUPI - TOTI - BRUGNARO - UDC","GIORGIA ANDREUZZA","11/12/1973","PARMA"
"VENETO 1","VENETO 1 - U02 (CHIOGGIA)","LEGA PER SALVINI PREMIER","GIORGIA ANDREUZZA","11/12/1973","PARMA"
"VENETO 1","VENETO 1 - U02 (CHIOGGIA)","ITALIA SOVRANA E POPOLARE","CESARE SERRATORE","05/02/1970","BORDIGHERA (IM)"
"VENETO 1","VENETO 1 - U02 (CHIOGGIA)","MOVIMENTO 5 STELLE","ALESSANDRO FERRO","22/10/1974","CHIOGGIA (VE)"
"VENETO 1","VENETO 1 - U02 (CHIOGGIA)","PARTITO DEMOCRATICO - ITALIA DEMOCRATICA E PROGRESSISTA","FRANCESCA BRESSANIN","30/11/1978","PIOVE DI SACCO (PD)"
"VENETO 1","VENETO 1 - U02 (CHIOGGIA)","IMPEGNO CIVICO LUIGI DI MAIO - CENTRO DEMOCRATICO","FRANCESCA BRESSANIN","30/11/1978","PIOVE DI SACCO (PD)"
"VENETO 1","VENETO 1 - U02 (CHIOGGIA)"," +EUROPA","FRANCESCA BRESSANIN","30/11/1978","PIOVE DI SACCO (PD)"
"VENETO 1","VENETO 1 - U02 (CHIOGGIA)","ALLEANZA VERDI E SINISTRA","FRANCESCA BRESSANIN","30/11/1978","PIOVE DI SACCO (PD)"
"VENETO 1","VENETO 1 - U02 (CHIOGGIA)","VITA","DOMENICO D'AMICO","24/05/1974","ROMA"
"VENETO 1","VENETO 1 - U02 (CHIOGGIA)","UNIONE POPOLARE CON DE MAGISTRIS","MARCO SIMIONATO","01/10/1971","VENEZIA"
"VENETO 1","VENETO 1 - U02 (CHIOGGIA)","AZIONE - ITALIA VIVA - CALENDA","FEDERICO RESLER","06/05/1984","PIOVE DI SACCO (PD)"
"VENETO 1","VENETO 1 - U03 (TREVISO)","ALTERNATIVA PER L'ITALIA - NO GREEN PASS","SANDRO FURLAN","15/06/1945","TEOLO PD"
"VENETO 1","VENETO 1 - U03 (TREVISO)","ITALEXIT PER L'ITALIA","MAURO SCAGGIANTE","29/08/1990","LATISANA (UD)"
"VENETO 1","VENETO 1 - U03 (TREVISO)","FORZA ITALIA","CARLO NORDIO","06/02/1947","TREVISO"
"VENETO 1","VENETO 1 - U03 (TREVISO)","FRATELLI D'ITALIA CON GIORGIA MELONI","CARLO NORDIO","06/02/1947","TREVISO"
"VENETO 1","VENETO 1 - U03 (TREVISO)","NOI MODERATI/LUPI - TOTI - BRUGNARO - UDC","CARLO NORDIO","06/02/1947","TREVISO"
"VENETO 1","VENETO 1 - U03 (TREVISO)","LEGA PER SALVINI PREMIER","CARLO NORDIO","06/02/1947","TREVISO"
"VENETO 1","VENETO 1 - U03 (TREVISO)","ITALIA SOVRANA E POPOLARE","ALESSANDRA VITTORINI ORGEAS","22/11/1984","ASCOLI PICENO"
"VENETO 1","VENETO 1 - U03 (TREVISO)","MOVIMENTO 5 STELLE","CRISTINA MANES","04/05/1966","MATERA"
"VENETO 1","VENETO 1 - U03 (TREVISO)","PARTITO DEMOCRATICO - ITALIA DEMOCRATICA E PROGRESSISTA","CRISTINA GUARDA","03/03/1990","COLOGNA VENETA (VR)"
"VENETO 1","VENETO 1 - U03 (TREVISO)","IMPEGNO CIVICO LUIGI DI MAIO - CENTRO DEMOCRATICO","CRISTINA GUARDA","03/03/1990","COLOGNA VENETA (VR)"
"VENETO 1","VENETO 1 - U03 (TREVISO)"," +EUROPA","CRISTINA GUARDA","03/03/1990","COLOGNA VENETA (VR)"
"VENETO 1","VENETO 1 - U03 (TREVISO)","ALLEANZA VERDI E SINISTRA","CRISTINA GUARDA","03/03/1990","COLOGNA VENETA (VR)"
"VENETO 1","VENETO 1 - U03 (TREVISO)","VITA","ROSSANA GAI","22/06/1964","STREPY BRACQUEGNIS (BELGIO)"
"VENETO 1","VENETO 1 - U03 (TREVISO)","UNIONE POPOLARE CON DE MAGISTRIS","ALBERTO COCCO","03/12/1964","VICENZA"
"VENETO 1","VENETO 1 - U03 (TREVISO)","AZIONE - ITALIA VIVA - CALENDA","ALESSANDRA NAVA","25/12/1963","REGGIO DI CALABRIA"
"VENETO 1","VENETO 1 - U04 (CASTELFRANCO VENETO)","ALTERNATIVA PER L'ITALIA - NO GREEN PASS","SILVANA ANDREOZZI","18/09/1949","PADOVA"
"VENETO 1","VENETO 1 - U04 (CASTELFRANCO VENETO)","ITALEXIT PER L'ITALIA","MONICA MORANDO","11/04/1969","PADOVA"
"VENETO 1","VENETO 1 - U04 (CASTELFRANCO VENETO)","FORZA ITALIA","DIMITRI COIN","01/06/1970","TREVISO"
"VENETO 1","VENETO 1 - U04 (CASTELFRANCO VENETO)","FRATELLI D'ITALIA CON GIORGIA MELONI","DIMITRI COIN","01/06/1970","TREVISO"
"VENETO 1","VENETO 1 - U04 (CASTELFRANCO VENETO)","NOI MODERATI/LUPI - TOTI - BRUGNARO - UDC","DIMITRI COIN","01/06/1970","TREVISO"
"VENETO 1","VENETO 1 - U04 (CASTELFRANCO VENETO)","LEGA PER SALVINI PREMIER","DIMITRI COIN","01/06/1970","TREVISO"
"VENETO 1","VENETO 1 - U04 (CASTELFRANCO VENETO)","ITALIA SOVRANA E POPOLARE","LUCIA MARTA NARDO","03/03/1951","ALBIGNASEGO (PD)"
"VENETO 1","VENETO 1 - U04 (CASTELFRANCO VENETO)","MOVIMENTO 5 STELLE","MAURIZIO MESTRINER","18/05/1979","TREVISO"
"VENETO 1","VENETO 1 - U04 (CASTELFRANCO VENETO)","PARTITO DEMOCRATICO - ITALIA DEMOCRATICA E PROGRESSISTA","GIOVANNI ZORZI","21/11/1978","CASTELFRANCO VENETO (TV)"
"VENETO 1","VENETO 1 - U04 (CASTELFRANCO VENETO)","IMPEGNO CIVICO LUIGI DI MAIO - CENTRO DEMOCRATICO","GIOVANNI ZORZI","21/11/1978","CASTELFRANCO VENETO (TV)"
"VENETO 1","VENETO 1 - U04 (CASTELFRANCO VENETO)"," +EUROPA","GIOVANNI ZORZI","21/11/1978","CASTELFRANCO VENETO (TV)"
"VENETO 1","VENETO 1 - U04 (CASTELFRANCO VENETO)","ALLEANZA VERDI E SINISTRA","GIOVANNI ZORZI","21/11/1978","CASTELFRANCO VENETO (TV)"
"VENETO 1","VENETO 1 - U04 (CASTELFRANCO VENETO)","VITA","LORIS MAZZORATO","29/03/1964","CASTELFRANCO VENETO (TV)"
"VENETO 1","VENETO 1 - U04 (CASTELFRANCO VENETO)","UNIONE POPOLARE CON DE MAGISTRIS","GABRIELE ZANELLA","23/12/1979","VITTORIO VENETO (TV)"
"VENETO 1","VENETO 1 - U04 (CASTELFRANCO VENETO)","AZIONE - ITALIA VIVA - CALENDA","NADINE TABACCHI","15/05/1986","BASSANO DEL GRAPPA (VI)"
"VENETO 1","VENETO 1 - U05 (BELLUNO)","ALTERNATIVA PER L'ITALIA - NO GREEN PASS","FRANCESCO FURLAN","16/02/1975","PADOVA"
"VENETO 1","VENETO 1 - U05 (BELLUNO)","ITALEXIT PER L'ITALIA","DANIELE TRABUCCO","07/09/1979","VENEZIA"
"VENETO 1","VENETO 1 - U05 (BELLUNO)","FORZA ITALIA","INGRID BISA","10/01/1978","ASOLO (TV)"
"VENETO 1","VENETO 1 - U05 (BELLUNO)","FRATELLI D'ITALIA CON GIORGIA MELONI","INGRID BISA","10/01/1978","ASOLO (TV)"
"VENETO 1","VENETO 1 - U05 (BELLUNO)","NOI MODERATI/LUPI - TOTI - BRUGNARO - UDC","INGRID BISA","10/01/1978","ASOLO (TV)"
"VENETO 1","VENETO 1 - U05 (BELLUNO)","LEGA PER SALVINI PREMIER","INGRID BISA","10/01/1978","ASOLO (TV)"
"VENETO 1","VENETO 1 - U05 (BELLUNO)","ITALIA SOVRANA E POPOLARE","CAROLINA PATIERNO","26/04/1982","SAN GIOVANNI ROTONDO (FG)"
"VENETO 1","VENETO 1 - U05 (BELLUNO)","MOVIMENTO 5 STELLE","ELENA QUARANTA","19/11/1963","BRESCIA"
"VENETO 1","VENETO 1 - U05 (BELLUNO)","PARTITO DEMOCRATICO - ITALIA DEMOCRATICA E PROGRESSISTA","MARIA TERESA CASSOL","22/06/1957","BELLUNO"
"VENETO 1","VENETO 1 - U05 (BELLUNO)","IMPEGNO CIVICO LUIGI DI MAIO - CENTRO DEMOCRATICO","MARIA TERESA CASSOL","22/06/1957","BELLUNO"
"VENETO 1","VENETO 1 - U05 (BELLUNO)"," +EUROPA","MARIA TERESA CASSOL","22/06/1957","BELLUNO"
"VENETO 1","VENETO 1 - U05 (BELLUNO)","ALLEANZA VERDI E SINISTRA","MARIA TERESA CASSOL","22/06/1957","BELLUNO"
"VENETO 1","VENETO 1 - U05 (BELLUNO)","VITA","MARIA FRANCESCA SALVADOR","13/12/1960","VITTORIO VENETO (TV)"
"VENETO 1","VENETO 1 - U05 (BELLUNO)","UNIONE POPOLARE CON DE MAGISTRIS","CARLOTTA DE LONGHI","01/02/1992","VITTORIO VENETO (TV)"
"VENETO 1","VENETO 1 - U05 (BELLUNO)","AZIONE - ITALIA VIVA - CALENDA","MARCO GRIGUOLO","02/05/1988","MILANO"
"VENETO 2","VENETO 2 - U01 (ROVIGO)","MOVIMENTO 5 STELLE","ELENA SUMAN","15/12/1963","ADRIA (RO)"
"VENETO 2","VENETO 2 - U01 (ROVIGO)"," +EUROPA","ALBERTO LUCCHIN","27/11/1989","ROVIGO"
"VENETO 2","VENETO 2 - U01 (ROVIGO)","PARTITO DEMOCRATICO - ITALIA DEMOCRATICA E PROGRESSISTA","ALBERTO LUCCHIN","27/11/1989","ROVIGO"
"VENETO 2","VENETO 2 - U01 (ROVIGO)","IMPEGNO CIVICO LUIGI DI MAIO - CENTRO DEMOCRATICO","ALBERTO LUCCHIN","27/11/1989","ROVIGO"
"VENETO 2","VENETO 2 - U01 (ROVIGO)","ALLEANZA VERDI E SINISTRA","ALBERTO LUCCHIN","27/11/1989","ROVIGO"
"VENETO 2","VENETO 2 - U01 (ROVIGO)","AZIONE - ITALIA VIVA - CALENDA","GIACOMO BOVOLENTA","05/06/1981","ADRIA (RO)"
"VENETO 2","VENETO 2 - U01 (ROVIGO)","UNIONE POPOLARE CON DE MAGISTRIS","MARIA TERESA BOVOLENTA","13/09/1951","DONADA (RO)"
"VENETO 2","VENETO 2 - U01 (ROVIGO)","ITALIA SOVRANA E POPOLARE","GIORGIO STOCCO","22/02/1959","VILLADOSE (RO)"
"VENETO 2","VENETO 2 - U01 (ROVIGO)","ITALEXIT PER L'ITALIA","MARCO PICCOLI","13/08/1980","MONTEBELLUNA (TV)"
"VENETO 2","VENETO 2 - U01 (ROVIGO)","VITA","MORENO FERRARI","07/02/1963","ROVIGO"
"VENETO 2","VENETO 2 - U01 (ROVIGO)","LEGA PER SALVINI PREMIER","ALBERTO STEFANI","16/11/1992","CAMPOSAMPIERO (PD)"
"VENETO 2","VENETO 2 - U01 (ROVIGO)","FORZA ITALIA","ALBERTO STEFANI","16/11/1992","CAMPOSAMPIERO (PD)"
"VENETO 2","VENETO 2 - U01 (ROVIGO)","NOI MODERATI/LUPI - TOTI - BRUGNARO - UDC","ALBERTO STEFANI","16/11/1992","CAMPOSAMPIERO (PD)"
"VENETO 2","VENETO 2 - U01 (ROVIGO)","FRATELLI D'ITALIA CON GIORGIA MELONI","ALBERTO STEFANI","16/11/1992","CAMPOSAMPIERO (PD)"
"VENETO 2","VENETO 2 - U02 (SELVAZZANO DENTRO)","MOVIMENTO 5 STELLE","ROSA VALENTINO","23/08/1969","CASERTA"
"VENETO 2","VENETO 2 - U02 (SELVAZZANO DENTRO)"," +EUROPA","KATIA MACCARRONE","06/05/1962","CAMPOSAMPIERO (PD)"
"VENETO 2","VENETO 2 - U02 (SELVAZZANO DENTRO)","PARTITO DEMOCRATICO - ITALIA DEMOCRATICA E PROGRESSISTA","KATIA MACCARRONE","06/05/1962","CAMPOSAMPIERO (PD)"
"VENETO 2","VENETO 2 - U02 (SELVAZZANO DENTRO)","IMPEGNO CIVICO LUIGI DI MAIO - CENTRO DEMOCRATICO","KATIA MACCARRONE","06/05/1962","CAMPOSAMPIERO (PD)"
"VENETO 2","VENETO 2 - U02 (SELVAZZANO DENTRO)","ALLEANZA VERDI E SINISTRA","KATIA MACCARRONE","06/05/1962","CAMPOSAMPIERO (PD)"
"VENETO 2","VENETO 2 - U02 (SELVAZZANO DENTRO)","AZIONE - ITALIA VIVA - CALENDA","MARIA ANTONIETTA AUDITORE","23/08/1970","MESSINA"
"VENETO 2","VENETO 2 - U02 (SELVAZZANO DENTRO)","UNIONE POPOLARE CON DE MAGISTRIS","EMANUELE CAON","25/06/1990","CASTELFRANCO VENETO (TV)"
"VENETO 2","VENETO 2 - U02 (SELVAZZANO DENTRO)","ITALIA SOVRANA E POPOLARE","NICOLA DEGANI","07/10/1967","LEGNAGO (VR)"
"VENETO 2","VENETO 2 - U02 (SELVAZZANO DENTRO)","ITALEXIT PER L'ITALIA","LINA MANUALI","24/03/1969","SAN SEVERO (FG)"
"VENETO 2","VENETO 2 - U02 (SELVAZZANO DENTRO)","VITA","MICHELA CATTOZZO","19/04/1967","PADOVA "
"VENETO 2","VENETO 2 - U02 (SELVAZZANO DENTRO)","LEGA PER SALVINI PREMIER","MASSIMO BITONCI","24/06/1965","PADOVA"
"VENETO 2","VENETO 2 - U02 (SELVAZZANO DENTRO)","FORZA ITALIA","MASSIMO BITONCI","24/06/1965","PADOVA"
"VENETO 2","VENETO 2 - U02 (SELVAZZANO DENTRO)","NOI MODERATI/LUPI - TOTI - BRUGNARO - UDC","MASSIMO BITONCI","24/06/1965","PADOVA"
"VENETO 2","VENETO 2 - U02 (SELVAZZANO DENTRO)","FRATELLI D'ITALIA CON GIORGIA MELONI","MASSIMO BITONCI","24/06/1965","PADOVA"
"VENETO 2","VENETO 2 - U03 (PADOVA)","MOVIMENTO 5 STELLE","GIACOMO CUSUMANO","05/11/1986","ABANO TERME (PD)"
"VENETO 2","VENETO 2 - U03 (PADOVA)"," +EUROPA","GIANPIERO DALLA ZUANNA","23/09/1960","CAMPOSAMPIERO (PD)"
"VENETO 2","VENETO 2 - U03 (PADOVA)","PARTITO DEMOCRATICO - ITALIA DEMOCRATICA E PROGRESSISTA","GIANPIERO DALLA ZUANNA","23/09/1960","CAMPOSAMPIERO (PD)"
"VENETO 2","VENETO 2 - U03 (PADOVA)","IMPEGNO CIVICO LUIGI DI MAIO - CENTRO DEMOCRATICO","GIANPIERO DALLA ZUANNA","23/09/1960","CAMPOSAMPIERO (PD)"
"VENETO 2","VENETO 2 - U03 (PADOVA)","ALLEANZA VERDI E SINISTRA","GIANPIERO DALLA ZUANNA","23/09/1960","CAMPOSAMPIERO (PD)"
"VENETO 2","VENETO 2 - U03 (PADOVA)","AZIONE - ITALIA VIVA - CALENDA","CARLO PASQUALETTO","01/06/1988","CAMPOSAMPIERO (PD)"
"VENETO 2","VENETO 2 - U03 (PADOVA)","UNIONE POPOLARE CON DE MAGISTRIS","LUCA LENDARO","11/02/1990","GEMONA DEL FRIULI (UD)"
"VENETO 2","VENETO 2 - U03 (PADOVA)","ITALIA SOVRANA E POPOLARE","LORENZO SIVIERI","07/09/1978","ABANO TERME (PD)"
"VENETO 2","VENETO 2 - U03 (PADOVA)","ITALEXIT PER L'ITALIA","SIMONE COLUCCI","10/05/1965","PADOVA"
"VENETO 2","VENETO 2 - U03 (PADOVA)","VITA","PAOLO GIROTTO","18/07/1961","PADOVA"
"VENETO 2","VENETO 2 - U03 (PADOVA)","LEGA PER SALVINI PREMIER","ELISABETTA GARDINI","03/06/1956","PADOVA"
"VENETO 2","VENETO 2 - U03 (PADOVA)","FORZA ITALIA","ELISABETTA GARDINI","03/06/1956","PADOVA"
"VENETO 2","VENETO 2 - U03 (PADOVA)","NOI MODERATI/LUPI - TOTI - BRUGNARO - UDC","ELISABETTA GARDINI","03/06/1956","PADOVA"
"VENETO 2","VENETO 2 - U03 (PADOVA)","FRATELLI D'ITALIA CON GIORGIA MELONI","ELISABETTA GARDINI","03/06/1956","PADOVA"
"VENETO 2","VENETO 2 - U04 (BASSANO DEL GRAPPA)","MOVIMENTO 5 STELLE","GEDOREM ANDREATTA","25/07/1979","MAROSTICA (VI)"
"VENETO 2","VENETO 2 - U04 (BASSANO DEL GRAPPA)"," +EUROPA","GIULIA ANDRIAN","20/12/1971","ESTE (PD)"
"VENETO 2","VENETO 2 - U04 (BASSANO DEL GRAPPA)","PARTITO DEMOCRATICO - ITALIA DEMOCRATICA E PROGRESSISTA","GIULIA ANDRIAN","20/12/1971","ESTE (PD)"
"VENETO 2","VENETO 2 - U04 (BASSANO DEL GRAPPA)","IMPEGNO CIVICO LUIGI DI MAIO - CENTRO DEMOCRATICO","GIULIA ANDRIAN","20/12/1971","ESTE (PD)"
"VENETO 2","VENETO 2 - U04 (BASSANO DEL GRAPPA)","ALLEANZA VERDI E SINISTRA","GIULIA ANDRIAN","20/12/1971","ESTE (PD)"
"VENETO 2","VENETO 2 - U04 (BASSANO DEL GRAPPA)","AZIONE - ITALIA VIVA - CALENDA","MARICA DALLA VALLE","10/03/1963","MAROSTICA (VI)"
"VENETO 2","VENETO 2 - U04 (BASSANO DEL GRAPPA)","UNIONE POPOLARE CON DE MAGISTRIS","ALBERTO CARRARO","25/01/1996","BASSANO DEL GRAPPA (VI)"
"VENETO 2","VENETO 2 - U04 (BASSANO DEL GRAPPA)","ITALIA SOVRANA E POPOLARE","SILVIA GIARETTA","05/12/1980","CITTADELLA (PD)"
"VENETO 2","VENETO 2 - U04 (BASSANO DEL GRAPPA)","ITALEXIT PER L'ITALIA","ILARIA BRUNELLI","24/11/1978","BASSANO DEL GRAPPA (VI)"
"VENETO 2","VENETO 2 - U04 (BASSANO DEL GRAPPA)","VITA","BORIS VENTURA","29/10/1972","BASSANO DEL GRAPPA (VI)"
"VENETO 2","VENETO 2 - U04 (BASSANO DEL GRAPPA)","LEGA PER SALVINI PREMIER","SILVIO GIOVINE","20/12/1983","VICENZA"
"VENETO 2","VENETO 2 - U04 (BASSANO DEL GRAPPA)","FORZA ITALIA","SILVIO GIOVINE","20/12/1983","VICENZA"
"VENETO 2","VENETO 2 - U04 (BASSANO DEL GRAPPA)","NOI MODERATI/LUPI - TOTI - BRUGNARO - UDC","SILVIO GIOVINE","20/12/1983","VICENZA"
"VENETO 2","VENETO 2 - U04 (BASSANO DEL GRAPPA)","FRATELLI D'ITALIA CON GIORGIA MELONI","SILVIO GIOVINE","20/12/1983","VICENZA"
"VENETO 2","VENETO 2 - U05 (VICENZA)","MOVIMENTO 5 STELLE","SONIA PERENZONI","12/12/1975","TRENTO"
"VENETO 2","VENETO 2 - U05 (VICENZA)"," +EUROPA","DIEGO ZAFFARI","04/11/1964","ARZIGNANO (VI)"
"VENETO 2","VENETO 2 - U05 (VICENZA)","PARTITO DEMOCRATICO - ITALIA DEMOCRATICA E PROGRESSISTA","DIEGO ZAFFARI","04/11/1964","ARZIGNANO (VI)"
"VENETO 2","VENETO 2 - U05 (VICENZA)","IMPEGNO CIVICO LUIGI DI MAIO - CENTRO DEMOCRATICO","DIEGO ZAFFARI","04/11/1964","ARZIGNANO (VI)"
"VENETO 2","VENETO 2 - U05 (VICENZA)","ALLEANZA VERDI E SINISTRA","DIEGO ZAFFARI","04/11/1964","ARZIGNANO (VI)"
"VENETO 2","VENETO 2 - U05 (VICENZA)","AZIONE - ITALIA VIVA - CALENDA","STEFANO ZAUSA","06/05/1977","VICENZA"
"VENETO 2","VENETO 2 - U05 (VICENZA)","UNIONE POPOLARE CON DE MAGISTRIS","ANNARITA SIMONE","27/03/1977","BARI"
"VENETO 2","VENETO 2 - U05 (VICENZA)","ITALIA SOVRANA E POPOLARE","GIOVANNI NOVELLO","04/07/1969","VICENZA"
"VENETO 2","VENETO 2 - U05 (VICENZA)","ITALEXIT PER L'ITALIA","BORIS NEGRELLO","25/02/1974","BASSANO DEL GRAPPA (VI)"
"VENETO 2","VENETO 2 - U05 (VICENZA)","VITA","GIULIO QUADRI","06/02/1967","VICENZA"
"VENETO 2","VENETO 2 - U05 (VICENZA)","LEGA PER SALVINI PREMIER","MARIA CRISTINA CARETTA","11/01/1964","THIENE (VI)"
"VENETO 2","VENETO 2 - U05 (VICENZA)","FORZA ITALIA","MARIA CRISTINA CARETTA","11/01/1964","THIENE (VI)"
"VENETO 2","VENETO 2 - U05 (VICENZA)","NOI MODERATI/LUPI - TOTI - BRUGNARO - UDC","MARIA CRISTINA CARETTA","11/01/1964","THIENE (VI)"
"VENETO 2","VENETO 2 - U05 (VICENZA)","FRATELLI D'ITALIA CON GIORGIA MELONI","MARIA CRISTINA CARETTA","11/01/1964","THIENE (VI)"
"VENETO 2","VENETO 2 - U06 (VERONA)","MOVIMENTO 5 STELLE","FRANCESCO VACCARO","11/03/1981","FORMIA (LT)"
"VENETO 2","VENETO 2 - U06 (VERONA)"," +EUROPA","ANNA-LISA NALIN","03/09/1965","VERONA"
"VENETO 2","VENETO 2 - U06 (VERONA)","PARTITO DEMOCRATICO - ITALIA DEMOCRATICA E PROGRESSISTA","ANNA-LISA NALIN","03/09/1965","VERONA"
"VENETO 2","VENETO 2 - U06 (VERONA)","IMPEGNO CIVICO LUIGI DI MAIO - CENTRO DEMOCRATICO","ANNA-LISA NALIN","03/09/1965","VERONA"
"VENETO 2","VENETO 2 - U06 (VERONA)","ALLEANZA VERDI E SINISTRA","ANNA-LISA NALIN","03/09/1965","VERONA"
"VENETO 2","VENETO 2 - U06 (VERONA)","AZIONE - ITALIA VIVA - CALENDA","MARIAFRANCESCA SALZANI","28/06/1971","NEGRAR (VR)"
"VENETO 2","VENETO 2 - U06 (VERONA)","UNIONE POPOLARE CON DE MAGISTRIS","MARIA ROSARIA PERRELLI DETTA IAIA","30/01/1962","NAPOLI"
"VENETO 2","VENETO 2 - U06 (VERONA)","ITALIA SOVRANA E POPOLARE","MARIANNA BECCE","09/08/1976","ROMA"
"VENETO 2","VENETO 2 - U06 (VERONA)","ITALEXIT PER L'ITALIA","MARISTELLA PADOVANI","14/09/1959","VERONA"
"VENETO 2","VENETO 2 - U06 (VERONA)","VITA","ANNA SAUTTO","16/09/1972","VERONA"
"VENETO 2","VENETO 2 - U06 (VERONA)","LEGA PER SALVINI PREMIER","LORENZO FONTANA","10/04/1980","VERONA"
"VENETO 2","VENETO 2 - U06 (VERONA)","FORZA ITALIA","LORENZO FONTANA","10/04/1980","VERONA"
"VENETO 2","VENETO 2 - U06 (VERONA)","NOI MODERATI/LUPI - TOTI - BRUGNARO - UDC","LORENZO FONTANA","10/04/1980","VERONA"
"VENETO 2","VENETO 2 - U06 (VERONA)","FRATELLI D'ITALIA CON GIORGIA MELONI","LORENZO FONTANA","10/04/1980","VERONA"
"VENETO 2","VENETO 2 - U07 (VILLAFRANCA DI VERONA)","MOVIMENTO 5 STELLE","ANTONIETTA BENEDETTI","12/03/1965","BUSSOLENGO (VR)"
"VENETO 2","VENETO 2 - U07 (VILLAFRANCA DI VERONA)"," +EUROPA","FEDERICA FOGLIA","21/08/1979","VILLAFRANCA DI VERONA (VR)"
"VENETO 2","VENETO 2 - U07 (VILLAFRANCA DI VERONA)","PARTITO DEMOCRATICO - ITALIA DEMOCRATICA E PROGRESSISTA","FEDERICA FOGLIA","21/08/1979","VILLAFRANCA DI VERONA (VR)"
"VENETO 2","VENETO 2 - U07 (VILLAFRANCA DI VERONA)","IMPEGNO CIVICO LUIGI DI MAIO - CENTRO DEMOCRATICO","FEDERICA FOGLIA","21/08/1979","VILLAFRANCA DI VERONA (VR)"
"VENETO 2","VENETO 2 - U07 (VILLAFRANCA DI VERONA)","ALLEANZA VERDI E SINISTRA","FEDERICA FOGLIA","21/08/1979","VILLAFRANCA DI VERONA (VR)"
"VENETO 2","VENETO 2 - U07 (VILLAFRANCA DI VERONA)","AZIONE - ITALIA VIVA - CALENDA","DAVIDE BENDINELLI","19/10/1974","CAPRINO VERONESE (VR)"
"VENETO 2","VENETO 2 - U07 (VILLAFRANCA DI VERONA)","UNIONE POPOLARE CON DE MAGISTRIS","GIUSEPPE QUAINI DETTO TIZIANO","16/02/1954","SOMMACAMPAGNA (VR)"
"VENETO 2","VENETO 2 - U07 (VILLAFRANCA DI VERONA)","ITALIA SOVRANA E POPOLARE","LUIGI D'AGOSTO","01/02/1975","PADOVA"
"VENETO 2","VENETO 2 - U07 (VILLAFRANCA DI VERONA)","ITALEXIT PER L'ITALIA","SIMONE BRIZZI","04/01/1990","BUSSOLENGO (VR)"
"VENETO 2","VENETO 2 - U07 (VILLAFRANCA DI VERONA)","VITA","ANNALISA BEGALI","09/05/1958","VERONA"
"VENETO 2","VENETO 2 - U07 (VILLAFRANCA DI VERONA)","LEGA PER SALVINI PREMIER","CIRO MASCHIO","23/07/1971","NEGRAR (VR)"
"VENETO 2","VENETO 2 - U07 (VILLAFRANCA DI VERONA)","FORZA ITALIA","CIRO MASCHIO","23/07/1971","NEGRAR (VR)"
"VENETO 2","VENETO 2 - U07 (VILLAFRANCA DI VERONA)","NOI MODERATI/LUPI - TOTI - BRUGNARO - UDC","CIRO MASCHIO","23/07/1971","NEGRAR (VR)"
"VENETO 2","VENETO 2 - U07 (VILLAFRANCA DI VERONA)","FRATELLI D'ITALIA CON GIORGIA MELONI","CIRO MASCHIO","23/07/1971","NEGRAR (VR)"
"FRIULI-VENEZIA GIULIA","FRIULI-VENEZIA GIULIA - U01 (PORDENONE)","AZIONE - ITALIA VIVA - CALENDA","TERESA TASSAN VIOL","25/11/1954","AVIANO "
"FRIULI-VENEZIA GIULIA","FRIULI-VENEZIA GIULIA - U01 (PORDENONE)","ITALEXIT PER L'ITALIA","ESTER DILDA","31/05/1959","PORDENONE"
"FRIULI-VENEZIA GIULIA","FRIULI-VENEZIA GIULIA - U01 (PORDENONE)","MOVIMENTO 5 STELLE","LUCA SUT","15/04/1982","PORDENONE"
"FRIULI-VENEZIA GIULIA","FRIULI-VENEZIA GIULIA - U01 (PORDENONE)","MASTELLA NOI DI CENTRO EUROPEISTI","CINZIA BRAULINESE","05/08/1976","UDINE"
"FRIULI-VENEZIA GIULIA","FRIULI-VENEZIA GIULIA - U01 (PORDENONE)","FORZA ITALIA","VANNIA GAVA","30/06/1974","SACILE (PN)"
"FRIULI-VENEZIA GIULIA","FRIULI-VENEZIA GIULIA - U01 (PORDENONE)","NOI MODERATI/LUPI - TOTI - BRUGNARO - UDC","VANNIA GAVA","30/06/1974","SACILE (PN)"
"FRIULI-VENEZIA GIULIA","FRIULI-VENEZIA GIULIA - U01 (PORDENONE)","FRATELLI D'ITALIA CON GIORGIA MELONI","VANNIA GAVA","30/06/1974","SACILE (PN)"
"FRIULI-VENEZIA GIULIA","FRIULI-VENEZIA GIULIA - U01 (PORDENONE)","LEGA PER SALVINI PREMIER","VANNIA GAVA","30/06/1974","SACILE (PN)"
"FRIULI-VENEZIA GIULIA","FRIULI-VENEZIA GIULIA - U01 (PORDENONE)","ALTERNATIVA PER L'ITALIA - NO GREEN PASS","VLADIMIRO CAMPELLO","03/02/1966","DOLO"
"FRIULI-VENEZIA GIULIA","FRIULI-VENEZIA GIULIA - U01 (PORDENONE)","VITA","AMBRA FEDRIGO","14/07/1977","CIVIDALE DEL FRIULI"
"FRIULI-VENEZIA GIULIA","FRIULI-VENEZIA GIULIA - U01 (PORDENONE)","ITALIA SOVRANA E POPOLARE","GIUSEPPE GUERRA","06/11/1987","BARLETTA"
"FRIULI-VENEZIA GIULIA","FRIULI-VENEZIA GIULIA - U01 (PORDENONE)","UNIONE POPOLARE CON DE MAGISTRIS","GIAN LUIGI BETTOLI","17/05/1956","PORDENONE"
"FRIULI-VENEZIA GIULIA","FRIULI-VENEZIA GIULIA - U01 (PORDENONE)","IMPEGNO CIVICO LUIGI DI MAIO - CENTRO DEMOCRATICO","GLORIA FAVRET","27/04/1985","TRIESTE"
"FRIULI-VENEZIA GIULIA","FRIULI-VENEZIA GIULIA - U01 (PORDENONE)","PARTITO DEMOCRATICO - ITALIA DEMOCRATICA E PROGRESSISTA","GLORIA FAVRET","27/04/1985","TRIESTE"
"FRIULI-VENEZIA GIULIA","FRIULI-VENEZIA GIULIA - U01 (PORDENONE)","ALLEANZA VERDI E SINISTRA","GLORIA FAVRET","27/04/1985","TRIESTE"
"FRIULI-VENEZIA GIULIA","FRIULI-VENEZIA GIULIA - U01 (PORDENONE)"," +EUROPA","GLORIA FAVRET","27/04/1985","TRIESTE"
"FRIULI-VENEZIA GIULIA","FRIULI-VENEZIA GIULIA - U02 (UDINE)","AZIONE - ITALIA VIVA - CALENDA","MARIA SANDRA TELESCA","22/04/1957","NAPOLI"
"FRIULI-VENEZIA GIULIA","FRIULI-VENEZIA GIULIA - U02 (UDINE)","ITALEXIT PER L'ITALIA","KETTY RODELA","25/11/1974","TRIESTE"
"FRIULI-VENEZIA GIULIA","FRIULI-VENEZIA GIULIA - U02 (UDINE)","MOVIMENTO 5 STELLE","CESIDIO ANTIDORMI","06/01/1964","BASSANO DEL GRAPPA (VI)"
"FRIULI-VENEZIA GIULIA","FRIULI-VENEZIA GIULIA - U02 (UDINE)","MASTELLA NOI DI CENTRO EUROPEISTI","ELISABETTA ROMEO","22/01/1975","UDINE"
"FRIULI-VENEZIA GIULIA","FRIULI-VENEZIA GIULIA - U02 (UDINE)","FORZA ITALIA","WALTER RIZZETTO","27/06/1975","SAN VITO AL TAGLIAMENTO (PN)"
"FRIULI-VENEZIA GIULIA","FRIULI-VENEZIA GIULIA - U02 (UDINE)","NOI MODERATI/LUPI - TOTI - BRUGNARO - UDC","WALTER RIZZETTO","27/06/1975","SAN VITO AL TAGLIAMENTO (PN)"
"FRIULI-VENEZIA GIULIA","FRIULI-VENEZIA GIULIA - U02 (UDINE)","FRATELLI D'ITALIA CON GIORGIA MELONI","WALTER RIZZETTO","27/06/1975","SAN VITO AL TAGLIAMENTO (PN)"
"FRIULI-VENEZIA GIULIA","FRIULI-VENEZIA GIULIA - U02 (UDINE)","LEGA PER SALVINI PREMIER","WALTER RIZZETTO","27/06/1975","SAN VITO AL TAGLIAMENTO (PN)"
"FRIULI-VENEZIA GIULIA","FRIULI-VENEZIA GIULIA - U02 (UDINE)","ALTERNATIVA PER L'ITALIA - NO GREEN PASS","ANDREA SPONZA","22/03/1997","TRIESTE"
"FRIULI-VENEZIA GIULIA","FRIULI-VENEZIA GIULIA - U02 (UDINE)","VITA","UGO ROSSI","26/01/1991","PALMANOVA"
"FRIULI-VENEZIA GIULIA","FRIULI-VENEZIA GIULIA - U02 (UDINE)","ITALIA SOVRANA E POPOLARE","LUCIA GIORDANI","22/01/1963","UDINE"
"FRIULI-VENEZIA GIULIA","FRIULI-VENEZIA GIULIA - U02 (UDINE)","UNIONE POPOLARE CON DE MAGISTRIS","IVAN VOLPI","03/03/1970","GORIZIA"
"FRIULI-VENEZIA GIULIA","FRIULI-VENEZIA GIULIA - U02 (UDINE)","IMPEGNO CIVICO LUIGI DI MAIO - CENTRO DEMOCRATICO","MANUELA CELOTTI","10/04/1981","UDINE"
"FRIULI-VENEZIA GIULIA","FRIULI-VENEZIA GIULIA - U02 (UDINE)","PARTITO DEMOCRATICO - ITALIA DEMOCRATICA E PROGRESSISTA","MANUELA CELOTTI","10/04/1981","UDINE"
"FRIULI-VENEZIA GIULIA","FRIULI-VENEZIA GIULIA - U02 (UDINE)","ALLEANZA VERDI E SINISTRA","MANUELA CELOTTI","10/04/1981","UDINE"
"FRIULI-VENEZIA GIULIA","FRIULI-VENEZIA GIULIA - U02 (UDINE)"," +EUROPA","MANUELA CELOTTI","10/04/1981","UDINE"
"FRIULI-VENEZIA GIULIA","FRIULI-VENEZIA GIULIA - U03 (TRIESTE)","AZIONE - ITALIA VIVA - CALENDA","DANIELA ROSSETTI","20/12/1971","TRIESTE"
"FRIULI-VENEZIA GIULIA","FRIULI-VENEZIA GIULIA - U03 (TRIESTE)","ITALEXIT PER L'ITALIA","FRANCO ZONTA","02/06/1954","TRIESTE"
"FRIULI-VENEZIA GIULIA","FRIULI-VENEZIA GIULIA - U03 (TRIESTE)","MOVIMENTO 5 STELLE","ADRIANA PANZERA","29/09/1966","UDINE"
"FRIULI-VENEZIA GIULIA","FRIULI-VENEZIA GIULIA - U03 (TRIESTE)","MASTELLA NOI DI CENTRO EUROPEISTI","PAOLO CORRADO","28/07/1977","LATISANA (UD)"
"FRIULI-VENEZIA GIULIA","FRIULI-VENEZIA GIULIA - U03 (TRIESTE)","FORZA ITALIA","MASSIMILIANO PANIZZUT","10/12/1968","MILANO"
"FRIULI-VENEZIA GIULIA","FRIULI-VENEZIA GIULIA - U03 (TRIESTE)","NOI MODERATI/LUPI - TOTI - BRUGNARO - UDC","MASSIMILIANO PANIZZUT","10/12/1968","MILANO"
"FRIULI-VENEZIA GIULIA","FRIULI-VENEZIA GIULIA - U03 (TRIESTE)","FRATELLI D'ITALIA CON GIORGIA MELONI","MASSIMILIANO PANIZZUT","10/12/1968","MILANO"
"FRIULI-VENEZIA GIULIA","FRIULI-VENEZIA GIULIA - U03 (TRIESTE)","LEGA PER SALVINI PREMIER","MASSIMILIANO PANIZZUT","10/12/1968","MILANO"
"FRIULI-VENEZIA GIULIA","FRIULI-VENEZIA GIULIA - U03 (TRIESTE)","ALTERNATIVA PER L'ITALIA - NO GREEN PASS","MARIA AMBROSI","19/01/1951","MONFALCONE (GO)"
"FRIULI-VENEZIA GIULIA","FRIULI-VENEZIA GIULIA - U03 (TRIESTE)","VITA","MARCELLO DI FINIZIO","16/09/1965","NAPOLI"
"FRIULI-VENEZIA GIULIA","FRIULI-VENEZIA GIULIA - U03 (TRIESTE)","ITALIA SOVRANA E POPOLARE","EMMA MARIA LETIZIA AGRICOLA","27/10/1964","SAN SEVERO"
"FRIULI-VENEZIA GIULIA","FRIULI-VENEZIA GIULIA - U03 (TRIESTE)","UNIONE POPOLARE CON DE MAGISTRIS","SILVIA DI FONZO","25/10/1963","PESCARA"
"FRIULI-VENEZIA GIULIA","FRIULI-VENEZIA GIULIA - U03 (TRIESTE)","IMPEGNO CIVICO LUIGI DI MAIO - CENTRO DEMOCRATICO","CATERINA CONTI","30/09/1986","TRIESTE"
"FRIULI-VENEZIA GIULIA","FRIULI-VENEZIA GIULIA - U03 (TRIESTE)","PARTITO DEMOCRATICO - ITALIA DEMOCRATICA E PROGRESSISTA","CATERINA CONTI","30/09/1986","TRIESTE"
"FRIULI-VENEZIA GIULIA","FRIULI-VENEZIA GIULIA - U03 (TRIESTE)","ALLEANZA VERDI E SINISTRA","CATERINA CONTI","30/09/1986","TRIESTE"
"FRIULI-VENEZIA GIULIA","FRIULI-VENEZIA GIULIA - U03 (TRIESTE)"," +EUROPA","CATERINA CONTI","30/09/1986","TRIESTE"
"ITALIA","VALLE D'AOSTA - U01 (AOSTA)","ITALIA SOVRANA E POPOLARE","LOREDANA AUGUSTA RONC","21/08/1964","AOSTA"
"ITALIA","VALLE D'AOSTA - U01 (AOSTA)","VALLE D'AOSTA APERTA","ERIKA GUICHARDAZ","25/11/1976","AOSTA"
"ITALIA","VALLE D'AOSTA - U01 (AOSTA)","LEGA PER SALVINI PREMIER - FORZA ITALIA - NOI MODERATI - FRATELLI D'ITALIA","EMILY MARINELLA RINI","15/08/1982","AOSTA"
"ITALIA","VALLE D'AOSTA - U01 (AOSTA)","LA RENAISSANCE VALD?TAINE","GIOVANNI GIRARDINI","03/07/1965","AOSTA"
"ITALIA","VALLE D'AOSTA - U01 (AOSTA)","PARTITO COMUNISTA ITALIANO","DAVIDE IANNI","13/12/1991","IVREA (TO)"
"ITALIA","VALLE D'AOSTA - U01 (AOSTA)","UNIONE POPOLARE CON DE MAGISTRIS","LOREDANA DE ROSA","01/11/1961","ROMA"
"ITALIA","VALLE D'AOSTA - U01 (AOSTA)","VALL?E D?AOSTE ? AUTONOMIE PROGR?S F?D?RALISME","FRANCO MANES","21/06/1963","AOSTA"
"LIGURIA","LIGURIA - U01 (SAVONA)","UNIONE POPOLARE CON DE MAGISTRIS","ALBERTO GABRIELLI","06/07/1950","PIEVE DI TECO (IM)"
"LIGURIA","LIGURIA - U01 (SAVONA)","ITALEXIT PER L'ITALIA","SILVIA ARCARI","08/08/1973","GENOVA"
"LIGURIA","LIGURIA - U01 (SAVONA)"," +EUROPA","MARINA LOMBARDI","04/06/1964","VARESE"
"LIGURIA","LIGURIA - U01 (SAVONA)","ALLEANZA VERDI E SINISTRA","MARINA LOMBARDI","04/06/1964","VARESE"
"LIGURIA","LIGURIA - U01 (SAVONA)","IMPEGNO CIVICO LUIGI DI MAIO - CENTRO DEMOCRATICO","MARINA LOMBARDI","04/06/1964","VARESE"
"LIGURIA","LIGURIA - U01 (SAVONA)","PARTITO DEMOCRATICO - ITALIA DEMOCRATICA E PROGRESSISTA","MARINA LOMBARDI","04/06/1964","VARESE"
"LIGURIA","LIGURIA - U01 (SAVONA)","ITALIA SOVRANA E POPOLARE","FRANCESCO NAPPI","09/01/1975","BOLOGNA"
"LIGURIA","LIGURIA - U01 (SAVONA)","MOVIMENTO 5 STELLE","GIOVANNI SPALLA","06/04/1934","IMPERIA"
"LIGURIA","LIGURIA - U01 (SAVONA)","VITA","LUCIA CANEPA","09/05/1966","GENOVA"
"LIGURIA","LIGURIA - U01 (SAVONA)","AZIONE - ITALIA VIVA - CALENDA","DESIREE NEGRI","20/06/1967","SANREMO (IM)"
"LIGURIA","LIGURIA - U01 (SAVONA)","LEGA PER SALVINI PREMIER","EDOARDO RIXI","08/06/1974","GENOVA"
"LIGURIA","LIGURIA - U01 (SAVONA)","FRATELLI D'ITALIA CON GIORGIA MELONI","EDOARDO RIXI","08/06/1974","GENOVA"
"LIGURIA","LIGURIA - U01 (SAVONA)","FORZA ITALIA","EDOARDO RIXI","08/06/1974","GENOVA"
"LIGURIA","LIGURIA - U01 (SAVONA)","NOI MODERATI/LUPI - TOTI - BRUGNARO - UDC","EDOARDO RIXI","08/06/1974","GENOVA"
"LIGURIA","LIGURIA - U01 (SAVONA)","MASTELLA NOI DI CENTRO EUROPEISTI","MARCO PADOVANI","15/12/1963","SAVONA"
"LIGURIA","LIGURIA - U02 (GENOVA: MUNICIPIO VII - PONENTE)","UNIONE POPOLARE CON DE MAGISTRIS","GIANLUCA TRAVERSO","07/06/1989","ALBENGA (SV)"
"LIGURIA","LIGURIA - U02 (GENOVA: MUNICIPIO VII - PONENTE)","ITALEXIT PER L'ITALIA","FABIO MONTORRO","24/02/1985","ACQUI TERME (AL)"
"LIGURIA","LIGURIA - U02 (GENOVA: MUNICIPIO VII - PONENTE)"," +EUROPA","KATIA PICCARDO","13/03/1984","GENOVA"
"LIGURIA","LIGURIA - U02 (GENOVA: MUNICIPIO VII - PONENTE)","ALLEANZA VERDI E SINISTRA","KATIA PICCARDO","13/03/1984","GENOVA"
"LIGURIA","LIGURIA - U02 (GENOVA: MUNICIPIO VII - PONENTE)","IMPEGNO CIVICO LUIGI DI MAIO - CENTRO DEMOCRATICO","KATIA PICCARDO","13/03/1984","GENOVA"
"LIGURIA","LIGURIA - U02 (GENOVA: MUNICIPIO VII - PONENTE)","PARTITO DEMOCRATICO - ITALIA DEMOCRATICA E PROGRESSISTA","KATIA PICCARDO","13/03/1984","GENOVA"
"LIGURIA","LIGURIA - U02 (GENOVA: MUNICIPIO VII - PONENTE)","ITALIA SOVRANA E POPOLARE","GIORDANO MANGIONE","02/09/1987","FOGGIA"
"LIGURIA","LIGURIA - U02 (GENOVA: MUNICIPIO VII - PONENTE)","MOVIMENTO 5 STELLE","ROBERTO TRAVERSI","01/12/1969","MILANO"
"LIGURIA","LIGURIA - U02 (GENOVA: MUNICIPIO VII - PONENTE)","VITA","LUANA CIAMBELLINI","04/05/1981","GENOVA"
"LIGURIA","LIGURIA - U02 (GENOVA: MUNICIPIO VII - PONENTE)","AZIONE - ITALIA VIVA - CALENDA","MAURO AVVENENTE","30/06/1956","GENOVA"
"LIGURIA","LIGURIA - U02 (GENOVA: MUNICIPIO VII - PONENTE)","LEGA PER SALVINI PREMIER","ILARIA CAVO","11/10/1973","GENOVA"
"LIGURIA","LIGURIA - U02 (GENOVA: MUNICIPIO VII - PONENTE)","FRATELLI D'ITALIA CON GIORGIA MELONI","ILARIA CAVO","11/10/1973","GENOVA"
"LIGURIA","LIGURIA - U02 (GENOVA: MUNICIPIO VII - PONENTE)","FORZA ITALIA","ILARIA CAVO","11/10/1973","GENOVA"
"LIGURIA","LIGURIA - U02 (GENOVA: MUNICIPIO VII - PONENTE)","NOI MODERATI/LUPI - TOTI - BRUGNARO - UDC","ILARIA CAVO","11/10/1973","GENOVA"
"LIGURIA","LIGURIA - U02 (GENOVA: MUNICIPIO VII - PONENTE)","MASTELLA NOI DI CENTRO EUROPEISTI","SALVATORE MONACO","28/03/1995","NAPOLI"
"LIGURIA","LIGURIA - U03 (GENOVA: MUNICIPIO I - CENTRO EST)","UNIONE POPOLARE CON DE MAGISTRIS","LAURA TONELLI","17/04/1970","GENOVA"
"LIGURIA","LIGURIA - U03 (GENOVA: MUNICIPIO I - CENTRO EST)","ITALEXIT PER L'ITALIA","MARCO MARTINI","19/05/1981","GENOVA"
"LIGURIA","LIGURIA - U03 (GENOVA: MUNICIPIO I - CENTRO EST)"," +EUROPA","LUCA PASTORINO","30/09/1971","GENOVA"
"LIGURIA","LIGURIA - U03 (GENOVA: MUNICIPIO I - CENTRO EST)","ALLEANZA VERDI E SINISTRA","LUCA PASTORINO","30/09/1971","GENOVA"
"LIGURIA","LIGURIA - U03 (GENOVA: MUNICIPIO I - CENTRO EST)","IMPEGNO CIVICO LUIGI DI MAIO - CENTRO DEMOCRATICO","LUCA PASTORINO","30/09/1971","GENOVA"
"LIGURIA","LIGURIA - U03 (GENOVA: MUNICIPIO I - CENTRO EST)","PARTITO DEMOCRATICO - ITALIA DEMOCRATICA E PROGRESSISTA","LUCA PASTORINO","30/09/1971","GENOVA"
"LIGURIA","LIGURIA - U03 (GENOVA: MUNICIPIO I - CENTRO EST)","ITALIA SOVRANA E POPOLARE","DANIELA COLLEO","22/06/1961","GENOVA"
"LIGURIA","LIGURIA - U03 (GENOVA: MUNICIPIO I - CENTRO EST)","MOVIMENTO 5 STELLE","MARIA TINI","11/04/1960","PERUGIA"
"LIGURIA","LIGURIA - U03 (GENOVA: MUNICIPIO I - CENTRO EST)","VITA","LUCA DE PASQUALE","24/11/1977","MILANO"
"LIGURIA","LIGURIA - U03 (GENOVA: MUNICIPIO I - CENTRO EST)","AZIONE - ITALIA VIVA - CALENDA","DAVIDE FALTERI","04/09/1972","GENOVA"
"LIGURIA","LIGURIA - U03 (GENOVA: MUNICIPIO I - CENTRO EST)","LEGA PER SALVINI PREMIER","SANDRO MARIO BIASOTTI","02/07/1948","GENOVA"
"LIGURIA","LIGURIA - U03 (GENOVA: MUNICIPIO I - CENTRO EST)","FRATELLI D'ITALIA CON GIORGIA MELONI","SANDRO MARIO BIASOTTI","02/07/1948","GENOVA"
"LIGURIA","LIGURIA - U03 (GENOVA: MUNICIPIO I - CENTRO EST)","FORZA ITALIA","SANDRO MARIO BIASOTTI","02/07/1948","GENOVA"
"LIGURIA","LIGURIA - U03 (GENOVA: MUNICIPIO I - CENTRO EST)","NOI MODERATI/LUPI - TOTI - BRUGNARO - UDC","SANDRO MARIO BIASOTTI","02/07/1948","GENOVA"
"LIGURIA","LIGURIA - U03 (GENOVA: MUNICIPIO I - CENTRO EST)","MASTELLA NOI DI CENTRO EUROPEISTI","ROBERTO SENSONI","16/02/1954","LA SPEZIA"
"LIGURIA","LIGURIA - U04 (LA SPEZIA)","UNIONE POPOLARE CON DE MAGISTRIS","CATIA CASTELLANI","24/07/1959","LA SPEZIA"
"LIGURIA","LIGURIA - U04 (LA SPEZIA)","ITALEXIT PER L'ITALIA","RAFFAELLA SPEZIA","13/04/1974","LA SPEZIA"
"LIGURIA","LIGURIA - U04 (LA SPEZIA)"," +EUROPA","DANIELE MONTEBELLO","06/03/1986","LA SPEZIA"
"LIGURIA","LIGURIA - U04 (LA SPEZIA)","ALLEANZA VERDI E SINISTRA","DANIELE MONTEBELLO","06/03/1986","LA SPEZIA"
"LIGURIA","LIGURIA - U04 (LA SPEZIA)","IMPEGNO CIVICO LUIGI DI MAIO - CENTRO DEMOCRATICO","DANIELE MONTEBELLO","06/03/1986","LA SPEZIA"
"LIGURIA","LIGURIA - U04 (LA SPEZIA)","PARTITO DEMOCRATICO - ITALIA DEMOCRATICA E PROGRESSISTA","DANIELE MONTEBELLO","06/03/1986","LA SPEZIA"
"LIGURIA","LIGURIA - U04 (LA SPEZIA)","ITALIA SOVRANA E POPOLARE","FIORELLA AMORUSO","02/11/1961","POSTIGLIONE (SA)"
"LIGURIA","LIGURIA - U04 (LA SPEZIA)","MOVIMENTO 5 STELLE","FEDERICA GIORGI","15/11/1970","LA SPEZIA"
"LIGURIA","LIGURIA - U04 (LA SPEZIA)","VITA","ROBERTO FERRARA","22/10/1965","MONTEROTONDO (RM)"
"LIGURIA","LIGURIA - U04 (LA SPEZIA)","AZIONE - ITALIA VIVA - CALENDA","SILVIA GARIBALDI","24/05/1973","CHIAVARI (GE)"
"LIGURIA","LIGURIA - U04 (LA SPEZIA)","LEGA PER SALVINI PREMIER","ROBERTO BAGNASCO","07/04/1950","NOVI LIGURE (AL)"
"LIGURIA","LIGURIA - U04 (LA SPEZIA)","FRATELLI D'ITALIA CON GIORGIA MELONI","ROBERTO BAGNASCO","07/04/1950","NOVI LIGURE (AL)"
"LIGURIA","LIGURIA - U04 (LA SPEZIA)","FORZA ITALIA","ROBERTO BAGNASCO","07/04/1950","NOVI LIGURE (AL)"
"LIGURIA","LIGURIA - U04 (LA SPEZIA)","NOI MODERATI/LUPI - TOTI - BRUGNARO - UDC","ROBERTO BAGNASCO","07/04/1950","NOVI LIGURE (AL)"
"LIGURIA","LIGURIA - U04 (LA SPEZIA)","MASTELLA NOI DI CENTRO EUROPEISTI","GAETANO RUSSO","28/03/1941","LA SPEZIA"
"EMILIA-ROMAGNA","EMILIA-ROMAGNA - U01 (PIACENZA)","ITALIA SOVRANA E POPOLARE","ELISA ZERBINI","25/02/1972","FIORENZUOLA D'ARDA (PC)"
"EMILIA-ROMAGNA","EMILIA-ROMAGNA - U01 (PIACENZA)","VITA","ENRICO SCOTTI","30/09/1975","PIACENZA (PC)"
"EMILIA-ROMAGNA","EMILIA-ROMAGNA - U01 (PIACENZA)","SUD CHIAMA NORD","TRACY KONADU APONTUAH","19/03/1993","TEMA (GHANA)"
"EMILIA-ROMAGNA","EMILIA-ROMAGNA - U01 (PIACENZA)","MASTELLA NOI DI CENTRO EUROPEISTI","ROBERTO CALESTANI","10/06/1964","PARMA (PR)"
"EMILIA-ROMAGNA","EMILIA-ROMAGNA - U01 (PIACENZA)","AZIONE - ITALIA VIVA - CALENDA","SABRINA DE CANIO ","16/06/1964","PIACENZA (PC)"
"EMILIA-ROMAGNA","EMILIA-ROMAGNA - U01 (PIACENZA)","ITALEXIT PER L'ITALIA","CINZIA CICOGNINI","11/12/1981","CODOGNO (LO)"
"EMILIA-ROMAGNA","EMILIA-ROMAGNA - U01 (PIACENZA)","FORZA ITALIA","TOMMASO FOTI","28/04/1960","PIACENZA (PC)"
"EMILIA-ROMAGNA","EMILIA-ROMAGNA - U01 (PIACENZA)","FRATELLI D'ITALIA CON GIORGIA MELONI","TOMMASO FOTI","28/04/1960","PIACENZA (PC)"
"EMILIA-ROMAGNA","EMILIA-ROMAGNA - U01 (PIACENZA)","NOI MODERATI/LUPI - TOTI - BRUGNARO - UDC","TOMMASO FOTI","28/04/1960","PIACENZA (PC)"
"EMILIA-ROMAGNA","EMILIA-ROMAGNA - U01 (PIACENZA)","LEGA PER SALVINI PREMIER","TOMMASO FOTI","28/04/1960","PIACENZA (PC)"
"EMILIA-ROMAGNA","EMILIA-ROMAGNA - U01 (PIACENZA)","ALLEANZA VERDI E SINISTRA","BEATRICE GHETTI","04/03/1984","PIACENZA (PC)"
"EMILIA-ROMAGNA","EMILIA-ROMAGNA - U01 (PIACENZA)"," +EUROPA","BEATRICE GHETTI","04/03/1984","PIACENZA (PC)"
"EMILIA-ROMAGNA","EMILIA-ROMAGNA - U01 (PIACENZA)","IMPEGNO CIVICO LUIGI DI MAIO - CENTRO DEMOCRATICO","BEATRICE GHETTI","04/03/1984","PIACENZA (PC)"
"EMILIA-ROMAGNA","EMILIA-ROMAGNA - U01 (PIACENZA)","PARTITO DEMOCRATICO - ITALIA DEMOCRATICA E PROGRESSISTA","BEATRICE GHETTI","04/03/1984","PIACENZA (PC)"
"EMILIA-ROMAGNA","EMILIA-ROMAGNA - U01 (PIACENZA)","MOVIMENTO 5 STELLE","CARMINE DE FALCO","21/03/1953","OSPEDALETTO D'ALPINOLO (AV)"
"EMILIA-ROMAGNA","EMILIA-ROMAGNA - U01 (PIACENZA)","PARTITO ANIMALISTA - UCDL - 10 VOLTE MEGLIO","ROSARIO BRANCATI","05/01/1959","VITTORIA (RG)"
"EMILIA-ROMAGNA","EMILIA-ROMAGNA - U01 (PIACENZA)","UNIONE POPOLARE CON DE MAGISTRIS","ELENA MARIA ANELLI","04/02/1953","PIACENZA (PC)"
"EMILIA-ROMAGNA","EMILIA-ROMAGNA - U02 (PARMA)","ITALIA SOVRANA E POPOLARE","MARIA TERESA GALASSO","11/04/1997","TARANTO (TA)"
"EMILIA-ROMAGNA","EMILIA-ROMAGNA - U02 (PARMA)","VITA","RAOUL CIPOLLONE","18/11/1985","ROMA (RM)"
"EMILIA-ROMAGNA","EMILIA-ROMAGNA - U02 (PARMA)","SUD CHIAMA NORD","RAJBIR SINGH","14/07/1992","SANGRUR (INDIA)"
"EMILIA-ROMAGNA","EMILIA-ROMAGNA - U02 (PARMA)","MASTELLA NOI DI CENTRO EUROPEISTI","ANDREA GROSSI","03/07/1975","PARMA (PR)"
"EMILIA-ROMAGNA","EMILIA-ROMAGNA - U02 (PARMA)","AZIONE - ITALIA VIVA - CALENDA","MATTEO FERRONI","08/03/1972","FOLIGNO (PG)"
"EMILIA-ROMAGNA","EMILIA-ROMAGNA - U02 (PARMA)","ITALEXIT PER L'ITALIA","SANDRA MARCHIGNOLI","15/07/1965","PARMA (PR)"
"EMILIA-ROMAGNA","EMILIA-ROMAGNA - U02 (PARMA)","FORZA ITALIA","LAURA CAVANDOLI","15/12/1971","PARMA (PR)"
"EMILIA-ROMAGNA","EMILIA-ROMAGNA - U02 (PARMA)","FRATELLI D'ITALIA CON GIORGIA MELONI","LAURA CAVANDOLI","15/12/1971","PARMA (PR)"
"EMILIA-ROMAGNA","EMILIA-ROMAGNA - U02 (PARMA)","NOI MODERATI/LUPI - TOTI - BRUGNARO - UDC","LAURA CAVANDOLI","15/12/1971","PARMA (PR)"
"EMILIA-ROMAGNA","EMILIA-ROMAGNA - U02 (PARMA)","LEGA PER SALVINI PREMIER","LAURA CAVANDOLI","15/12/1971","PARMA (PR)"
"EMILIA-ROMAGNA","EMILIA-ROMAGNA - U02 (PARMA)","ALLEANZA VERDI E SINISTRA","MICHELE  VANOLLI","18/11/1985","CARRARA (MS)"
"EMILIA-ROMAGNA","EMILIA-ROMAGNA - U02 (PARMA)"," +EUROPA","MICHELE  VANOLLI","18/11/1985","CARRARA (MS)"
"EMILIA-ROMAGNA","EMILIA-ROMAGNA - U02 (PARMA)","IMPEGNO CIVICO LUIGI DI MAIO - CENTRO DEMOCRATICO","MICHELE  VANOLLI","18/11/1985","CARRARA (MS)"
"EMILIA-ROMAGNA","EMILIA-ROMAGNA - U02 (PARMA)","PARTITO DEMOCRATICO - ITALIA DEMOCRATICA E PROGRESSISTA","MICHELE  VANOLLI","18/11/1985","CARRARA (MS)"
"EMILIA-ROMAGNA","EMILIA-ROMAGNA - U02 (PARMA)","MOVIMENTO 5 STELLE","DAVIDE ZANICHELLI","27/06/1983","GUASTALLA (RE)"
"EMILIA-ROMAGNA","EMILIA-ROMAGNA - U02 (PARMA)","PARTITO ANIMALISTA - UCDL - 10 VOLTE MEGLIO","PAOLO VENTURI","07/10/1962","REGGIO NELL'EMILIA (RE)"
"EMILIA-ROMAGNA","EMILIA-ROMAGNA - U02 (PARMA)","UNIONE POPOLARE CON DE MAGISTRIS","ANTONIO VARATTA","05/05/1967","VENAFRO (IS)"
"EMILIA-ROMAGNA","EMILIA-ROMAGNA - U03 (REGGIO NELL'EMILIA)","ITALIA SOVRANA E POPOLARE","FRANCESCO FACCIOLI","22/02/1971","BOLOGNA (BO)"
"EMILIA-ROMAGNA","EMILIA-ROMAGNA - U03 (REGGIO NELL'EMILIA)","VITA","SIMONA GHERPELLI","08/03/1976","REGGIO NELL'EMILIA (RE)"
"EMILIA-ROMAGNA","EMILIA-ROMAGNA - U03 (REGGIO NELL'EMILIA)","SUD CHIAMA NORD","RAJASULAKSHANA JESUTHASAN","25/10/1984","PALAI (SRI LANKA)"
"EMILIA-ROMAGNA","EMILIA-ROMAGNA - U03 (REGGIO NELL'EMILIA)","MASTELLA NOI DI CENTRO EUROPEISTI","LUCA PANCALDI","26/02/1969","BOLOGNA (BO)"
"EMILIA-ROMAGNA","EMILIA-ROMAGNA - U03 (REGGIO NELL'EMILIA)","AZIONE - ITALIA VIVA - CALENDA","MAURA MANGHI","10/07/1956","REGGIO NELL'EMILIA (RE)"
"EMILIA-ROMAGNA","EMILIA-ROMAGNA - U03 (REGGIO NELL'EMILIA)","ITALEXIT PER L'ITALIA","ERMANNO SEZZI","14/04/1960","REGGIO NELL'EMILIA (RE)"
"EMILIA-ROMAGNA","EMILIA-ROMAGNA - U03 (REGGIO NELL'EMILIA)","FORZA ITALIA","ROBERTA RIGON","09/04/1973","CARPI (MO)"
"EMILIA-ROMAGNA","EMILIA-ROMAGNA - U03 (REGGIO NELL'EMILIA)","FRATELLI D'ITALIA CON GIORGIA MELONI","ROBERTA RIGON","09/04/1973","CARPI (MO)"
"EMILIA-ROMAGNA","EMILIA-ROMAGNA - U03 (REGGIO NELL'EMILIA)","NOI MODERATI/LUPI - TOTI - BRUGNARO - UDC","ROBERTA RIGON","09/04/1973","CARPI (MO)"
"EMILIA-ROMAGNA","EMILIA-ROMAGNA - U03 (REGGIO NELL'EMILIA)","LEGA PER SALVINI PREMIER","ROBERTA RIGON","09/04/1973","CARPI (MO)"
"EMILIA-ROMAGNA","EMILIA-ROMAGNA - U03 (REGGIO NELL'EMILIA)","ALLEANZA VERDI E SINISTRA","ILENIA MALAVASI","22/10/1971","CORREGGIO (RE)"
"EMILIA-ROMAGNA","EMILIA-ROMAGNA - U03 (REGGIO NELL'EMILIA)"," +EUROPA","ILENIA MALAVASI","22/10/1971","CORREGGIO (RE)"
"EMILIA-ROMAGNA","EMILIA-ROMAGNA - U03 (REGGIO NELL'EMILIA)","IMPEGNO CIVICO LUIGI DI MAIO - CENTRO DEMOCRATICO","ILENIA MALAVASI","22/10/1971","CORREGGIO (RE)"
"EMILIA-ROMAGNA","EMILIA-ROMAGNA - U03 (REGGIO NELL'EMILIA)","PARTITO DEMOCRATICO - ITALIA DEMOCRATICA E PROGRESSISTA","ILENIA MALAVASI","22/10/1971","CORREGGIO (RE)"
"EMILIA-ROMAGNA","EMILIA-ROMAGNA - U03 (REGGIO NELL'EMILIA)","MOVIMENTO 5 STELLE","DANIELE PICCOLI","25/09/1981","MONTECCHIO EMILIA (RE)"
"EMILIA-ROMAGNA","EMILIA-ROMAGNA - U03 (REGGIO NELL'EMILIA)","PARTITO ANIMALISTA - UCDL - 10 VOLTE MEGLIO","CARMEN GRAZIOSO","10/05/1986","NAPOLI (NA)"
"EMILIA-ROMAGNA","EMILIA-ROMAGNA - U03 (REGGIO NELL'EMILIA)","UNIONE POPOLARE CON DE MAGISTRIS","NATALE CUCCURESE","11/01/1959","AFRAGOLA (NA)"
"EMILIA-ROMAGNA","EMILIA-ROMAGNA - U04 (MODENA)","ITALIA SOVRANA E POPOLARE","NIVEL EGIDIO RUINI","10/09/1953","TOANO (RE)"
"EMILIA-ROMAGNA","EMILIA-ROMAGNA - U04 (MODENA)","VITA","VALERIA DRUSIANI","14/06/1971","MODENA (MO)"
"EMILIA-ROMAGNA","EMILIA-ROMAGNA - U04 (MODENA)","MASTELLA NOI DI CENTRO EUROPEISTI","ALESSANDRO ODDERA","25/08/1962","GENOVA (GE)"
"EMILIA-ROMAGNA","EMILIA-ROMAGNA - U04 (MODENA)","AZIONE - ITALIA VIVA - CALENDA","CLAUDIA CICOLANI","01/05/1977","L'AQUILA (AQ)"
"EMILIA-ROMAGNA","EMILIA-ROMAGNA - U04 (MODENA)","ITALEXIT PER L'ITALIA","MARIA GANDINI DETTA MIA","30/08/1961","UDINE (UD)"
"EMILIA-ROMAGNA","EMILIA-ROMAGNA - U04 (MODENA)","FORZA ITALIA","DANIELA DONDI","12/01/1962","MODENA (MO)"
"EMILIA-ROMAGNA","EMILIA-ROMAGNA - U04 (MODENA)","FRATELLI D'ITALIA CON GIORGIA MELONI","DANIELA DONDI","12/01/1962","MODENA (MO)"
"EMILIA-ROMAGNA","EMILIA-ROMAGNA - U04 (MODENA)","NOI MODERATI/LUPI - TOTI - BRUGNARO - UDC","DANIELA DONDI","12/01/1962","MODENA (MO)"
"EMILIA-ROMAGNA","EMILIA-ROMAGNA - U04 (MODENA)","LEGA PER SALVINI PREMIER","DANIELA DONDI","12/01/1962","MODENA (MO)"
"EMILIA-ROMAGNA","EMILIA-ROMAGNA - U04 (MODENA)","ALLEANZA VERDI E SINISTRA","ABOUBAKAR SOUMAHORO ","06/06/1980","BETROULILIE LAKOTA (COSTA D'AVORIO) "
"EMILIA-ROMAGNA","EMILIA-ROMAGNA - U04 (MODENA)"," +EUROPA","ABOUBAKAR SOUMAHORO ","06/06/1980","BETROULILIE LAKOTA (COSTA D'AVORIO) "
"EMILIA-ROMAGNA","EMILIA-ROMAGNA - U04 (MODENA)","IMPEGNO CIVICO LUIGI DI MAIO - CENTRO DEMOCRATICO","ABOUBAKAR SOUMAHORO ","06/06/1980","BETROULILIE LAKOTA (COSTA D'AVORIO) "
"EMILIA-ROMAGNA","EMILIA-ROMAGNA - U04 (MODENA)","PARTITO DEMOCRATICO - ITALIA DEMOCRATICA E PROGRESSISTA","ABOUBAKAR SOUMAHORO ","06/06/1980","BETROULILIE LAKOTA (COSTA D'AVORIO) "
"EMILIA-ROMAGNA","EMILIA-ROMAGNA - U04 (MODENA)","MOVIMENTO 5 STELLE","STEFANIA ASCARI","03/03/1980","CORREGGIO (RE)"
"EMILIA-ROMAGNA","EMILIA-ROMAGNA - U04 (MODENA)","PARTITO ANIMALISTA - UCDL - 10 VOLTE MEGLIO","CATERINA DI LAURO","20/07/1983","CASERTA (CE)"
"EMILIA-ROMAGNA","EMILIA-ROMAGNA - U04 (MODENA)","UNIONE POPOLARE CON DE MAGISTRIS","JOSE CARRASSO","15/03/1978","ACQUAVIVA DELLE FONTI (BA)"
"EMILIA-ROMAGNA","EMILIA-ROMAGNA - U05 (IMOLA)","ITALIA SOVRANA E POPOLARE","ANGELO GIUSEPPE CORDARO","30/04/1961","CASTELTERMINI (AG)"
"EMILIA-ROMAGNA","EMILIA-ROMAGNA - U05 (IMOLA)","VITA","CRISTINA D'ONOFRIO","11/09/1978","BOLOGNA (BO)"
"EMILIA-ROMAGNA","EMILIA-ROMAGNA - U05 (IMOLA)","MASTELLA NOI DI CENTRO EUROPEISTI","ANTONINO CIANCIMINO","23/03/1972","RIBERA (AG)"
"EMILIA-ROMAGNA","EMILIA-ROMAGNA - U05 (IMOLA)","AZIONE - ITALIA VIVA - CALENDA","MARA MUCCI","05/07/1982","BOLOGNA (BO)"
"EMILIA-ROMAGNA","EMILIA-ROMAGNA - U05 (IMOLA)","ITALEXIT PER L'ITALIA","STEFANIA CHIAPPE","02/04/1967","CAGLIARI (CA)"
"EMILIA-ROMAGNA","EMILIA-ROMAGNA - U05 (IMOLA)","FORZA ITALIA","BENEDETTA  FIORINI","09/01/1976","REGGIO NELL'EMILIA (RE)"
"EMILIA-ROMAGNA","EMILIA-ROMAGNA - U05 (IMOLA)","FRATELLI D'ITALIA CON GIORGIA MELONI","BENEDETTA  FIORINI","09/01/1976","REGGIO NELL'EMILIA (RE)"
"EMILIA-ROMAGNA","EMILIA-ROMAGNA - U05 (IMOLA)","NOI MODERATI/LUPI - TOTI - BRUGNARO - UDC","BENEDETTA  FIORINI","09/01/1976","REGGIO NELL'EMILIA (RE)"
"EMILIA-ROMAGNA","EMILIA-ROMAGNA - U05 (IMOLA)","LEGA PER SALVINI PREMIER","BENEDETTA  FIORINI","09/01/1976","REGGIO NELL'EMILIA (RE)"
"EMILIA-ROMAGNA","EMILIA-ROMAGNA - U05 (IMOLA)","ALLEANZA VERDI E SINISTRA","ANGELO BONELLI","30/07/1962","ROMA (RM)"
"EMILIA-ROMAGNA","EMILIA-ROMAGNA - U05 (IMOLA)"," +EUROPA","ANGELO BONELLI","30/07/1962","ROMA (RM)"
"EMILIA-ROMAGNA","EMILIA-ROMAGNA - U05 (IMOLA)","IMPEGNO CIVICO LUIGI DI MAIO - CENTRO DEMOCRATICO","ANGELO BONELLI","30/07/1962","ROMA (RM)"
"EMILIA-ROMAGNA","EMILIA-ROMAGNA - U05 (IMOLA)","PARTITO DEMOCRATICO - ITALIA DEMOCRATICA E PROGRESSISTA","ANGELO BONELLI","30/07/1962","ROMA (RM)"
"EMILIA-ROMAGNA","EMILIA-ROMAGNA - U05 (IMOLA)","MOVIMENTO 5 STELLE","LORENZA D'AMATO","05/01/1982","CASTEL SAN PIETRO TERME (BO)"
"EMILIA-ROMAGNA","EMILIA-ROMAGNA - U05 (IMOLA)","PARTITO ANIMALISTA - UCDL - 10 VOLTE MEGLIO","PATRIK PALUMBO","23/05/1972","NAPOLI (NA)"
"EMILIA-ROMAGNA","EMILIA-ROMAGNA - U05 (IMOLA)","UNIONE POPOLARE CON DE MAGISTRIS","ALESSANDRO BERNARDI","28/07/1954","BOLOGNA (BO)"
"EMILIA-ROMAGNA","EMILIA-ROMAGNA - U06 (BOLOGNA)","ITALIA SOVRANA E POPOLARE","FRANCESCO TABARONI","02/09/1983","MEDICINA (BO)"
"EMILIA-ROMAGNA","EMILIA-ROMAGNA - U06 (BOLOGNA)","VITA","MASSIMO SCARPELLI","12/06/1970","BOLOGNA (BO)"
"EMILIA-ROMAGNA","EMILIA-ROMAGNA - U06 (BOLOGNA)","MASTELLA NOI DI CENTRO EUROPEISTI","GIUSEPPE FRISINA","22/03/1959","CALTANISSETTA (CL)"
"EMILIA-ROMAGNA","EMILIA-ROMAGNA - U06 (BOLOGNA)","AZIONE - ITALIA VIVA - CALENDA","NAIKE GRUPPIONI","25/01/1979","BOLOGNA (BO)"
"EMILIA-ROMAGNA","EMILIA-ROMAGNA - U06 (BOLOGNA)","ITALEXIT PER L'ITALIA","FABIO FABBRI","27/08/1975","FAENZA (RA)"
"EMILIA-ROMAGNA","EMILIA-ROMAGNA - U06 (BOLOGNA)","FORZA ITALIA","DALILA JOLANDA ANSALONE","17/08/1993","BOLOGNA (BO)"
"EMILIA-ROMAGNA","EMILIA-ROMAGNA - U06 (BOLOGNA)","FRATELLI D'ITALIA CON GIORGIA MELONI","DALILA JOLANDA ANSALONE","17/08/1993","BOLOGNA (BO)"
"EMILIA-ROMAGNA","EMILIA-ROMAGNA - U06 (BOLOGNA)","NOI MODERATI/LUPI - TOTI - BRUGNARO - UDC","DALILA JOLANDA ANSALONE","17/08/1993","BOLOGNA (BO)"
"EMILIA-ROMAGNA","EMILIA-ROMAGNA - U06 (BOLOGNA)","LEGA PER SALVINI PREMIER","DALILA JOLANDA ANSALONE","17/08/1993","BOLOGNA (BO)"
"EMILIA-ROMAGNA","EMILIA-ROMAGNA - U06 (BOLOGNA)","ALLEANZA VERDI E SINISTRA","VIRGINIO  MEROLA","14/02/1955","SANTA MARIA CAPUA VETERE (CE)"
"EMILIA-ROMAGNA","EMILIA-ROMAGNA - U06 (BOLOGNA)"," +EUROPA","VIRGINIO  MEROLA","14/02/1955","SANTA MARIA CAPUA VETERE (CE)"
"EMILIA-ROMAGNA","EMILIA-ROMAGNA - U06 (BOLOGNA)","IMPEGNO CIVICO LUIGI DI MAIO - CENTRO DEMOCRATICO","VIRGINIO  MEROLA","14/02/1955","SANTA MARIA CAPUA VETERE (CE)"
"EMILIA-ROMAGNA","EMILIA-ROMAGNA - U06 (BOLOGNA)","PARTITO DEMOCRATICO - ITALIA DEMOCRATICA E PROGRESSISTA","VIRGINIO  MEROLA","14/02/1955","SANTA MARIA CAPUA VETERE (CE)"
"EMILIA-ROMAGNA","EMILIA-ROMAGNA - U06 (BOLOGNA)","MOVIMENTO 5 STELLE","MARZIA CALZONI","29/07/1956","BOLOGNA (BO)"
"EMILIA-ROMAGNA","EMILIA-ROMAGNA - U06 (BOLOGNA)","PARTITO ANIMALISTA - UCDL - 10 VOLTE MEGLIO","LEONARDO SANI","30/05/1965","FIRENZE (FI)"
"EMILIA-ROMAGNA","EMILIA-ROMAGNA - U06 (BOLOGNA)","UNIONE POPOLARE CON DE MAGISTRIS","SIMONA FERLINI","15/10/1965","BOLOGNA (BO)"
"EMILIA-ROMAGNA","EMILIA-ROMAGNA - U07 (CARPI)","ITALIA SOVRANA E POPOLARE","MARCO DOMENICO ROGATO","18/10/1987","SAN CATALDO (CL)"
"EMILIA-ROMAGNA","EMILIA-ROMAGNA - U07 (CARPI)","VITA","ELISA BUSSETTI","23/01/1974","CARPI (MO)"
"EMILIA-ROMAGNA","EMILIA-ROMAGNA - U07 (CARPI)","MASTELLA NOI DI CENTRO EUROPEISTI","MANUELA ZOLI","20/12/1957","FORLI' (FC)"
"EMILIA-ROMAGNA","EMILIA-ROMAGNA - U07 (CARPI)","AZIONE - ITALIA VIVA - CALENDA","GIAMPIERO VERONESI","18/05/1974","BOLOGNA (BO)"
"EMILIA-ROMAGNA","EMILIA-ROMAGNA - U07 (CARPI)","ITALEXIT PER L'ITALIA","STEFANO  CHIESI MAZZANTI","25/03/1965","BOLOGNA (BO)"
"EMILIA-ROMAGNA","EMILIA-ROMAGNA - U07 (CARPI)","FORZA ITALIA","GIUSEPPE GALATI","13/07/1961","CATANZARO (CZ)"
"EMILIA-ROMAGNA","EMILIA-ROMAGNA - U07 (CARPI)","FRATELLI D'ITALIA CON GIORGIA MELONI","GIUSEPPE GALATI","13/07/1961","CATANZARO (CZ)"
"EMILIA-ROMAGNA","EMILIA-ROMAGNA - U07 (CARPI)","NOI MODERATI/LUPI - TOTI - BRUGNARO - UDC","GIUSEPPE GALATI","13/07/1961","CATANZARO (CZ)"
"EMILIA-ROMAGNA","EMILIA-ROMAGNA - U07 (CARPI)","LEGA PER SALVINI PREMIER","GIUSEPPE GALATI","13/07/1961","CATANZARO (CZ)"
"EMILIA-ROMAGNA","EMILIA-ROMAGNA - U07 (CARPI)","ALLEANZA VERDI E SINISTRA","ANDREA DE MARIA","05/10/1966","BAZZANO (BO)"
"EMILIA-ROMAGNA","EMILIA-ROMAGNA - U07 (CARPI)"," +EUROPA","ANDREA DE MARIA","05/10/1966","BAZZANO (BO)"
"EMILIA-ROMAGNA","EMILIA-ROMAGNA - U07 (CARPI)","IMPEGNO CIVICO LUIGI DI MAIO - CENTRO DEMOCRATICO","ANDREA DE MARIA","05/10/1966","BAZZANO (BO)"
"EMILIA-ROMAGNA","EMILIA-ROMAGNA - U07 (CARPI)","PARTITO DEMOCRATICO - ITALIA DEMOCRATICA E PROGRESSISTA","ANDREA DE MARIA","05/10/1966","BAZZANO (BO)"
"EMILIA-ROMAGNA","EMILIA-ROMAGNA - U07 (CARPI)","MOVIMENTO 5 STELLE","MATTIA VERONESI","26/04/1990","MODENA (MO)"
"EMILIA-ROMAGNA","EMILIA-ROMAGNA - U07 (CARPI)","PARTITO ANIMALISTA - UCDL - 10 VOLTE MEGLIO","ANTONINO D'EUGENIO","08/01/1968","TAURIANOVA (RC)"
"EMILIA-ROMAGNA","EMILIA-ROMAGNA - U07 (CARPI)","UNIONE POPOLARE CON DE MAGISTRIS","ELENA GOVONI","02/11/1961","FINALE EMILIA (MO)"
"EMILIA-ROMAGNA","EMILIA-ROMAGNA - U08 (RAVENNA)","ITALIA SOVRANA E POPOLARE","MATTEO ROSSINI","02/07/1971","FANO (PU)"
"EMILIA-ROMAGNA","EMILIA-ROMAGNA - U08 (RAVENNA)","VITA","DONATELLA PIRA","07/07/1959","GRIZZANA MORANDI (BO)"
"EMILIA-ROMAGNA","EMILIA-ROMAGNA - U08 (RAVENNA)","SUD CHIAMA NORD","ROBERTA BRAVI","13/09/1984","LUGO (RA)"
"EMILIA-ROMAGNA","EMILIA-ROMAGNA - U08 (RAVENNA)","MASTELLA NOI DI CENTRO EUROPEISTI","LINA MACCHIAVELLI","04/03/1949","BUSSETO (PR)"
"EMILIA-ROMAGNA","EMILIA-ROMAGNA - U08 (RAVENNA)","AZIONE - ITALIA VIVA - CALENDA","CHIARA FRANCESCONI","16/07/1968","RAVENNA (RA)"
"EMILIA-ROMAGNA","EMILIA-ROMAGNA - U08 (RAVENNA)","ITALEXIT PER L'ITALIA","PIERO MONGELLI","21/03/1985","CESENA (FC)"
"EMILIA-ROMAGNA","EMILIA-ROMAGNA - U08 (RAVENNA)","FORZA ITALIA","ALICE BUONGUERRIERI","04/09/1978","BAGNO DI ROMAGNA (FC)"
"EMILIA-ROMAGNA","EMILIA-ROMAGNA - U08 (RAVENNA)","FRATELLI D'ITALIA CON GIORGIA MELONI","ALICE BUONGUERRIERI","04/09/1978","BAGNO DI ROMAGNA (FC)"
"EMILIA-ROMAGNA","EMILIA-ROMAGNA - U08 (RAVENNA)","NOI MODERATI/LUPI - TOTI - BRUGNARO - UDC","ALICE BUONGUERRIERI","04/09/1978","BAGNO DI ROMAGNA (FC)"
"EMILIA-ROMAGNA","EMILIA-ROMAGNA - U08 (RAVENNA)","LEGA PER SALVINI PREMIER","ALICE BUONGUERRIERI","04/09/1978","BAGNO DI ROMAGNA (FC)"
"EMILIA-ROMAGNA","EMILIA-ROMAGNA - U08 (RAVENNA)","ALLEANZA VERDI E SINISTRA","OUIDAD BAKKALI","15/03/1986","AGADIR (MAROCCO)"
"EMILIA-ROMAGNA","EMILIA-ROMAGNA - U08 (RAVENNA)"," +EUROPA","OUIDAD BAKKALI","15/03/1986","AGADIR (MAROCCO)"
"EMILIA-ROMAGNA","EMILIA-ROMAGNA - U08 (RAVENNA)","IMPEGNO CIVICO LUIGI DI MAIO - CENTRO DEMOCRATICO","OUIDAD BAKKALI","15/03/1986","AGADIR (MAROCCO)"
"EMILIA-ROMAGNA","EMILIA-ROMAGNA - U08 (RAVENNA)","PARTITO DEMOCRATICO - ITALIA DEMOCRATICA E PROGRESSISTA","OUIDAD BAKKALI","15/03/1986","AGADIR (MAROCCO)"
"EMILIA-ROMAGNA","EMILIA-ROMAGNA - U08 (RAVENNA)","MOVIMENTO 5 STELLE","MARTA ROSSI","06/10/1988","RAVENNA (RA)"
"EMILIA-ROMAGNA","EMILIA-ROMAGNA - U08 (RAVENNA)","PARTITO ANIMALISTA - UCDL - 10 VOLTE MEGLIO","MARIA ROSARIA ROSSETTI","17/04/1976","SANTA MARIA CAPUA VETERE (CE)"
"EMILIA-ROMAGNA","EMILIA-ROMAGNA - U08 (RAVENNA)","UNIONE POPOLARE CON DE MAGISTRIS","LILIANA SALVO","08/05/1960","PALERMO (PA)"
"EMILIA-ROMAGNA","EMILIA-ROMAGNA - U09 (FERRARA)","ITALIA SOVRANA E POPOLARE","AURELIO ZENZARO","19/10/1975","VITTORIA (RG)"
"EMILIA-ROMAGNA","EMILIA-ROMAGNA - U09 (FERRARA)","VITA","COSTANZA RE","05/05/1976","FIRENZE (FI)"
"EMILIA-ROMAGNA","EMILIA-ROMAGNA - U09 (FERRARA)","SUD CHIAMA NORD","FRANCESCA CASTELLANA","01/02/1979","NISSORIA (EN)"
"EMILIA-ROMAGNA","EMILIA-ROMAGNA - U09 (FERRARA)","MASTELLA NOI DI CENTRO EUROPEISTI","ZAHID IQBAL","02/06/1974","GUJRAT (PAKISTAN)"
"EMILIA-ROMAGNA","EMILIA-ROMAGNA - U09 (FERRARA)","AZIONE - ITALIA VIVA - CALENDA","FRANCESCO BADIA","07/07/1979","FERRARA (FE)"
"EMILIA-ROMAGNA","EMILIA-ROMAGNA - U09 (FERRARA)","ITALEXIT PER L'ITALIA","CATERINA BARBONI","25/06/1966","VARESE (VA)"
"EMILIA-ROMAGNA","EMILIA-ROMAGNA - U09 (FERRARA)","FORZA ITALIA","MAURO MALAGUTI","01/03/1960","FERRARA (FE)"
"EMILIA-ROMAGNA","EMILIA-ROMAGNA - U09 (FERRARA)","FRATELLI D'ITALIA CON GIORGIA MELONI","MAURO MALAGUTI","01/03/1960","FERRARA (FE)"
"EMILIA-ROMAGNA","EMILIA-ROMAGNA - U09 (FERRARA)","NOI MODERATI/LUPI - TOTI - BRUGNARO - UDC","MAURO MALAGUTI","01/03/1960","FERRARA (FE)"
"EMILIA-ROMAGNA","EMILIA-ROMAGNA - U09 (FERRARA)","LEGA PER SALVINI PREMIER","MAURO MALAGUTI","01/03/1960","FERRARA (FE)"
"EMILIA-ROMAGNA","EMILIA-ROMAGNA - U09 (FERRARA)","ALLEANZA VERDI E SINISTRA","PAOLA BOLDRINI","08/08/1960","OCCHIOBELLO (RO)"
"EMILIA-ROMAGNA","EMILIA-ROMAGNA - U09 (FERRARA)"," +EUROPA","PAOLA BOLDRINI","08/08/1960","OCCHIOBELLO (RO)"
"EMILIA-ROMAGNA","EMILIA-ROMAGNA - U09 (FERRARA)","IMPEGNO CIVICO LUIGI DI MAIO - CENTRO DEMOCRATICO","PAOLA BOLDRINI","08/08/1960","OCCHIOBELLO (RO)"
"EMILIA-ROMAGNA","EMILIA-ROMAGNA - U09 (FERRARA)","PARTITO DEMOCRATICO - ITALIA DEMOCRATICA E PROGRESSISTA","PAOLA BOLDRINI","08/08/1960","OCCHIOBELLO (RO)"
"EMILIA-ROMAGNA","EMILIA-ROMAGNA - U09 (FERRARA)","MOVIMENTO 5 STELLE","ANDREA  ZERBINI","16/10/1990","PORTOMAGGIORE (FE)"
"EMILIA-ROMAGNA","EMILIA-ROMAGNA - U09 (FERRARA)","PARTITO ANIMALISTA - UCDL - 10 VOLTE MEGLIO","IMMACOLATA D'ALESSANDRO","27/08/1985","NOLA (NA)"
"EMILIA-ROMAGNA","EMILIA-ROMAGNA - U09 (FERRARA)","UNIONE POPOLARE CON DE MAGISTRIS","STEFANIA SORIANI","21/02/1971","FERRARA (FE)"
"EMILIA-ROMAGNA","EMILIA-ROMAGNA - U10 (FORLI')","ITALIA SOVRANA E POPOLARE","GENNY CAVALLO","27/02/1988","CESENA (FC)"
"EMILIA-ROMAGNA","EMILIA-ROMAGNA - U10 (FORLI')","VITA","PAOLO SENSINI","31/08/1970","CESENA (FC)"
"EMILIA-ROMAGNA","EMILIA-ROMAGNA - U10 (FORLI')","SUD CHIAMA NORD","VINCENZO LEGA","29/06/1952","FAENZA (RA)"
"EMILIA-ROMAGNA","EMILIA-ROMAGNA - U10 (FORLI')","MASTELLA NOI DI CENTRO EUROPEISTI","ANTONIO SPADOLINI","07/04/1959","FORLI' (FC)"
"EMILIA-ROMAGNA","EMILIA-ROMAGNA - U10 (FORLI')","AZIONE - ITALIA VIVA - CALENDA","LUCA FERRINI","10/10/1974","FORLIMPOPOLI (FC)"
"EMILIA-ROMAGNA","EMILIA-ROMAGNA - U10 (FORLI')","ITALEXIT PER L'ITALIA","DANIELE VALENTINI","04/10/1977","FORLI' (FC)"
"EMILIA-ROMAGNA","EMILIA-ROMAGNA - U10 (FORLI')","FORZA ITALIA","GLORIA SACCANI","24/10/1956","REGGIO NELL'EMILIA (RE)"
"EMILIA-ROMAGNA","EMILIA-ROMAGNA - U10 (FORLI')","FRATELLI D'ITALIA CON GIORGIA MELONI","GLORIA SACCANI","24/10/1956","REGGIO NELL'EMILIA (RE)"
"EMILIA-ROMAGNA","EMILIA-ROMAGNA - U10 (FORLI')","NOI MODERATI/LUPI - TOTI - BRUGNARO - UDC","GLORIA SACCANI","24/10/1956","REGGIO NELL'EMILIA (RE)"
"EMILIA-ROMAGNA","EMILIA-ROMAGNA - U10 (FORLI')","LEGA PER SALVINI PREMIER","GLORIA SACCANI","24/10/1956","REGGIO NELL'EMILIA (RE)"
"EMILIA-ROMAGNA","EMILIA-ROMAGNA - U10 (FORLI')","ALLEANZA VERDI E SINISTRA","MASSIMO BULBI","22/01/1962","RONCOFREDDO (FC)"
"EMILIA-ROMAGNA","EMILIA-ROMAGNA - U10 (FORLI')"," +EUROPA","MASSIMO BULBI","22/01/1962","RONCOFREDDO (FC)"
"EMILIA-ROMAGNA","EMILIA-ROMAGNA - U10 (FORLI')","IMPEGNO CIVICO LUIGI DI MAIO - CENTRO DEMOCRATICO","MASSIMO BULBI","22/01/1962","RONCOFREDDO (FC)"
"EMILIA-ROMAGNA","EMILIA-ROMAGNA - U10 (FORLI')","PARTITO DEMOCRATICO - ITALIA DEMOCRATICA E PROGRESSISTA","MASSIMO BULBI","22/01/1962","RONCOFREDDO (FC)"
"EMILIA-ROMAGNA","EMILIA-ROMAGNA - U10 (FORLI')","MOVIMENTO 5 STELLE","PAOLO PASINI","23/01/1980","CESENA (FC)"
"EMILIA-ROMAGNA","EMILIA-ROMAGNA - U10 (FORLI')","PARTITO ANIMALISTA - UCDL - 10 VOLTE MEGLIO","MICHELE  CHIUSOLI","04/10/1963","BOLOGNA (BO)"
"EMILIA-ROMAGNA","EMILIA-ROMAGNA - U10 (FORLI')","UNIONE POPOLARE CON DE MAGISTRIS","BRUNO BASINI","28/07/1959","FORLI' (FC)"
"EMILIA-ROMAGNA","EMILIA-ROMAGNA - U11 (RIMINI)","ITALIA SOVRANA E POPOLARE","CARMELA GIUDITTA CELESTRE","08/07/1962","SALERNO (SA)"
"EMILIA-ROMAGNA","EMILIA-ROMAGNA - U11 (RIMINI)","VITA","GIANLUCA OTTAVIANO","20/02/1974","SAN SEVERO (FG)"
"EMILIA-ROMAGNA","EMILIA-ROMAGNA - U11 (RIMINI)","SUD CHIAMA NORD","ELENA ROVERI","06/09/1988","BENTIVOGLIO (BO)"
"EMILIA-ROMAGNA","EMILIA-ROMAGNA - U11 (RIMINI)","MASTELLA NOI DI CENTRO EUROPEISTI","PATRIZIO MARALDI","12/04/1958","CESENA (FC)"
"EMILIA-ROMAGNA","EMILIA-ROMAGNA - U11 (RIMINI)","AZIONE - ITALIA VIVA - CALENDA","ALESSANDRO FRANCESCO PETRILLO","02/09/1956","FERRARA (FE)"
"EMILIA-ROMAGNA","EMILIA-ROMAGNA - U11 (RIMINI)","ITALEXIT PER L'ITALIA","GIAMMARIA ZANZINI","26/12/1969","RIMINI (RN)"
"EMILIA-ROMAGNA","EMILIA-ROMAGNA - U11 (RIMINI)","FORZA ITALIA","JACOPO MORRONE","23/01/1983","FORLI' (FC)"
"EMILIA-ROMAGNA","EMILIA-ROMAGNA - U11 (RIMINI)","FRATELLI D'ITALIA CON GIORGIA MELONI","JACOPO MORRONE","23/01/1983","FORLI' (FC)"
"EMILIA-ROMAGNA","EMILIA-ROMAGNA - U11 (RIMINI)","NOI MODERATI/LUPI - TOTI - BRUGNARO - UDC","JACOPO MORRONE","23/01/1983","FORLI' (FC)"
"EMILIA-ROMAGNA","EMILIA-ROMAGNA - U11 (RIMINI)","LEGA PER SALVINI PREMIER","JACOPO MORRONE","23/01/1983","FORLI' (FC)"
"EMILIA-ROMAGNA","EMILIA-ROMAGNA - U11 (RIMINI)","ALLEANZA VERDI E SINISTRA","ANDREA GNASSI","27/03/1969","RIMINI (RN)"
"EMILIA-ROMAGNA","EMILIA-ROMAGNA - U11 (RIMINI)"," +EUROPA","ANDREA GNASSI","27/03/1969","RIMINI (RN)"
"EMILIA-ROMAGNA","EMILIA-ROMAGNA - U11 (RIMINI)","IMPEGNO CIVICO LUIGI DI MAIO - CENTRO DEMOCRATICO","ANDREA GNASSI","27/03/1969","RIMINI (RN)"
"EMILIA-ROMAGNA","EMILIA-ROMAGNA - U11 (RIMINI)","PARTITO DEMOCRATICO - ITALIA DEMOCRATICA E PROGRESSISTA","ANDREA GNASSI","27/03/1969","RIMINI (RN)"
"EMILIA-ROMAGNA","EMILIA-ROMAGNA - U11 (RIMINI)","MOVIMENTO 5 STELLE","MARIANO GENNARI","10/02/1962","CATTOLICA (RN)"
"EMILIA-ROMAGNA","EMILIA-ROMAGNA - U11 (RIMINI)","PARTITO ANIMALISTA - UCDL - 10 VOLTE MEGLIO","ALICE DELICATI","10/02/1977","FOLIGNO (PG)"
"EMILIA-ROMAGNA","EMILIA-ROMAGNA - U11 (RIMINI)","UNIONE POPOLARE CON DE MAGISTRIS","GUIDO MASCIOLI","02/08/1984","CHIARAVALLE (AN)"
"TOSCANA","TOSCANA - U02 (MASSA)","ITALEXIT PER L'ITALIA","PAOLO ZORZATO","09/08/1988","ROMA"
"TOSCANA","TOSCANA - U02 (MASSA)","UNIONE POPOLARE CON DE MAGISTRIS","NICOLO' MARTINELLI","17/11/1993","PIETRASANTA "
"TOSCANA","TOSCANA - U02 (MASSA)","AZIONE - ITALIA VIVA - CALENDA","COSIMO MARIA FERRI","17/04/1971","PONTREMOLI (MS)"
"TOSCANA","TOSCANA - U02 (MASSA)","FRATELLI D'ITALIA CON GIORGIA MELONI","ELISA MONTEMAGNI","01/06/1986","VIAREGGIO"
"TOSCANA","TOSCANA - U02 (MASSA)","LEGA PER SALVINI PREMIER","ELISA MONTEMAGNI","01/06/1986","VIAREGGIO"
"TOSCANA","TOSCANA - U02 (MASSA)","FORZA ITALIA","ELISA MONTEMAGNI","01/06/1986","VIAREGGIO"
"TOSCANA","TOSCANA - U02 (MASSA)","NOI MODERATI/LUPI - TOTI - BRUGNARO - UDC","ELISA MONTEMAGNI","01/06/1986","VIAREGGIO"
"TOSCANA","TOSCANA - U02 (MASSA)","IMPEGNO CIVICO LUIGI DI MAIO - CENTRO DEMOCRATICO","MARTINA NARDI","23/09/1973","CARRARA"
"TOSCANA","TOSCANA - U02 (MASSA)","PARTITO DEMOCRATICO - ITALIA DEMOCRATICA E PROGRESSISTA","MARTINA NARDI","23/09/1973","CARRARA"
"TOSCANA","TOSCANA - U02 (MASSA)","ALLEANZA VERDI E SINISTRA","MARTINA NARDI","23/09/1973","CARRARA"
"TOSCANA","TOSCANA - U02 (MASSA)"," +EUROPA","MARTINA NARDI","23/09/1973","CARRARA"
"TOSCANA","TOSCANA - U02 (MASSA)","VITA","FRANCESCO SPATARO","05/09/1970","CARRARA (MS)"
"TOSCANA","TOSCANA - U02 (MASSA)","ITALIA SOVRANA E POPOLARE","KATIUSCIA MARCHETTI","21/11/1967","CAMAIORE"
"TOSCANA","TOSCANA - U02 (MASSA)","MOVIMENTO 5 STELLE","ELDA BALDI","05/04/1978","CARRARA"
"TOSCANA","TOSCANA - U03 (LUCCA)","ITALEXIT PER L'ITALIA","ALESSANDRO BALDUINI","07/06/1978","LUCCA"
"TOSCANA","TOSCANA - U03 (LUCCA)","UNIONE POPOLARE CON DE MAGISTRIS","FRANCESCA TRASATTI","09/06/1983","VIAREGGIO (LU)"
"TOSCANA","TOSCANA - U03 (LUCCA)","AZIONE - ITALIA VIVA - CALENDA","MARCO REMASCHI","16/06/1957","ALTOPASCIO (LU)"
"TOSCANA","TOSCANA - U03 (LUCCA)","FRATELLI D'ITALIA CON GIORGIA MELONI","RICCARDO ZUCCONI","26/09/1956","CAMAIORE (LU)"
"TOSCANA","TOSCANA - U03 (LUCCA)","LEGA PER SALVINI PREMIER","RICCARDO ZUCCONI","26/09/1956","CAMAIORE (LU)"
"TOSCANA","TOSCANA - U03 (LUCCA)","FORZA ITALIA","RICCARDO ZUCCONI","26/09/1956","CAMAIORE (LU)"
"TOSCANA","TOSCANA - U03 (LUCCA)","NOI MODERATI/LUPI - TOTI - BRUGNARO - UDC","RICCARDO ZUCCONI","26/09/1956","CAMAIORE (LU)"
"TOSCANA","TOSCANA - U03 (LUCCA)","IMPEGNO CIVICO LUIGI DI MAIO - CENTRO DEMOCRATICO","SERENA MAMMINI","18/02/1971","LUCCA"
"TOSCANA","TOSCANA - U03 (LUCCA)","PARTITO DEMOCRATICO - ITALIA DEMOCRATICA E PROGRESSISTA","SERENA MAMMINI","18/02/1971","LUCCA"
"TOSCANA","TOSCANA - U03 (LUCCA)","ALLEANZA VERDI E SINISTRA","SERENA MAMMINI","18/02/1971","LUCCA"
"TOSCANA","TOSCANA - U03 (LUCCA)"," +EUROPA","SERENA MAMMINI","18/02/1971","LUCCA"
"TOSCANA","TOSCANA - U03 (LUCCA)","VITA","LUCA TOMBERLI","05/05/1969","FIRENZE "
"TOSCANA","TOSCANA - U03 (LUCCA)","ITALIA SOVRANA E POPOLARE","GIORGIO BIANCHI","30/08/1973","ROMA"
"TOSCANA","TOSCANA - U03 (LUCCA)","MOVIMENTO 5 STELLE","MARCO CRESCI","06/04/1965","PISA"
"TOSCANA","TOSCANA - U06 (PRATO)","ITALEXIT PER L'ITALIA","NICOLA CASINI","11/02/1962","FIRENZE"
"TOSCANA","TOSCANA - U06 (PRATO)","UNIONE POPOLARE CON DE MAGISTRIS","SIMONA BALDANZI","21/02/1977","FIRENZE "
"TOSCANA","TOSCANA - U06 (PRATO)","AZIONE - ITALIA VIVA - CALENDA","EDOARDO FANUCCI","24/02/1983","PESCIA"
"TOSCANA","TOSCANA - U06 (PRATO)","FRATELLI D'ITALIA CON GIORGIA MELONI","ERICA MAZZETTI","31/05/1977","PRATO"
"TOSCANA","TOSCANA - U06 (PRATO)","LEGA PER SALVINI PREMIER","ERICA MAZZETTI","31/05/1977","PRATO"
"TOSCANA","TOSCANA - U06 (PRATO)","FORZA ITALIA","ERICA MAZZETTI","31/05/1977","PRATO"
"TOSCANA","TOSCANA - U06 (PRATO)","NOI MODERATI/LUPI - TOTI - BRUGNARO - UDC","ERICA MAZZETTI","31/05/1977","PRATO"
"TOSCANA","TOSCANA - U06 (PRATO)","IMPEGNO CIVICO LUIGI DI MAIO - CENTRO DEMOCRATICO","TOMMASO  NANNICINI","11/11/1973","MONTEVARCHI"
"TOSCANA","TOSCANA - U06 (PRATO)","PARTITO DEMOCRATICO - ITALIA DEMOCRATICA E PROGRESSISTA","TOMMASO  NANNICINI","11/11/1973","MONTEVARCHI"
"TOSCANA","TOSCANA - U06 (PRATO)","ALLEANZA VERDI E SINISTRA","TOMMASO  NANNICINI","11/11/1973","MONTEVARCHI"
"TOSCANA","TOSCANA - U06 (PRATO)"," +EUROPA","TOMMASO  NANNICINI","11/11/1973","MONTEVARCHI"
"TOSCANA","TOSCANA - U06 (PRATO)","VITA","ALESSIA BALIA","16/06/1978","TORINO"
"TOSCANA","TOSCANA - U06 (PRATO)","ITALIA SOVRANA E POPOLARE","VERONICA COLAIANNI","03/01/1981","PESCIA"
"TOSCANA","TOSCANA - U06 (PRATO)","MOVIMENTO 5 STELLE","CHIARA BARTALINI","29/03/1973","PRATO"
"TOSCANA","TOSCANA - U01 (GROSSETO)","ITALEXIT PER L'ITALIA","FEDERICO CELENTANO","05/11/1970","ROMA"
"TOSCANA","TOSCANA - U01 (GROSSETO)","UNIONE POPOLARE CON DE MAGISTRIS","SALVATORE  ALLOCCA","28/05/1947","ROMA"
"TOSCANA","TOSCANA - U01 (GROSSETO)","AZIONE - ITALIA VIVA - CALENDA","STEFANO SCARAMELLI","30/08/1976","CHIANCIANO TERME"
"TOSCANA","TOSCANA - U01 (GROSSETO)","FRATELLI D'ITALIA CON GIORGIA MELONI","FABRIZIO  ROSSI","02/03/1975","MONTALCINO"
"TOSCANA","TOSCANA - U01 (GROSSETO)","LEGA PER SALVINI PREMIER","FABRIZIO  ROSSI","02/03/1975","MONTALCINO"
"TOSCANA","TOSCANA - U01 (GROSSETO)","FORZA ITALIA","FABRIZIO  ROSSI","02/03/1975","MONTALCINO"
"TOSCANA","TOSCANA - U01 (GROSSETO)","NOI MODERATI/LUPI - TOTI - BRUGNARO - UDC","FABRIZIO  ROSSI","02/03/1975","MONTALCINO"
"TOSCANA","TOSCANA - U01 (GROSSETO)","IMPEGNO CIVICO LUIGI DI MAIO - CENTRO DEMOCRATICO","ENRICO ROSSI","25/08/1958","BIENTINA"
"TOSCANA","TOSCANA - U01 (GROSSETO)","PARTITO DEMOCRATICO - ITALIA DEMOCRATICA E PROGRESSISTA","ENRICO ROSSI","25/08/1958","BIENTINA"
"TOSCANA","TOSCANA - U01 (GROSSETO)","ALLEANZA VERDI E SINISTRA","ENRICO ROSSI","25/08/1958","BIENTINA"
"TOSCANA","TOSCANA - U01 (GROSSETO)"," +EUROPA","ENRICO ROSSI","25/08/1958","BIENTINA"
"TOSCANA","TOSCANA - U01 (GROSSETO)","VITA","FEDERICO ZACCHEI","13/04/1975","SIENA "
"TOSCANA","TOSCANA - U01 (GROSSETO)","ITALIA SOVRANA E POPOLARE","ROBERTA FABBRI","30/06/1961","ARCIDOSSO"
"TOSCANA","TOSCANA - U01 (GROSSETO)","MOVIMENTO 5 STELLE","LUCA GIACOMELLI","19/11/1988","ORBETELLO"
"TOSCANA","TOSCANA - U05 (LIVORNO)","ITALEXIT PER L'ITALIA","COSTANZA VACCARO","29/08/1978","LIVORNO"
"TOSCANA","TOSCANA - U05 (LIVORNO)","UNIONE POPOLARE CON DE MAGISTRIS","FRANCESCA PACCHINI","16/12/1969","PIOMBINO (LI)"
"TOSCANA","TOSCANA - U05 (LIVORNO)","AZIONE - ITALIA VIVA - CALENDA","ALESSANDRO COSIMI","10/11/1955","LIVORNO"
"TOSCANA","TOSCANA - U05 (LIVORNO)","FRATELLI D'ITALIA CON GIORGIA MELONI","CHIARA TENERINI","08/12/1972","SAN MINIATO (PI)"
"TOSCANA","TOSCANA - U05 (LIVORNO)","LEGA PER SALVINI PREMIER","CHIARA TENERINI","08/12/1972","SAN MINIATO (PI)"
"TOSCANA","TOSCANA - U05 (LIVORNO)","FORZA ITALIA","CHIARA TENERINI","08/12/1972","SAN MINIATO (PI)"
"TOSCANA","TOSCANA - U05 (LIVORNO)","NOI MODERATI/LUPI - TOTI - BRUGNARO - UDC","CHIARA TENERINI","08/12/1972","SAN MINIATO (PI)"
"TOSCANA","TOSCANA - U05 (LIVORNO)","IMPEGNO CIVICO LUIGI DI MAIO - CENTRO DEMOCRATICO","ANDREA ROMANO","10/05/1967","LIVORNO"
"TOSCANA","TOSCANA - U05 (LIVORNO)","PARTITO DEMOCRATICO - ITALIA DEMOCRATICA E PROGRESSISTA","ANDREA ROMANO","10/05/1967","LIVORNO"
"TOSCANA","TOSCANA - U05 (LIVORNO)","ALLEANZA VERDI E SINISTRA","ANDREA ROMANO","10/05/1967","LIVORNO"
"TOSCANA","TOSCANA - U05 (LIVORNO)"," +EUROPA","ANDREA ROMANO","10/05/1967","LIVORNO"
"TOSCANA","TOSCANA - U05 (LIVORNO)","VITA","CIRO SCOGNAMIGLIO","08/04/1979","NAPOLI"
"TOSCANA","TOSCANA - U05 (LIVORNO)","ITALIA SOVRANA E POPOLARE","ALESSIO FLAMMIA","09/02/1991","LIVORNO"
"TOSCANA","TOSCANA - U05 (LIVORNO)","MOVIMENTO 5 STELLE","STELLA SORGENTE","27/07/1982","PIETRASANTA (LU)"
"TOSCANA","TOSCANA - U09 (AREZZO)","ITALEXIT PER L'ITALIA","SANDRA PICCHI","05/08/1963","PISA"
"TOSCANA","TOSCANA - U09 (AREZZO)","UNIONE POPOLARE CON DE MAGISTRIS","CRISTIANO  ROSSI","17/09/1974","AREZZO"
"TOSCANA","TOSCANA - U09 (AREZZO)","AZIONE - ITALIA VIVA - CALENDA","LUCIA CHERICI","02/09/1968","LECCO"
"TOSCANA","TOSCANA - U09 (AREZZO)","FRATELLI D'ITALIA CON GIORGIA MELONI","TIZIANA NISINI","18/10/1975","PAVIA"
"TOSCANA","TOSCANA - U09 (AREZZO)","LEGA PER SALVINI PREMIER","TIZIANA NISINI","18/10/1975","PAVIA"
"TOSCANA","TOSCANA - U09 (AREZZO)","FORZA ITALIA","TIZIANA NISINI","18/10/1975","PAVIA"
"TOSCANA","TOSCANA - U09 (AREZZO)","NOI MODERATI/LUPI - TOTI - BRUGNARO - UDC","TIZIANA NISINI","18/10/1975","PAVIA"
"TOSCANA","TOSCANA - U09 (AREZZO)","IMPEGNO CIVICO LUIGI DI MAIO - CENTRO DEMOCRATICO","VINCENZO CECCARELLI","03/03/1960","CASTEL SAN NICCOLO'"
"TOSCANA","TOSCANA - U09 (AREZZO)","PARTITO DEMOCRATICO - ITALIA DEMOCRATICA E PROGRESSISTA","VINCENZO CECCARELLI","03/03/1960","CASTEL SAN NICCOLO'"
"TOSCANA","TOSCANA - U09 (AREZZO)","ALLEANZA VERDI E SINISTRA","VINCENZO CECCARELLI","03/03/1960","CASTEL SAN NICCOLO'"
"TOSCANA","TOSCANA - U09 (AREZZO)"," +EUROPA","VINCENZO CECCARELLI","03/03/1960","CASTEL SAN NICCOLO'"
"TOSCANA","TOSCANA - U09 (AREZZO)","VITA","SABRINA MANCINI","20/09/1974","EMPOLI"
"TOSCANA","TOSCANA - U09 (AREZZO)","ITALIA SOVRANA E POPOLARE","ROSALBA FANCIULLI","24/02/1959","ORBETELLO"
"TOSCANA","TOSCANA - U09 (AREZZO)","MOVIMENTO 5 STELLE","TOMMASO PIERAZZI","27/11/1970","SAN GIOVANNI VALDARNO"
"TOSCANA","TOSCANA - U04 (PISA)","ITALEXIT PER L'ITALIA","MANUELA TERRANOVA","27/05/1982","MASSA"
"TOSCANA","TOSCANA - U04 (PISA)","UNIONE POPOLARE CON DE MAGISTRIS","STEFANO TEOTINO","09/07/1966","PISA "
"TOSCANA","TOSCANA - U04 (PISA)","AZIONE - ITALIA VIVA - CALENDA","MICHELE  PASSARELLI LIO","14/04/1969","COSENZA"
"TOSCANA","TOSCANA - U04 (PISA)","FRATELLI D'ITALIA CON GIORGIA MELONI","EDOARDO ZIELLO","11/04/1992","CIVITAVECCHIA (RM)"
"TOSCANA","TOSCANA - U04 (PISA)","LEGA PER SALVINI PREMIER","EDOARDO ZIELLO","11/04/1992","CIVITAVECCHIA (RM)"
"TOSCANA","TOSCANA - U04 (PISA)","FORZA ITALIA","EDOARDO ZIELLO","11/04/1992","CIVITAVECCHIA (RM)"
"TOSCANA","TOSCANA - U04 (PISA)","NOI MODERATI/LUPI - TOTI - BRUGNARO - UDC","EDOARDO ZIELLO","11/04/1992","CIVITAVECCHIA (RM)"
"TOSCANA","TOSCANA - U04 (PISA)","IMPEGNO CIVICO LUIGI DI MAIO - CENTRO DEMOCRATICO","STEFANO  CECCANTI","27/01/1961","PISA"
"TOSCANA","TOSCANA - U04 (PISA)","PARTITO DEMOCRATICO - ITALIA DEMOCRATICA E PROGRESSISTA","STEFANO  CECCANTI","27/01/1961","PISA"
"TOSCANA","TOSCANA - U04 (PISA)","ALLEANZA VERDI E SINISTRA","STEFANO  CECCANTI","27/01/1961","PISA"
"TOSCANA","TOSCANA - U04 (PISA)"," +EUROPA","STEFANO  CECCANTI","27/01/1961","PISA"
"TOSCANA","TOSCANA - U04 (PISA)","VITA","SABINA BARGAGNA","29/04/1974","PISA "
"TOSCANA","TOSCANA - U04 (PISA)","ITALIA SOVRANA E POPOLARE","FRANCESCO  SALE ","07/11/1981","PISA "
"TOSCANA","TOSCANA - U04 (PISA)","MOVIMENTO 5 STELLE","CLAUDIO LOCONSOLE","17/12/1985","TRANI (BT)"
"TOSCANA","TOSCANA - U07 (FIRENZE)","ITALEXIT PER L'ITALIA","VERA BALSIMELLI ","07/05/1979","MADRID (SPAGNA)"
"TOSCANA","TOSCANA - U07 (FIRENZE)","UNIONE POPOLARE CON DE MAGISTRIS","STEFANO CECCHI","28/10/1954","FIRENZE "
"TOSCANA","TOSCANA - U07 (FIRENZE)","AZIONE - ITALIA VIVA - CALENDA","LUCIA ANNIBALI","18/09/1977","URBINO"
"TOSCANA","TOSCANA - U07 (FIRENZE)","FRATELLI D'ITALIA CON GIORGIA MELONI","ANGELA SIRELLO","23/05/1968","LIVORNO"
"TOSCANA","TOSCANA - U07 (FIRENZE)","LEGA PER SALVINI PREMIER","ANGELA SIRELLO","23/05/1968","LIVORNO"
"TOSCANA","TOSCANA - U07 (FIRENZE)","FORZA ITALIA","ANGELA SIRELLO","23/05/1968","LIVORNO"
"TOSCANA","TOSCANA - U07 (FIRENZE)","NOI MODERATI/LUPI - TOTI - BRUGNARO - UDC","ANGELA SIRELLO","23/05/1968","LIVORNO"
"TOSCANA","TOSCANA - U07 (FIRENZE)","IMPEGNO CIVICO LUIGI DI MAIO - CENTRO DEMOCRATICO","FEDERICO GIANASSI","21/05/1980","FIRENZE "
"TOSCANA","TOSCANA - U07 (FIRENZE)","PARTITO DEMOCRATICO - ITALIA DEMOCRATICA E PROGRESSISTA","FEDERICO GIANASSI","21/05/1980","FIRENZE "
"TOSCANA","TOSCANA - U07 (FIRENZE)","ALLEANZA VERDI E SINISTRA","FEDERICO GIANASSI","21/05/1980","FIRENZE "
"TOSCANA","TOSCANA - U07 (FIRENZE)"," +EUROPA","FEDERICO GIANASSI","21/05/1980","FIRENZE "
"TOSCANA","TOSCANA - U07 (FIRENZE)","VITA","FATIMA FRANGIONI","03/03/1962","FUCECCHIO (FI)"
"TOSCANA","TOSCANA - U07 (FIRENZE)","ITALIA SOVRANA E POPOLARE","MASSIMO  ORLANDINI","27/11/1966","FIRENZE "
"TOSCANA","TOSCANA - U07 (FIRENZE)","MOVIMENTO 5 STELLE","ANDREA QUARTINI","21/03/1960","GAMBASSI (FI)"
"TOSCANA","TOSCANA - U08 (SCANDICCI)","ITALEXIT PER L'ITALIA","DANIELE FALCIAI","23/05/1966","FIRENZE"
"TOSCANA","TOSCANA - U08 (SCANDICCI)","UNIONE POPOLARE CON DE MAGISTRIS","SAMUELA MARCONCINI","16/03/1980","EMPOLI"
"TOSCANA","TOSCANA - U08 (SCANDICCI)","AZIONE - ITALIA VIVA - CALENDA","GABRIELE TOCCAFONDI","15/04/1972","FIRENZE"
"TOSCANA","TOSCANA - U08 (SCANDICCI)","FRATELLI D'ITALIA CON GIORGIA MELONI","CHIARA MAZZEI","21/03/1976","BERGAMO"
"TOSCANA","TOSCANA - U08 (SCANDICCI)","LEGA PER SALVINI PREMIER","CHIARA MAZZEI","21/03/1976","BERGAMO"
"TOSCANA","TOSCANA - U08 (SCANDICCI)","FORZA ITALIA","CHIARA MAZZEI","21/03/1976","BERGAMO"
"TOSCANA","TOSCANA - U08 (SCANDICCI)","NOI MODERATI/LUPI - TOTI - BRUGNARO - UDC","CHIARA MAZZEI","21/03/1976","BERGAMO"
"TOSCANA","TOSCANA - U08 (SCANDICCI)","IMPEGNO CIVICO LUIGI DI MAIO - CENTRO DEMOCRATICO","EMILIANO FOSSI","02/09/1973","FIRENZE "
"TOSCANA","TOSCANA - U08 (SCANDICCI)","PARTITO DEMOCRATICO - ITALIA DEMOCRATICA E PROGRESSISTA","EMILIANO FOSSI","02/09/1973","FIRENZE "
"TOSCANA","TOSCANA - U08 (SCANDICCI)","ALLEANZA VERDI E SINISTRA","EMILIANO FOSSI","02/09/1973","FIRENZE "
"TOSCANA","TOSCANA - U08 (SCANDICCI)"," +EUROPA","EMILIANO FOSSI","02/09/1973","FIRENZE "
"TOSCANA","TOSCANA - U08 (SCANDICCI)","VITA","LUCA BANDINI","02/06/1986","FIRENZE "
"TOSCANA","TOSCANA - U08 (SCANDICCI)","ITALIA SOVRANA E POPOLARE","AMBRA RONCUCCI","05/12/1983","BAGNO A RIPOLI"
"TOSCANA","TOSCANA - U08 (SCANDICCI)","MOVIMENTO 5 STELLE","MARIA LETIZIA MAGNELLI","04/07/1978","FIRENZE"
"UMBRIA","UMBRIA - U01 (TERNI)","AZIONE - ITALIA VIVA - CALENDA","FRANCO RAIMONDO BARBABELLA","28/08/1945","ALLERONA (TR)"
"UMBRIA","UMBRIA - U01 (TERNI)","ITALIA SOVRANA E POPOLARE","MATTEO NATALINI","15/03/1982","TERNI"
"UMBRIA","UMBRIA - U01 (TERNI)","MOVIMENTO 5 STELLE","ILARIA GABRIELLI","20/10/1973","SIENA"
"UMBRIA","UMBRIA - U01 (TERNI)","UNIONE POPOLARE CON DE MAGISTRIS","BENEDETTA CALDERIGI","17/08/1988","TERNI"
"UMBRIA","UMBRIA - U01 (TERNI)","ALLEANZA VERDI E SINISTRA","FRANCESCO DE REBOTTI","16/07/1972","TERNI"
"UMBRIA","UMBRIA - U01 (TERNI)"," +EUROPA","FRANCESCO DE REBOTTI","16/07/1972","TERNI"
"UMBRIA","UMBRIA - U01 (TERNI)","IMPEGNO CIVICO LUIGI DI MAIO - CENTRO DEMOCRATICO","FRANCESCO DE REBOTTI","16/07/1972","TERNI"
"UMBRIA","UMBRIA - U01 (TERNI)","PARTITO DEMOCRATICO - ITALIA DEMOCRATICA E PROGRESSISTA","FRANCESCO DE REBOTTI","16/07/1972","TERNI"
"UMBRIA","UMBRIA - U01 (TERNI)","ITALEXIT PER L'ITALIA","ANDREA BINDOCCI","29/07/1963","PERUGIA"
"UMBRIA","UMBRIA - U01 (TERNI)","MASTELLA NOI DI CENTRO EUROPEISTI","VALENTINA MARIA CARMELA PARISI","08/06/1971","CATANIA"
"UMBRIA","UMBRIA - U01 (TERNI)","PARTITO COMUNISTA ITALIANO","ANNA DE CARLO","22/01/1958","ROMA"
"UMBRIA","UMBRIA - U01 (TERNI)","VITA","ALESSANDRA GARAFFA","01/10/1969","PERUGIA"
"UMBRIA","UMBRIA - U01 (TERNI)","FRATELLI D'ITALIA CON GIORGIA MELONI","RAFFAELE NEVI","09/03/1973","NARNI (TR)"
"UMBRIA","UMBRIA - U01 (TERNI)","LEGA PER SALVINI PREMIER","RAFFAELE NEVI","09/03/1973","NARNI (TR)"
"UMBRIA","UMBRIA - U01 (TERNI)","FORZA ITALIA","RAFFAELE NEVI","09/03/1973","NARNI (TR)"
"UMBRIA","UMBRIA - U01 (TERNI)","NOI MODERATI/LUPI - TOTI - BRUGNARO - UDC","RAFFAELE NEVI","09/03/1973","NARNI (TR)"
"UMBRIA","UMBRIA - U02 (PERUGIA)","AZIONE - ITALIA VIVA - CALENDA","CARLA CASCIARI","08/07/1970","PERUGIA"
"UMBRIA","UMBRIA - U02 (PERUGIA)","ITALIA SOVRANA E POPOLARE","PATRIZIA CASAVECCHIA","18/06/1960","PERUGIA"
"UMBRIA","UMBRIA - U02 (PERUGIA)","MOVIMENTO 5 STELLE","ALESSANDRA RUFFINI","21/10/1975","TERNI"
"UMBRIA","UMBRIA - U02 (PERUGIA)","UNIONE POPOLARE CON DE MAGISTRIS","ROBERTO GHIANDONI","18/12/1971","ROMA"
"UMBRIA","UMBRIA - U02 (PERUGIA)","ALLEANZA VERDI E SINISTRA","STEFANO VINTI","24/06/1968","PERUGIA"
"UMBRIA","UMBRIA - U02 (PERUGIA)"," +EUROPA","STEFANO VINTI","24/06/1968","PERUGIA"
"UMBRIA","UMBRIA - U02 (PERUGIA)","IMPEGNO CIVICO LUIGI DI MAIO - CENTRO DEMOCRATICO","STEFANO VINTI","24/06/1968","PERUGIA"
"UMBRIA","UMBRIA - U02 (PERUGIA)","PARTITO DEMOCRATICO - ITALIA DEMOCRATICA E PROGRESSISTA","STEFANO VINTI","24/06/1968","PERUGIA"
"UMBRIA","UMBRIA - U02 (PERUGIA)","ITALEXIT PER L'ITALIA","MAELA PERAIO","09/02/1968","TERNI"
"UMBRIA","UMBRIA - U02 (PERUGIA)","MASTELLA NOI DI CENTRO EUROPEISTI","GIOVANNI ANTONIO COCCO","05/10/1959","ROMA"
"UMBRIA","UMBRIA - U02 (PERUGIA)","PARTITO COMUNISTA ITALIANO","MATTEO GALLI","10/06/1982","ORVIETO (TR)"
"UMBRIA","UMBRIA - U02 (PERUGIA)","VITA","DAVID URRU","07/08/1960","PERUGIA"
"UMBRIA","UMBRIA - U02 (PERUGIA)","FRATELLI D'ITALIA CON GIORGIA MELONI","VIRGINIO CAPARVI","25/09/1982","FOLIGNO (PG)"
"UMBRIA","UMBRIA - U02 (PERUGIA)","LEGA PER SALVINI PREMIER","VIRGINIO CAPARVI","25/09/1982","FOLIGNO (PG)"
"UMBRIA","UMBRIA - U02 (PERUGIA)","FORZA ITALIA","VIRGINIO CAPARVI","25/09/1982","FOLIGNO (PG)"
"UMBRIA","UMBRIA - U02 (PERUGIA)","NOI MODERATI/LUPI - TOTI - BRUGNARO - UDC","VIRGINIO CAPARVI","25/09/1982","FOLIGNO (PG)"
"MARCHE","MARCHE - U01 (ASCOLI PICENO)","PARTITO COMUNISTA ITALIANO","RUGGERO GIACOMINI","01/05/1945","SARNANO"
"MARCHE","MARCHE - U01 (ASCOLI PICENO)","PARTITO DEMOCRATICO - ITALIA DEMOCRATICA E PROGRESSISTA","MERI MARZIALI","29/12/1978","SAN BENEDETTO DEL TRONTO"
"MARCHE","MARCHE - U01 (ASCOLI PICENO)","ALLEANZA VERDI E SINISTRA","MERI MARZIALI","29/12/1978","SAN BENEDETTO DEL TRONTO"
"MARCHE","MARCHE - U01 (ASCOLI PICENO)","IMPEGNO CIVICO LUIGI DI MAIO - CENTRO DEMOCRATICO","MERI MARZIALI","29/12/1978","SAN BENEDETTO DEL TRONTO"
"MARCHE","MARCHE - U01 (ASCOLI PICENO)"," +EUROPA","MERI MARZIALI","29/12/1978","SAN BENEDETTO DEL TRONTO"
"MARCHE","MARCHE - U01 (ASCOLI PICENO)","VITA","MARIA TERESA TARONI","13/09/1959","LUGO"
"MARCHE","MARCHE - U01 (ASCOLI PICENO)","ITALIA SOVRANA E POPOLARE","CATIA JACHETTI","20/10/1966","ANCONA"
"MARCHE","MARCHE - U01 (ASCOLI PICENO)","MOVIMENTO 5 STELLE","GIORGIO FEDE","23/12/1961","SAN BENEDETTO DEL TRONTO"
"MARCHE","MARCHE - U01 (ASCOLI PICENO)","ALTERNATIVA PER L'ITALIA - NO GREEN PASS","OSCAR PIERGALLINI","11/11/1974","SAN BENEDETTO DEL TRONTO"
"MARCHE","MARCHE - U01 (ASCOLI PICENO)","AZIONE - ITALIA VIVA - CALENDA","MARIA STELLA ORIGLIA","12/08/1967","ROMA"
"MARCHE","MARCHE - U01 (ASCOLI PICENO)","NOI MODERATI/LUPI - TOTI - BRUGNARO - UDC","FRANCESCO BATTISTONI","23/02/1967","MONTEFIASCONE"
"MARCHE","MARCHE - U01 (ASCOLI PICENO)","FORZA ITALIA","FRANCESCO BATTISTONI","23/02/1967","MONTEFIASCONE"
"MARCHE","MARCHE - U01 (ASCOLI PICENO)","FRATELLI D'ITALIA CON GIORGIA MELONI","FRANCESCO BATTISTONI","23/02/1967","MONTEFIASCONE"
"MARCHE","MARCHE - U01 (ASCOLI PICENO)","LEGA PER SALVINI PREMIER","FRANCESCO BATTISTONI","23/02/1967","MONTEFIASCONE"
"MARCHE","MARCHE - U01 (ASCOLI PICENO)","UNIONE POPOLARE CON DE MAGISTRIS","DILETTA PARRINO","08/04/1972","FERMO"
"MARCHE","MARCHE - U01 (ASCOLI PICENO)","ITALEXIT PER L'ITALIA","GUIDO OLIVIERI","10/03/1972","SAN BENEDETTO DEL TRONTO"
"MARCHE","MARCHE - U02 (MACERATA)","PARTITO COMUNISTA ITALIANO","DANIELE CARDINALI","04/12/1976","LORETO"
"MARCHE","MARCHE - U02 (MACERATA)","PARTITO DEMOCRATICO - ITALIA DEMOCRATICA E PROGRESSISTA","FULVIO ESPOSITO","06/07/1951","VIAREGGIO"
"MARCHE","MARCHE - U02 (MACERATA)","ALLEANZA VERDI E SINISTRA","FULVIO ESPOSITO","06/07/1951","VIAREGGIO"
"MARCHE","MARCHE - U02 (MACERATA)","IMPEGNO CIVICO LUIGI DI MAIO - CENTRO DEMOCRATICO","FULVIO ESPOSITO","06/07/1951","VIAREGGIO"
"MARCHE","MARCHE - U02 (MACERATA)"," +EUROPA","FULVIO ESPOSITO","06/07/1951","VIAREGGIO"
"MARCHE","MARCHE - U02 (MACERATA)","VITA","ALESSANDRA CONTIGIANI","05/04/1982","MACERATA"
"MARCHE","MARCHE - U02 (MACERATA)","ITALIA SOVRANA E POPOLARE","ALESSANDRA PERUGINI","18/05/1979","FERMO"
"MARCHE","MARCHE - U02 (MACERATA)","MOVIMENTO 5 STELLE","MIRELLA EMILIOZZI","11/06/1968","MACERATA"
"MARCHE","MARCHE - U02 (MACERATA)","ALTERNATIVA PER L'ITALIA - NO GREEN PASS","CLARA FERRANTI","02/03/1964","FERMO"
"MARCHE","MARCHE - U02 (MACERATA)","AZIONE - ITALIA VIVA - CALENDA","MARIANO CALAMITA","07/10/1968","MACERATA"
"MARCHE","MARCHE - U02 (MACERATA)","NOI MODERATI/LUPI - TOTI - BRUGNARO - UDC","GIORGIA LATINI","18/04/1980","FABRIANO"
"MARCHE","MARCHE - U02 (MACERATA)","FORZA ITALIA","GIORGIA LATINI","18/04/1980","FABRIANO"
"MARCHE","MARCHE - U02 (MACERATA)","FRATELLI D'ITALIA CON GIORGIA MELONI","GIORGIA LATINI","18/04/1980","FABRIANO"
"MARCHE","MARCHE - U02 (MACERATA)","LEGA PER SALVINI PREMIER","GIORGIA LATINI","18/04/1980","FABRIANO"
"MARCHE","MARCHE - U02 (MACERATA)","UNIONE POPOLARE CON DE MAGISTRIS","SIMONE MARINCIONI","09/09/1970","MACERATA"
"MARCHE","MARCHE - U02 (MACERATA)","ITALEXIT PER L'ITALIA","KATJUSCIA DELMONTE","12/02/1968","PESARO"
"MARCHE","MARCHE - U03 (ANCONA)","PARTITO COMUNISTA ITALIANO","ROBERTA COLETTA","14/01/1980","OSIMO"
"MARCHE","MARCHE - U03 (ANCONA)","PARTITO DEMOCRATICO - ITALIA DEMOCRATICA E PROGRESSISTA","ANTONIO MASTROVINCENZO","25/08/1968","CAMERINO"
"MARCHE","MARCHE - U03 (ANCONA)","ALLEANZA VERDI E SINISTRA","ANTONIO MASTROVINCENZO","25/08/1968","CAMERINO"
"MARCHE","MARCHE - U03 (ANCONA)","IMPEGNO CIVICO LUIGI DI MAIO - CENTRO DEMOCRATICO","ANTONIO MASTROVINCENZO","25/08/1968","CAMERINO"
"MARCHE","MARCHE - U03 (ANCONA)"," +EUROPA","ANTONIO MASTROVINCENZO","25/08/1968","CAMERINO"
"MARCHE","MARCHE - U03 (ANCONA)","VITA","PAOLO SANDONNINI","16/04/1983","BRENO"
"MARCHE","MARCHE - U03 (ANCONA)","ITALIA SOVRANA E POPOLARE","ANDREA GRILLI","01/06/1982","CHIARAVALLE"
"MARCHE","MARCHE - U03 (ANCONA)","MOVIMENTO 5 STELLE","GABRIELE SANTARELLI","10/06/1977","FABRIANO"
"MARCHE","MARCHE - U03 (ANCONA)","ALTERNATIVA PER L'ITALIA - NO GREEN PASS","FABIO SEBASTIANELLI","07/03/1970","ANCONA"
"MARCHE","MARCHE - U03 (ANCONA)","AZIONE - ITALIA VIVA - CALENDA","FRANCESCA CANTARINI","22/04/1972","ANCONA"
"MARCHE","MARCHE - U03 (ANCONA)","NOI MODERATI/LUPI - TOTI - BRUGNARO - UDC","STEFANO MARIA BENVENUTI GOSTOLI","17/01/1976","ANCONA"
"MARCHE","MARCHE - U03 (ANCONA)","FORZA ITALIA","STEFANO MARIA BENVENUTI GOSTOLI","17/01/1976","ANCONA"
"MARCHE","MARCHE - U03 (ANCONA)","FRATELLI D'ITALIA CON GIORGIA MELONI","STEFANO MARIA BENVENUTI GOSTOLI","17/01/1976","ANCONA"
"MARCHE","MARCHE - U03 (ANCONA)","LEGA PER SALVINI PREMIER","STEFANO MARIA BENVENUTI GOSTOLI","17/01/1976","ANCONA"
"MARCHE","MARCHE - U03 (ANCONA)","UNIONE POPOLARE CON DE MAGISTRIS","ANNA MAURIZI","06/01/1991","ANCONA"
"MARCHE","MARCHE - U03 (ANCONA)","ITALEXIT PER L'ITALIA","MASSIMO GIANANGELI","18/06/1970","JESI (AN)"
"MARCHE","MARCHE - U04 (PESARO)","PARTITO COMUNISTA ITALIANO","CHIARA PIZZORNO","03/02/1985","PESARO"
"MARCHE","MARCHE - U04 (PESARO)","PARTITO DEMOCRATICO - ITALIA DEMOCRATICA E PROGRESSISTA","GIORDANO MASINI","19/01/1971","ROMA"
"MARCHE","MARCHE - U04 (PESARO)","ALLEANZA VERDI E SINISTRA","GIORDANO MASINI","19/01/1971","ROMA"
"MARCHE","MARCHE - U04 (PESARO)","IMPEGNO CIVICO LUIGI DI MAIO - CENTRO DEMOCRATICO","GIORDANO MASINI","19/01/1971","ROMA"
"MARCHE","MARCHE - U04 (PESARO)"," +EUROPA","GIORDANO MASINI","19/01/1971","ROMA"
"MARCHE","MARCHE - U04 (PESARO)","VITA","ALESSIO CANALINI","06/11/1977","PESARO"
"MARCHE","MARCHE - U04 (PESARO)","ITALIA SOVRANA E POPOLARE","DALIBOR CVEJIC","03/05/1976","BELGRADO (SERBIA)"
"MARCHE","MARCHE - U04 (PESARO)","MOVIMENTO 5 STELLE","ROSSELLA ACCOTO","13/10/1969","BRINDISI"
"MARCHE","MARCHE - U04 (PESARO)","ALTERNATIVA PER L'ITALIA - NO GREEN PASS","LORENA NARCISI","16/10/1973","SAN BENEDETTO DEL TRONTO"
"MARCHE","MARCHE - U04 (PESARO)","AZIONE - ITALIA VIVA - CALENDA","FEDERICO TALE'","31/01/1972","MONDAVIO"
"MARCHE","MARCHE - U04 (PESARO)","NOI MODERATI/LUPI - TOTI - BRUGNARO - UDC","MIRCO CARLONI","14/01/1981","FANO"
"MARCHE","MARCHE - U04 (PESARO)","FORZA ITALIA","MIRCO CARLONI","14/01/1981","FANO"
"MARCHE","MARCHE - U04 (PESARO)","FRATELLI D'ITALIA CON GIORGIA MELONI","MIRCO CARLONI","14/01/1981","FANO"
"MARCHE","MARCHE - U04 (PESARO)","LEGA PER SALVINI PREMIER","MIRCO CARLONI","14/01/1981","FANO"
"MARCHE","MARCHE - U04 (PESARO)","UNIONE POPOLARE CON DE MAGISTRIS","RENZO SAVELLI","28/03/1945","FOSSOMBRONE"
"MARCHE","MARCHE - U04 (PESARO)","ITALEXIT PER L'ITALIA","STEFANO PUZZER","18/01/1976","TRIESTE"
"LAZIO 1","LAZIO 1 - U01 (ROMA: MUNICIPIO I)","VITA","MARIA CARSANA","25/08/1957","ROMA"
"LAZIO 1","LAZIO 1 - U01 (ROMA: MUNICIPIO I)","MOVIMENTO 5 STELLE","LIVIO DE SANTOLI","07/01/1956","CARACAS (VENEZUELA)"
"LAZIO 1","LAZIO 1 - U01 (ROMA: MUNICIPIO I)","UNIONE POPOLARE CON DE MAGISTRIS","ELISABETTA CANITANO","17/04/1955","FERRARA"
"LAZIO 1","LAZIO 1 - U01 (ROMA: MUNICIPIO I)","ALTERNATIVA PER L'ITALIA - NO GREEN PASS","SIMONE DI STEFANO","12/08/1976","ROMA"
"LAZIO 1","LAZIO 1 - U01 (ROMA: MUNICIPIO I)","ITALIA SOVRANA E POPOLARE","FABIO MASSIMO VERNILLO","17/05/1964","ROMA"
"LAZIO 1","LAZIO 1 - U01 (ROMA: MUNICIPIO I)","PARTITO DELLA FOLLIA CREATIVA","GIUSEPPE CIRILLO DETTO OSCURATO","03/01/1953","SANTA MARIA CAPUA VETERE (CE)"
"LAZIO 1","LAZIO 1 - U01 (ROMA: MUNICIPIO I)","PARTITO DEMOCRATICO - ITALIA DEMOCRATICA E PROGRESSISTA","PAOLO CIANI","15/05/1970","ROMA"
"LAZIO 1","LAZIO 1 - U01 (ROMA: MUNICIPIO I)","IMPEGNO CIVICO LUIGI DI MAIO - CENTRO DEMOCRATICO","PAOLO CIANI","15/05/1970","ROMA"
"LAZIO 1","LAZIO 1 - U01 (ROMA: MUNICIPIO I)","ALLEANZA VERDI E SINISTRA","PAOLO CIANI","15/05/1970","ROMA"
"LAZIO 1","LAZIO 1 - U01 (ROMA: MUNICIPIO I)"," +EUROPA","PAOLO CIANI","15/05/1970","ROMA"
"LAZIO 1","LAZIO 1 - U01 (ROMA: MUNICIPIO I)","ITALEXIT PER L'ITALIA","GIOVANNI FRAJESE","21/02/1972","ROMA"
"LAZIO 1","LAZIO 1 - U01 (ROMA: MUNICIPIO I)","AZIONE - ITALIA VIVA - CALENDA","ELENA BONETTI","12/04/1974","ASOLA (MN)"
"LAZIO 1","LAZIO 1 - U01 (ROMA: MUNICIPIO I)","NOI MODERATI/LUPI - TOTI - BRUGNARO - UDC","MARIA SPENA","24/03/1962","NAPOLI"
"LAZIO 1","LAZIO 1 - U01 (ROMA: MUNICIPIO I)","LEGA PER SALVINI PREMIER","MARIA SPENA","24/03/1962","NAPOLI"
"LAZIO 1","LAZIO 1 - U01 (ROMA: MUNICIPIO I)","FRATELLI D'ITALIA CON GIORGIA MELONI","MARIA SPENA","24/03/1962","NAPOLI"
"LAZIO 1","LAZIO 1 - U01 (ROMA: MUNICIPIO I)","FORZA ITALIA","MARIA SPENA","24/03/1962","NAPOLI"
"LAZIO 1","LAZIO 1 - U02 (ROMA: MUNICIPIO III)","VITA","DAVIDE BARILLARI","26/02/1974","MILANO"
"LAZIO 1","LAZIO 1 - U02 (ROMA: MUNICIPIO III)","MOVIMENTO 5 STELLE","MANUEL TUZI","27/12/1987","ROMA"
"LAZIO 1","LAZIO 1 - U02 (ROMA: MUNICIPIO III)","UNIONE POPOLARE CON DE MAGISTRIS","RAUL MORDENTI","06/08/1947","ROMA"
"LAZIO 1","LAZIO 1 - U02 (ROMA: MUNICIPIO III)","ALTERNATIVA PER L'ITALIA - NO GREEN PASS","MICHELA ESPOSITO","14/06/1977","NAPOLI"
"LAZIO 1","LAZIO 1 - U02 (ROMA: MUNICIPIO III)","ITALIA SOVRANA E POPOLARE","EMANUELE LUCA","26/06/1970","ROMA"
"LAZIO 1","LAZIO 1 - U02 (ROMA: MUNICIPIO III)","PARTITO DELLA FOLLIA CREATIVA","GIULIA CASTELLI","22/05/1975","CASERTA"
"LAZIO 1","LAZIO 1 - U02 (ROMA: MUNICIPIO III)","PARTITO DEMOCRATICO - ITALIA DEMOCRATICA E PROGRESSISTA","ENZO FOSCHI","27/03/1966","ROMA"
"LAZIO 1","LAZIO 1 - U02 (ROMA: MUNICIPIO III)","IMPEGNO CIVICO LUIGI DI MAIO - CENTRO DEMOCRATICO","ENZO FOSCHI","27/03/1966","ROMA"
"LAZIO 1","LAZIO 1 - U02 (ROMA: MUNICIPIO III)","ALLEANZA VERDI E SINISTRA","ENZO FOSCHI","27/03/1966","ROMA"
"LAZIO 1","LAZIO 1 - U02 (ROMA: MUNICIPIO III)"," +EUROPA","ENZO FOSCHI","27/03/1966","ROMA"
"LAZIO 1","LAZIO 1 - U02 (ROMA: MUNICIPIO III)","ITALEXIT PER L'ITALIA","GIORGIA VENERANDI","23/10/1975","ROMA"
"LAZIO 1","LAZIO 1 - U02 (ROMA: MUNICIPIO III)","AZIONE - ITALIA VIVA - CALENDA","FABIO DIONISI","06/05/1963","ROMA"
"LAZIO 1","LAZIO 1 - U02 (ROMA: MUNICIPIO III)","NOI MODERATI/LUPI - TOTI - BRUGNARO - UDC","SIMONETTA MATONE","16/06/1953","ROMA"
"LAZIO 1","LAZIO 1 - U02 (ROMA: MUNICIPIO III)","LEGA PER SALVINI PREMIER","SIMONETTA MATONE","16/06/1953","ROMA"
"LAZIO 1","LAZIO 1 - U02 (ROMA: MUNICIPIO III)","FRATELLI D'ITALIA CON GIORGIA MELONI","SIMONETTA MATONE","16/06/1953","ROMA"
"LAZIO 1","LAZIO 1 - U02 (ROMA: MUNICIPIO III)","FORZA ITALIA","SIMONETTA MATONE","16/06/1953","ROMA"
"LAZIO 1","LAZIO 1 - U03 (ROMA: MUNICIPIO V)","VITA","MASSIMO FIORANELLI","09/07/1958","ROMA"
"LAZIO 1","LAZIO 1 - U03 (ROMA: MUNICIPIO V)","MOVIMENTO 5 STELLE","ANGELA SALAFIA","12/02/1979","NAPOLI"
"LAZIO 1","LAZIO 1 - U03 (ROMA: MUNICIPIO V)","UNIONE POPOLARE CON DE MAGISTRIS","ELEONORA FORENZA","10/11/1976","BARI"
"LAZIO 1","LAZIO 1 - U03 (ROMA: MUNICIPIO V)","ALTERNATIVA PER L'ITALIA - NO GREEN PASS","ANTONIO CASINI","06/02/1970","CAMERINO (MC)"
"LAZIO 1","LAZIO 1 - U03 (ROMA: MUNICIPIO V)","ITALIA SOVRANA E POPOLARE","ARNALDO VITANGELI","28/01/1977","ROMA"
"LAZIO 1","LAZIO 1 - U03 (ROMA: MUNICIPIO V)","PARTITO DELLA FOLLIA CREATIVA","ALBERTO PELLEGRINO","02/01/1994","MADDALONI (CE)"
"LAZIO 1","LAZIO 1 - U03 (ROMA: MUNICIPIO V)","PARTITO DEMOCRATICO - ITALIA DEMOCRATICA E PROGRESSISTA","ROSSELLA MURONI","08/10/1974","ROMA"
"LAZIO 1","LAZIO 1 - U03 (ROMA: MUNICIPIO V)","IMPEGNO CIVICO LUIGI DI MAIO - CENTRO DEMOCRATICO","ROSSELLA MURONI","08/10/1974","ROMA"
"LAZIO 1","LAZIO 1 - U03 (ROMA: MUNICIPIO V)","ALLEANZA VERDI E SINISTRA","ROSSELLA MURONI","08/10/1974","ROMA"
"LAZIO 1","LAZIO 1 - U03 (ROMA: MUNICIPIO V)"," +EUROPA","ROSSELLA MURONI","08/10/1974","ROMA"
"LAZIO 1","LAZIO 1 - U03 (ROMA: MUNICIPIO V)","ITALEXIT PER L'ITALIA","LUCA RAIMONDI","18/11/1968","BERGAMO"
"LAZIO 1","LAZIO 1 - U03 (ROMA: MUNICIPIO V)","AZIONE - ITALIA VIVA - CALENDA","MARTA MARZIALI","04/12/1977","ROMA"
"LAZIO 1","LAZIO 1 - U03 (ROMA: MUNICIPIO V)","NOI MODERATI/LUPI - TOTI - BRUGNARO - UDC","FABIO RAMPELLI","02/08/1960","ROMA"
"LAZIO 1","LAZIO 1 - U03 (ROMA: MUNICIPIO V)","LEGA PER SALVINI PREMIER","FABIO RAMPELLI","02/08/1960","ROMA"
"LAZIO 1","LAZIO 1 - U03 (ROMA: MUNICIPIO V)","FRATELLI D'ITALIA CON GIORGIA MELONI","FABIO RAMPELLI","02/08/1960","ROMA"
"LAZIO 1","LAZIO 1 - U03 (ROMA: MUNICIPIO V)","FORZA ITALIA","FABIO RAMPELLI","02/08/1960","ROMA"
"LAZIO 1","LAZIO 1 - U04 (ROMA: MUNICIPIO VII)","VITA","LAURA RUZZA","31/05/1981","ROMA"
"LAZIO 1","LAZIO 1 - U04 (ROMA: MUNICIPIO VII)","MOVIMENTO 5 STELLE","FRANCESCA FLATI","16/11/1982","ROMA"
"LAZIO 1","LAZIO 1 - U04 (ROMA: MUNICIPIO VII)","UNIONE POPOLARE CON DE MAGISTRIS","CHIARA PRATO","26/06/1974","TORINO"
"LAZIO 1","LAZIO 1 - U04 (ROMA: MUNICIPIO VII)","ITALIA SOVRANA E POPOLARE","SAVERIO ROMEO","25/05/1979","TAURIANOVA (RC)"
"LAZIO 1","LAZIO 1 - U04 (ROMA: MUNICIPIO VII)","PARTITO DELLA FOLLIA CREATIVA","DALILA GALLOZZI","17/08/1985","CASERTA"
"LAZIO 1","LAZIO 1 - U04 (ROMA: MUNICIPIO VII)","PARTITO DEMOCRATICO - ITALIA DEMOCRATICA E PROGRESSISTA","ROBERTO MORASSUT","16/11/1963","ROMA "
"LAZIO 1","LAZIO 1 - U04 (ROMA: MUNICIPIO VII)","IMPEGNO CIVICO LUIGI DI MAIO - CENTRO DEMOCRATICO","ROBERTO MORASSUT","16/11/1963","ROMA "
"LAZIO 1","LAZIO 1 - U04 (ROMA: MUNICIPIO VII)","ALLEANZA VERDI E SINISTRA","ROBERTO MORASSUT","16/11/1963","ROMA "
"LAZIO 1","LAZIO 1 - U04 (ROMA: MUNICIPIO VII)"," +EUROPA","ROBERTO MORASSUT","16/11/1963","ROMA "
"LAZIO 1","LAZIO 1 - U04 (ROMA: MUNICIPIO VII)","ITALEXIT PER L'ITALIA","ALESSANDRA COTTA","15/04/1971","ROMA"
"LAZIO 1","LAZIO 1 - U04 (ROMA: MUNICIPIO VII)","AZIONE - ITALIA VIVA - CALENDA","LUCA DI EGIDIO","26/10/1995","ROMA"
"LAZIO 1","LAZIO 1 - U04 (ROMA: MUNICIPIO VII)","NOI MODERATI/LUPI - TOTI - BRUGNARO - UDC","MARIA TERESA BELLUCCI","19/07/1972","ROMA"
"LAZIO 1","LAZIO 1 - U04 (ROMA: MUNICIPIO VII)","LEGA PER SALVINI PREMIER","MARIA TERESA BELLUCCI","19/07/1972","ROMA"
"LAZIO 1","LAZIO 1 - U04 (ROMA: MUNICIPIO VII)","FRATELLI D'ITALIA CON GIORGIA MELONI","MARIA TERESA BELLUCCI","19/07/1972","ROMA"
"LAZIO 1","LAZIO 1 - U04 (ROMA: MUNICIPIO VII)","FORZA ITALIA","MARIA TERESA BELLUCCI","19/07/1972","ROMA"
"LAZIO 1","LAZIO 1 - U08 (VELLETRI)","VITA","ANTONELLA ERCOLI","23/10/1965","ANAGNI (FR)"
"LAZIO 1","LAZIO 1 - U08 (VELLETRI)","MOVIMENTO 5 STELLE","SANTE NARCISI","25/03/1970","PESCARA"
"LAZIO 1","LAZIO 1 - U08 (VELLETRI)","UNIONE POPOLARE CON DE MAGISTRIS","ELENA MAZZONI","16/05/1976","ALBANO LAZIALE (RM)"
"LAZIO 1","LAZIO 1 - U08 (VELLETRI)","ITALIA SOVRANA E POPOLARE","PAOLO INDELICATO","30/03/1965","SABAUDIA (LT)"
"LAZIO 1","LAZIO 1 - U08 (VELLETRI)","PARTITO DELLA FOLLIA CREATIVA","GIANLUCA DI BENEDETTO","19/12/1985","AVERSA (CE)"
"LAZIO 1","LAZIO 1 - U08 (VELLETRI)","PARTITO DEMOCRATICO - ITALIA DEMOCRATICA E PROGRESSISTA","ROSALBA GIANNINO DETTA LINA","06/09/1957","NAPOLI"
"LAZIO 1","LAZIO 1 - U08 (VELLETRI)","IMPEGNO CIVICO LUIGI DI MAIO - CENTRO DEMOCRATICO","ROSALBA GIANNINO DETTA LINA","06/09/1957","NAPOLI"
"LAZIO 1","LAZIO 1 - U08 (VELLETRI)","ALLEANZA VERDI E SINISTRA","ROSALBA GIANNINO DETTA LINA","06/09/1957","NAPOLI"
"LAZIO 1","LAZIO 1 - U08 (VELLETRI)"," +EUROPA","ROSALBA GIANNINO DETTA LINA","06/09/1957","NAPOLI"
"LAZIO 1","LAZIO 1 - U08 (VELLETRI)","ITALEXIT PER L'ITALIA","VALERIO SCALIA","09/04/1985","ANZIO (RM)"
"LAZIO 1","LAZIO 1 - U08 (VELLETRI)","AZIONE - ITALIA VIVA - CALENDA","ROBERTO MASTROSANTI","07/09/1966","FRASCATI (RM)"
"LAZIO 1","LAZIO 1 - U08 (VELLETRI)","NOI MODERATI/LUPI - TOTI - BRUGNARO - UDC","ANTONIO TAJANI","04/08/1953","ROMA"
"LAZIO 1","LAZIO 1 - U08 (VELLETRI)","LEGA PER SALVINI PREMIER","ANTONIO TAJANI","04/08/1953","ROMA"
"LAZIO 1","LAZIO 1 - U08 (VELLETRI)","FRATELLI D'ITALIA CON GIORGIA MELONI","ANTONIO TAJANI","04/08/1953","ROMA"
"LAZIO 1","LAZIO 1 - U08 (VELLETRI)","FORZA ITALIA","ANTONIO TAJANI","04/08/1953","ROMA"
"LAZIO 1","LAZIO 1 - U09 (GUIDONIA MONTECELIO)","VITA","NEMESIO RINALDI","23/04/1959","TRASACCO"
"LAZIO 1","LAZIO 1 - U09 (GUIDONIA MONTECELIO)","MOVIMENTO 5 STELLE","VIVIANA CARBONARA","18/02/1976","MONTEROTONDO (RM)"
"LAZIO 1","LAZIO 1 - U09 (GUIDONIA MONTECELIO)","UNIONE POPOLARE CON DE MAGISTRIS","ROBERTO PENNA","12/09/1968","ROMA"
"LAZIO 1","LAZIO 1 - U09 (GUIDONIA MONTECELIO)","ITALIA SOVRANA E POPOLARE","MATTEO DI COCCO","13/12/1991","PALESTRINA (RM)"
"LAZIO 1","LAZIO 1 - U09 (GUIDONIA MONTECELIO)","PARTITO DELLA FOLLIA CREATIVA","CONCETTA SANTONASTASO","02/04/1956","CASAGIOVE (CE)"
"LAZIO 1","LAZIO 1 - U09 (GUIDONIA MONTECELIO)","PARTITO DEMOCRATICO - ITALIA DEMOCRATICA E PROGRESSISTA","MARCO VINCENZI","14/04/1958","ROMA "
"LAZIO 1","LAZIO 1 - U09 (GUIDONIA MONTECELIO)","IMPEGNO CIVICO LUIGI DI MAIO - CENTRO DEMOCRATICO","MARCO VINCENZI","14/04/1958","ROMA "
"LAZIO 1","LAZIO 1 - U09 (GUIDONIA MONTECELIO)","ALLEANZA VERDI E SINISTRA","MARCO VINCENZI","14/04/1958","ROMA "
"LAZIO 1","LAZIO 1 - U09 (GUIDONIA MONTECELIO)"," +EUROPA","MARCO VINCENZI","14/04/1958","ROMA "
"LAZIO 1","LAZIO 1 - U09 (GUIDONIA MONTECELIO)","ITALEXIT PER L'ITALIA","GIANNI GOLIA","19/01/1981","TIVOLI (RM)"
"LAZIO 1","LAZIO 1 - U09 (GUIDONIA MONTECELIO)","AZIONE - ITALIA VIVA - CALENDA","GIOVANNA MARCHESE","17/07/1957","ROMA"
"LAZIO 1","LAZIO 1 - U09 (GUIDONIA MONTECELIO)","NOI MODERATI/LUPI - TOTI - BRUGNARO - UDC","ALESSANDRO PALOMBI","07/07/1976","TIVOLI "
"LAZIO 1","LAZIO 1 - U09 (GUIDONIA MONTECELIO)","LEGA PER SALVINI PREMIER","ALESSANDRO PALOMBI","07/07/1976","TIVOLI "
"LAZIO 1","LAZIO 1 - U09 (GUIDONIA MONTECELIO)","FRATELLI D'ITALIA CON GIORGIA MELONI","ALESSANDRO PALOMBI","07/07/1976","TIVOLI "
"LAZIO 1","LAZIO 1 - U09 (GUIDONIA MONTECELIO)","FORZA ITALIA","ALESSANDRO PALOMBI","07/07/1976","TIVOLI "
"LAZIO 1","LAZIO 1 - U05 (ROMA: MUNICIPIO X)","VITA","MIRELLA ALTIERI","01/11/1955","ROMA"
"LAZIO 1","LAZIO 1 - U05 (ROMA: MUNICIPIO X)","MOVIMENTO 5 STELLE","MARCO BELLA","25/04/1972","ROMA"
"LAZIO 1","LAZIO 1 - U05 (ROMA: MUNICIPIO X)","UNIONE POPOLARE CON DE MAGISTRIS","BRUNO LEONARDUZZI DURANTI ","07/09/1941","MONTEROTONDO (RM)"
"LAZIO 1","LAZIO 1 - U05 (ROMA: MUNICIPIO X)","ALTERNATIVA PER L'ITALIA - NO GREEN PASS","MASSIMILIANO PUGLIESE","23/11/1963","ROMA"
"LAZIO 1","LAZIO 1 - U05 (ROMA: MUNICIPIO X)","ITALIA SOVRANA E POPOLARE","LAURA MONTECCHI","18/03/1965","ROMA"
"LAZIO 1","LAZIO 1 - U05 (ROMA: MUNICIPIO X)","PARTITO DEMOCRATICO - ITALIA DEMOCRATICA E PROGRESSISTA","PATRIZIA PRESTIPINO DETTA PAT","16/09/1963","ROMA "
"LAZIO 1","LAZIO 1 - U05 (ROMA: MUNICIPIO X)","IMPEGNO CIVICO LUIGI DI MAIO - CENTRO DEMOCRATICO","PATRIZIA PRESTIPINO DETTA PAT","16/09/1963","ROMA "
"LAZIO 1","LAZIO 1 - U05 (ROMA: MUNICIPIO X)","ALLEANZA VERDI E SINISTRA","PATRIZIA PRESTIPINO DETTA PAT","16/09/1963","ROMA "
"LAZIO 1","LAZIO 1 - U05 (ROMA: MUNICIPIO X)"," +EUROPA","PATRIZIA PRESTIPINO DETTA PAT","16/09/1963","ROMA "
"LAZIO 1","LAZIO 1 - U05 (ROMA: MUNICIPIO X)","ITALEXIT PER L'ITALIA","ANITA CIERVO","29/12/1981","SANT'AGATA DE' GOTI (BN)"
"LAZIO 1","LAZIO 1 - U05 (ROMA: MUNICIPIO X)","AZIONE - ITALIA VIVA - CALENDA","PIETRO MADONIA","13/01/1968","MONREALE (PA)"
"LAZIO 1","LAZIO 1 - U05 (ROMA: MUNICIPIO X)","NOI MODERATI/LUPI - TOTI - BRUGNARO - UDC","ALESSANDRO BATTILOCCHIO","03/05/1977","ROMA"
"LAZIO 1","LAZIO 1 - U05 (ROMA: MUNICIPIO X)","LEGA PER SALVINI PREMIER","ALESSANDRO BATTILOCCHIO","03/05/1977","ROMA"
"LAZIO 1","LAZIO 1 - U05 (ROMA: MUNICIPIO X)","FRATELLI D'ITALIA CON GIORGIA MELONI","ALESSANDRO BATTILOCCHIO","03/05/1977","ROMA"
"LAZIO 1","LAZIO 1 - U05 (ROMA: MUNICIPIO X)","FORZA ITALIA","ALESSANDRO BATTILOCCHIO","03/05/1977","ROMA"
"LAZIO 1","LAZIO 1 - U06 (ROMA: MUNICIPIO XI)","VITA","ANNALISA BUCCIERI","25/11/1974","COSENZA"
"LAZIO 1","LAZIO 1 - U06 (ROMA: MUNICIPIO XI)","MOVIMENTO 5 STELLE","EMANUELE CECCATO","31/07/1971","ROMA"
"LAZIO 1","LAZIO 1 - U06 (ROMA: MUNICIPIO XI)","UNIONE POPOLARE CON DE MAGISTRIS","MASSIMO ARCANGELI","17/07/1960","ROMA"
"LAZIO 1","LAZIO 1 - U06 (ROMA: MUNICIPIO XI)","ALTERNATIVA PER L'ITALIA - NO GREEN PASS","JESSICA AVERSA","20/12/1993","CATANZARO"
"LAZIO 1","LAZIO 1 - U06 (ROMA: MUNICIPIO XI)","ITALIA SOVRANA E POPOLARE","SALVATORE GIUSEPPE TODARO","01/05/1977","SOVERATO (CZ)"
"LAZIO 1","LAZIO 1 - U06 (ROMA: MUNICIPIO XI)","PARTITO DEMOCRATICO - ITALIA DEMOCRATICA E PROGRESSISTA","CLAUDIO MANCINI","22/02/1969","ROMA "
"LAZIO 1","LAZIO 1 - U06 (ROMA: MUNICIPIO XI)","IMPEGNO CIVICO LUIGI DI MAIO - CENTRO DEMOCRATICO","CLAUDIO MANCINI","22/02/1969","ROMA "
"LAZIO 1","LAZIO 1 - U06 (ROMA: MUNICIPIO XI)","ALLEANZA VERDI E SINISTRA","CLAUDIO MANCINI","22/02/1969","ROMA "
"LAZIO 1","LAZIO 1 - U06 (ROMA: MUNICIPIO XI)"," +EUROPA","CLAUDIO MANCINI","22/02/1969","ROMA "
"LAZIO 1","LAZIO 1 - U06 (ROMA: MUNICIPIO XI)","ITALEXIT PER L'ITALIA","ANDREA PERILLO","04/02/1969","GENOVA"
"LAZIO 1","LAZIO 1 - U06 (ROMA: MUNICIPIO XI)","AZIONE - ITALIA VIVA - CALENDA","FRANCESCA SEVERI","16/12/1969","ROMA"
"LAZIO 1","LAZIO 1 - U06 (ROMA: MUNICIPIO XI)","NOI MODERATI/LUPI - TOTI - BRUGNARO - UDC","LUCIANO CIOCCHETTI","03/03/1958","ROMA"
"LAZIO 1","LAZIO 1 - U06 (ROMA: MUNICIPIO XI)","LEGA PER SALVINI PREMIER","LUCIANO CIOCCHETTI","03/03/1958","ROMA"
"LAZIO 1","LAZIO 1 - U06 (ROMA: MUNICIPIO XI)","FRATELLI D'ITALIA CON GIORGIA MELONI","LUCIANO CIOCCHETTI","03/03/1958","ROMA"
"LAZIO 1","LAZIO 1 - U06 (ROMA: MUNICIPIO XI)","FORZA ITALIA","LUCIANO CIOCCHETTI","03/03/1958","ROMA"
"LAZIO 1","LAZIO 1 - U07 (ROMA: MUNICIPIO XIV)","VITA","ANDREA MENCARELLI","01/07/1971","ROMA"
"LAZIO 1","LAZIO 1 - U07 (ROMA: MUNICIPIO XIV)","MOVIMENTO 5 STELLE","CAROLA PENNA","19/09/1964","ROMA"
"LAZIO 1","LAZIO 1 - U07 (ROMA: MUNICIPIO XIV)","UNIONE POPOLARE CON DE MAGISTRIS","CLAUDIO STAMEGNA","14/08/1960","ROMA"
"LAZIO 1","LAZIO 1 - U07 (ROMA: MUNICIPIO XIV)","ALTERNATIVA PER L'ITALIA - NO GREEN PASS","MASSIMO BOSCHI","05/07/1961","SULMONA (AQ)"
"LAZIO 1","LAZIO 1 - U07 (ROMA: MUNICIPIO XIV)","ITALIA SOVRANA E POPOLARE","PAOLO GULISANO","27/05/1959","MILANO"
"LAZIO 1","LAZIO 1 - U07 (ROMA: MUNICIPIO XIV)","PARTITO DEMOCRATICO - ITALIA DEMOCRATICA E PROGRESSISTA","CARLO ROMANO","16/03/1972","MANTOVA"
"LAZIO 1","LAZIO 1 - U07 (ROMA: MUNICIPIO XIV)","IMPEGNO CIVICO LUIGI DI MAIO - CENTRO DEMOCRATICO","CARLO ROMANO","16/03/1972","MANTOVA"
"LAZIO 1","LAZIO 1 - U07 (ROMA: MUNICIPIO XIV)","ALLEANZA VERDI E SINISTRA","CARLO ROMANO","16/03/1972","MANTOVA"
"LAZIO 1","LAZIO 1 - U07 (ROMA: MUNICIPIO XIV)"," +EUROPA","CARLO ROMANO","16/03/1972","MANTOVA"
"LAZIO 1","LAZIO 1 - U07 (ROMA: MUNICIPIO XIV)","ITALEXIT PER L'ITALIA","CARLOTTA CHIARALUCE","25/01/1984","ROMA"
"LAZIO 1","LAZIO 1 - U07 (ROMA: MUNICIPIO XIV)","AZIONE - ITALIA VIVA - CALENDA","VALENTINA GRIPPO","07/08/1971","ROMA"
"LAZIO 1","LAZIO 1 - U07 (ROMA: MUNICIPIO XIV)","NOI MODERATI/LUPI - TOTI - BRUGNARO - UDC","FEDERICO FRENI","01/07/1980","ROMA"
"LAZIO 1","LAZIO 1 - U07 (ROMA: MUNICIPIO XIV)","LEGA PER SALVINI PREMIER","FEDERICO FRENI","01/07/1980","ROMA"
"LAZIO 1","LAZIO 1 - U07 (ROMA: MUNICIPIO XIV)","FRATELLI D'ITALIA CON GIORGIA MELONI","FEDERICO FRENI","01/07/1980","ROMA"
"LAZIO 1","LAZIO 1 - U07 (ROMA: MUNICIPIO XIV)","FORZA ITALIA","FEDERICO FRENI","01/07/1980","ROMA"
"LAZIO 2","LAZIO 2 - U01 (VITERBO)","MOVIMENTO 5 STELLE","ROSITA CICORIA","19/10/1973","MONTEFIASCONE (VT)"
"LAZIO 2","LAZIO 2 - U01 (VITERBO)","UNIONE POPOLARE CON DE MAGISTRIS","MASSIMO RANUCCI DETTO STROMBERG","28/07/1977","VITERBO "
"LAZIO 2","LAZIO 2 - U01 (VITERBO)","NOI MODERATI/LUPI - TOTI - BRUGNARO - UDC","MAURO ROTELLI","02/04/1971","VITERBO"
"LAZIO 2","LAZIO 2 - U01 (VITERBO)","LEGA PER SALVINI PREMIER","MAURO ROTELLI","02/04/1971","VITERBO"
"LAZIO 2","LAZIO 2 - U01 (VITERBO)","FORZA ITALIA","MAURO ROTELLI","02/04/1971","VITERBO"
"LAZIO 2","LAZIO 2 - U01 (VITERBO)","FRATELLI D'ITALIA CON GIORGIA MELONI","MAURO ROTELLI","02/04/1971","VITERBO"
"LAZIO 2","LAZIO 2 - U01 (VITERBO)","ITALEXIT PER L'ITALIA","STEFANIA RANIERI","26/12/1972","ROMA"
"LAZIO 2","LAZIO 2 - U01 (VITERBO)","PARTITO DEMOCRATICO - ITALIA DEMOCRATICA E PROGRESSISTA","LINDA FERRETTI","18/04/1978","ROMA"
"LAZIO 2","LAZIO 2 - U01 (VITERBO)","ALLEANZA VERDI E SINISTRA","LINDA FERRETTI","18/04/1978","ROMA"
"LAZIO 2","LAZIO 2 - U01 (VITERBO)"," +EUROPA","LINDA FERRETTI","18/04/1978","ROMA"
"LAZIO 2","LAZIO 2 - U01 (VITERBO)","IMPEGNO CIVICO LUIGI DI MAIO - CENTRO DEMOCRATICO","LINDA FERRETTI","18/04/1978","ROMA"
"LAZIO 2","LAZIO 2 - U01 (VITERBO)","ITALIA SOVRANA E POPOLARE","ANDREA NISI","10/02/1962","ROMA"
"LAZIO 2","LAZIO 2 - U01 (VITERBO)","AZIONE - ITALIA VIVA - CALENDA","LISETTA CIAMBELLA DETTA LUISA","23/11/1978","CIVITA CASTELLANA (VT)"
"LAZIO 2","LAZIO 2 - U02 (RIETI)","MOVIMENTO 5 STELLE","ROBERTO CASANICA","11/01/1969","RIETI"
"LAZIO 2","LAZIO 2 - U02 (RIETI)","UNIONE POPOLARE CON DE MAGISTRIS","SARA MAROCCHI","17/03/1986","ROMA"
"LAZIO 2","LAZIO 2 - U02 (RIETI)","NOI MODERATI/LUPI - TOTI - BRUGNARO - UDC","PAOLO TRANCASSINI","29/06/1963","ROMA"
"LAZIO 2","LAZIO 2 - U02 (RIETI)","LEGA PER SALVINI PREMIER","PAOLO TRANCASSINI","29/06/1963","ROMA"
"LAZIO 2","LAZIO 2 - U02 (RIETI)","FORZA ITALIA","PAOLO TRANCASSINI","29/06/1963","ROMA"
"LAZIO 2","LAZIO 2 - U02 (RIETI)","FRATELLI D'ITALIA CON GIORGIA MELONI","PAOLO TRANCASSINI","29/06/1963","ROMA"
"LAZIO 2","LAZIO 2 - U02 (RIETI)","ITALEXIT PER L'ITALIA","ALESSIO CATONI","20/12/1982","ROMA"
"LAZIO 2","LAZIO 2 - U02 (RIETI)","PARTITO DEMOCRATICO - ITALIA DEMOCRATICA E PROGRESSISTA","ALESSANDRA CLEMENTINI","29/10/1978","ROMA"
"LAZIO 2","LAZIO 2 - U02 (RIETI)","ALLEANZA VERDI E SINISTRA","ALESSANDRA CLEMENTINI","29/10/1978","ROMA"
"LAZIO 2","LAZIO 2 - U02 (RIETI)"," +EUROPA","ALESSANDRA CLEMENTINI","29/10/1978","ROMA"
"LAZIO 2","LAZIO 2 - U02 (RIETI)","IMPEGNO CIVICO LUIGI DI MAIO - CENTRO DEMOCRATICO","ALESSANDRA CLEMENTINI","29/10/1978","ROMA"
"LAZIO 2","LAZIO 2 - U02 (RIETI)","ITALIA SOVRANA E POPOLARE","NICOLETTA CAROTTI","17/04/1977","RIETI"
"LAZIO 2","LAZIO 2 - U02 (RIETI)","AZIONE - ITALIA VIVA - CALENDA","VINCENZO MARCORELLI","26/02/1977","ROMA"
"LAZIO 2","LAZIO 2 - U03 (LATINA)","MOVIMENTO 5 STELLE","GIANLUCA BONO","13/08/1970","ROMA"
"LAZIO 2","LAZIO 2 - U03 (LATINA)","UNIONE POPOLARE CON DE MAGISTRIS","FRANCESCA MALARA","26/09/1973","ROMA"
"LAZIO 2","LAZIO 2 - U03 (LATINA)","NOI MODERATI/LUPI - TOTI - BRUGNARO - UDC","CHIARA COLOSIMO","02/06/1986","ROMA"
"LAZIO 2","LAZIO 2 - U03 (LATINA)","LEGA PER SALVINI PREMIER","CHIARA COLOSIMO","02/06/1986","ROMA"
"LAZIO 2","LAZIO 2 - U03 (LATINA)","FORZA ITALIA","CHIARA COLOSIMO","02/06/1986","ROMA"
"LAZIO 2","LAZIO 2 - U03 (LATINA)","FRATELLI D'ITALIA CON GIORGIA MELONI","CHIARA COLOSIMO","02/06/1986","ROMA"
"LAZIO 2","LAZIO 2 - U03 (LATINA)","ITALEXIT PER L'ITALIA","GIUSEPPE BARBARO","22/08/1958","ROMA"
"LAZIO 2","LAZIO 2 - U03 (LATINA)","PARTITO DEMOCRATICO - ITALIA DEMOCRATICA E PROGRESSISTA","TOMMASO MALANDRUCCOLO","16/01/1968","LATINA"
"LAZIO 2","LAZIO 2 - U03 (LATINA)","ALLEANZA VERDI E SINISTRA","TOMMASO MALANDRUCCOLO","16/01/1968","LATINA"
"LAZIO 2","LAZIO 2 - U03 (LATINA)"," +EUROPA","TOMMASO MALANDRUCCOLO","16/01/1968","LATINA"
"LAZIO 2","LAZIO 2 - U03 (LATINA)","IMPEGNO CIVICO LUIGI DI MAIO - CENTRO DEMOCRATICO","TOMMASO MALANDRUCCOLO","16/01/1968","LATINA"
"LAZIO 2","LAZIO 2 - U03 (LATINA)","ITALIA SOVRANA E POPOLARE","FABRIZIO MARCHI","09/11/1958","ROMA"
"LAZIO 2","LAZIO 2 - U03 (LATINA)","AZIONE - ITALIA VIVA - CALENDA","TIZIANO LAURI","03/08/1991","LATINA"
"LAZIO 2","LAZIO 2 - U04 (FROSINONE)","MOVIMENTO 5 STELLE","ILARIA FONTANA","26/06/1984","ALATRI (FR)"
"LAZIO 2","LAZIO 2 - U04 (FROSINONE)","UNIONE POPOLARE CON DE MAGISTRIS","SONIA SALE","16/01/1984","COLLEFERRO (RM)"
"LAZIO 2","LAZIO 2 - U04 (FROSINONE)","NOI MODERATI/LUPI - TOTI - BRUGNARO - UDC","MASSIMO RUSPANDINI","20/06/1973","CECCANO (FR)"
"LAZIO 2","LAZIO 2 - U04 (FROSINONE)","LEGA PER SALVINI PREMIER","MASSIMO RUSPANDINI","20/06/1973","CECCANO (FR)"
"LAZIO 2","LAZIO 2 - U04 (FROSINONE)","FORZA ITALIA","MASSIMO RUSPANDINI","20/06/1973","CECCANO (FR)"
"LAZIO 2","LAZIO 2 - U04 (FROSINONE)","FRATELLI D'ITALIA CON GIORGIA MELONI","MASSIMO RUSPANDINI","20/06/1973","CECCANO (FR)"
"LAZIO 2","LAZIO 2 - U04 (FROSINONE)","ITALEXIT PER L'ITALIA","DAMIANA FIAMMENGHI","25/09/1984","ROMA"
"LAZIO 2","LAZIO 2 - U04 (FROSINONE)","PARTITO DEMOCRATICO - ITALIA DEMOCRATICA E PROGRESSISTA","ANDREA TURRIZIANI","04/09/1974","FROSINONE"
"LAZIO 2","LAZIO 2 - U04 (FROSINONE)","ALLEANZA VERDI E SINISTRA","ANDREA TURRIZIANI","04/09/1974","FROSINONE"
"LAZIO 2","LAZIO 2 - U04 (FROSINONE)"," +EUROPA","ANDREA TURRIZIANI","04/09/1974","FROSINONE"
"LAZIO 2","LAZIO 2 - U04 (FROSINONE)","IMPEGNO CIVICO LUIGI DI MAIO - CENTRO DEMOCRATICO","ANDREA TURRIZIANI","04/09/1974","FROSINONE"
"LAZIO 2","LAZIO 2 - U04 (FROSINONE)","ITALIA SOVRANA E POPOLARE","PAOLO DI RUZZA","11/01/1980","SORA (FR)"
"LAZIO 2","LAZIO 2 - U04 (FROSINONE)","AZIONE - ITALIA VIVA - CALENDA","STEFANO CARDUCCI","30/12/1976","ISOLA DEL LIRI (FR)"
"LAZIO 2","LAZIO 2 - U05 (TERRACINA)","MOVIMENTO 5 STELLE","ANNA MATTIELLO","07/10/1985","CAPUA (CE)"
"LAZIO 2","LAZIO 2 - U05 (TERRACINA)","UNIONE POPOLARE CON DE MAGISTRIS","MADD? GUGLIELMO","19/01/1972","WIESBADEN (GERMANIA)"
"LAZIO 2","LAZIO 2 - U05 (TERRACINA)","NOI MODERATI/LUPI - TOTI - BRUGNARO - UDC","NICOLA OTTAVIANI","21/07/1968","FROSINONE"
"LAZIO 2","LAZIO 2 - U05 (TERRACINA)","LEGA PER SALVINI PREMIER","NICOLA OTTAVIANI","21/07/1968","FROSINONE"
"LAZIO 2","LAZIO 2 - U05 (TERRACINA)","FORZA ITALIA","NICOLA OTTAVIANI","21/07/1968","FROSINONE"
"LAZIO 2","LAZIO 2 - U05 (TERRACINA)","FRATELLI D'ITALIA CON GIORGIA MELONI","NICOLA OTTAVIANI","21/07/1968","FROSINONE"
"LAZIO 2","LAZIO 2 - U05 (TERRACINA)","ITALEXIT PER L'ITALIA","COSMO MAMMOLETTA","04/02/1976","FORMIA (LT)"
"LAZIO 2","LAZIO 2 - U05 (TERRACINA)","PARTITO DEMOCRATICO - ITALIA DEMOCRATICA E PROGRESSISTA","RITA VISINI","19/02/1966","TERRACINA (LT)"
"LAZIO 2","LAZIO 2 - U05 (TERRACINA)","ALLEANZA VERDI E SINISTRA","RITA VISINI","19/02/1966","TERRACINA (LT)"
"LAZIO 2","LAZIO 2 - U05 (TERRACINA)"," +EUROPA","RITA VISINI","19/02/1966","TERRACINA (LT)"
"LAZIO 2","LAZIO 2 - U05 (TERRACINA)","IMPEGNO CIVICO LUIGI DI MAIO - CENTRO DEMOCRATICO","RITA VISINI","19/02/1966","TERRACINA (LT)"
"LAZIO 2","LAZIO 2 - U05 (TERRACINA)","ITALIA SOVRANA E POPOLARE","MAURIZIO RECCHIA","28/11/1953","TERRACINA (LT)"
"LAZIO 2","LAZIO 2 - U05 (TERRACINA)","AZIONE - ITALIA VIVA - CALENDA","ELISA VENTURO","10/01/1987","FORMIA (LT)"
"ABRUZZO","ABRUZZO - U01 (CHIETI)","PARTITO DEMOCRATICO - ITALIA DEMOCRATICA E PROGRESSISTA","ELISABETTA   MERLINO","15/08/1969","SIENA"
"ABRUZZO","ABRUZZO - U01 (CHIETI)","ALLEANZA VERDI E SINISTRA","ELISABETTA   MERLINO","15/08/1969","SIENA"
"ABRUZZO","ABRUZZO - U01 (CHIETI)","IMPEGNO CIVICO LUIGI DI MAIO - CENTRO DEMOCRATICO","ELISABETTA   MERLINO","15/08/1969","SIENA"
"ABRUZZO","ABRUZZO - U01 (CHIETI)"," +EUROPA","ELISABETTA   MERLINO","15/08/1969","SIENA"
"ABRUZZO","ABRUZZO - U01 (CHIETI)","SUD CHIAMA NORD","EDDA GIUBERTI","20/04/1979","PRATO"
"ABRUZZO","ABRUZZO - U01 (CHIETI)","AZIONE - ITALIA VIVA - CALENDA","GAETANO LUIGI FUIANO","27/09/1962","CHIETI"
"ABRUZZO","ABRUZZO - U01 (CHIETI)","FORZA ITALIA","ALBERTO BAGNAI","10/12/1962","FIRENZE"
"ABRUZZO","ABRUZZO - U01 (CHIETI)","FRATELLI D'ITALIA CON GIORGIA MELONI","ALBERTO BAGNAI","10/12/1962","FIRENZE"
"ABRUZZO","ABRUZZO - U01 (CHIETI)","LEGA PER SALVINI PREMIER","ALBERTO BAGNAI","10/12/1962","FIRENZE"
"ABRUZZO","ABRUZZO - U01 (CHIETI)","NOI MODERATI/LUPI - TOTI - BRUGNARO - UDC","ALBERTO BAGNAI","10/12/1962","FIRENZE"
"ABRUZZO","ABRUZZO - U01 (CHIETI)","UNIONE POPOLARE CON DE MAGISTRIS","AMANDA DE MENNA","10/09/1974","GUARDIAGRELE (CH)"
"ABRUZZO","ABRUZZO - U01 (CHIETI)","VITA","DONATO TROVARELLI","12/09/1949","PESCARA"
"ABRUZZO","ABRUZZO - U01 (CHIETI)","ITALEXIT PER L'ITALIA","GIANNI CORREGGIARI","12/12/1956","BOLOGNA"
"ABRUZZO","ABRUZZO - U01 (CHIETI)","ALTERNATIVA PER L'ITALIA - NO GREEN PASS","ELENA TONIATO ","20/12/1959","TRADATE (VA)"
"ABRUZZO","ABRUZZO - U01 (CHIETI)","MOVIMENTO 5 STELLE","CARMELA GRIPPA","18/01/1973","LUCERA (FG)"
"ABRUZZO","ABRUZZO - U01 (CHIETI)","ITALIA SOVRANA E POPOLARE","NOBILE DELL'OREFICE","29/05/1973","ATESSA (CH)"
"ABRUZZO","ABRUZZO - U02 (PESCARA)","PARTITO DEMOCRATICO - ITALIA DEMOCRATICA E PROGRESSISTA","LUCIANO  DI LORITO ","06/06/1971","PESCARA "
"ABRUZZO","ABRUZZO - U02 (PESCARA)","ALLEANZA VERDI E SINISTRA","LUCIANO  DI LORITO ","06/06/1971","PESCARA "
"ABRUZZO","ABRUZZO - U02 (PESCARA)","IMPEGNO CIVICO LUIGI DI MAIO - CENTRO DEMOCRATICO","LUCIANO  DI LORITO ","06/06/1971","PESCARA "
"ABRUZZO","ABRUZZO - U02 (PESCARA)"," +EUROPA","LUCIANO  DI LORITO ","06/06/1971","PESCARA "
"ABRUZZO","ABRUZZO - U02 (PESCARA)","SUD CHIAMA NORD","ROSSELLA SORCE","25/09/1986","AGRIGENTO"
"ABRUZZO","ABRUZZO - U02 (PESCARA)","AZIONE - ITALIA VIVA - CALENDA","ROBERTO QUERCIA","16/04/1967","NAPOLI"
"ABRUZZO","ABRUZZO - U02 (PESCARA)","FORZA ITALIA","GUERINO TESTA","16/03/1970","PESCARA"
"ABRUZZO","ABRUZZO - U02 (PESCARA)","FRATELLI D'ITALIA CON GIORGIA MELONI","GUERINO TESTA","16/03/1970","PESCARA"
"ABRUZZO","ABRUZZO - U02 (PESCARA)","LEGA PER SALVINI PREMIER","GUERINO TESTA","16/03/1970","PESCARA"
"ABRUZZO","ABRUZZO - U02 (PESCARA)","NOI MODERATI/LUPI - TOTI - BRUGNARO - UDC","GUERINO TESTA","16/03/1970","PESCARA"
"ABRUZZO","ABRUZZO - U02 (PESCARA)","UNIONE POPOLARE CON DE MAGISTRIS","EMANUELE MANCINELLI","12/09/1982","PESCARA"
"ABRUZZO","ABRUZZO - U02 (PESCARA)","VITA","ANNA RITA IANNETTI","26/08/1953","BRITTOLI (PE)"
"ABRUZZO","ABRUZZO - U02 (PESCARA)","ITALEXIT PER L'ITALIA","GIUSTINO D'UVA","17/10/1992","ISERNIA"
"ABRUZZO","ABRUZZO - U02 (PESCARA)","ALTERNATIVA PER L'ITALIA - NO GREEN PASS","CLEMENTINO  CROSTA","13/02/1984","PENNE (PE)"
"ABRUZZO","ABRUZZO - U02 (PESCARA)","MOVIMENTO 5 STELLE","DANIELE CARUSO","26/08/1986","PESCINA (AQ)"
"ABRUZZO","ABRUZZO - U02 (PESCARA)","ITALIA SOVRANA E POPOLARE","LORENZO D'ONOFRIO","17/10/1976","ORTONA (CH)"
"ABRUZZO","ABRUZZO - U03 (L'AQUILA)","PARTITO DEMOCRATICO - ITALIA DEMOCRATICA E PROGRESSISTA","RITA INNOCENZI","28/06/1970","L'AQUILA"
"ABRUZZO","ABRUZZO - U03 (L'AQUILA)","ALLEANZA VERDI E SINISTRA","RITA INNOCENZI","28/06/1970","L'AQUILA"
"ABRUZZO","ABRUZZO - U03 (L'AQUILA)","IMPEGNO CIVICO LUIGI DI MAIO - CENTRO DEMOCRATICO","RITA INNOCENZI","28/06/1970","L'AQUILA"
"ABRUZZO","ABRUZZO - U03 (L'AQUILA)"," +EUROPA","RITA INNOCENZI","28/06/1970","L'AQUILA"
"ABRUZZO","ABRUZZO - U03 (L'AQUILA)","SUD CHIAMA NORD","STEFANO D'AMICO","18/05/1980","TOCCO DA CASAURIA (PE)"
"ABRUZZO","ABRUZZO - U03 (L'AQUILA)","AZIONE - ITALIA VIVA - CALENDA","EMANUELA PISTOIA","01/03/1972","ROMA"
"ABRUZZO","ABRUZZO - U03 (L'AQUILA)","FORZA ITALIA","GIORGIA MELONI","15/01/1977","ROMA"
"ABRUZZO","ABRUZZO - U03 (L'AQUILA)","FRATELLI D'ITALIA CON GIORGIA MELONI","GIORGIA MELONI","15/01/1977","ROMA"
"ABRUZZO","ABRUZZO - U03 (L'AQUILA)","LEGA PER SALVINI PREMIER","GIORGIA MELONI","15/01/1977","ROMA"
"ABRUZZO","ABRUZZO - U03 (L'AQUILA)","NOI MODERATI/LUPI - TOTI - BRUGNARO - UDC","GIORGIA MELONI","15/01/1977","ROMA"
"ABRUZZO","ABRUZZO - U03 (L'AQUILA)","UNIONE POPOLARE CON DE MAGISTRIS","NICOLA STORNELLI","28/11/1971","AVEZZANO (AQ)"
"ABRUZZO","ABRUZZO - U03 (L'AQUILA)","VITA","ENEA GIANCATERINO","06/02/1963","ACCIANO (AQ)"
"ABRUZZO","ABRUZZO - U03 (L'AQUILA)","ITALEXIT PER L'ITALIA","ARIANNA SALVATORE","11/06/1972","CHIETI"
"ABRUZZO","ABRUZZO - U03 (L'AQUILA)","ALTERNATIVA PER L'ITALIA - NO GREEN PASS","ALESSANDRA ACCIARO","04/04/1985","ROMA"
"ABRUZZO","ABRUZZO - U03 (L'AQUILA)","MOVIMENTO 5 STELLE","ATTILIO D'ANDREA","06/06/1980","POPOLI  (PE)"
"ABRUZZO","ABRUZZO - U03 (L'AQUILA)","ITALIA SOVRANA E POPOLARE","DANIELA FRANCIOSI","13/02/1970","AVEZZANO (AQ)"
"MOLISE","MOLISE - U01 (CAMPOBASSO)","ITALIA SOVRANA E POPOLARE","GIOVANNI MORIELLO","26/01/1981","FOGGIA"
"MOLISE","MOLISE - U01 (CAMPOBASSO)","PARTITO DEMOCRATICO - ITALIA DEMOCRATICA E PROGRESSISTA","ALESSANDRA SALVATORE","14/01/1976","CAMPOBASSO"
"MOLISE","MOLISE - U01 (CAMPOBASSO)","ALLEANZA VERDI E SINISTRA","ALESSANDRA SALVATORE","14/01/1976","CAMPOBASSO"
"MOLISE","MOLISE - U01 (CAMPOBASSO)","IMPEGNO CIVICO LUIGI DI MAIO - CENTRO DEMOCRATICO","ALESSANDRA SALVATORE","14/01/1976","CAMPOBASSO"
"MOLISE","MOLISE - U01 (CAMPOBASSO)"," +EUROPA","ALESSANDRA SALVATORE","14/01/1976","CAMPOBASSO"
"MOLISE","MOLISE - U01 (CAMPOBASSO)","FORZA ITALIA","LORENZO CESA","16/08/1951","ARCINAZZO ROMANO"
"MOLISE","MOLISE - U01 (CAMPOBASSO)","LEGA PER SALVINI PREMIER","LORENZO CESA","16/08/1951","ARCINAZZO ROMANO"
"MOLISE","MOLISE - U01 (CAMPOBASSO)","NOI MODERATI/LUPI - TOTI - BRUGNARO - UDC","LORENZO CESA","16/08/1951","ARCINAZZO ROMANO"
"MOLISE","MOLISE - U01 (CAMPOBASSO)","FRATELLI D'ITALIA CON GIORGIA MELONI","LORENZO CESA","16/08/1951","ARCINAZZO ROMANO"
"MOLISE","MOLISE - U01 (CAMPOBASSO)","AZIONE - ITALIA VIVA - CALENDA","DONATO D'AMBROSIO","30/05/1984","TERMOLI"
"MOLISE","MOLISE - U01 (CAMPOBASSO)","MASTELLA NOI DI CENTRO EUROPEISTI","WILLIAM CIARALLO","24/09/1982","CAMPOBASSO"
"MOLISE","MOLISE - U01 (CAMPOBASSO)","UNIONE POPOLARE CON DE MAGISTRIS","HIKMET ASLAN","20/05/1972","GOKCEPINAR"
"MOLISE","MOLISE - U01 (CAMPOBASSO)","MOVIMENTO 5 STELLE","RICCARDO DI PALMA","10/04/1997","CAMPOBASSO"
"CAMPANIA 1","CAMPANIA 1 - U01 (GIUGLIANO IN CAMPANIA)","UNIONE POPOLARE CON DE MAGISTRIS","FRANCESCA LICATA","25/05/1970","TORRE DEL GRECO (NA)"
"CAMPANIA 1","CAMPANIA 1 - U01 (GIUGLIANO IN CAMPANIA)","MASTELLA NOI DI CENTRO EUROPEISTI","FRANCESCO SANTORO","16/06/1988","NAPOLI"
"CAMPANIA 1","CAMPANIA 1 - U01 (GIUGLIANO IN CAMPANIA)","FRATELLI D'ITALIA CON GIORGIA MELONI","DOMENICO BRESCIA","09/10/1993","NAPOLI"
"CAMPANIA 1","CAMPANIA 1 - U01 (GIUGLIANO IN CAMPANIA)","FORZA ITALIA","DOMENICO BRESCIA","09/10/1993","NAPOLI"
"CAMPANIA 1","CAMPANIA 1 - U01 (GIUGLIANO IN CAMPANIA)","LEGA PER SALVINI PREMIER","DOMENICO BRESCIA","09/10/1993","NAPOLI"
"CAMPANIA 1","CAMPANIA 1 - U01 (GIUGLIANO IN CAMPANIA)","NOI MODERATI/LUPI - TOTI - BRUGNARO - UDC","DOMENICO BRESCIA","09/10/1993","NAPOLI"
"CAMPANIA 1","CAMPANIA 1 - U01 (GIUGLIANO IN CAMPANIA)","MOVIMENTO 5 STELLE","ANTONIO CASO","05/02/1984","NAPOLI"
"CAMPANIA 1","CAMPANIA 1 - U01 (GIUGLIANO IN CAMPANIA)","IMPEGNO CIVICO LUIGI DI MAIO - CENTRO DEMOCRATICO","FIORELLA ZABATTA","18/01/1974","NAPOLI"
"CAMPANIA 1","CAMPANIA 1 - U01 (GIUGLIANO IN CAMPANIA)","ALLEANZA VERDI E SINISTRA","FIORELLA ZABATTA","18/01/1974","NAPOLI"
"CAMPANIA 1","CAMPANIA 1 - U01 (GIUGLIANO IN CAMPANIA)"," +EUROPA","FIORELLA ZABATTA","18/01/1974","NAPOLI"
"CAMPANIA 1","CAMPANIA 1 - U01 (GIUGLIANO IN CAMPANIA)","PARTITO DEMOCRATICO - ITALIA DEMOCRATICA E PROGRESSISTA","FIORELLA ZABATTA","18/01/1974","NAPOLI"
"CAMPANIA 1","CAMPANIA 1 - U01 (GIUGLIANO IN CAMPANIA)","ITALEXIT PER L'ITALIA","SIMONA BOCCUTI","25/09/1974","ROMA"
"CAMPANIA 1","CAMPANIA 1 - U01 (GIUGLIANO IN CAMPANIA)","AZIONE - ITALIA VIVA - CALENDA","VINCENZO DANIELE","14/12/1968","POZZUOLI (NA)"
"CAMPANIA 1","CAMPANIA 1 - U01 (GIUGLIANO IN CAMPANIA)","ITALIA SOVRANA E POPOLARE","CARLO COPPOLA","02/12/1952","PONTECAGNANO FAIANO (SA)"
"CAMPANIA 1","CAMPANIA 1 - U02 (NAPOLI: QUARTIERE 19 - FUORIGROTTA)","UNIONE POPOLARE CON DE MAGISTRIS","DOMENICO CIRUZZI DETTO MIMMO","27/06/1954","LECCE"
"CAMPANIA 1","CAMPANIA 1 - U02 (NAPOLI: QUARTIERE 19 - FUORIGROTTA)","MASTELLA NOI DI CENTRO EUROPEISTI","ANGELA BAIANO","24/07/1975","NAPOLI"
"CAMPANIA 1","CAMPANIA 1 - U02 (NAPOLI: QUARTIERE 19 - FUORIGROTTA)","FRATELLI D'ITALIA CON GIORGIA MELONI","MARIAROSARIA ROSSI","08/03/1972","PIEDIMONTE MATESE (CE)"
"CAMPANIA 1","CAMPANIA 1 - U02 (NAPOLI: QUARTIERE 19 - FUORIGROTTA)","FORZA ITALIA","MARIAROSARIA ROSSI","08/03/1972","PIEDIMONTE MATESE (CE)"
"CAMPANIA 1","CAMPANIA 1 - U02 (NAPOLI: QUARTIERE 19 - FUORIGROTTA)","LEGA PER SALVINI PREMIER","MARIAROSARIA ROSSI","08/03/1972","PIEDIMONTE MATESE (CE)"
"CAMPANIA 1","CAMPANIA 1 - U02 (NAPOLI: QUARTIERE 19 - FUORIGROTTA)","NOI MODERATI/LUPI - TOTI - BRUGNARO - UDC","MARIAROSARIA ROSSI","08/03/1972","PIEDIMONTE MATESE (CE)"
"CAMPANIA 1","CAMPANIA 1 - U02 (NAPOLI: QUARTIERE 19 - FUORIGROTTA)","MOVIMENTO 5 STELLE","SERGIO COSTA","22/04/1959","NAPOLI"
"CAMPANIA 1","CAMPANIA 1 - U02 (NAPOLI: QUARTIERE 19 - FUORIGROTTA)","IMPEGNO CIVICO LUIGI DI MAIO - CENTRO DEMOCRATICO","LUIGI DI MAIO","06/07/1986","AVELLINO"
"CAMPANIA 1","CAMPANIA 1 - U02 (NAPOLI: QUARTIERE 19 - FUORIGROTTA)","ALLEANZA VERDI E SINISTRA","LUIGI DI MAIO","06/07/1986","AVELLINO"
"CAMPANIA 1","CAMPANIA 1 - U02 (NAPOLI: QUARTIERE 19 - FUORIGROTTA)"," +EUROPA","LUIGI DI MAIO","06/07/1986","AVELLINO"
"CAMPANIA 1","CAMPANIA 1 - U02 (NAPOLI: QUARTIERE 19 - FUORIGROTTA)","PARTITO DEMOCRATICO - ITALIA DEMOCRATICA E PROGRESSISTA","LUIGI DI MAIO","06/07/1986","AVELLINO"
"CAMPANIA 1","CAMPANIA 1 - U02 (NAPOLI: QUARTIERE 19 - FUORIGROTTA)","ITALEXIT PER L'ITALIA","FRANCESCO  AMODEO","11/06/1977","NAPOLI"
"CAMPANIA 1","CAMPANIA 1 - U02 (NAPOLI: QUARTIERE 19 - FUORIGROTTA)","AZIONE - ITALIA VIVA - CALENDA","MARIA ROSARIA CARFAGNA","18/12/1975","SALERNO"
"CAMPANIA 1","CAMPANIA 1 - U02 (NAPOLI: QUARTIERE 19 - FUORIGROTTA)","ITALIA SOVRANA E POPOLARE","ROSA SPADAFORA","09/05/1968","COSENZA"
"CAMPANIA 1","CAMPANIA 1 - U03 (NAPOLI: QUARTIERE 7 - SAN CARLO ALL'ARENA)","UNIONE POPOLARE CON DE MAGISTRIS","LUIGI DE MAGISTRIS","20/06/1967","NAPOLI"
"CAMPANIA 1","CAMPANIA 1 - U03 (NAPOLI: QUARTIERE 7 - SAN CARLO ALL'ARENA)","MASTELLA NOI DI CENTRO EUROPEISTI","SALVATORE SCARFIGLIERI","24/12/1962","NAPOLI"
"CAMPANIA 1","CAMPANIA 1 - U03 (NAPOLI: QUARTIERE 7 - SAN CARLO ALL'ARENA)","FRATELLI D'ITALIA CON GIORGIA MELONI","GIUSEPPE PECORARO","20/03/1950","PALMA CAMPANIA (NA)"
"CAMPANIA 1","CAMPANIA 1 - U03 (NAPOLI: QUARTIERE 7 - SAN CARLO ALL'ARENA)","FORZA ITALIA","GIUSEPPE PECORARO","20/03/1950","PALMA CAMPANIA (NA)"
"CAMPANIA 1","CAMPANIA 1 - U03 (NAPOLI: QUARTIERE 7 - SAN CARLO ALL'ARENA)","LEGA PER SALVINI PREMIER","GIUSEPPE PECORARO","20/03/1950","PALMA CAMPANIA (NA)"
"CAMPANIA 1","CAMPANIA 1 - U03 (NAPOLI: QUARTIERE 7 - SAN CARLO ALL'ARENA)","NOI MODERATI/LUPI - TOTI - BRUGNARO - UDC","GIUSEPPE PECORARO","20/03/1950","PALMA CAMPANIA (NA)"
"CAMPANIA 1","CAMPANIA 1 - U03 (NAPOLI: QUARTIERE 7 - SAN CARLO ALL'ARENA)","MOVIMENTO 5 STELLE","DARIO CAROTENUTO","11/02/1978","NAPOLI"
"CAMPANIA 1","CAMPANIA 1 - U03 (NAPOLI: QUARTIERE 7 - SAN CARLO ALL'ARENA)","IMPEGNO CIVICO LUIGI DI MAIO - CENTRO DEMOCRATICO","FABRIZIO FERRANDELLI","15/09/1980","PALERMO"
"CAMPANIA 1","CAMPANIA 1 - U03 (NAPOLI: QUARTIERE 7 - SAN CARLO ALL'ARENA)","ALLEANZA VERDI E SINISTRA","FABRIZIO FERRANDELLI","15/09/1980","PALERMO"
"CAMPANIA 1","CAMPANIA 1 - U03 (NAPOLI: QUARTIERE 7 - SAN CARLO ALL'ARENA)"," +EUROPA","FABRIZIO FERRANDELLI","15/09/1980","PALERMO"
"CAMPANIA 1","CAMPANIA 1 - U03 (NAPOLI: QUARTIERE 7 - SAN CARLO ALL'ARENA)","PARTITO DEMOCRATICO - ITALIA DEMOCRATICA E PROGRESSISTA","FABRIZIO FERRANDELLI","15/09/1980","PALERMO"
"CAMPANIA 1","CAMPANIA 1 - U03 (NAPOLI: QUARTIERE 7 - SAN CARLO ALL'ARENA)","ITALEXIT PER L'ITALIA","PIERPAOLO FONTANA","15/03/1968","NAPOLI"
"CAMPANIA 1","CAMPANIA 1 - U03 (NAPOLI: QUARTIERE 7 - SAN CARLO ALL'ARENA)","AZIONE - ITALIA VIVA - CALENDA","CATERINA CERNICCHIARO","11/08/1969","MARATEA (PZ)"
"CAMPANIA 1","CAMPANIA 1 - U03 (NAPOLI: QUARTIERE 7 - SAN CARLO ALL'ARENA)","ITALIA SOVRANA E POPOLARE","MICHELE LIGUORI","04/03/1981","NAPOLI"
"CAMPANIA 1","CAMPANIA 1 - U04 (CASORIA)","UNIONE POPOLARE CON DE MAGISTRIS","GENNARO MALLOZZI","10/08/1973","CASANDRINO (NA)"
"CAMPANIA 1","CAMPANIA 1 - U04 (CASORIA)","MASTELLA NOI DI CENTRO EUROPEISTI","GIOVANNI PELUSO","19/09/1971","NAPOLI"
"CAMPANIA 1","CAMPANIA 1 - U04 (CASORIA)","FRATELLI D'ITALIA CON GIORGIA MELONI","MONICA MAISTO","08/11/1977","VILLARICCA (NA)"
"CAMPANIA 1","CAMPANIA 1 - U04 (CASORIA)","FORZA ITALIA","MONICA MAISTO","08/11/1977","VILLARICCA (NA)"
"CAMPANIA 1","CAMPANIA 1 - U04 (CASORIA)","LEGA PER SALVINI PREMIER","MONICA MAISTO","08/11/1977","VILLARICCA (NA)"
"CAMPANIA 1","CAMPANIA 1 - U04 (CASORIA)","NOI MODERATI/LUPI - TOTI - BRUGNARO - UDC","MONICA MAISTO","08/11/1977","VILLARICCA (NA)"
"CAMPANIA 1","CAMPANIA 1 - U04 (CASORIA)","MOVIMENTO 5 STELLE","PASQUALINO PENZA","16/01/1986","NAPOLI"
"CAMPANIA 1","CAMPANIA 1 - U04 (CASORIA)","IMPEGNO CIVICO LUIGI DI MAIO - CENTRO DEMOCRATICO","VINCENZO SPADAFORA","12/03/1974","AFRAGOLA (NA)"
"CAMPANIA 1","CAMPANIA 1 - U04 (CASORIA)","ALLEANZA VERDI E SINISTRA","VINCENZO SPADAFORA","12/03/1974","AFRAGOLA (NA)"
"CAMPANIA 1","CAMPANIA 1 - U04 (CASORIA)"," +EUROPA","VINCENZO SPADAFORA","12/03/1974","AFRAGOLA (NA)"
"CAMPANIA 1","CAMPANIA 1 - U04 (CASORIA)","PARTITO DEMOCRATICO - ITALIA DEMOCRATICA E PROGRESSISTA","VINCENZO SPADAFORA","12/03/1974","AFRAGOLA (NA)"
"CAMPANIA 1","CAMPANIA 1 - U04 (CASORIA)","ITALEXIT PER L'ITALIA","CONSIGLIA MIGLIACCIO","12/07/1977","NAPOLI"
"CAMPANIA 1","CAMPANIA 1 - U04 (CASORIA)","AZIONE - ITALIA VIVA - CALENDA","MARIANNA RICCARDI","13/02/1978","NAPOLI"
"CAMPANIA 1","CAMPANIA 1 - U04 (CASORIA)","ITALIA SOVRANA E POPOLARE","MAURIZIO FERRARA","26/10/1965","CASORIA (NA)"
"CAMPANIA 1","CAMPANIA 1 - U05 (ACERRA)","UNIONE POPOLARE CON DE MAGISTRIS","CARMELA CANTONE","02/08/1977","CASERTA"
"CAMPANIA 1","CAMPANIA 1 - U05 (ACERRA)","MASTELLA NOI DI CENTRO EUROPEISTI","ROSA ERMINIA FIENGA","17/06/1977","TORRE ANNUNZIATA (NA)"
"CAMPANIA 1","CAMPANIA 1 - U05 (ACERRA)","FRATELLI D'ITALIA CON GIORGIA MELONI","MARIA CONCETTA DONNARUMMA","25/04/1991","GRAGNANO (NA)"
"CAMPANIA 1","CAMPANIA 1 - U05 (ACERRA)","FORZA ITALIA","MARIA CONCETTA DONNARUMMA","25/04/1991","GRAGNANO (NA)"
"CAMPANIA 1","CAMPANIA 1 - U05 (ACERRA)","LEGA PER SALVINI PREMIER","MARIA CONCETTA DONNARUMMA","25/04/1991","GRAGNANO (NA)"
"CAMPANIA 1","CAMPANIA 1 - U05 (ACERRA)","NOI MODERATI/LUPI - TOTI - BRUGNARO - UDC","MARIA CONCETTA DONNARUMMA","25/04/1991","GRAGNANO (NA)"
"CAMPANIA 1","CAMPANIA 1 - U05 (ACERRA)","MOVIMENTO 5 STELLE","CARMELA AURIEMMA","03/07/1981","MADDALONI (CE)"
"CAMPANIA 1","CAMPANIA 1 - U05 (ACERRA)","IMPEGNO CIVICO LUIGI DI MAIO - CENTRO DEMOCRATICO","PAOLO SIANI","22/08/1955","NAPOLI"
"CAMPANIA 1","CAMPANIA 1 - U05 (ACERRA)","ALLEANZA VERDI E SINISTRA","PAOLO SIANI","22/08/1955","NAPOLI"
"CAMPANIA 1","CAMPANIA 1 - U05 (ACERRA)"," +EUROPA","PAOLO SIANI","22/08/1955","NAPOLI"
"CAMPANIA 1","CAMPANIA 1 - U05 (ACERRA)","PARTITO DEMOCRATICO - ITALIA DEMOCRATICA E PROGRESSISTA","PAOLO SIANI","22/08/1955","NAPOLI"
"CAMPANIA 1","CAMPANIA 1 - U05 (ACERRA)","ITALEXIT PER L'ITALIA","GIUSEPPINA ABATE","21/09/1987","NAPOLI"
"CAMPANIA 1","CAMPANIA 1 - U05 (ACERRA)","AZIONE - ITALIA VIVA - CALENDA","VINCENZO ROMANO","05/03/1975","POMIGLIANO D'ARCO (NA)"
"CAMPANIA 1","CAMPANIA 1 - U05 (ACERRA)","ITALIA SOVRANA E POPOLARE","LUCIA BARONE","19/09/1980","POLLENA TROCCHIA (NA)"
"CAMPANIA 1","CAMPANIA 1 - U06 (SOMMA VESUVIANA)","UNIONE POPOLARE CON DE MAGISTRIS","MICHELE LA PIETRA","19/06/1961","OTTAVIANO (NA)"
"CAMPANIA 1","CAMPANIA 1 - U06 (SOMMA VESUVIANA)","MASTELLA NOI DI CENTRO EUROPEISTI","IDA STRINGILE","26/12/1990","AVELLINO"
"CAMPANIA 1","CAMPANIA 1 - U06 (SOMMA VESUVIANA)","FRATELLI D'ITALIA CON GIORGIA MELONI","MARTA SCHIFONE","09/10/1980","NAPOLI"
"CAMPANIA 1","CAMPANIA 1 - U06 (SOMMA VESUVIANA)","FORZA ITALIA","MARTA SCHIFONE","09/10/1980","NAPOLI"
"CAMPANIA 1","CAMPANIA 1 - U06 (SOMMA VESUVIANA)","LEGA PER SALVINI PREMIER","MARTA SCHIFONE","09/10/1980","NAPOLI"
"CAMPANIA 1","CAMPANIA 1 - U06 (SOMMA VESUVIANA)","NOI MODERATI/LUPI - TOTI - BRUGNARO - UDC","MARTA SCHIFONE","09/10/1980","NAPOLI"
"CAMPANIA 1","CAMPANIA 1 - U06 (SOMMA VESUVIANA)","MOVIMENTO 5 STELLE","CARMELA DI LAURO","24/03/1988","VICO EQUENSE (NA)"
"CAMPANIA 1","CAMPANIA 1 - U06 (SOMMA VESUVIANA)","IMPEGNO CIVICO LUIGI DI MAIO - CENTRO DEMOCRATICO","ENZO PELUSO","02/08/1968","PALMA CAMPANIA (NA)"
"CAMPANIA 1","CAMPANIA 1 - U06 (SOMMA VESUVIANA)","ALLEANZA VERDI E SINISTRA","ENZO PELUSO","02/08/1968","PALMA CAMPANIA (NA)"
"CAMPANIA 1","CAMPANIA 1 - U06 (SOMMA VESUVIANA)"," +EUROPA","ENZO PELUSO","02/08/1968","PALMA CAMPANIA (NA)"
"CAMPANIA 1","CAMPANIA 1 - U06 (SOMMA VESUVIANA)","PARTITO DEMOCRATICO - ITALIA DEMOCRATICA E PROGRESSISTA","ENZO PELUSO","02/08/1968","PALMA CAMPANIA (NA)"
"CAMPANIA 1","CAMPANIA 1 - U06 (SOMMA VESUVIANA)","ITALEXIT PER L'ITALIA","SERGIO DELLE DONNE","04/09/1972","CAPUA (CE)"
"CAMPANIA 1","CAMPANIA 1 - U06 (SOMMA VESUVIANA)","AZIONE - ITALIA VIVA - CALENDA","GIUSEPPA MARIA PIEDEPALUMBO","19/01/1964","POMPEI (NA)"
"CAMPANIA 1","CAMPANIA 1 - U06 (SOMMA VESUVIANA)","ITALIA SOVRANA E POPOLARE","ANGELANTONIO STORTI","01/06/1986","AVELLINO"
"CAMPANIA 1","CAMPANIA 1 - U07 (TORRE DEL GRECO)","UNIONE POPOLARE CON DE MAGISTRIS","MARCO MANNA","22/09/1976","TORRE ANNUNZIATA (NA)"
"CAMPANIA 1","CAMPANIA 1 - U07 (TORRE DEL GRECO)","MASTELLA NOI DI CENTRO EUROPEISTI","GIUSEPPE SORRENTINO","06/10/1970","POMPEI (NA)"
"CAMPANIA 1","CAMPANIA 1 - U07 (TORRE DEL GRECO)","FRATELLI D'ITALIA CON GIORGIA MELONI","ANNARITA PATRIARCA","27/07/1971","NAPOLI"
"CAMPANIA 1","CAMPANIA 1 - U07 (TORRE DEL GRECO)","FORZA ITALIA","ANNARITA PATRIARCA","27/07/1971","NAPOLI"
"CAMPANIA 1","CAMPANIA 1 - U07 (TORRE DEL GRECO)","LEGA PER SALVINI PREMIER","ANNARITA PATRIARCA","27/07/1971","NAPOLI"
"CAMPANIA 1","CAMPANIA 1 - U07 (TORRE DEL GRECO)","NOI MODERATI/LUPI - TOTI - BRUGNARO - UDC","ANNARITA PATRIARCA","27/07/1971","NAPOLI"
"CAMPANIA 1","CAMPANIA 1 - U07 (TORRE DEL GRECO)","MOVIMENTO 5 STELLE","GAETANO AMATO","05/06/1957","CASTELLAMMARE DI STABIA (NA)"
"CAMPANIA 1","CAMPANIA 1 - U07 (TORRE DEL GRECO)","IMPEGNO CIVICO LUIGI DI MAIO - CENTRO DEMOCRATICO","ALESSANDRO RUOTOLO DETTO SANDRO","09/07/1955","NAPOLI"
"CAMPANIA 1","CAMPANIA 1 - U07 (TORRE DEL GRECO)","ALLEANZA VERDI E SINISTRA","ALESSANDRO RUOTOLO DETTO SANDRO","09/07/1955","NAPOLI"
"CAMPANIA 1","CAMPANIA 1 - U07 (TORRE DEL GRECO)"," +EUROPA","ALESSANDRO RUOTOLO DETTO SANDRO","09/07/1955","NAPOLI"
"CAMPANIA 1","CAMPANIA 1 - U07 (TORRE DEL GRECO)","PARTITO DEMOCRATICO - ITALIA DEMOCRATICA E PROGRESSISTA","ALESSANDRO RUOTOLO DETTO SANDRO","09/07/1955","NAPOLI"
"CAMPANIA 1","CAMPANIA 1 - U07 (TORRE DEL GRECO)","ITALEXIT PER L'ITALIA","STEFANIA AVERSA","24/10/1968","NAPOLI"
"CAMPANIA 1","CAMPANIA 1 - U07 (TORRE DEL GRECO)","AZIONE - ITALIA VIVA - CALENDA","BIANCAMARIA BALZANO","14/03/1972","VICO EQUENSE (NA)"
"CAMPANIA 1","CAMPANIA 1 - U07 (TORRE DEL GRECO)","ITALIA SOVRANA E POPOLARE","MONICA NATALI","15/03/1966","ROMA"
"CAMPANIA 2","CAMPANIA 2 - U01 (AVERSA)","PARTITO COMUNISTA ITALIANO","ANGELA DI FOGGIA","13/10/1972","NAPOLI"
"CAMPANIA 2","CAMPANIA 2 - U01 (AVERSA)","UNIONE POPOLARE CON DE MAGISTRIS","ANTONELLA AVOLIO","19/04/1962","PORTICI (NA)"
"CAMPANIA 2","CAMPANIA 2 - U01 (AVERSA)","ALLEANZA VERDI E SINISTRA","VINCENZO SANTAGATA","02/08/1972","NAPOLI"
"CAMPANIA 2","CAMPANIA 2 - U01 (AVERSA)","PARTITO DEMOCRATICO - ITALIA DEMOCRATICA E PROGRESSISTA","VINCENZO SANTAGATA","02/08/1972","NAPOLI"
"CAMPANIA 2","CAMPANIA 2 - U01 (AVERSA)","IMPEGNO CIVICO LUIGI DI MAIO - CENTRO DEMOCRATICO","VINCENZO SANTAGATA","02/08/1972","NAPOLI"
"CAMPANIA 2","CAMPANIA 2 - U01 (AVERSA)"," +EUROPA","VINCENZO SANTAGATA","02/08/1972","NAPOLI"
"CAMPANIA 2","CAMPANIA 2 - U01 (AVERSA)","MASTELLA NOI DI CENTRO EUROPEISTI","GAETANO CERRITO","07/08/1944","SESSA AURUNCA (CE)"
"CAMPANIA 2","CAMPANIA 2 - U01 (AVERSA)","ITALEXIT PER L'ITALIA","SONIA DI CARLUCCIO","01/02/1974","CASERTA"
"CAMPANIA 2","CAMPANIA 2 - U01 (AVERSA)","MOVIMENTO 5 STELLE","GIUSEPPE BUOMPANE","04/09/1982","CASERTA"
"CAMPANIA 2","CAMPANIA 2 - U01 (AVERSA)","PARTITO ANIMALISTA - UCDL - 10 VOLTE MEGLIO","BRUNO CALABRESE","30/03/1963","NAPOLI"
"CAMPANIA 2","CAMPANIA 2 - U01 (AVERSA)","AZIONE - ITALIA VIVA - CALENDA","RICCARDO SCALZONE","30/01/1972","CASAL DI PRINCIPE (CE)"
"CAMPANIA 2","CAMPANIA 2 - U01 (AVERSA)","ITALIA SOVRANA E POPOLARE","ANTONIO PORTO","28/06/1973","FAICCHIO (BN)"
"CAMPANIA 2","CAMPANIA 2 - U01 (AVERSA)","LEGA PER SALVINI PREMIER","GEROLAMO CANGIANO","19/03/1981","GENOVA"
"CAMPANIA 2","CAMPANIA 2 - U01 (AVERSA)","NOI MODERATI/LUPI - TOTI - BRUGNARO - UDC","GEROLAMO CANGIANO","19/03/1981","GENOVA"
"CAMPANIA 2","CAMPANIA 2 - U01 (AVERSA)","FRATELLI D'ITALIA CON GIORGIA MELONI","GEROLAMO CANGIANO","19/03/1981","GENOVA"
"CAMPANIA 2","CAMPANIA 2 - U01 (AVERSA)","FORZA ITALIA","GEROLAMO CANGIANO","19/03/1981","GENOVA"
"CAMPANIA 2","CAMPANIA 2 - U02 (CASERTA)","PARTITO COMUNISTA ITALIANO","VINCENZO SFORZA","07/03/1957","MADDALONI (CE)"
"CAMPANIA 2","CAMPANIA 2 - U02 (CASERTA)","UNIONE POPOLARE CON DE MAGISTRIS","MASSIMO SGROI","28/04/1957","CASERTA"
"CAMPANIA 2","CAMPANIA 2 - U02 (CASERTA)","ALLEANZA VERDI E SINISTRA","FRANCESCA TROVATO DETTA LILIANA","21/04/1953","PETILIA POLICASTRO (KR)"
"CAMPANIA 2","CAMPANIA 2 - U02 (CASERTA)","PARTITO DEMOCRATICO - ITALIA DEMOCRATICA E PROGRESSISTA","FRANCESCA TROVATO DETTA LILIANA","21/04/1953","PETILIA POLICASTRO (KR)"
"CAMPANIA 2","CAMPANIA 2 - U02 (CASERTA)","IMPEGNO CIVICO LUIGI DI MAIO - CENTRO DEMOCRATICO","FRANCESCA TROVATO DETTA LILIANA","21/04/1953","PETILIA POLICASTRO (KR)"
"CAMPANIA 2","CAMPANIA 2 - U02 (CASERTA)"," +EUROPA","FRANCESCA TROVATO DETTA LILIANA","21/04/1953","PETILIA POLICASTRO (KR)"
"CAMPANIA 2","CAMPANIA 2 - U02 (CASERTA)","MASTELLA NOI DI CENTRO EUROPEISTI","ANDREA MARTUSCIELLO","28/02/1979","CASERTA"
"CAMPANIA 2","CAMPANIA 2 - U02 (CASERTA)","ITALEXIT PER L'ITALIA","DIEGO RUOCCO","03/05/1985","NAPOLI"
"CAMPANIA 2","CAMPANIA 2 - U02 (CASERTA)","MOVIMENTO 5 STELLE","DANILO DELLA VALLE","01/02/1983","CAPUA (CE)"
"CAMPANIA 2","CAMPANIA 2 - U02 (CASERTA)","PARTITO ANIMALISTA - UCDL - 10 VOLTE MEGLIO","SERGIO ANGRISANO","18/07/1954","NAPOLI"
"CAMPANIA 2","CAMPANIA 2 - U02 (CASERTA)","AZIONE - ITALIA VIVA - CALENDA","TERESA UCCIERO","25/11/1962","VILLA LITERNO (CE)"
"CAMPANIA 2","CAMPANIA 2 - U02 (CASERTA)","ITALIA SOVRANA E POPOLARE","FRANCESCA MARIANO","19/10/1968","TERLIZZI (BA)"
"CAMPANIA 2","CAMPANIA 2 - U02 (CASERTA)","LEGA PER SALVINI PREMIER","CARMEN LETIZIA  GIORGIANNI","26/06/1977","SARTEANO (SI)"
"CAMPANIA 2","CAMPANIA 2 - U02 (CASERTA)","NOI MODERATI/LUPI - TOTI - BRUGNARO - UDC","CARMEN LETIZIA  GIORGIANNI","26/06/1977","SARTEANO (SI)"
"CAMPANIA 2","CAMPANIA 2 - U02 (CASERTA)","FRATELLI D'ITALIA CON GIORGIA MELONI","CARMEN LETIZIA  GIORGIANNI","26/06/1977","SARTEANO (SI)"
"CAMPANIA 2","CAMPANIA 2 - U02 (CASERTA)","FORZA ITALIA","CARMEN LETIZIA  GIORGIANNI","26/06/1977","SARTEANO (SI)"
"CAMPANIA 2","CAMPANIA 2 - U03 (BENEVENTO)","PARTITO COMUNISTA ITALIANO","GIACOMO BARONE","03/05/1976","NAPOLI"
"CAMPANIA 2","CAMPANIA 2 - U03 (BENEVENTO)","UNIONE POPOLARE CON DE MAGISTRIS","MARCELLO GIULIANINI","04/02/1958","TOCCO CAUDIO (BN)"
"CAMPANIA 2","CAMPANIA 2 - U03 (BENEVENTO)","ALLEANZA VERDI E SINISTRA","ANTONELLA PEPE","23/07/1988","NAPOLI"
"CAMPANIA 2","CAMPANIA 2 - U03 (BENEVENTO)","PARTITO DEMOCRATICO - ITALIA DEMOCRATICA E PROGRESSISTA","ANTONELLA PEPE","23/07/1988","NAPOLI"
"CAMPANIA 2","CAMPANIA 2 - U03 (BENEVENTO)","IMPEGNO CIVICO LUIGI DI MAIO - CENTRO DEMOCRATICO","ANTONELLA PEPE","23/07/1988","NAPOLI"
"CAMPANIA 2","CAMPANIA 2 - U03 (BENEVENTO)"," +EUROPA","ANTONELLA PEPE","23/07/1988","NAPOLI"
"CAMPANIA 2","CAMPANIA 2 - U03 (BENEVENTO)","MASTELLA NOI DI CENTRO EUROPEISTI","ALESSANDRINA LONARDO MASTELLA DETTA SANDRA","09/03/1953","CEPPALONI (BN)"
"CAMPANIA 2","CAMPANIA 2 - U03 (BENEVENTO)","ITALEXIT PER L'ITALIA","CONCETTA ALTIERI","08/12/1968","LANCIANO (CH)"
"CAMPANIA 2","CAMPANIA 2 - U03 (BENEVENTO)","MOVIMENTO 5 STELLE","SABRINA RICCIARDI","21/11/1968","BENEVENTO"
"CAMPANIA 2","CAMPANIA 2 - U03 (BENEVENTO)","PARTITO ANIMALISTA - UCDL - 10 VOLTE MEGLIO","ESMERALDA MAMELI","10/03/1971","NAPOLI"
"CAMPANIA 2","CAMPANIA 2 - U03 (BENEVENTO)","AZIONE - ITALIA VIVA - CALENDA","ANTONIO DEL MESE","05/12/1963","NAPOLI"
"CAMPANIA 2","CAMPANIA 2 - U03 (BENEVENTO)","ITALIA SOVRANA E POPOLARE","MICAELAMARIA  SALOMONE MEGNA","26/02/1986","BENEVENTO"
"CAMPANIA 2","CAMPANIA 2 - U03 (BENEVENTO)","LEGA PER SALVINI PREMIER","FRANCESCO MARIA RUBANO","21/01/1988","TELESE (BN)"
"CAMPANIA 2","CAMPANIA 2 - U03 (BENEVENTO)","NOI MODERATI/LUPI - TOTI - BRUGNARO - UDC","FRANCESCO MARIA RUBANO","21/01/1988","TELESE (BN)"
"CAMPANIA 2","CAMPANIA 2 - U03 (BENEVENTO)","FRATELLI D'ITALIA CON GIORGIA MELONI","FRANCESCO MARIA RUBANO","21/01/1988","TELESE (BN)"
"CAMPANIA 2","CAMPANIA 2 - U03 (BENEVENTO)","FORZA ITALIA","FRANCESCO MARIA RUBANO","21/01/1988","TELESE (BN)"
"CAMPANIA 2","CAMPANIA 2 - U04 (AVELLINO)","VITA","STELLA MACCARIO","19/07/1974","AVELLINO"
"CAMPANIA 2","CAMPANIA 2 - U04 (AVELLINO)","UNIONE POPOLARE CON DE MAGISTRIS","PAOLO VITTORIA","26/10/1976","NAPOLI"
"CAMPANIA 2","CAMPANIA 2 - U04 (AVELLINO)","ALLEANZA VERDI E SINISTRA","MAURIZIO PETRACCA","08/01/1968","AVELLINO"
"CAMPANIA 2","CAMPANIA 2 - U04 (AVELLINO)","PARTITO DEMOCRATICO - ITALIA DEMOCRATICA E PROGRESSISTA","MAURIZIO PETRACCA","08/01/1968","AVELLINO"
"CAMPANIA 2","CAMPANIA 2 - U04 (AVELLINO)","IMPEGNO CIVICO LUIGI DI MAIO - CENTRO DEMOCRATICO","MAURIZIO PETRACCA","08/01/1968","AVELLINO"
"CAMPANIA 2","CAMPANIA 2 - U04 (AVELLINO)"," +EUROPA","MAURIZIO PETRACCA","08/01/1968","AVELLINO"
"CAMPANIA 2","CAMPANIA 2 - U04 (AVELLINO)","MASTELLA NOI DI CENTRO EUROPEISTI","GUERINO GAZZELLA (AV)","19/02/1971","ARIANO IRPINO"
"CAMPANIA 2","CAMPANIA 2 - U04 (AVELLINO)","ITALEXIT PER L'ITALIA","ROSARIO ROCCO DEL PRIORE","25/07/1964","SANT'ANGELO DEI LOMBARDI (AV)"
"CAMPANIA 2","CAMPANIA 2 - U04 (AVELLINO)","MOVIMENTO 5 STELLE","MICHELE GUBITOSA","21/12/1979","ATRIPALDA (AV)"
"CAMPANIA 2","CAMPANIA 2 - U04 (AVELLINO)","PARTITO ANIMALISTA - UCDL - 10 VOLTE MEGLIO","LUCIO JANNIELLO","16/07/1967","CASTELLAMMARE DI STABIA (NA)"
"CAMPANIA 2","CAMPANIA 2 - U04 (AVELLINO)","AZIONE - ITALIA VIVA - CALENDA","STEFANO FARINA","16/02/1966","TEORA (AV)"
"CAMPANIA 2","CAMPANIA 2 - U04 (AVELLINO)","ITALIA SOVRANA E POPOLARE","RAFFAELLA DE FILIPPO","19/01/1970","POMPEI (NA)"
"CAMPANIA 2","CAMPANIA 2 - U04 (AVELLINO)","LEGA PER SALVINI PREMIER","GIANFRANCO ROTONDI","25/07/1960","AVELLINO"
"CAMPANIA 2","CAMPANIA 2 - U04 (AVELLINO)","NOI MODERATI/LUPI - TOTI - BRUGNARO - UDC","GIANFRANCO ROTONDI","25/07/1960","AVELLINO"
"CAMPANIA 2","CAMPANIA 2 - U04 (AVELLINO)","FRATELLI D'ITALIA CON GIORGIA MELONI","GIANFRANCO ROTONDI","25/07/1960","AVELLINO"
"CAMPANIA 2","CAMPANIA 2 - U04 (AVELLINO)","FORZA ITALIA","GIANFRANCO ROTONDI","25/07/1960","AVELLINO"
"CAMPANIA 2","CAMPANIA 2 - U05 (SCAFATI)","VITA","STEFANIA GIANNATTASIO","21/10/1972","SALERNO"
"CAMPANIA 2","CAMPANIA 2 - U05 (SCAFATI)","UNIONE POPOLARE CON DE MAGISTRIS","ERMINIA MAIORINO","02/05/1984","NOCERA INFERIORE (SA)"
"CAMPANIA 2","CAMPANIA 2 - U05 (SCAFATI)","ALLEANZA VERDI E SINISTRA","PAOLA LANZARA","31/01/1964","NOCERA INFERIORE (SA)"
"CAMPANIA 2","CAMPANIA 2 - U05 (SCAFATI)","PARTITO DEMOCRATICO - ITALIA DEMOCRATICA E PROGRESSISTA","PAOLA LANZARA","31/01/1964","NOCERA INFERIORE (SA)"
"CAMPANIA 2","CAMPANIA 2 - U05 (SCAFATI)","IMPEGNO CIVICO LUIGI DI MAIO - CENTRO DEMOCRATICO","PAOLA LANZARA","31/01/1964","NOCERA INFERIORE (SA)"
"CAMPANIA 2","CAMPANIA 2 - U05 (SCAFATI)"," +EUROPA","PAOLA LANZARA","31/01/1964","NOCERA INFERIORE (SA)"
"CAMPANIA 2","CAMPANIA 2 - U05 (SCAFATI)","MASTELLA NOI DI CENTRO EUROPEISTI","VINCENZO TREZZA","05/04/1959","ROCCAPIEMONTE (SA)"
"CAMPANIA 2","CAMPANIA 2 - U05 (SCAFATI)","ITALEXIT PER L'ITALIA","FRANCESCO METROPOLI","10/07/1975","CASTEL SAN GIORGIO (SA)"
"CAMPANIA 2","CAMPANIA 2 - U05 (SCAFATI)","MOVIMENTO 5 STELLE","VIRGINIA VILLANI","27/03/1958","ANGRI (SA)"
"CAMPANIA 2","CAMPANIA 2 - U05 (SCAFATI)","PARTITO ANIMALISTA - UCDL - 10 VOLTE MEGLIO","PASQUALE SORRENTINO","25/11/1984","CASTELLAMMARE DI STABIA (NA)"
"CAMPANIA 2","CAMPANIA 2 - U05 (SCAFATI)","AZIONE - ITALIA VIVA - CALENDA","IMMA ZINNIA","12/07/1982","SALERNO"
"CAMPANIA 2","CAMPANIA 2 - U05 (SCAFATI)","ITALIA SOVRANA E POPOLARE","MARIO SOMMELLA","21/10/1962","REGGIO CALABRIA"
"CAMPANIA 2","CAMPANIA 2 - U05 (SCAFATI)","LEGA PER SALVINI PREMIER","MARIA IMMACOLATA VIETRI","21/10/1969","SALERNO"
"CAMPANIA 2","CAMPANIA 2 - U05 (SCAFATI)","NOI MODERATI/LUPI - TOTI - BRUGNARO - UDC","MARIA IMMACOLATA VIETRI","21/10/1969","SALERNO"
"CAMPANIA 2","CAMPANIA 2 - U05 (SCAFATI)","FRATELLI D'ITALIA CON GIORGIA MELONI","MARIA IMMACOLATA VIETRI","21/10/1969","SALERNO"
"CAMPANIA 2","CAMPANIA 2 - U05 (SCAFATI)","FORZA ITALIA","MARIA IMMACOLATA VIETRI","21/10/1969","SALERNO"
"CAMPANIA 2","CAMPANIA 2 - U06 (SALERNO)","VITA","FRANCESCO FORTE","08/01/1961","SALERNO"
"CAMPANIA 2","CAMPANIA 2 - U06 (SALERNO)","UNIONE POPOLARE CON DE MAGISTRIS","SIMONA LIBERA SCOCOZZA","30/03/1983","SALERNO"
"CAMPANIA 2","CAMPANIA 2 - U06 (SALERNO)","ALLEANZA VERDI E SINISTRA","FULVIO BONAVITACOLA","18/11/1957","SALERNO"
"CAMPANIA 2","CAMPANIA 2 - U06 (SALERNO)","PARTITO DEMOCRATICO - ITALIA DEMOCRATICA E PROGRESSISTA","FULVIO BONAVITACOLA","18/11/1957","SALERNO"
"CAMPANIA 2","CAMPANIA 2 - U06 (SALERNO)","IMPEGNO CIVICO LUIGI DI MAIO - CENTRO DEMOCRATICO","FULVIO BONAVITACOLA","18/11/1957","SALERNO"
"CAMPANIA 2","CAMPANIA 2 - U06 (SALERNO)"," +EUROPA","FULVIO BONAVITACOLA","18/11/1957","SALERNO"
"CAMPANIA 2","CAMPANIA 2 - U06 (SALERNO)","MASTELLA NOI DI CENTRO EUROPEISTI","ORESTE AGOSTO","15/11/1961","MIRABELLA ECLANO (AV)"
"CAMPANIA 2","CAMPANIA 2 - U06 (SALERNO)","ITALEXIT PER L'ITALIA","CRISTINA COCCIA","03/05/1983","AVELLINO"
"CAMPANIA 2","CAMPANIA 2 - U06 (SALERNO)","MOVIMENTO 5 STELLE","GIUSEPPE BENEVENTO","27/05/1962","CAVA DE' TIRRENI (SA)"
"CAMPANIA 2","CAMPANIA 2 - U06 (SALERNO)","PARTITO ANIMALISTA - UCDL - 10 VOLTE MEGLIO","GENNARO SAMMARTINO","03/03/1956","SALERNO"
"CAMPANIA 2","CAMPANIA 2 - U06 (SALERNO)","AZIONE - ITALIA VIVA - CALENDA","CORRADO NADDEO","07/09/1965","SALERNO"
"CAMPANIA 2","CAMPANIA 2 - U06 (SALERNO)","ITALIA SOVRANA E POPOLARE","GENNARO NENNA DETTO THIAGO","11/10/1990","CANAVIEIRAS (BRASILE)"
"CAMPANIA 2","CAMPANIA 2 - U06 (SALERNO)","LEGA PER SALVINI PREMIER","GIUSEPPE BICCHIELLI","31/03/1967","NAPOLI"
"CAMPANIA 2","CAMPANIA 2 - U06 (SALERNO)","NOI MODERATI/LUPI - TOTI - BRUGNARO - UDC","GIUSEPPE BICCHIELLI","31/03/1967","NAPOLI"
"CAMPANIA 2","CAMPANIA 2 - U06 (SALERNO)","FRATELLI D'ITALIA CON GIORGIA MELONI","GIUSEPPE BICCHIELLI","31/03/1967","NAPOLI"
"CAMPANIA 2","CAMPANIA 2 - U06 (SALERNO)","FORZA ITALIA","GIUSEPPE BICCHIELLI","31/03/1967","NAPOLI"
"CAMPANIA 2","CAMPANIA 2 - U07 (EBOLI)","VITA","GIUSEPPINA LETTIERI","06/09/1952","ALBANELLA (SA)"
"CAMPANIA 2","CAMPANIA 2 - U07 (EBOLI)","UNIONE POPOLARE CON DE MAGISTRIS","NAZARIO MATARAZZO","27/07/1983","AGROPOLI (SA)"
"CAMPANIA 2","CAMPANIA 2 - U07 (EBOLI)","ALLEANZA VERDI E SINISTRA","LUCA CASCONE","08/03/1974","PAGANI (SA)"
"CAMPANIA 2","CAMPANIA 2 - U07 (EBOLI)","PARTITO DEMOCRATICO - ITALIA DEMOCRATICA E PROGRESSISTA","LUCA CASCONE","08/03/1974","PAGANI (SA)"
"CAMPANIA 2","CAMPANIA 2 - U07 (EBOLI)","IMPEGNO CIVICO LUIGI DI MAIO - CENTRO DEMOCRATICO","LUCA CASCONE","08/03/1974","PAGANI (SA)"
"CAMPANIA 2","CAMPANIA 2 - U07 (EBOLI)"," +EUROPA","LUCA CASCONE","08/03/1974","PAGANI (SA)"
"CAMPANIA 2","CAMPANIA 2 - U07 (EBOLI)","MASTELLA NOI DI CENTRO EUROPEISTI","GENNARO CIOCIANO","06/09/1976","SAN GIOVANNI BIANCO (BG)"
"CAMPANIA 2","CAMPANIA 2 - U07 (EBOLI)","ITALEXIT PER L'ITALIA","FRANCESCA MARI","29/03/1971","MERCATO SAN SEVERINO (SA)"
"CAMPANIA 2","CAMPANIA 2 - U07 (EBOLI)","MOVIMENTO 5 STELLE","DARIO VASSALLO","23/09/1959","POLLICA (SA)"
"CAMPANIA 2","CAMPANIA 2 - U07 (EBOLI)","PARTITO ANIMALISTA - UCDL - 10 VOLTE MEGLIO","VINCENZO BOTTA","24/07/1962","SALERNO"
"CAMPANIA 2","CAMPANIA 2 - U07 (EBOLI)","AZIONE - ITALIA VIVA - CALENDA","ELVIRA SERRA ","18/12/1955","AGROPOLI (SA)"
"CAMPANIA 2","CAMPANIA 2 - U07 (EBOLI)","ITALIA SOVRANA E POPOLARE","SONIA ROMANO","14/05/1977","CEVA (CN)"
"CAMPANIA 2","CAMPANIA 2 - U07 (EBOLI)","LEGA PER SALVINI PREMIER","ATTILIO PIERRO","10/11/1974","MARATEA (PZ)"
"CAMPANIA 2","CAMPANIA 2 - U07 (EBOLI)","NOI MODERATI/LUPI - TOTI - BRUGNARO - UDC","ATTILIO PIERRO","10/11/1974","MARATEA (PZ)"
"CAMPANIA 2","CAMPANIA 2 - U07 (EBOLI)","FRATELLI D'ITALIA CON GIORGIA MELONI","ATTILIO PIERRO","10/11/1974","MARATEA (PZ)"
"CAMPANIA 2","CAMPANIA 2 - U07 (EBOLI)","FORZA ITALIA","ATTILIO PIERRO","10/11/1974","MARATEA (PZ)"
"PUGLIA","PUGLIA - U01 (FOGGIA)","UNIONE POPOLARE CON DE MAGISTRIS","IVANA PALIERI","08/04/1975","CANOSA DI PUGLIA"
"PUGLIA","PUGLIA - U01 (FOGGIA)","NOI MODERATI/LUPI - TOTI - BRUGNARO - UDC","EUGENIA MARIA ROCCELLA","15/11/1953","BOLOGNA"
"PUGLIA","PUGLIA - U01 (FOGGIA)","LEGA PER SALVINI PREMIER","EUGENIA MARIA ROCCELLA","15/11/1953","BOLOGNA"
"PUGLIA","PUGLIA - U01 (FOGGIA)","FRATELLI D'ITALIA CON GIORGIA MELONI","EUGENIA MARIA ROCCELLA","15/11/1953","BOLOGNA"
"PUGLIA","PUGLIA - U01 (FOGGIA)","FORZA ITALIA","EUGENIA MARIA ROCCELLA","15/11/1953","BOLOGNA"
"PUGLIA","PUGLIA - U01 (FOGGIA)","ITALIA SOVRANA E POPOLARE","ROBERTO  DE ROSA","17/09/1975","FOGGIA"
"PUGLIA","PUGLIA - U01 (FOGGIA)","MOVIMENTO 5 STELLE","MARCO PELLEGRINI","30/07/1964","FOGGIA "
"PUGLIA","PUGLIA - U01 (FOGGIA)","ITALEXIT PER L'ITALIA","CARMELA MARIA ELISABETTA LA NOTTE","31/07/1970","FOGGIA"
"PUGLIA","PUGLIA - U01 (FOGGIA)"," +EUROPA","VALENTINA  LUCIANETTI","21/10/1978","BARI"
"PUGLIA","PUGLIA - U01 (FOGGIA)","ALLEANZA VERDI E SINISTRA","VALENTINA  LUCIANETTI","21/10/1978","BARI"
"PUGLIA","PUGLIA - U01 (FOGGIA)","PARTITO DEMOCRATICO - ITALIA DEMOCRATICA E PROGRESSISTA","VALENTINA  LUCIANETTI","21/10/1978","BARI"
"PUGLIA","PUGLIA - U01 (FOGGIA)","IMPEGNO CIVICO LUIGI DI MAIO - CENTRO DEMOCRATICO","VALENTINA  LUCIANETTI","21/10/1978","BARI"
"PUGLIA","PUGLIA - U01 (FOGGIA)","AZIONE - ITALIA VIVA - CALENDA","SAVINO  DANARO","21/11/1962","CERIGNOLA"
"PUGLIA","PUGLIA - U02 (CERIGNOLA)","UNIONE POPOLARE CON DE MAGISTRIS","MICHELE DEL SORDO","23/05/1981","SAN GIOVANNI ROTONDO"
"PUGLIA","PUGLIA - U02 (CERIGNOLA)","NOI MODERATI/LUPI - TOTI - BRUGNARO - UDC","GIACOMO DIEGO GATTA DETTO GIANDIEGO","10/04/1964","MANFREDONIA"
"PUGLIA","PUGLIA - U02 (CERIGNOLA)","LEGA PER SALVINI PREMIER","GIACOMO DIEGO GATTA DETTO GIANDIEGO","10/04/1964","MANFREDONIA"
"PUGLIA","PUGLIA - U02 (CERIGNOLA)","FRATELLI D'ITALIA CON GIORGIA MELONI","GIACOMO DIEGO GATTA DETTO GIANDIEGO","10/04/1964","MANFREDONIA"
"PUGLIA","PUGLIA - U02 (CERIGNOLA)","FORZA ITALIA","GIACOMO DIEGO GATTA DETTO GIANDIEGO","10/04/1964","MANFREDONIA"
"PUGLIA","PUGLIA - U02 (CERIGNOLA)","ITALIA SOVRANA E POPOLARE","ANNA CHIARA FRACCACRETA","09/10/1979","SAN SEVERO"
"PUGLIA","PUGLIA - U02 (CERIGNOLA)","MOVIMENTO 5 STELLE","FABRIZIO  MARRAZZO","07/03/1977","NAPOLI"
"PUGLIA","PUGLIA - U02 (CERIGNOLA)","ITALEXIT PER L'ITALIA","FRANCESCO FERRARO","01/07/1959","CERIGNOLA"
"PUGLIA","PUGLIA - U02 (CERIGNOLA)"," +EUROPA","RAFFAELE PIEMONTESE","27/04/1981","SAN GIOVANNI ROTONDO"
"PUGLIA","PUGLIA - U02 (CERIGNOLA)","ALLEANZA VERDI E SINISTRA","RAFFAELE PIEMONTESE","27/04/1981","SAN GIOVANNI ROTONDO"
"PUGLIA","PUGLIA - U02 (CERIGNOLA)","PARTITO DEMOCRATICO - ITALIA DEMOCRATICA E PROGRESSISTA","RAFFAELE PIEMONTESE","27/04/1981","SAN GIOVANNI ROTONDO"
"PUGLIA","PUGLIA - U02 (CERIGNOLA)","IMPEGNO CIVICO LUIGI DI MAIO - CENTRO DEMOCRATICO","RAFFAELE PIEMONTESE","27/04/1981","SAN GIOVANNI ROTONDO"
"PUGLIA","PUGLIA - U02 (CERIGNOLA)","AZIONE - ITALIA VIVA - CALENDA","CHIARA D'ERRICO","16/04/1984","FOGGIA"
"PUGLIA","PUGLIA - U03 (ANDRIA)","UNIONE POPOLARE CON DE MAGISTRIS","ANNA MARIA STERNATIVO","06/03/1964","FRANCAVILLA FONTANA"
"PUGLIA","PUGLIA - U03 (ANDRIA)","NOI MODERATI/LUPI - TOTI - BRUGNARO - UDC","MARIANGELA MATERA","03/01/1967","ANDRIA"
"PUGLIA","PUGLIA - U03 (ANDRIA)","LEGA PER SALVINI PREMIER","MARIANGELA MATERA","03/01/1967","ANDRIA"
"PUGLIA","PUGLIA - U03 (ANDRIA)","FRATELLI D'ITALIA CON GIORGIA MELONI","MARIANGELA MATERA","03/01/1967","ANDRIA"
"PUGLIA","PUGLIA - U03 (ANDRIA)","FORZA ITALIA","MARIANGELA MATERA","03/01/1967","ANDRIA"
"PUGLIA","PUGLIA - U03 (ANDRIA)","ITALIA SOVRANA E POPOLARE","ROBERTO CARDILLI","11/08/1977","GIOIA DEL COLLE"
"PUGLIA","PUGLIA - U03 (ANDRIA)","MOVIMENTO 5 STELLE","ANGELA ANNA BRUNA PIARULLI","03/08/1968","MATERA"
"PUGLIA","PUGLIA - U03 (ANDRIA)","ITALEXIT PER L'ITALIA","ANTONIO PICA","17/08/1963","TRANI"
"PUGLIA","PUGLIA - U03 (ANDRIA)"," +EUROPA","SABINO  ZINNI","06/06/1962","ANDRIA"
"PUGLIA","PUGLIA - U03 (ANDRIA)","ALLEANZA VERDI E SINISTRA","SABINO  ZINNI","06/06/1962","ANDRIA"
"PUGLIA","PUGLIA - U03 (ANDRIA)","PARTITO DEMOCRATICO - ITALIA DEMOCRATICA E PROGRESSISTA","SABINO  ZINNI","06/06/1962","ANDRIA"
"PUGLIA","PUGLIA - U03 (ANDRIA)","IMPEGNO CIVICO LUIGI DI MAIO - CENTRO DEMOCRATICO","SABINO  ZINNI","06/06/1962","ANDRIA"
"PUGLIA","PUGLIA - U03 (ANDRIA)","AZIONE - ITALIA VIVA - CALENDA","GENNARO ANTONIO ROCIOLA","06/10/1969","BARLETTA"
"PUGLIA","PUGLIA - U04 (MOLFETTA)","UNIONE POPOLARE CON DE MAGISTRIS","SABINO DE RAZZA","21/06/1959","BARLETTA"
"PUGLIA","PUGLIA - U04 (MOLFETTA)","NOI MODERATI/LUPI - TOTI - BRUGNARO - UDC","RITA DALLA CHIESA","31/08/1947","CASORIA (NA)"
"PUGLIA","PUGLIA - U04 (MOLFETTA)","LEGA PER SALVINI PREMIER","RITA DALLA CHIESA","31/08/1947","CASORIA (NA)"
"PUGLIA","PUGLIA - U04 (MOLFETTA)","FRATELLI D'ITALIA CON GIORGIA MELONI","RITA DALLA CHIESA","31/08/1947","CASORIA (NA)"
"PUGLIA","PUGLIA - U04 (MOLFETTA)","FORZA ITALIA","RITA DALLA CHIESA","31/08/1947","CASORIA (NA)"
"PUGLIA","PUGLIA - U04 (MOLFETTA)","ITALIA SOVRANA E POPOLARE","DONATELLA BELLOMO","23/01/1972","BARI"
"PUGLIA","PUGLIA - U04 (MOLFETTA)","MOVIMENTO 5 STELLE","NICOLA  GRASSO","05/06/1968","BARI"
"PUGLIA","PUGLIA - U04 (MOLFETTA)","ITALEXIT PER L'ITALIA","ANGELA ROSSANO","18/10/1986","ALTAMURA"
"PUGLIA","PUGLIA - U04 (MOLFETTA)"," +EUROPA","MICHELE ABBATICCHIO","25/04/1973","BITONTO"
"PUGLIA","PUGLIA - U04 (MOLFETTA)","ALLEANZA VERDI E SINISTRA","MICHELE ABBATICCHIO","25/04/1973","BITONTO"
"PUGLIA","PUGLIA - U04 (MOLFETTA)","PARTITO DEMOCRATICO - ITALIA DEMOCRATICA E PROGRESSISTA","MICHELE ABBATICCHIO","25/04/1973","BITONTO"
"PUGLIA","PUGLIA - U04 (MOLFETTA)","IMPEGNO CIVICO LUIGI DI MAIO - CENTRO DEMOCRATICO","MICHELE ABBATICCHIO","25/04/1973","BITONTO"
"PUGLIA","PUGLIA - U04 (MOLFETTA)","AZIONE - ITALIA VIVA - CALENDA","BENEDETTO GRILLO","19/07/1985","TERLIZZI"
"PUGLIA","PUGLIA - U05 (BARI)","UNIONE POPOLARE CON DE MAGISTRIS","LAURA MARCHETTI","08/06/1957","BARI"
"PUGLIA","PUGLIA - U05 (BARI)","NOI MODERATI/LUPI - TOTI - BRUGNARO - UDC","DAVIDE BELLOMO","18/02/1970","ASCOLI PICENO"
"PUGLIA","PUGLIA - U05 (BARI)","LEGA PER SALVINI PREMIER","DAVIDE BELLOMO","18/02/1970","ASCOLI PICENO"
"PUGLIA","PUGLIA - U05 (BARI)","FRATELLI D'ITALIA CON GIORGIA MELONI","DAVIDE BELLOMO","18/02/1970","ASCOLI PICENO"
"PUGLIA","PUGLIA - U05 (BARI)","FORZA ITALIA","DAVIDE BELLOMO","18/02/1970","ASCOLI PICENO"
"PUGLIA","PUGLIA - U05 (BARI)","ITALIA SOVRANA E POPOLARE","EMMA PRENCIPE","06/10/1968","BARI"
"PUGLIA","PUGLIA - U05 (BARI)","MOVIMENTO 5 STELLE","ALBERTO CLAUDIO DE GIGLIO","20/02/1982","MODUGNO"
"PUGLIA","PUGLIA - U05 (BARI)","ITALEXIT PER L'ITALIA","VINCENZO MADETTI","20/04/1961","BARI"
"PUGLIA","PUGLIA - U05 (BARI)"," +EUROPA","LUISA  TORSI","08/10/1964","BARI"
"PUGLIA","PUGLIA - U05 (BARI)","ALLEANZA VERDI E SINISTRA","LUISA  TORSI","08/10/1964","BARI"
"PUGLIA","PUGLIA - U05 (BARI)","PARTITO DEMOCRATICO - ITALIA DEMOCRATICA E PROGRESSISTA","LUISA  TORSI","08/10/1964","BARI"
"PUGLIA","PUGLIA - U05 (BARI)","IMPEGNO CIVICO LUIGI DI MAIO - CENTRO DEMOCRATICO","LUISA  TORSI","08/10/1964","BARI"
"PUGLIA","PUGLIA - U05 (BARI)","AZIONE - ITALIA VIVA - CALENDA","STEFANO FRANCO","11/04/1987","BARI"
"PUGLIA","PUGLIA - U06 (ALTAMURA)","UNIONE POPOLARE CON DE MAGISTRIS","PRENESTE ANZOLIN DETTO TITO","04/05/1952","PALAGIANO"
"PUGLIA","PUGLIA - U06 (ALTAMURA)","NOI MODERATI/LUPI - TOTI - BRUGNARO - UDC","ROSSANO SASSO","18/06/1975","BARI"
"PUGLIA","PUGLIA - U06 (ALTAMURA)","LEGA PER SALVINI PREMIER","ROSSANO SASSO","18/06/1975","BARI"
"PUGLIA","PUGLIA - U06 (ALTAMURA)","FRATELLI D'ITALIA CON GIORGIA MELONI","ROSSANO SASSO","18/06/1975","BARI"
"PUGLIA","PUGLIA - U06 (ALTAMURA)","FORZA ITALIA","ROSSANO SASSO","18/06/1975","BARI"
"PUGLIA","PUGLIA - U06 (ALTAMURA)","ITALIA SOVRANA E POPOLARE","VINCENZO STELLACCIO","19/06/1959","PALAGIANO"
"PUGLIA","PUGLIA - U06 (ALTAMURA)","MOVIMENTO 5 STELLE","BEATRICE  OTTAVIANI","04/11/1971","LORETO"
"PUGLIA","PUGLIA - U06 (ALTAMURA)","ITALEXIT PER L'ITALIA","SABRINA MAFALDA LANZILLOTTI","26/05/1991","MANDURIA"
"PUGLIA","PUGLIA - U06 (ALTAMURA)"," +EUROPA","DOMENICO NISI","25/06/1964","NOCI"
"PUGLIA","PUGLIA - U06 (ALTAMURA)","ALLEANZA VERDI E SINISTRA","DOMENICO NISI","25/06/1964","NOCI"
"PUGLIA","PUGLIA - U06 (ALTAMURA)","PARTITO DEMOCRATICO - ITALIA DEMOCRATICA E PROGRESSISTA","DOMENICO NISI","25/06/1964","NOCI"
"PUGLIA","PUGLIA - U06 (ALTAMURA)","IMPEGNO CIVICO LUIGI DI MAIO - CENTRO DEMOCRATICO","DOMENICO NISI","25/06/1964","NOCI"
"PUGLIA","PUGLIA - U06 (ALTAMURA)","AZIONE - ITALIA VIVA - CALENDA","ROSALIA MARIA LISI","06/08/1963","ALBEROBELLO"
"PUGLIA","PUGLIA - U08 (TARANTO)","UNIONE POPOLARE CON DE MAGISTRIS","MATTEO SPADARO","28/01/1978","GROTTAGLIE"
"PUGLIA","PUGLIA - U08 (TARANTO)","NOI MODERATI/LUPI - TOTI - BRUGNARO - UDC","DARIO IAIA","20/11/1973","FRANCAVILLA FONTANA"
"PUGLIA","PUGLIA - U08 (TARANTO)","LEGA PER SALVINI PREMIER","DARIO IAIA","20/11/1973","FRANCAVILLA FONTANA"
"PUGLIA","PUGLIA - U08 (TARANTO)","FRATELLI D'ITALIA CON GIORGIA MELONI","DARIO IAIA","20/11/1973","FRANCAVILLA FONTANA"
"PUGLIA","PUGLIA - U08 (TARANTO)","FORZA ITALIA","DARIO IAIA","20/11/1973","FRANCAVILLA FONTANA"
"PUGLIA","PUGLIA - U08 (TARANTO)","ITALIA SOVRANA E POPOLARE","ANTONIETTA TAGLIENTE","04/04/1962","TARANTO"
"PUGLIA","PUGLIA - U08 (TARANTO)","MOVIMENTO 5 STELLE","ANNAGRAZIA ANGOLANO","27/11/1976","CASTELLANETA"
"PUGLIA","PUGLIA - U08 (TARANTO)","ITALEXIT PER L'ITALIA","COSIMO BRECCIA","16/10/1975","MANDURIA"
"PUGLIA","PUGLIA - U08 (TARANTO)"," +EUROPA","GIAMPIERO MANCARELLI","26/08/1975","GROTTAGLIE"
"PUGLIA","PUGLIA - U08 (TARANTO)","ALLEANZA VERDI E SINISTRA","GIAMPIERO MANCARELLI","26/08/1975","GROTTAGLIE"
"PUGLIA","PUGLIA - U08 (TARANTO)","PARTITO DEMOCRATICO - ITALIA DEMOCRATICA E PROGRESSISTA","GIAMPIERO MANCARELLI","26/08/1975","GROTTAGLIE"
"PUGLIA","PUGLIA - U08 (TARANTO)","IMPEGNO CIVICO LUIGI DI MAIO - CENTRO DEMOCRATICO","GIAMPIERO MANCARELLI","26/08/1975","GROTTAGLIE"
"PUGLIA","PUGLIA - U08 (TARANTO)","AZIONE - ITALIA VIVA - CALENDA","ANGELO DI LENA","01/03/1984","TARANTO"
"PUGLIA","PUGLIA - U07 (BRINDISI)","UNIONE POPOLARE CON DE MAGISTRIS","GIANCARLO SCALONE","28/06/1970","OSTUNI"
"PUGLIA","PUGLIA - U07 (BRINDISI)","NOI MODERATI/LUPI - TOTI - BRUGNARO - UDC","MAURO D'ATTIS","30/07/1973","GALATINA"
"PUGLIA","PUGLIA - U07 (BRINDISI)","LEGA PER SALVINI PREMIER","MAURO D'ATTIS","30/07/1973","GALATINA"
"PUGLIA","PUGLIA - U07 (BRINDISI)","FRATELLI D'ITALIA CON GIORGIA MELONI","MAURO D'ATTIS","30/07/1973","GALATINA"
"PUGLIA","PUGLIA - U07 (BRINDISI)","FORZA ITALIA","MAURO D'ATTIS","30/07/1973","GALATINA"
"PUGLIA","PUGLIA - U07 (BRINDISI)","ITALIA SOVRANA E POPOLARE","GIUSEPPINA DE BIASI","19/08/1969","BRINDISI"
"PUGLIA","PUGLIA - U07 (BRINDISI)","MOVIMENTO 5 STELLE","SALVATORE  GIULIANO","09/03/1967","BRINDISI"
"PUGLIA","PUGLIA - U07 (BRINDISI)","ITALEXIT PER L'ITALIA","CRISTINA PAOLINO","26/06/1973","HOCKENHEIM (GERMANIA)"
"PUGLIA","PUGLIA - U07 (BRINDISI)"," +EUROPA","ELENA TIZIANA BRIGANTE","28/12/1965","BRINDISI"
"PUGLIA","PUGLIA - U07 (BRINDISI)","ALLEANZA VERDI E SINISTRA","ELENA TIZIANA BRIGANTE","28/12/1965","BRINDISI"
"PUGLIA","PUGLIA - U07 (BRINDISI)","PARTITO DEMOCRATICO - ITALIA DEMOCRATICA E PROGRESSISTA","ELENA TIZIANA BRIGANTE","28/12/1965","BRINDISI"
"PUGLIA","PUGLIA - U07 (BRINDISI)","IMPEGNO CIVICO LUIGI DI MAIO - CENTRO DEMOCRATICO","ELENA TIZIANA BRIGANTE","28/12/1965","BRINDISI"
"PUGLIA","PUGLIA - U07 (BRINDISI)","AZIONE - ITALIA VIVA - CALENDA","ANTONIETTA CURLO","28/11/1970","PUTIGNANO"
"PUGLIA","PUGLIA - U09 (LECCE)","UNIONE POPOLARE CON DE MAGISTRIS","MARIANNA LENTINI","23/08/1980","COPERTINO"
"PUGLIA","PUGLIA - U09 (LECCE)","NOI MODERATI/LUPI - TOTI - BRUGNARO - UDC","SAVERIO CONGEDO","15/02/1965","LECCE"
"PUGLIA","PUGLIA - U09 (LECCE)","LEGA PER SALVINI PREMIER","SAVERIO CONGEDO","15/02/1965","LECCE"
"PUGLIA","PUGLIA - U09 (LECCE)","FRATELLI D'ITALIA CON GIORGIA MELONI","SAVERIO CONGEDO","15/02/1965","LECCE"
"PUGLIA","PUGLIA - U09 (LECCE)","FORZA ITALIA","SAVERIO CONGEDO","15/02/1965","LECCE"
"PUGLIA","PUGLIA - U09 (LECCE)","ITALIA SOVRANA E POPOLARE","GIOVANNA CORICCIATI","23/02/1967","MARTANO (LE)"
"PUGLIA","PUGLIA - U09 (LECCE)","MOVIMENTO 5 STELLE","FRANCESCO MANDOI","14/10/1951","GALATONE"
"PUGLIA","PUGLIA - U09 (LECCE)","ITALEXIT PER L'ITALIA","MINOTTA MORELLI","02/08/1975","BRINDISI"
"PUGLIA","PUGLIA - U09 (LECCE)"," +EUROPA","SEBASTIANO GIUSEPPE LEO","28/02/1961","COPERTINO"
"PUGLIA","PUGLIA - U09 (LECCE)","ALLEANZA VERDI E SINISTRA","SEBASTIANO GIUSEPPE LEO","28/02/1961","COPERTINO"
"PUGLIA","PUGLIA - U09 (LECCE)","PARTITO DEMOCRATICO - ITALIA DEMOCRATICA E PROGRESSISTA","SEBASTIANO GIUSEPPE LEO","28/02/1961","COPERTINO"
"PUGLIA","PUGLIA - U09 (LECCE)","IMPEGNO CIVICO LUIGI DI MAIO - CENTRO DEMOCRATICO","SEBASTIANO GIUSEPPE LEO","28/02/1961","COPERTINO"
"PUGLIA","PUGLIA - U09 (LECCE)","AZIONE - ITALIA VIVA - CALENDA","MARIA SOAVE ALEMANNO","15/04/1972","NARDO'"
"PUGLIA","PUGLIA - U10 (GALATINA)","UNIONE POPOLARE CON DE MAGISTRIS","LUCIA ANTONUCCI","30/11/1985","LECCE"
"PUGLIA","PUGLIA - U10 (GALATINA)","NOI MODERATI/LUPI - TOTI - BRUGNARO - UDC","ALESSANDRO COLUCCI","20/05/1974","MILANO"
"PUGLIA","PUGLIA - U10 (GALATINA)","LEGA PER SALVINI PREMIER","ALESSANDRO COLUCCI","20/05/1974","MILANO"
"PUGLIA","PUGLIA - U10 (GALATINA)","FRATELLI D'ITALIA CON GIORGIA MELONI","ALESSANDRO COLUCCI","20/05/1974","MILANO"
"PUGLIA","PUGLIA - U10 (GALATINA)","FORZA ITALIA","ALESSANDRO COLUCCI","20/05/1974","MILANO"
"PUGLIA","PUGLIA - U10 (GALATINA)","ITALIA SOVRANA E POPOLARE","IVANO GIOFFREDA","16/04/1964","GALLIPOLI"
"PUGLIA","PUGLIA - U10 (GALATINA)","MOVIMENTO 5 STELLE","MARINA ZELA","05/06/1963","ROMA"
"PUGLIA","PUGLIA - U10 (GALATINA)","ITALEXIT PER L'ITALIA","ALESSIO PARATA","26/07/1984","GAGLIANO DEL CAPO"
"PUGLIA","PUGLIA - U10 (GALATINA)"," +EUROPA","ANNA GRAZIA MARASCHIO","09/05/1961","PATU'"
"PUGLIA","PUGLIA - U10 (GALATINA)","ALLEANZA VERDI E SINISTRA","ANNA GRAZIA MARASCHIO","09/05/1961","PATU'"
"PUGLIA","PUGLIA - U10 (GALATINA)","PARTITO DEMOCRATICO - ITALIA DEMOCRATICA E PROGRESSISTA","ANNA GRAZIA MARASCHIO","09/05/1961","PATU'"
"PUGLIA","PUGLIA - U10 (GALATINA)","IMPEGNO CIVICO LUIGI DI MAIO - CENTRO DEMOCRATICO","ANNA GRAZIA MARASCHIO","09/05/1961","PATU'"
"PUGLIA","PUGLIA - U10 (GALATINA)","AZIONE - ITALIA VIVA - CALENDA","MARIA ADDOLORATA FIORE","24/10/1966","CORIGLIANO D'OTRANTO"
"BASILICATA","BASILICATA - U01 (POTENZA)","NOI MODERATI/LUPI - TOTI - BRUGNARO - UDC","SALVATORE CAIATA","29/07/1970","POTENZA "
"BASILICATA","BASILICATA - U01 (POTENZA)","LEGA PER SALVINI PREMIER","SALVATORE CAIATA","29/07/1970","POTENZA "
"BASILICATA","BASILICATA - U01 (POTENZA)","FORZA ITALIA","SALVATORE CAIATA","29/07/1970","POTENZA "
"BASILICATA","BASILICATA - U01 (POTENZA)","FRATELLI D'ITALIA CON GIORGIA MELONI","SALVATORE CAIATA","29/07/1970","POTENZA "
"BASILICATA","BASILICATA - U01 (POTENZA)","MOVIMENTO 5 STELLE","VIVIANA VERRI","11/05/1986","TARANTO "
"BASILICATA","BASILICATA - U01 (POTENZA)","PARTITO COMUNISTA ITALIANO","GIUSEPPE AMODEO","06/11/1948","SANT'ANGELO LE FRATTE (PZ)"
"BASILICATA","BASILICATA - U01 (POTENZA)","AZIONE - ITALIA VIVA - CALENDA","LUCA BRAIA","04/04/1970","MATERA "
"BASILICATA","BASILICATA - U01 (POTENZA)","ITALEXIT PER L'ITALIA","GIORGIO SANTORIELLO","18/12/1983","POLICORO (MT)"
"BASILICATA","BASILICATA - U01 (POTENZA)"," +EUROPA","FRANCESCO PIETRANTUONO","28/05/1979","MELFI (PZ)"
"BASILICATA","BASILICATA - U01 (POTENZA)","IMPEGNO CIVICO LUIGI DI MAIO - CENTRO DEMOCRATICO","FRANCESCO PIETRANTUONO","28/05/1979","MELFI (PZ)"
"BASILICATA","BASILICATA - U01 (POTENZA)","ALLEANZA VERDI E SINISTRA","FRANCESCO PIETRANTUONO","28/05/1979","MELFI (PZ)"
"BASILICATA","BASILICATA - U01 (POTENZA)","PARTITO DEMOCRATICO - ITALIA DEMOCRATICA E PROGRESSISTA","FRANCESCO PIETRANTUONO","28/05/1979","MELFI (PZ)"
"BASILICATA","BASILICATA - U01 (POTENZA)","UNIONE POPOLARE CON DE MAGISTRIS","VINCENZO RITUNNANO","20/11/1965","POTENZA"
"BASILICATA","BASILICATA - U01 (POTENZA)","ITALIA SOVRANA E POPOLARE","GIUSEPPE LARICCIA","29/04/1977","POTENZA (PZ)"
"BASILICATA","BASILICATA - U01 (POTENZA)","MASTELLA NOI DI CENTRO EUROPEISTI","LUIGI EMANUELE MARSICO","16/04/1975","POTENZA "
"CALABRIA","CALABRIA - U01 (CORIGLIANO-ROSSANO)","SUD CHIAMA NORD","VALERIA NISTICO'","15/11/1994","CATANZARO"
"CALABRIA","CALABRIA - U01 (CORIGLIANO-ROSSANO)","PARTITO ANIMALISTA - UCDL - 10 VOLTE MEGLIO","DOMENICO NIGRO DI GREGORIO","22/03/1954","MELFI"
"CALABRIA","CALABRIA - U01 (CORIGLIANO-ROSSANO)","PARTITO COMUNISTA ITALIANO","MARIANNA GORPIA","17/07/1966","POTENZA"
"CALABRIA","CALABRIA - U01 (CORIGLIANO-ROSSANO)","AZIONE - ITALIA VIVA - CALENDA","DOMENICO MAZZA","11/08/1976","ROSSANO"
"CALABRIA","CALABRIA - U01 (CORIGLIANO-ROSSANO)","LEGA PER SALVINI PREMIER","DOMENICO FURGIUELE","01/01/1983","LAMEZIA TERME"
"CALABRIA","CALABRIA - U01 (CORIGLIANO-ROSSANO)","FRATELLI D'ITALIA CON GIORGIA MELONI","DOMENICO FURGIUELE","01/01/1983","LAMEZIA TERME"
"CALABRIA","CALABRIA - U01 (CORIGLIANO-ROSSANO)","FORZA ITALIA","DOMENICO FURGIUELE","01/01/1983","LAMEZIA TERME"
"CALABRIA","CALABRIA - U01 (CORIGLIANO-ROSSANO)","NOI MODERATI/LUPI - TOTI - BRUGNARO - UDC","DOMENICO FURGIUELE","01/01/1983","LAMEZIA TERME"
"CALABRIA","CALABRIA - U01 (CORIGLIANO-ROSSANO)","UNIONE POPOLARE CON DE MAGISTRIS","MARIA ANGELICA STAMATO","21/06/1989","CASTROVILLARI"
"CALABRIA","CALABRIA - U01 (CORIGLIANO-ROSSANO)","ITALEXIT PER L'ITALIA","CAROLINA DE LEO","24/11/1992","CASTEL VETRANO"
"CALABRIA","CALABRIA - U01 (CORIGLIANO-ROSSANO)","ALLEANZA VERDI E SINISTRA","GIOVANNI PAPASSO","23/01/1958","CASSANO ALL'IONIO "
"CALABRIA","CALABRIA - U01 (CORIGLIANO-ROSSANO)","PARTITO DEMOCRATICO - ITALIA DEMOCRATICA E PROGRESSISTA","GIOVANNI PAPASSO","23/01/1958","CASSANO ALL'IONIO "
"CALABRIA","CALABRIA - U01 (CORIGLIANO-ROSSANO)","IMPEGNO CIVICO LUIGI DI MAIO - CENTRO DEMOCRATICO","GIOVANNI PAPASSO","23/01/1958","CASSANO ALL'IONIO "
"CALABRIA","CALABRIA - U01 (CORIGLIANO-ROSSANO)"," +EUROPA","GIOVANNI PAPASSO","23/01/1958","CASSANO ALL'IONIO "
"CALABRIA","CALABRIA - U01 (CORIGLIANO-ROSSANO)","VITA","SARA CUNIAL","08/07/1979","ROMA (RM)"
"CALABRIA","CALABRIA - U01 (CORIGLIANO-ROSSANO)","FORZA DEL POPOLO","CLAUDIA CASTRO","08/11/1979","CARIATI"
"CALABRIA","CALABRIA - U01 (CORIGLIANO-ROSSANO)","MASTELLA NOI DI CENTRO EUROPEISTI","VITTORIA VILLIRILLO","01/07/1972","CROTONE"
"CALABRIA","CALABRIA - U01 (CORIGLIANO-ROSSANO)","ITALIA SOVRANA E POPOLARE","NATALE GIUSEPPE  CALABRETTA","28/05/1971","CROTONE"
"CALABRIA","CALABRIA - U01 (CORIGLIANO-ROSSANO)","ALTERNATIVA PER L'ITALIA - NO GREEN PASS","ERALDO RIZZUTI","16/08/1948","SAN VINCENZO LA COSTA (CS)"
"CALABRIA","CALABRIA - U01 (CORIGLIANO-ROSSANO)","MOVIMENTO 5 STELLE","VITTORIA BALDINO","28/05/1988","ROSSANO (CS)"
"CALABRIA","CALABRIA - U02 (COSENZA)","SUD CHIAMA NORD","SAVERINA SENA","24/04/1983","COSENZA"
"CALABRIA","CALABRIA - U02 (COSENZA)","PARTITO ANIMALISTA - UCDL - 10 VOLTE MEGLIO","MICHELE CASTELLANO","11/01/1987","GALATINA"
"CALABRIA","CALABRIA - U02 (COSENZA)","PARTITO COMUNISTA ITALIANO","VINCENZO FOSSARI","04/02/1977","TAURIANOVA"
"CALABRIA","CALABRIA - U02 (COSENZA)","AZIONE - ITALIA VIVA - CALENDA","ANNUNZIATA PAESE","05/09/1972","COSENZA"
"CALABRIA","CALABRIA - U02 (COSENZA)","LEGA PER SALVINI PREMIER","ANDREA GENTILE","01/06/1980","ROGLIANO"
"CALABRIA","CALABRIA - U02 (COSENZA)","FRATELLI D'ITALIA CON GIORGIA MELONI","ANDREA GENTILE","01/06/1980","ROGLIANO"
"CALABRIA","CALABRIA - U02 (COSENZA)","FORZA ITALIA","ANDREA GENTILE","01/06/1980","ROGLIANO"
"CALABRIA","CALABRIA - U02 (COSENZA)","NOI MODERATI/LUPI - TOTI - BRUGNARO - UDC","ANDREA GENTILE","01/06/1980","ROGLIANO"
"CALABRIA","CALABRIA - U02 (COSENZA)","UNIONE POPOLARE CON DE MAGISTRIS","LUISA GIGLIO","07/06/1988","PAOLA"
"CALABRIA","CALABRIA - U02 (COSENZA)","ITALEXIT PER L'ITALIA","ANNA D'AGNI","23/07/1967","COSENZA"
"CALABRIA","CALABRIA - U02 (COSENZA)","ALLEANZA VERDI E SINISTRA","VITTORIO PECORARO","12/09/1993","COSENZA"
"CALABRIA","CALABRIA - U02 (COSENZA)","PARTITO DEMOCRATICO - ITALIA DEMOCRATICA E PROGRESSISTA","VITTORIO PECORARO","12/09/1993","COSENZA"
"CALABRIA","CALABRIA - U02 (COSENZA)","IMPEGNO CIVICO LUIGI DI MAIO - CENTRO DEMOCRATICO","VITTORIO PECORARO","12/09/1993","COSENZA"
"CALABRIA","CALABRIA - U02 (COSENZA)"," +EUROPA","VITTORIO PECORARO","12/09/1993","COSENZA"
"CALABRIA","CALABRIA - U02 (COSENZA)","VITA","CARLO FLORIO","30/04/1981","SERIATE"
"CALABRIA","CALABRIA - U02 (COSENZA)","FORZA DEL POPOLO","ALESSANDRO BUCCIERI","21/11/1971","COSENZA"
"CALABRIA","CALABRIA - U02 (COSENZA)","MASTELLA NOI DI CENTRO EUROPEISTI","MARIA ASSUNTA LATTUCA","19/08/1978","PAOLA (CS)"
"CALABRIA","CALABRIA - U02 (COSENZA)","ITALIA SOVRANA E POPOLARE","SOFIATERESA SCERBO","06/12/1961","CATANZARO"
"CALABRIA","CALABRIA - U02 (COSENZA)","ALTERNATIVA PER L'ITALIA - NO GREEN PASS","GIOVANNI TROMBINO","21/06/1961","COSENZA"
"CALABRIA","CALABRIA - U02 (COSENZA)","MOVIMENTO 5 STELLE","ANNA LAURA ORRICO","29/12/1980","COSENZA"
"CALABRIA","CALABRIA - U03 (CATANZARO)","SUD CHIAMA NORD","ILARIA FARAGO'","12/05/1991","CATANZARO"
"CALABRIA","CALABRIA - U03 (CATANZARO)","PARTITO ANIMALISTA - UCDL - 10 VOLTE MEGLIO","ANTONIO TALARICO","10/10/1979","LAMEZIA TERME (CZ)"
"CALABRIA","CALABRIA - U03 (CATANZARO)","PARTITO COMUNISTA ITALIANO","BARBARA SPATARO","26/11/1977","POLISTENA"
"CALABRIA","CALABRIA - U03 (CATANZARO)","AZIONE - ITALIA VIVA - CALENDA","FRANCESCO MAURO","14/11/1968","SELLIA MARINA"
"CALABRIA","CALABRIA - U03 (CATANZARO)","LEGA PER SALVINI PREMIER","WANDA FERRO","24/03/1968","CATANZARO"
"CALABRIA","CALABRIA - U03 (CATANZARO)","FRATELLI D'ITALIA CON GIORGIA MELONI","WANDA FERRO","24/03/1968","CATANZARO"
"CALABRIA","CALABRIA - U03 (CATANZARO)","FORZA ITALIA","WANDA FERRO","24/03/1968","CATANZARO"
"CALABRIA","CALABRIA - U03 (CATANZARO)","NOI MODERATI/LUPI - TOTI - BRUGNARO - UDC","WANDA FERRO","24/03/1968","CATANZARO"
"CALABRIA","CALABRIA - U03 (CATANZARO)","UNIONE POPOLARE CON DE MAGISTRIS","PIETRO BEVILACQUA DETTO PIERO","01/06/1944","CATANZARO"
"CALABRIA","CALABRIA - U03 (CATANZARO)","ITALEXIT PER L'ITALIA","GIUSEPPE GIGLIOTTI","22/02/1981","SOVERIA MANNELLI"
"CALABRIA","CALABRIA - U03 (CATANZARO)","ALLEANZA VERDI E SINISTRA","GIUSEPPINA IEMMA","25/10/1967","CATANZARO"
"CALABRIA","CALABRIA - U03 (CATANZARO)","PARTITO DEMOCRATICO - ITALIA DEMOCRATICA E PROGRESSISTA","GIUSEPPINA IEMMA","25/10/1967","CATANZARO"
"CALABRIA","CALABRIA - U03 (CATANZARO)","IMPEGNO CIVICO LUIGI DI MAIO - CENTRO DEMOCRATICO","GIUSEPPINA IEMMA","25/10/1967","CATANZARO"
"CALABRIA","CALABRIA - U03 (CATANZARO)"," +EUROPA","GIUSEPPINA IEMMA","25/10/1967","CATANZARO"
"CALABRIA","CALABRIA - U03 (CATANZARO)","VITA","ADELE LAMONICA","09/04/1959","CATANZARO"
"CALABRIA","CALABRIA - U03 (CATANZARO)","FORZA DEL POPOLO","LAURA CARERI","18/03/1976","ROSSANO (CS)"
"CALABRIA","CALABRIA - U03 (CATANZARO)","MASTELLA NOI DI CENTRO EUROPEISTI","CATERINA VESCI","22/06/1978","SOVERIA MANNELLI (CZ)"
"CALABRIA","CALABRIA - U03 (CATANZARO)","ITALIA SOVRANA E POPOLARE","BIANCA LAURA GRANATO","31/08/1970","CATANZARO"
"CALABRIA","CALABRIA - U03 (CATANZARO)","ALTERNATIVA PER L'ITALIA - NO GREEN PASS","NATALINA LATORRE","17/09/1974","MELITO DI PORTO SALVO (RC)"
"CALABRIA","CALABRIA - U03 (CATANZARO)","MOVIMENTO 5 STELLE","ELISA SCUTELLA'","31/10/1987","GENOVA"
"CALABRIA","CALABRIA - U04 (VIBO VALENTIA)","SUD CHIAMA NORD","IMMACOLATA CERIELLO","26/02/1966","SANT'ANASTASIA (NA)"
"CALABRIA","CALABRIA - U04 (VIBO VALENTIA)","PARTITO ANIMALISTA - UCDL - 10 VOLTE MEGLIO","ANTONIO GIUSEPPE NOE'","19/03/1974","CORIGLIANO CALABRO (CS)"
"CALABRIA","CALABRIA - U04 (VIBO VALENTIA)","PARTITO COMUNISTA ITALIANO","UGO MORO","27/09/1962","ROMA"
"CALABRIA","CALABRIA - U04 (VIBO VALENTIA)","AZIONE - ITALIA VIVA - CALENDA","MARIA SOCCORSA GALATI","07/03/1983","VIBO VALENTIA"
"CALABRIA","CALABRIA - U04 (VIBO VALENTIA)","LEGA PER SALVINI PREMIER","GIOVANNI ARRUZZOLO","30/03/1960","ROSARNO (RC)"
"CALABRIA","CALABRIA - U04 (VIBO VALENTIA)","FRATELLI D'ITALIA CON GIORGIA MELONI","GIOVANNI ARRUZZOLO","30/03/1960","ROSARNO (RC)"
"CALABRIA","CALABRIA - U04 (VIBO VALENTIA)","FORZA ITALIA","GIOVANNI ARRUZZOLO","30/03/1960","ROSARNO (RC)"
"CALABRIA","CALABRIA - U04 (VIBO VALENTIA)","NOI MODERATI/LUPI - TOTI - BRUGNARO - UDC","GIOVANNI ARRUZZOLO","30/03/1960","ROSARNO (RC)"
"CALABRIA","CALABRIA - U04 (VIBO VALENTIA)","UNIONE POPOLARE CON DE MAGISTRIS","MICHELE CONIA","04/08/1976","TAURIANOVA (RC)"
"CALABRIA","CALABRIA - U04 (VIBO VALENTIA)","ITALEXIT PER L'ITALIA","DOMENICO ANTONIO GRECO","30/08/1955","ROSARNO (RC)"
"CALABRIA","CALABRIA - U04 (VIBO VALENTIA)","ALLEANZA VERDI E SINISTRA","DALILA NESCI","23/09/1986","TROPEA (VV)"
"CALABRIA","CALABRIA - U04 (VIBO VALENTIA)","PARTITO DEMOCRATICO - ITALIA DEMOCRATICA E PROGRESSISTA","DALILA NESCI","23/09/1986","TROPEA (VV)"
"CALABRIA","CALABRIA - U04 (VIBO VALENTIA)","IMPEGNO CIVICO LUIGI DI MAIO - CENTRO DEMOCRATICO","DALILA NESCI","23/09/1986","TROPEA (VV)"
"CALABRIA","CALABRIA - U04 (VIBO VALENTIA)"," +EUROPA","DALILA NESCI","23/09/1986","TROPEA (VV)"
"CALABRIA","CALABRIA - U04 (VIBO VALENTIA)","VITA","RAFFAELE MUSELLA","03/11/1983","FORLI'"
"CALABRIA","CALABRIA - U04 (VIBO VALENTIA)","FORZA DEL POPOLO","ALESSANDRA FILICE","23/04/1977","COSENZA"
"CALABRIA","CALABRIA - U04 (VIBO VALENTIA)","MASTELLA NOI DI CENTRO EUROPEISTI","MARIA CONCETTA VALOTTA","31/01/1973","AOSTA"
"CALABRIA","CALABRIA - U04 (VIBO VALENTIA)","ITALIA SOVRANA E POPOLARE","ADRIANO RENDA","06/07/1974","SAARBRUCKEN (GERMANIA)"
"CALABRIA","CALABRIA - U04 (VIBO VALENTIA)","ALTERNATIVA PER L'ITALIA - NO GREEN PASS","CARLO MARIA ROMEO","18/07/1958","BOVALINO (RC)"
"CALABRIA","CALABRIA - U04 (VIBO VALENTIA)","MOVIMENTO 5 STELLE","RICCARDO TUCCI","08/05/1986","BAD SODEN AM TAUNUS (GERMANIA)"
"CALABRIA","CALABRIA - U05 (REGGIO DI CALABRIA)","SUD CHIAMA NORD","MARIA TERESA FEMIA","09/06/1989","LOCRI (RC)"
"CALABRIA","CALABRIA - U05 (REGGIO DI CALABRIA)","PARTITO ANIMALISTA - UCDL - 10 VOLTE MEGLIO","CRISTINA CAMPOLO","11/01/1977","REGGIO CALABRIA"
"CALABRIA","CALABRIA - U05 (REGGIO DI CALABRIA)","PARTITO COMUNISTA ITALIANO","NORBERTO  NATALI","19/06/1959","ROMA"
"CALABRIA","CALABRIA - U05 (REGGIO DI CALABRIA)","AZIONE - ITALIA VIVA - CALENDA","GIOVANNI LATELLA","17/04/1968","REGGIO CALABRIA"
"CALABRIA","CALABRIA - U05 (REGGIO DI CALABRIA)","LEGA PER SALVINI PREMIER","FRANCESCO CANNIZZARO","24/06/1982","REGGIO CALABRIA"
"CALABRIA","CALABRIA - U05 (REGGIO DI CALABRIA)","FRATELLI D'ITALIA CON GIORGIA MELONI","FRANCESCO CANNIZZARO","24/06/1982","REGGIO CALABRIA"
"CALABRIA","CALABRIA - U05 (REGGIO DI CALABRIA)","FORZA ITALIA","FRANCESCO CANNIZZARO","24/06/1982","REGGIO CALABRIA"
"CALABRIA","CALABRIA - U05 (REGGIO DI CALABRIA)","NOI MODERATI/LUPI - TOTI - BRUGNARO - UDC","FRANCESCO CANNIZZARO","24/06/1982","REGGIO CALABRIA"
"CALABRIA","CALABRIA - U05 (REGGIO DI CALABRIA)","UNIONE POPOLARE CON DE MAGISTRIS","ANTONIO GUERRIERI","27/06/1983","LOCRI (RC)"
"CALABRIA","CALABRIA - U05 (REGGIO DI CALABRIA)","ITALEXIT PER L'ITALIA","PIETRO VINCENZO MARCIANO'","14/11/1958","PEHUAJO (ARGENTINA)"
"CALABRIA","CALABRIA - U05 (REGGIO DI CALABRIA)","ALLEANZA VERDI E SINISTRA","DOMENICO DONATO BATTAGLIA","17/02/1961","REGGIO CALABRIA"
"CALABRIA","CALABRIA - U05 (REGGIO DI CALABRIA)","PARTITO DEMOCRATICO - ITALIA DEMOCRATICA E PROGRESSISTA","DOMENICO DONATO BATTAGLIA","17/02/1961","REGGIO CALABRIA"
"CALABRIA","CALABRIA - U05 (REGGIO DI CALABRIA)","IMPEGNO CIVICO LUIGI DI MAIO - CENTRO DEMOCRATICO","DOMENICO DONATO BATTAGLIA","17/02/1961","REGGIO CALABRIA"
"CALABRIA","CALABRIA - U05 (REGGIO DI CALABRIA)"," +EUROPA","DOMENICO DONATO BATTAGLIA","17/02/1961","REGGIO CALABRIA"
"CALABRIA","CALABRIA - U05 (REGGIO DI CALABRIA)","VITA","ZAIRA VIVIANA LENZI","12/02/1976","REGGIO CALABRIA"
"CALABRIA","CALABRIA - U05 (REGGIO DI CALABRIA)","FORZA DEL POPOLO","CARLO FIUMANO'","30/04/1965","SION (SVIZZERA)"
"CALABRIA","CALABRIA - U05 (REGGIO DI CALABRIA)","MASTELLA NOI DI CENTRO EUROPEISTI","LUIGI CATALANO","26/11/1967","REGGIO CALABRIA"
"CALABRIA","CALABRIA - U05 (REGGIO DI CALABRIA)","ITALIA SOVRANA E POPOLARE","ANTONINO MASSARA","10/11/1981","REGGIO CALABRIA"
"CALABRIA","CALABRIA - U05 (REGGIO DI CALABRIA)","ALTERNATIVA PER L'ITALIA - NO GREEN PASS","ROSA CANALE","18/05/1972","REGGIO CALABRIA"
"CALABRIA","CALABRIA - U05 (REGGIO DI CALABRIA)","MOVIMENTO 5 STELLE","FABIO FOTI","07/05/1966","REGGIO CALABRIA"
"SICILIA 1","SICILIA 1 - U01 (PALERMO: QUARTIERE 11 - SETTE CANNOLI)","ITALEXIT PER L'ITALIA","GIUSEPPA RITA MILITELLO","27/08/1970","TRAPPETO (PA)"
"SICILIA 1","SICILIA 1 - U01 (PALERMO: QUARTIERE 11 - SETTE CANNOLI)","UNIONE POPOLARE CON DE MAGISTRIS","PIERA AIELLO","02/07/1967","PARTANNA (TP)"
"SICILIA 1","SICILIA 1 - U01 (PALERMO: QUARTIERE 11 - SETTE CANNOLI)","SUD CHIAMA NORD","IGOR GELARDA","07/02/1974","PALERMO"
"SICILIA 1","SICILIA 1 - U01 (PALERMO: QUARTIERE 11 - SETTE CANNOLI)","MOVIMENTO 5 STELLE","DAVIDE AIELLO","31/10/1985","PALERMO"
"SICILIA 1","SICILIA 1 - U01 (PALERMO: QUARTIERE 11 - SETTE CANNOLI)","ITALIA SOVRANA E POPOLARE","ALESSANDRO D'ALESSANDRO","21/07/1977","MESSINA"
"SICILIA 1","SICILIA 1 - U01 (PALERMO: QUARTIERE 11 - SETTE CANNOLI)","AZIONE - ITALIA VIVA - CALENDA","GIUSEPPE ALESSI","22/08/1963","PALERMO"
"SICILIA 1","SICILIA 1 - U01 (PALERMO: QUARTIERE 11 - SETTE CANNOLI)"," +EUROPA","ERASMO PALAZZOTTO","19/11/1982","PALERMO"
"SICILIA 1","SICILIA 1 - U01 (PALERMO: QUARTIERE 11 - SETTE CANNOLI)","IMPEGNO CIVICO LUIGI DI MAIO - CENTRO DEMOCRATICO","ERASMO PALAZZOTTO","19/11/1982","PALERMO"
"SICILIA 1","SICILIA 1 - U01 (PALERMO: QUARTIERE 11 - SETTE CANNOLI)","ALLEANZA VERDI E SINISTRA","ERASMO PALAZZOTTO","19/11/1982","PALERMO"
"SICILIA 1","SICILIA 1 - U01 (PALERMO: QUARTIERE 11 - SETTE CANNOLI)","PARTITO DEMOCRATICO - ITALIA DEMOCRATICA E PROGRESSISTA","ERASMO PALAZZOTTO","19/11/1982","PALERMO"
"SICILIA 1","SICILIA 1 - U01 (PALERMO: QUARTIERE 11 - SETTE CANNOLI)","FORZA ITALIA","GABRIELLA GIAMMANCO","13/06/1977","PALERMO"
"SICILIA 1","SICILIA 1 - U01 (PALERMO: QUARTIERE 11 - SETTE CANNOLI)","LEGA PER SALVINI PREMIER","GABRIELLA GIAMMANCO","13/06/1977","PALERMO"
"SICILIA 1","SICILIA 1 - U01 (PALERMO: QUARTIERE 11 - SETTE CANNOLI)","FRATELLI D'ITALIA CON GIORGIA MELONI","GABRIELLA GIAMMANCO","13/06/1977","PALERMO"
"SICILIA 1","SICILIA 1 - U01 (PALERMO: QUARTIERE 11 - SETTE CANNOLI)","NOI MODERATI/LUPI - TOTI - BRUGNARO - UDC","GABRIELLA GIAMMANCO","13/06/1977","PALERMO"
"SICILIA 1","SICILIA 1 - U02 (PALERMO: QUARTIERE 20 - RESUTTANA - S. LORENZO)","ITALEXIT PER L'ITALIA","SONIA BUGLIONE","17/03/1981","NOLA (NA)"
"SICILIA 1","SICILIA 1 - U02 (PALERMO: QUARTIERE 20 - RESUTTANA - S. LORENZO)","UNIONE POPOLARE CON DE MAGISTRIS","MARIA GRAZIA CARINI","25/05/1964","PALERMO"
"SICILIA 1","SICILIA 1 - U02 (PALERMO: QUARTIERE 20 - RESUTTANA - S. LORENZO)","SUD CHIAMA NORD","GIANLUCA MARIA CALI'","05/10/1973","PALERMO"
"SICILIA 1","SICILIA 1 - U02 (PALERMO: QUARTIERE 20 - RESUTTANA - S. LORENZO)","MOVIMENTO 5 STELLE","LEONARDO SALVATORE PENNA","01/11/1956","CALATAFIMI (TP)"
"SICILIA 1","SICILIA 1 - U02 (PALERMO: QUARTIERE 20 - RESUTTANA - S. LORENZO)","ITALIA SOVRANA E POPOLARE","DANILO MANZELLA","14/08/1987","PALERMO"
"SICILIA 1","SICILIA 1 - U02 (PALERMO: QUARTIERE 20 - RESUTTANA - S. LORENZO)","AZIONE - ITALIA VIVA - CALENDA","GIUSEPPE CALTANISSETTA","02/03/1984","PALERMO"
"SICILIA 1","SICILIA 1 - U02 (PALERMO: QUARTIERE 20 - RESUTTANA - S. LORENZO)"," +EUROPA","VITTORIO MICHELE CRAXI","06/08/1964","MILANO"
"SICILIA 1","SICILIA 1 - U02 (PALERMO: QUARTIERE 20 - RESUTTANA - S. LORENZO)","IMPEGNO CIVICO LUIGI DI MAIO - CENTRO DEMOCRATICO","VITTORIO MICHELE CRAXI","06/08/1964","MILANO"
"SICILIA 1","SICILIA 1 - U02 (PALERMO: QUARTIERE 20 - RESUTTANA - S. LORENZO)","ALLEANZA VERDI E SINISTRA","VITTORIO MICHELE CRAXI","06/08/1964","MILANO"
"SICILIA 1","SICILIA 1 - U02 (PALERMO: QUARTIERE 20 - RESUTTANA - S. LORENZO)","PARTITO DEMOCRATICO - ITALIA DEMOCRATICA E PROGRESSISTA","VITTORIO MICHELE CRAXI","06/08/1964","MILANO"
"SICILIA 1","SICILIA 1 - U02 (PALERMO: QUARTIERE 20 - RESUTTANA - S. LORENZO)","FORZA ITALIA","MARIA CAROLINA VARCHI","14/10/1983","PALERMO"
"SICILIA 1","SICILIA 1 - U02 (PALERMO: QUARTIERE 20 - RESUTTANA - S. LORENZO)","LEGA PER SALVINI PREMIER","MARIA CAROLINA VARCHI","14/10/1983","PALERMO"
"SICILIA 1","SICILIA 1 - U02 (PALERMO: QUARTIERE 20 - RESUTTANA - S. LORENZO)","FRATELLI D'ITALIA CON GIORGIA MELONI","MARIA CAROLINA VARCHI","14/10/1983","PALERMO"
"SICILIA 1","SICILIA 1 - U02 (PALERMO: QUARTIERE 20 - RESUTTANA - S. LORENZO)","NOI MODERATI/LUPI - TOTI - BRUGNARO - UDC","MARIA CAROLINA VARCHI","14/10/1983","PALERMO"
"SICILIA 1","SICILIA 1 - U03 (BAGHERIA)","ITALEXIT PER L'ITALIA","DANIELE AUGELLO","05/12/1973","PALERMO"
"SICILIA 1","SICILIA 1 - U03 (BAGHERIA)","UNIONE POPOLARE CON DE MAGISTRIS","FULVIO VASSALLO PALEOLOGO","27/06/1951","PALERMO"
"SICILIA 1","SICILIA 1 - U03 (BAGHERIA)","SUD CHIAMA NORD","ISMAELE LA VARDERA","08/06/1993","PALERMO"
"SICILIA 1","SICILIA 1 - U03 (BAGHERIA)","MOVIMENTO 5 STELLE","DANIELA MORFINO","14/05/1974","PALERMO"
"SICILIA 1","SICILIA 1 - U03 (BAGHERIA)","ITALIA SOVRANA E POPOLARE","FABIO MAGGIORE","22/08/1986","PALERMO"
"SICILIA 1","SICILIA 1 - U03 (BAGHERIA)","AZIONE - ITALIA VIVA - CALENDA","CLAUDIO MERLINO","11/11/1979","PALERMO"
"SICILIA 1","SICILIA 1 - U03 (BAGHERIA)"," +EUROPA","MARIA SAELI","29/04/1988","PALERMO (PA)"
"SICILIA 1","SICILIA 1 - U03 (BAGHERIA)","IMPEGNO CIVICO LUIGI DI MAIO - CENTRO DEMOCRATICO","MARIA SAELI","29/04/1988","PALERMO (PA)"
"SICILIA 1","SICILIA 1 - U03 (BAGHERIA)","ALLEANZA VERDI E SINISTRA","MARIA SAELI","29/04/1988","PALERMO (PA)"
"SICILIA 1","SICILIA 1 - U03 (BAGHERIA)","PARTITO DEMOCRATICO - ITALIA DEMOCRATICA E PROGRESSISTA","MARIA SAELI","29/04/1988","PALERMO (PA)"
"SICILIA 1","SICILIA 1 - U03 (BAGHERIA)","FORZA ITALIA","FRANCESCO SAVERIO ROMANO","24/12/1964","PALERMO"
"SICILIA 1","SICILIA 1 - U03 (BAGHERIA)","LEGA PER SALVINI PREMIER","FRANCESCO SAVERIO ROMANO","24/12/1964","PALERMO"
"SICILIA 1","SICILIA 1 - U03 (BAGHERIA)","FRATELLI D'ITALIA CON GIORGIA MELONI","FRANCESCO SAVERIO ROMANO","24/12/1964","PALERMO"
"SICILIA 1","SICILIA 1 - U03 (BAGHERIA)","NOI MODERATI/LUPI - TOTI - BRUGNARO - UDC","FRANCESCO SAVERIO ROMANO","24/12/1964","PALERMO"
"SICILIA 1","SICILIA 1 - U04 (GELA)","ITALEXIT PER L'ITALIA","ROSSELLA ALFIERI","25/05/1966","MAZARA DEL VALLO"
"SICILIA 1","SICILIA 1 - U04 (GELA)","UNIONE POPOLARE CON DE MAGISTRIS","GIUSEPPE CARUSOTTO","29/03/1964","CANICATTI'"
"SICILIA 1","SICILIA 1 - U04 (GELA)","SUD CHIAMA NORD","GIAMPIERO MODAFFARI","10/07/1964","SAN CATALDO"
"SICILIA 1","SICILIA 1 - U04 (GELA)","MOVIMENTO 5 STELLE","DEDALO COSIMO GAETANO PIGNATONE","11/10/1980","SAN CATALDO"
"SICILIA 1","SICILIA 1 - U04 (GELA)","ITALIA SOVRANA E POPOLARE","ALBERTO LOMBARDO","22/04/1958","CALTANISSETTA (CL)"
"SICILIA 1","SICILIA 1 - U04 (GELA)","AZIONE - ITALIA VIVA - CALENDA","EMANUELE MAGANUCO","13/09/1971","GELA"
"SICILIA 1","SICILIA 1 - U04 (GELA)"," +EUROPA","MARTINA RIGGI","30/10/1989","SAN CATALDO"
"SICILIA 1","SICILIA 1 - U04 (GELA)","IMPEGNO CIVICO LUIGI DI MAIO - CENTRO DEMOCRATICO","MARTINA RIGGI","30/10/1989","SAN CATALDO"
"SICILIA 1","SICILIA 1 - U04 (GELA)","ALLEANZA VERDI E SINISTRA","MARTINA RIGGI","30/10/1989","SAN CATALDO"
"SICILIA 1","SICILIA 1 - U04 (GELA)","PARTITO DEMOCRATICO - ITALIA DEMOCRATICA E PROGRESSISTA","MARTINA RIGGI","30/10/1989","SAN CATALDO"
"SICILIA 1","SICILIA 1 - U04 (GELA)","FORZA ITALIA","MICHELA VITTORIA BRAMBILLA","26/10/1967","LECCO"
"SICILIA 1","SICILIA 1 - U04 (GELA)","LEGA PER SALVINI PREMIER","MICHELA VITTORIA BRAMBILLA","26/10/1967","LECCO"
"SICILIA 1","SICILIA 1 - U04 (GELA)","FRATELLI D'ITALIA CON GIORGIA MELONI","MICHELA VITTORIA BRAMBILLA","26/10/1967","LECCO"
"SICILIA 1","SICILIA 1 - U04 (GELA)","NOI MODERATI/LUPI - TOTI - BRUGNARO - UDC","MICHELA VITTORIA BRAMBILLA","26/10/1967","LECCO"
"SICILIA 1","SICILIA 1 - U05 (AGRIGENTO)","ITALEXIT PER L'ITALIA","MAURIZIO MICHELE BLO'","22/09/1960","PALERMO"
"SICILIA 1","SICILIA 1 - U05 (AGRIGENTO)","UNIONE POPOLARE CON DE MAGISTRIS","ELEANNA DURANTE","30/01/1989","AGRIGENTO"
"SICILIA 1","SICILIA 1 - U05 (AGRIGENTO)","SUD CHIAMA NORD","ROBERTO BATTAGLIA","04/07/1977","AGRIGENTO"
"SICILIA 1","SICILIA 1 - U05 (AGRIGENTO)","MOVIMENTO 5 STELLE","FILIPPO GIUSEPPE PERCONTI","10/07/1987","PALERMO"
"SICILIA 1","SICILIA 1 - U05 (AGRIGENTO)","ITALIA SOVRANA E POPOLARE","CALOGERO BAVETTA DETTO GERY","02/01/1988","RIBERA (AG)"
"SICILIA 1","SICILIA 1 - U05 (AGRIGENTO)","AZIONE - ITALIA VIVA - CALENDA","LEONARDO CIACCIO","22/08/1971","PALERMO"
"SICILIA 1","SICILIA 1 - U05 (AGRIGENTO)"," +EUROPA","ELEONORA MARIA SCIORTINO","30/04/1981","CATANIA"
"SICILIA 1","SICILIA 1 - U05 (AGRIGENTO)","IMPEGNO CIVICO LUIGI DI MAIO - CENTRO DEMOCRATICO","ELEONORA MARIA SCIORTINO","30/04/1981","CATANIA"
"SICILIA 1","SICILIA 1 - U05 (AGRIGENTO)","ALLEANZA VERDI E SINISTRA","ELEONORA MARIA SCIORTINO","30/04/1981","CATANIA"
"SICILIA 1","SICILIA 1 - U05 (AGRIGENTO)","PARTITO DEMOCRATICO - ITALIA DEMOCRATICA E PROGRESSISTA","ELEONORA MARIA SCIORTINO","30/04/1981","CATANIA"
"SICILIA 1","SICILIA 1 - U05 (AGRIGENTO)","FORZA ITALIA","CALOGERO PISANO","20/06/1981","AGRIGENTO"
"SICILIA 1","SICILIA 1 - U05 (AGRIGENTO)","LEGA PER SALVINI PREMIER","CALOGERO PISANO","20/06/1981","AGRIGENTO"
"SICILIA 1","SICILIA 1 - U05 (AGRIGENTO)","FRATELLI D'ITALIA CON GIORGIA MELONI","CALOGERO PISANO","20/06/1981","AGRIGENTO"
"SICILIA 1","SICILIA 1 - U05 (AGRIGENTO)","NOI MODERATI/LUPI - TOTI - BRUGNARO - UDC","CALOGERO PISANO","20/06/1981","AGRIGENTO"
"SICILIA 1","SICILIA 1 - U06 (MARSALA)","ITALEXIT PER L'ITALIA","ADRIANA CAVASINO","25/02/1981","MAZARA DEL VALLO (TP)"
"SICILIA 1","SICILIA 1 - U06 (MARSALA)","UNIONE POPOLARE CON DE MAGISTRIS","DAVIDE LICARI","24/12/1992","MILANO"
"SICILIA 1","SICILIA 1 - U06 (MARSALA)","SUD CHIAMA NORD","DANIELE VITO MANGIARACINA","30/09/1969","MAZARA DEL VALLO (TP)"
"SICILIA 1","SICILIA 1 - U06 (MARSALA)","MOVIMENTO 5 STELLE","VITA MARTINCIGLIO","17/09/1980","MAZARA DEL VALLO (TP)"
"SICILIA 1","SICILIA 1 - U06 (MARSALA)","ITALIA SOVRANA E POPOLARE","ANTONIO INGROIA","31/03/1959","PALERMO"
"SICILIA 1","SICILIA 1 - U06 (MARSALA)","AZIONE - ITALIA VIVA - CALENDA","GIULIA PANTALEO","05/10/1992","CASTELVETRANO (TP)"
"SICILIA 1","SICILIA 1 - U06 (MARSALA)"," +EUROPA","ANTONIO FERRANTE","31/01/1976","PALERMO"
"SICILIA 1","SICILIA 1 - U06 (MARSALA)","IMPEGNO CIVICO LUIGI DI MAIO - CENTRO DEMOCRATICO","ANTONIO FERRANTE","31/01/1976","PALERMO"
"SICILIA 1","SICILIA 1 - U06 (MARSALA)","ALLEANZA VERDI E SINISTRA","ANTONIO FERRANTE","31/01/1976","PALERMO"
"SICILIA 1","SICILIA 1 - U06 (MARSALA)","PARTITO DEMOCRATICO - ITALIA DEMOCRATICA E PROGRESSISTA","ANTONIO FERRANTE","31/01/1976","PALERMO"
"SICILIA 1","SICILIA 1 - U06 (MARSALA)","FORZA ITALIA","MARTA ANTONIA FASCINA","09/01/1990","MELITO DI PORTO SALVO (RC)"
"SICILIA 1","SICILIA 1 - U06 (MARSALA)","LEGA PER SALVINI PREMIER","MARTA ANTONIA FASCINA","09/01/1990","MELITO DI PORTO SALVO (RC)"
"SICILIA 1","SICILIA 1 - U06 (MARSALA)","FRATELLI D'ITALIA CON GIORGIA MELONI","MARTA ANTONIA FASCINA","09/01/1990","MELITO DI PORTO SALVO (RC)"
"SICILIA 1","SICILIA 1 - U06 (MARSALA)","NOI MODERATI/LUPI - TOTI - BRUGNARO - UDC","MARTA ANTONIA FASCINA","09/01/1990","MELITO DI PORTO SALVO (RC)"
"SICILIA 2","SICILIA 2 - U05 (BARCELLONA POZZO DI GOTTO)","AZIONE - ITALIA VIVA - CALENDA","FABRIZIO BENEDETTO MARIA PULVIRENTI","18/05/1964","CATANIA"
"SICILIA 2","SICILIA 2 - U05 (BARCELLONA POZZO DI GOTTO)","UNIONE POPOLARE CON DE MAGISTRIS","GASPARE DI STEFANO","23/12/1968","CALATAFIMI SEGESTA (TP)"
"SICILIA 2","SICILIA 2 - U05 (BARCELLONA POZZO DI GOTTO)","ITALEXIT PER L'ITALIA","MARIO PIETRO COPPOLINO","19/03/1971","MILAZZO (ME)"
"SICILIA 2","SICILIA 2 - U05 (BARCELLONA POZZO DI GOTTO)","SUD CHIAMA NORD","VALENTINA COSTANTINO","18/10/1986","BRONTE (CT)"
"SICILIA 2","SICILIA 2 - U05 (BARCELLONA POZZO DI GOTTO)","VITA","PATRIZIA LA MONICA","13/11/1959","PIAZZA ARMERINA (EN)"
"SICILIA 2","SICILIA 2 - U05 (BARCELLONA POZZO DI GOTTO)","MOVIMENTO 5 STELLE","KATIA BAGLIO","24/09/1984","PIAZZA ARMERINA (EN)"
"SICILIA 2","SICILIA 2 - U05 (BARCELLONA POZZO DI GOTTO)","FRATELLI D'ITALIA CON GIORGIA MELONI","TOMMASO ANTONINO CALDERONE","30/01/1963","BARCELLONA POZZO DI GOTTO (ME)"
"SICILIA 2","SICILIA 2 - U05 (BARCELLONA POZZO DI GOTTO)","FORZA ITALIA","TOMMASO ANTONINO CALDERONE","30/01/1963","BARCELLONA POZZO DI GOTTO (ME)"
"SICILIA 2","SICILIA 2 - U05 (BARCELLONA POZZO DI GOTTO)","LEGA PER SALVINI PREMIER","TOMMASO ANTONINO CALDERONE","30/01/1963","BARCELLONA POZZO DI GOTTO (ME)"
"SICILIA 2","SICILIA 2 - U05 (BARCELLONA POZZO DI GOTTO)","NOI MODERATI/LUPI - TOTI - BRUGNARO - UDC","TOMMASO ANTONINO CALDERONE","30/01/1963","BARCELLONA POZZO DI GOTTO (ME)"
"SICILIA 2","SICILIA 2 - U05 (BARCELLONA POZZO DI GOTTO)","ALLEANZA VERDI E SINISTRA","GIUSEPPE ARENA","22/07/1964","CATANIA"
"SICILIA 2","SICILIA 2 - U05 (BARCELLONA POZZO DI GOTTO)"," +EUROPA","GIUSEPPE ARENA","22/07/1964","CATANIA"
"SICILIA 2","SICILIA 2 - U05 (BARCELLONA POZZO DI GOTTO)","PARTITO DEMOCRATICO - ITALIA DEMOCRATICA E PROGRESSISTA","GIUSEPPE ARENA","22/07/1964","CATANIA"
"SICILIA 2","SICILIA 2 - U05 (BARCELLONA POZZO DI GOTTO)","IMPEGNO CIVICO LUIGI DI MAIO - CENTRO DEMOCRATICO","GIUSEPPE ARENA","22/07/1964","CATANIA"
"SICILIA 2","SICILIA 2 - U05 (BARCELLONA POZZO DI GOTTO)","ITALIA SOVRANA E POPOLARE","ANTONIO GIUSEPPE DI NATALE","03/06/1958","BARCELLONA POZZO DI GOTTO (ME)"
"SICILIA 2","SICILIA 2 - U06 (MESSINA)","AZIONE - ITALIA VIVA - CALENDA","LETTERIA MODICA ","26/02/1951","MESSINA"
"SICILIA 2","SICILIA 2 - U06 (MESSINA)","UNIONE POPOLARE CON DE MAGISTRIS","FRANCESCO MUCCIARDI","25/07/1983","MONTEBELLUNA"
"SICILIA 2","SICILIA 2 - U06 (MESSINA)","ITALEXIT PER L'ITALIA","CARLO SPANO'","24/11/1970","MESSINA"
"SICILIA 2","SICILIA 2 - U06 (MESSINA)","SUD CHIAMA NORD","FRANCESCO GALLO","03/11/1966","MESSINA"
"SICILIA 2","SICILIA 2 - U06 (MESSINA)","VITA","SALVATORE MODICA","29/11/1969","PATTI (ME)"
"SICILIA 2","SICILIA 2 - U06 (MESSINA)","MOVIMENTO 5 STELLE","GRAZIA D'ANGELO","19/07/1975","MESSINA"
"SICILIA 2","SICILIA 2 - U06 (MESSINA)","FRATELLI D'ITALIA CON GIORGIA MELONI","MATILDE SIRACUSANO","26/04/1985","MESSINA"
"SICILIA 2","SICILIA 2 - U06 (MESSINA)","FORZA ITALIA","MATILDE SIRACUSANO","26/04/1985","MESSINA"
"SICILIA 2","SICILIA 2 - U06 (MESSINA)","LEGA PER SALVINI PREMIER","MATILDE SIRACUSANO","26/04/1985","MESSINA"
"SICILIA 2","SICILIA 2 - U06 (MESSINA)","NOI MODERATI/LUPI - TOTI - BRUGNARO - UDC","MATILDE SIRACUSANO","26/04/1985","MESSINA"
"SICILIA 2","SICILIA 2 - U06 (MESSINA)","ALLEANZA VERDI E SINISTRA","FELICE CALABRO'","06/12/1972","MESSINA"
"SICILIA 2","SICILIA 2 - U06 (MESSINA)"," +EUROPA","FELICE CALABRO'","06/12/1972","MESSINA"
"SICILIA 2","SICILIA 2 - U06 (MESSINA)","PARTITO DEMOCRATICO - ITALIA DEMOCRATICA E PROGRESSISTA","FELICE CALABRO'","06/12/1972","MESSINA"
"SICILIA 2","SICILIA 2 - U06 (MESSINA)","IMPEGNO CIVICO LUIGI DI MAIO - CENTRO DEMOCRATICO","FELICE CALABRO'","06/12/1972","MESSINA"
"SICILIA 2","SICILIA 2 - U06 (MESSINA)","ITALIA SOVRANA E POPOLARE","GIUSEPPE BILLE'","11/04/1967","MESSINA"
"SICILIA 2","SICILIA 2 - U02 (CATANIA)","AZIONE - ITALIA VIVA - CALENDA","VINCENZA BIAGIA CIRALDO","18/01/1965","BRONTE (CT)"
"SICILIA 2","SICILIA 2 - U02 (CATANIA)","UNIONE POPOLARE CON DE MAGISTRIS","DAMIANO FRANCESCO CUCE","19/12/1994","CATANIA"
"SICILIA 2","SICILIA 2 - U02 (CATANIA)","ITALEXIT PER L'ITALIA","LUIGI SAVOCA","02/06/1955","GRAMMICHELE (CT)"
"SICILIA 2","SICILIA 2 - U02 (CATANIA)","SUD CHIAMA NORD","LUDOVICO BALSAMO","08/03/1974","CATANIA"
"SICILIA 2","SICILIA 2 - U02 (CATANIA)","VITA","ANNA GAETANA STRANO","26/07/1963","CATANIA"
"SICILIA 2","SICILIA 2 - U02 (CATANIA)","MOVIMENTO 5 STELLE","LUCIANO CANTONE","24/05/1987","CATANIA"
"SICILIA 2","SICILIA 2 - U02 (CATANIA)","FRATELLI D'ITALIA CON GIORGIA MELONI","VALERIA CARMELA MARIA SUDANO","26/09/1975","CATANIA"
"SICILIA 2","SICILIA 2 - U02 (CATANIA)","FORZA ITALIA","VALERIA CARMELA MARIA SUDANO","26/09/1975","CATANIA"
"SICILIA 2","SICILIA 2 - U02 (CATANIA)","LEGA PER SALVINI PREMIER","VALERIA CARMELA MARIA SUDANO","26/09/1975","CATANIA"
"SICILIA 2","SICILIA 2 - U02 (CATANIA)","NOI MODERATI/LUPI - TOTI - BRUGNARO - UDC","VALERIA CARMELA MARIA SUDANO","26/09/1975","CATANIA"
"SICILIA 2","SICILIA 2 - U02 (CATANIA)","ALLEANZA VERDI E SINISTRA","EMILIANO ABRAMO","09/06/1980","CATANIA"
"SICILIA 2","SICILIA 2 - U02 (CATANIA)"," +EUROPA","EMILIANO ABRAMO","09/06/1980","CATANIA"
"SICILIA 2","SICILIA 2 - U02 (CATANIA)","PARTITO DEMOCRATICO - ITALIA DEMOCRATICA E PROGRESSISTA","EMILIANO ABRAMO","09/06/1980","CATANIA"
"SICILIA 2","SICILIA 2 - U02 (CATANIA)","IMPEGNO CIVICO LUIGI DI MAIO - CENTRO DEMOCRATICO","EMILIANO ABRAMO","09/06/1980","CATANIA"
"SICILIA 2","SICILIA 2 - U02 (CATANIA)","ITALIA SOVRANA E POPOLARE","DANIELA COSTANZO","19/08/1965","MILANO"
"SICILIA 2","SICILIA 2 - U03 (ACIREALE)","AZIONE - ITALIA VIVA - CALENDA","ANGELICA PRESTIANNI","14/04/1967","BRONTE (CT)"
"SICILIA 2","SICILIA 2 - U03 (ACIREALE)","UNIONE POPOLARE CON DE MAGISTRIS","ERMELINDA MAJORANA","13/01/1956","CATANIA"
"SICILIA 2","SICILIA 2 - U03 (ACIREALE)","ITALEXIT PER L'ITALIA","ELENA AGATA MALAFARINA","04/02/1984","GENOVA"
"SICILIA 2","SICILIA 2 - U03 (ACIREALE)","SUD CHIAMA NORD","SANTO ORAZIO PRIMAVERA","02/07/1981","ACIREALE (CT)"
"SICILIA 2","SICILIA 2 - U03 (ACIREALE)","VITA","DANIELE FERRERA","09/12/1981","CATANIA"
"SICILIA 2","SICILIA 2 - U03 (ACIREALE)","MOVIMENTO 5 STELLE","GIOVANNI CARLO AMATO","31/05/1972","CATANIA"
"SICILIA 2","SICILIA 2 - U03 (ACIREALE)","FRATELLI D'ITALIA CON GIORGIA MELONI","FRANCESCO MARIA SALVATORE CIANCITTO","17/03/1967","CATANIA"
"SICILIA 2","SICILIA 2 - U03 (ACIREALE)","FORZA ITALIA","FRANCESCO MARIA SALVATORE CIANCITTO","17/03/1967","CATANIA"
"SICILIA 2","SICILIA 2 - U03 (ACIREALE)","LEGA PER SALVINI PREMIER","FRANCESCO MARIA SALVATORE CIANCITTO","17/03/1967","CATANIA"
"SICILIA 2","SICILIA 2 - U03 (ACIREALE)","NOI MODERATI/LUPI - TOTI - BRUGNARO - UDC","FRANCESCO MARIA SALVATORE CIANCITTO","17/03/1967","CATANIA"
"SICILIA 2","SICILIA 2 - U03 (ACIREALE)","ALLEANZA VERDI E SINISTRA","CHIARA GUGLIELMINO","05/03/1989","PALERMO"
"SICILIA 2","SICILIA 2 - U03 (ACIREALE)"," +EUROPA","CHIARA GUGLIELMINO","05/03/1989","PALERMO"
"SICILIA 2","SICILIA 2 - U03 (ACIREALE)","PARTITO DEMOCRATICO - ITALIA DEMOCRATICA E PROGRESSISTA","CHIARA GUGLIELMINO","05/03/1989","PALERMO"
"SICILIA 2","SICILIA 2 - U03 (ACIREALE)","IMPEGNO CIVICO LUIGI DI MAIO - CENTRO DEMOCRATICO","CHIARA GUGLIELMINO","05/03/1989","PALERMO"
"SICILIA 2","SICILIA 2 - U03 (ACIREALE)","ITALIA SOVRANA E POPOLARE","ALFIO MESSINA","03/10/1974","CATANIA"
"SICILIA 2","SICILIA 2 - U01 (RAGUSA)","AZIONE - ITALIA VIVA - CALENDA","SALVATORE LIUZZO","11/02/1983","COMISO"
"SICILIA 2","SICILIA 2 - U01 (RAGUSA)","UNIONE POPOLARE CON DE MAGISTRIS","GIUSEPPE ZISA","02/11/1983","SCICLI"
"SICILIA 2","SICILIA 2 - U01 (RAGUSA)","ITALEXIT PER L'ITALIA","LUIGI MELILLI","18/11/1957","VITTORIA"
"SICILIA 2","SICILIA 2 - U01 (RAGUSA)","MOVIMENTO 5 STELLE","EUGENIO SAITTA","09/05/1988","CATANIA"
"SICILIA 2","SICILIA 2 - U01 (RAGUSA)","FRATELLI D'ITALIA CON GIORGIA MELONI","ANTONINO MINARDO","05/02/1978","MODICA (RG)"
"SICILIA 2","SICILIA 2 - U01 (RAGUSA)","FORZA ITALIA","ANTONINO MINARDO","05/02/1978","MODICA (RG)"
"SICILIA 2","SICILIA 2 - U01 (RAGUSA)","LEGA PER SALVINI PREMIER","ANTONINO MINARDO","05/02/1978","MODICA (RG)"
"SICILIA 2","SICILIA 2 - U01 (RAGUSA)","NOI MODERATI/LUPI - TOTI - BRUGNARO - UDC","ANTONINO MINARDO","05/02/1978","MODICA (RG)"
"SICILIA 2","SICILIA 2 - U01 (RAGUSA)","ALLEANZA VERDI E SINISTRA","LUIGI BELLASSAI","05/02/1967","VITTORIA"
"SICILIA 2","SICILIA 2 - U01 (RAGUSA)"," +EUROPA","LUIGI BELLASSAI","05/02/1967","VITTORIA"
"SICILIA 2","SICILIA 2 - U01 (RAGUSA)","PARTITO DEMOCRATICO - ITALIA DEMOCRATICA E PROGRESSISTA","LUIGI BELLASSAI","05/02/1967","VITTORIA"
"SICILIA 2","SICILIA 2 - U01 (RAGUSA)","IMPEGNO CIVICO LUIGI DI MAIO - CENTRO DEMOCRATICO","LUIGI BELLASSAI","05/02/1967","VITTORIA"
"SICILIA 2","SICILIA 2 - U01 (RAGUSA)","ITALIA SOVRANA E POPOLARE","IRENE IAPICHINO","02/06/1963","COMISO"
"SICILIA 2","SICILIA 2 - U04 (SIRACUSA)","AZIONE - ITALIA VIVA - CALENDA","CONCETTA CARBONE","23/05/1967","SIRACUSA"
"SICILIA 2","SICILIA 2 - U04 (SIRACUSA)","UNIONE POPOLARE CON DE MAGISTRIS","NICOLA CANDIDO","28/11/1978","LOCRI"
"SICILIA 2","SICILIA 2 - U04 (SIRACUSA)","ITALEXIT PER L'ITALIA","GIOVANNI CALLERI","31/10/1973","SIRACUSA"
"SICILIA 2","SICILIA 2 - U04 (SIRACUSA)","MOVIMENTO 5 STELLE","MARIA CONCETTA DI PIETRO","10/09/1973","MESSINA"
"SICILIA 2","SICILIA 2 - U04 (SIRACUSA)","FRATELLI D'ITALIA CON GIORGIA MELONI","GIOVANNI LUCA CANNATA","17/05/1979","SIRACUSA"
"SICILIA 2","SICILIA 2 - U04 (SIRACUSA)","FORZA ITALIA","GIOVANNI LUCA CANNATA","17/05/1979","SIRACUSA"
"SICILIA 2","SICILIA 2 - U04 (SIRACUSA)","LEGA PER SALVINI PREMIER","GIOVANNI LUCA CANNATA","17/05/1979","SIRACUSA"
"SICILIA 2","SICILIA 2 - U04 (SIRACUSA)","NOI MODERATI/LUPI - TOTI - BRUGNARO - UDC","GIOVANNI LUCA CANNATA","17/05/1979","SIRACUSA"
"SICILIA 2","SICILIA 2 - U04 (SIRACUSA)","ALLEANZA VERDI E SINISTRA","LUCIA AZZOLINA","25/08/1982","SIRACUSA"
"SICILIA 2","SICILIA 2 - U04 (SIRACUSA)"," +EUROPA","LUCIA AZZOLINA","25/08/1982","SIRACUSA"
"SICILIA 2","SICILIA 2 - U04 (SIRACUSA)","PARTITO DEMOCRATICO - ITALIA DEMOCRATICA E PROGRESSISTA","LUCIA AZZOLINA","25/08/1982","SIRACUSA"
"SICILIA 2","SICILIA 2 - U04 (SIRACUSA)","IMPEGNO CIVICO LUIGI DI MAIO - CENTRO DEMOCRATICO","LUCIA AZZOLINA","25/08/1982","SIRACUSA"
"SICILIA 2","SICILIA 2 - U04 (SIRACUSA)","ITALIA SOVRANA E POPOLARE","LUCIA ARMENIA","10/09/1969","NOTO"
"SARDEGNA","SARDEGNA - U01 (CAGLIARI)","UNIONE POPOLARE CON DE MAGISTRIS","CLAUDIA ORTU","07/07/1976","QUARTU SANT'ELENA"
"SARDEGNA","SARDEGNA - U01 (CAGLIARI)","AZIONE - ITALIA VIVA - CALENDA","FRANCESCO STARA","10/02/1963","CAGLIARI"
"SARDEGNA","SARDEGNA - U01 (CAGLIARI)","ITALEXIT PER L'ITALIA","ROBERTA MORO","16/06/1971","CAGLIARI"
"SARDEGNA","SARDEGNA - U01 (CAGLIARI)","MOVIMENTO 5 STELLE","MAURO CONGIA","16/06/1957","CAGLIARI "
"SARDEGNA","SARDEGNA - U01 (CAGLIARI)","FRATELLI D'ITALIA CON GIORGIA MELONI","UGO CAPPELLACCI","27/11/1960","CAGLIARI "
"SARDEGNA","SARDEGNA - U01 (CAGLIARI)","NOI MODERATI/LUPI - TOTI - BRUGNARO - UDC","UGO CAPPELLACCI","27/11/1960","CAGLIARI "
"SARDEGNA","SARDEGNA - U01 (CAGLIARI)","LEGA PER SALVINI PREMIER","UGO CAPPELLACCI","27/11/1960","CAGLIARI "
"SARDEGNA","SARDEGNA - U01 (CAGLIARI)","FORZA ITALIA","UGO CAPPELLACCI","27/11/1960","CAGLIARI "
"SARDEGNA","SARDEGNA - U01 (CAGLIARI)","VITA","MARIO ARESU","20/01/1964","CAGLIARI"
"SARDEGNA","SARDEGNA - U01 (CAGLIARI)","ITALIA SOVRANA E POPOLARE","NICOLA SANNA","05/10/1972","ORISTANO"
"SARDEGNA","SARDEGNA - U01 (CAGLIARI)","IMPEGNO CIVICO LUIGI DI MAIO - CENTRO DEMOCRATICO","ANDREA FRAILIS","10/06/1956","CAGLIARI"
"SARDEGNA","SARDEGNA - U01 (CAGLIARI)","PARTITO DEMOCRATICO - ITALIA DEMOCRATICA E PROGRESSISTA","ANDREA FRAILIS","10/06/1956","CAGLIARI"
"SARDEGNA","SARDEGNA - U01 (CAGLIARI)","ALLEANZA VERDI E SINISTRA","ANDREA FRAILIS","10/06/1956","CAGLIARI"
"SARDEGNA","SARDEGNA - U01 (CAGLIARI)"," +EUROPA","ANDREA FRAILIS","10/06/1956","CAGLIARI"
"SARDEGNA","SARDEGNA - U02 (CARBONIA)","UNIONE POPOLARE CON DE MAGISTRIS","SABRINA MILANOVIC","20/01/1990","ORISTANO "
"SARDEGNA","SARDEGNA - U02 (CARBONIA)","AZIONE - ITALIA VIVA - CALENDA","ALBERTO  CACCIARRU","22/06/1966","IGLESIAS"
"SARDEGNA","SARDEGNA - U02 (CARBONIA)","ITALEXIT PER L'ITALIA","TIZIANA BALESTRINI","06/08/1969","CARBONIA "
"SARDEGNA","SARDEGNA - U02 (CARBONIA)","MOVIMENTO 5 STELLE","LOREDANA LA BARBERA","09/11/1960","MODENA"
"SARDEGNA","SARDEGNA - U02 (CARBONIA)","FRATELLI D'ITALIA CON GIORGIA MELONI","GIANNI LAMPIS","31/05/1988","CAGLIARI"
"SARDEGNA","SARDEGNA - U02 (CARBONIA)","NOI MODERATI/LUPI - TOTI - BRUGNARO - UDC","GIANNI LAMPIS","31/05/1988","CAGLIARI"
"SARDEGNA","SARDEGNA - U02 (CARBONIA)","LEGA PER SALVINI PREMIER","GIANNI LAMPIS","31/05/1988","CAGLIARI"
"SARDEGNA","SARDEGNA - U02 (CARBONIA)","FORZA ITALIA","GIANNI LAMPIS","31/05/1988","CAGLIARI"
"SARDEGNA","SARDEGNA - U02 (CARBONIA)","VITA","MICHELA BENATI","24/01/1974","MIRANDOLA"
"SARDEGNA","SARDEGNA - U02 (CARBONIA)","ITALIA SOVRANA E POPOLARE","CLAUDIO SEDA","18/06/1986","SAN GAVINO MONREALE"
"SARDEGNA","SARDEGNA - U02 (CARBONIA)","IMPEGNO CIVICO LUIGI DI MAIO - CENTRO DEMOCRATICO","FRANCA MARIA FARA","18/08/1957","IGLESIAS"
"SARDEGNA","SARDEGNA - U02 (CARBONIA)","PARTITO DEMOCRATICO - ITALIA DEMOCRATICA E PROGRESSISTA","FRANCA MARIA FARA","18/08/1957","IGLESIAS"
"SARDEGNA","SARDEGNA - U02 (CARBONIA)","ALLEANZA VERDI E SINISTRA","FRANCA MARIA FARA","18/08/1957","IGLESIAS"
"SARDEGNA","SARDEGNA - U02 (CARBONIA)"," +EUROPA","FRANCA MARIA FARA","18/08/1957","IGLESIAS"
"SARDEGNA","SARDEGNA - U03 (NUORO)","UNIONE POPOLARE CON DE MAGISTRIS","GIAN FRANCA SALVAI","18/04/1972","SORGONO"
"SARDEGNA","SARDEGNA - U03 (NUORO)","AZIONE - ITALIA VIVA - CALENDA","STEFANO  COINU","15/05/1965","FONNI"
"SARDEGNA","SARDEGNA - U03 (NUORO)","ITALEXIT PER L'ITALIA","ROBERTO DE CICCO","15/08/1977","NUORO"
"SARDEGNA","SARDEGNA - U03 (NUORO)","MOVIMENTO 5 STELLE","EMILIANO FENU","29/01/1977","SINISCOLA"
"SARDEGNA","SARDEGNA - U03 (NUORO)","FRATELLI D'ITALIA CON GIORGIA MELONI","BARBARA POLO","04/02/1973","OZIERI"
"SARDEGNA","SARDEGNA - U03 (NUORO)","NOI MODERATI/LUPI - TOTI - BRUGNARO - UDC","BARBARA POLO","04/02/1973","OZIERI"
"SARDEGNA","SARDEGNA - U03 (NUORO)","LEGA PER SALVINI PREMIER","BARBARA POLO","04/02/1973","OZIERI"
"SARDEGNA","SARDEGNA - U03 (NUORO)","FORZA ITALIA","BARBARA POLO","04/02/1973","OZIERI"
"SARDEGNA","SARDEGNA - U03 (NUORO)","VITA","STEFANO PELLEGRINO","13/12/1965","CAGLIARI"
"SARDEGNA","SARDEGNA - U03 (NUORO)","ITALIA SOVRANA E POPOLARE","VALERIA SORU","17/12/1966","TERRALBA"
"SARDEGNA","SARDEGNA - U03 (NUORO)","IMPEGNO CIVICO LUIGI DI MAIO - CENTRO DEMOCRATICO","MICHELE PIRAS","20/03/1972","DARMSTADT (GERMANIA)"
"SARDEGNA","SARDEGNA - U03 (NUORO)","PARTITO DEMOCRATICO - ITALIA DEMOCRATICA E PROGRESSISTA","MICHELE PIRAS","20/03/1972","DARMSTADT (GERMANIA)"
"SARDEGNA","SARDEGNA - U03 (NUORO)","ALLEANZA VERDI E SINISTRA","MICHELE PIRAS","20/03/1972","DARMSTADT (GERMANIA)"
"SARDEGNA","SARDEGNA - U03 (NUORO)"," +EUROPA","MICHELE PIRAS","20/03/1972","DARMSTADT (GERMANIA)"
"SARDEGNA","SARDEGNA - U04 (SASSARI)","UNIONE POPOLARE CON DE MAGISTRIS","ANDREA LAI","06/01/1978","SASSARI "
"SARDEGNA","SARDEGNA - U04 (SASSARI)","AZIONE - ITALIA VIVA - CALENDA","GIOVANNA MARIA PEDONI","21/09/1961","SASSARI"
"SARDEGNA","SARDEGNA - U04 (SASSARI)","ITALEXIT PER L'ITALIA","ROBERTO LUPPU","19/01/1985","NUORO"
"SARDEGNA","SARDEGNA - U04 (SASSARI)","MOVIMENTO 5 STELLE","MARIO PERANTONI","06/03/1964","SASSARI "
"SARDEGNA","SARDEGNA - U04 (SASSARI)","FRATELLI D'ITALIA CON GIORGIA MELONI","DARIO GIAGONI","15/02/1979","OZIERI"
"SARDEGNA","SARDEGNA - U04 (SASSARI)","NOI MODERATI/LUPI - TOTI - BRUGNARO - UDC","DARIO GIAGONI","15/02/1979","OZIERI"
"SARDEGNA","SARDEGNA - U04 (SASSARI)","LEGA PER SALVINI PREMIER","DARIO GIAGONI","15/02/1979","OZIERI"
"SARDEGNA","SARDEGNA - U04 (SASSARI)","FORZA ITALIA","DARIO GIAGONI","15/02/1979","OZIERI"
"SARDEGNA","SARDEGNA - U04 (SASSARI)","VITA","GIOVANNI ECCA","08/03/1969","CAGLIARI"
"SARDEGNA","SARDEGNA - U04 (SASSARI)","ITALIA SOVRANA E POPOLARE","ANNARELLA  CASU","03/06/1964","GESTURI"
"SARDEGNA","SARDEGNA - U04 (SASSARI)","IMPEGNO CIVICO LUIGI DI MAIO - CENTRO DEMOCRATICO","CARLA BASSU","20/09/1979","SASSARI"
"SARDEGNA","SARDEGNA - U04 (SASSARI)","PARTITO DEMOCRATICO - ITALIA DEMOCRATICA E PROGRESSISTA","CARLA BASSU","20/09/1979","SASSARI"
"SARDEGNA","SARDEGNA - U04 (SASSARI)","ALLEANZA VERDI E SINISTRA","CARLA BASSU","20/09/1979","SASSARI"
"SARDEGNA","SARDEGNA - U04 (SASSARI)"," +EUROPA","CARLA BASSU","20/09/1979","SASSARI"
"TRENTINO-ALTO ADIGE/S?DTIROL","TRENTINO-ALTO ADIGE/S?DTIROL - U01 (TRENTO)","AZIONE - ITALIA VIVA - CALENDA","ROBERTO SANI","10/02/1962","TRENTO"
"TRENTINO-ALTO ADIGE/S?DTIROL","TRENTINO-ALTO ADIGE/S?DTIROL - U01 (TRENTO)","ITALIA SOVRANA E POPOLARE","GIANFRANCO MERLIN","03/12/1953","CEREA"
"TRENTINO-ALTO ADIGE/S?DTIROL","TRENTINO-ALTO ADIGE/S?DTIROL - U01 (TRENTO)","MOVIMENTO 5 STELLE","RUDI TRANQUILLINI","19/12/1966","ROVERETO"
"TRENTINO-ALTO ADIGE/S?DTIROL","TRENTINO-ALTO ADIGE/S?DTIROL - U01 (TRENTO)","LEGA PER SALVINI PREMIER","ANDREA DE BERTOLDI","12/05/1966","BOLZANO"
"TRENTINO-ALTO ADIGE/S?DTIROL","TRENTINO-ALTO ADIGE/S?DTIROL - U01 (TRENTO)","FRATELLI D'ITALIA CON GIORGIA MELONI","ANDREA DE BERTOLDI","12/05/1966","BOLZANO"
"TRENTINO-ALTO ADIGE/S?DTIROL","TRENTINO-ALTO ADIGE/S?DTIROL - U01 (TRENTO)","NOI MODERATI/LUPI - TOTI - BRUGNARO - UDC","ANDREA DE BERTOLDI","12/05/1966","BOLZANO"
"TRENTINO-ALTO ADIGE/S?DTIROL","TRENTINO-ALTO ADIGE/S?DTIROL - U01 (TRENTO)","FORZA ITALIA","ANDREA DE BERTOLDI","12/05/1966","BOLZANO"
"TRENTINO-ALTO ADIGE/S?DTIROL","TRENTINO-ALTO ADIGE/S?DTIROL - U01 (TRENTO)","S?DTIROLER VOLKSPARTEI (SVP) - PATT","LORENZO OSSANNA","01/05/1968","TRENTO"
"TRENTINO-ALTO ADIGE/S?DTIROL","TRENTINO-ALTO ADIGE/S?DTIROL - U01 (TRENTO)","VITA","ELIANA PECORARI","02/07/1977","PADOVA"
"TRENTINO-ALTO ADIGE/S?DTIROL","TRENTINO-ALTO ADIGE/S?DTIROL - U01 (TRENTO)","IMPEGNO CIVICO LUIGI DI MAIO - CENTRO DEMOCRATICO","SARA FERRARI","05/01/1971","ROVERETO"
"TRENTINO-ALTO ADIGE/S?DTIROL","TRENTINO-ALTO ADIGE/S?DTIROL - U01 (TRENTO)","PARTITO DEMOCRATICO - ITALIA DEMOCRATICA E PROGRESSISTA","SARA FERRARI","05/01/1971","ROVERETO"
"TRENTINO-ALTO ADIGE/S?DTIROL","TRENTINO-ALTO ADIGE/S?DTIROL - U01 (TRENTO)","ALLEANZA VERDI E SINISTRA","SARA FERRARI","05/01/1971","ROVERETO"
"TRENTINO-ALTO ADIGE/S?DTIROL","TRENTINO-ALTO ADIGE/S?DTIROL - U01 (TRENTO)"," +EUROPA","SARA FERRARI","05/01/1971","ROVERETO"
"TRENTINO-ALTO ADIGE/S?DTIROL","TRENTINO-ALTO ADIGE/S?DTIROL - U01 (TRENTO)","UNIONE POPOLARE CON DE MAGISTRIS","IVO CESTARI","06/01/1961","TRENTO"
"TRENTINO-ALTO ADIGE/S?DTIROL","TRENTINO-ALTO ADIGE/S?DTIROL - U01 (TRENTO)","ITALEXIT PER L'ITALIA","MARTINA BATTAN","20/12/1984","TRENTO"
"TRENTINO-ALTO ADIGE/S?DTIROL","TRENTINO-ALTO ADIGE/S?DTIROL - U02 (ROVERETO)","AZIONE - ITALIA VIVA - CALENDA","ALESSIA TAROLLI","19/03/1995","RIVA DEL GARDA"
"TRENTINO-ALTO ADIGE/S?DTIROL","TRENTINO-ALTO ADIGE/S?DTIROL - U02 (ROVERETO)","ITALIA SOVRANA E POPOLARE","MICHELE BERTI","18/08/1977","ROVERETO"
"TRENTINO-ALTO ADIGE/S?DTIROL","TRENTINO-ALTO ADIGE/S?DTIROL - U02 (ROVERETO)","MOVIMENTO 5 STELLE","MAURIZIO DAL BIANCO","22/10/1964","BOLOGNA"
"TRENTINO-ALTO ADIGE/S?DTIROL","TRENTINO-ALTO ADIGE/S?DTIROL - U02 (ROVERETO)","LEGA PER SALVINI PREMIER","VANESSA CATTOI","12/07/1980","ROVERETO"
"TRENTINO-ALTO ADIGE/S?DTIROL","TRENTINO-ALTO ADIGE/S?DTIROL - U02 (ROVERETO)","FRATELLI D'ITALIA CON GIORGIA MELONI","VANESSA CATTOI","12/07/1980","ROVERETO"
"TRENTINO-ALTO ADIGE/S?DTIROL","TRENTINO-ALTO ADIGE/S?DTIROL - U02 (ROVERETO)","NOI MODERATI/LUPI - TOTI - BRUGNARO - UDC","VANESSA CATTOI","12/07/1980","ROVERETO"
"TRENTINO-ALTO ADIGE/S?DTIROL","TRENTINO-ALTO ADIGE/S?DTIROL - U02 (ROVERETO)","FORZA ITALIA","VANESSA CATTOI","12/07/1980","ROVERETO"
"TRENTINO-ALTO ADIGE/S?DTIROL","TRENTINO-ALTO ADIGE/S?DTIROL - U02 (ROVERETO)","S?DTIROLER VOLKSPARTEI (SVP) - PATT","ELENA ALBERTINI","01/06/1947","ROVERETO"
"TRENTINO-ALTO ADIGE/S?DTIROL","TRENTINO-ALTO ADIGE/S?DTIROL - U02 (ROVERETO)","VITA","TOMMASO PAPPALARDO","13/04/1970","CATANIA"
"TRENTINO-ALTO ADIGE/S?DTIROL","TRENTINO-ALTO ADIGE/S?DTIROL - U02 (ROVERETO)","IMPEGNO CIVICO LUIGI DI MAIO - CENTRO DEMOCRATICO","MICHELA CALZA'","31/05/1970","ARCO"
"TRENTINO-ALTO ADIGE/S?DTIROL","TRENTINO-ALTO ADIGE/S?DTIROL - U02 (ROVERETO)","PARTITO DEMOCRATICO - ITALIA DEMOCRATICA E PROGRESSISTA","MICHELA CALZA'","31/05/1970","ARCO"
"TRENTINO-ALTO ADIGE/S?DTIROL","TRENTINO-ALTO ADIGE/S?DTIROL - U02 (ROVERETO)","ALLEANZA VERDI E SINISTRA","MICHELA CALZA'","31/05/1970","ARCO"
"TRENTINO-ALTO ADIGE/S?DTIROL","TRENTINO-ALTO ADIGE/S?DTIROL - U02 (ROVERETO)"," +EUROPA","MICHELA CALZA'","31/05/1970","ARCO"
"TRENTINO-ALTO ADIGE/S?DTIROL","TRENTINO-ALTO ADIGE/S?DTIROL - U02 (ROVERETO)","UNIONE POPOLARE CON DE MAGISTRIS","IRENE CASTELLANI","27/07/1992","CASTELFRANCO VENETO"
"TRENTINO-ALTO ADIGE/S?DTIROL","TRENTINO-ALTO ADIGE/S?DTIROL - U02 (ROVERETO)","ITALEXIT PER L'ITALIA","MAURIZIO BISOFFI","08/02/1968","ROVERETO"
"TRENTINO-ALTO ADIGE/S?DTIROL","TRENTINO-ALTO ADIGE/S?DTIROL - U03 (BOLZANO/BOZEN)","AZIONE - ITALIA VIVA - CALENDA","MAURO RANDI","14/06/1959","BOLZANO"
"TRENTINO-ALTO ADIGE/S?DTIROL","TRENTINO-ALTO ADIGE/S?DTIROL - U03 (BOLZANO/BOZEN)","ITALIA SOVRANA E POPOLARE","MARIA ROSA AVELLINO","23/06/1976","CAMBRIDGE (REGNO UNITO)"
"TRENTINO-ALTO ADIGE/S?DTIROL","TRENTINO-ALTO ADIGE/S?DTIROL - U03 (BOLZANO/BOZEN)","MOVIMENTO 5 STELLE","ANGELO RIZZO","10/11/1987","PALERMO"
"TRENTINO-ALTO ADIGE/S?DTIROL","TRENTINO-ALTO ADIGE/S?DTIROL - U03 (BOLZANO/BOZEN)","LEGA PER SALVINI PREMIER","SABRINA ADAMI","09/02/1972","UDINE"
"TRENTINO-ALTO ADIGE/S?DTIROL","TRENTINO-ALTO ADIGE/S?DTIROL - U03 (BOLZANO/BOZEN)","FRATELLI D'ITALIA CON GIORGIA MELONI","SABRINA ADAMI","09/02/1972","UDINE"
"TRENTINO-ALTO ADIGE/S?DTIROL","TRENTINO-ALTO ADIGE/S?DTIROL - U03 (BOLZANO/BOZEN)","NOI MODERATI/LUPI - TOTI - BRUGNARO - UDC","SABRINA ADAMI","09/02/1972","UDINE"
"TRENTINO-ALTO ADIGE/S?DTIROL","TRENTINO-ALTO ADIGE/S?DTIROL - U03 (BOLZANO/BOZEN)","FORZA ITALIA","SABRINA ADAMI","09/02/1972","UDINE"
"TRENTINO-ALTO ADIGE/S?DTIROL","TRENTINO-ALTO ADIGE/S?DTIROL - U03 (BOLZANO/BOZEN)","S?DTIROLER VOLKSPARTEI (SVP) - PATT","MANFRED SCHULLIAN","09/03/1962","BOLZANO"
"TRENTINO-ALTO ADIGE/S?DTIROL","TRENTINO-ALTO ADIGE/S?DTIROL - U03 (BOLZANO/BOZEN)","VITA","RENATE HOLZEISEN","10/09/1966","BOLZANO"
"TRENTINO-ALTO ADIGE/S?DTIROL","TRENTINO-ALTO ADIGE/S?DTIROL - U03 (BOLZANO/BOZEN)","IMPEGNO CIVICO LUIGI DI MAIO - CENTRO DEMOCRATICO","ELIDE MUSSNER","07/11/1984","BOLZANO"
"TRENTINO-ALTO ADIGE/S?DTIROL","TRENTINO-ALTO ADIGE/S?DTIROL - U03 (BOLZANO/BOZEN)","PARTITO DEMOCRATICO - ITALIA DEMOCRATICA E PROGRESSISTA","ELIDE MUSSNER","07/11/1984","BOLZANO"
"TRENTINO-ALTO ADIGE/S?DTIROL","TRENTINO-ALTO ADIGE/S?DTIROL - U03 (BOLZANO/BOZEN)","ALLEANZA VERDI E SINISTRA","ELIDE MUSSNER","07/11/1984","BOLZANO"
"TRENTINO-ALTO ADIGE/S?DTIROL","TRENTINO-ALTO ADIGE/S?DTIROL - U03 (BOLZANO/BOZEN)"," +EUROPA","ELIDE MUSSNER","07/11/1984","BOLZANO"
"TRENTINO-ALTO ADIGE/S?DTIROL","TRENTINO-ALTO ADIGE/S?DTIROL - U03 (BOLZANO/BOZEN)","UNIONE POPOLARE CON DE MAGISTRIS","FRANCESCO ALBERTI","17/12/1958","BOLZANO"
"TRENTINO-ALTO ADIGE/S?DTIROL","TRENTINO-ALTO ADIGE/S?DTIROL - U03 (BOLZANO/BOZEN)","ITALEXIT PER L'ITALIA","HANNES SCHICK","17/12/1957","WARWICK (USA)"
"TRENTINO-ALTO ADIGE/S?DTIROL","TRENTINO-ALTO ADIGE/S?DTIROL - U04 (BRESSANONE/BRIXEN)","AZIONE - ITALIA VIVA - CALENDA","ENNIO CHIODI","04/02/1952","ROMA"
"TRENTINO-ALTO ADIGE/S?DTIROL","TRENTINO-ALTO ADIGE/S?DTIROL - U04 (BRESSANONE/BRIXEN)","ITALIA SOVRANA E POPOLARE","MARIA CRISTIANO","07/11/1948","COSENZA"
"TRENTINO-ALTO ADIGE/S?DTIROL","TRENTINO-ALTO ADIGE/S?DTIROL - U04 (BRESSANONE/BRIXEN)","MOVIMENTO 5 STELLE","DAVIDE BARBIERI","31/05/1983","NAPOLI"
"TRENTINO-ALTO ADIGE/S?DTIROL","TRENTINO-ALTO ADIGE/S?DTIROL - U04 (BRESSANONE/BRIXEN)","LEGA PER SALVINI PREMIER","PAOLA BINETTI","29/03/1943","ROMA"
"TRENTINO-ALTO ADIGE/S?DTIROL","TRENTINO-ALTO ADIGE/S?DTIROL - U04 (BRESSANONE/BRIXEN)","FRATELLI D'ITALIA CON GIORGIA MELONI","PAOLA BINETTI","29/03/1943","ROMA"
"TRENTINO-ALTO ADIGE/S?DTIROL","TRENTINO-ALTO ADIGE/S?DTIROL - U04 (BRESSANONE/BRIXEN)","NOI MODERATI/LUPI - TOTI - BRUGNARO - UDC","PAOLA BINETTI","29/03/1943","ROMA"
"TRENTINO-ALTO ADIGE/S?DTIROL","TRENTINO-ALTO ADIGE/S?DTIROL - U04 (BRESSANONE/BRIXEN)","FORZA ITALIA","PAOLA BINETTI","29/03/1943","ROMA"
"TRENTINO-ALTO ADIGE/S?DTIROL","TRENTINO-ALTO ADIGE/S?DTIROL - U04 (BRESSANONE/BRIXEN)","S?DTIROLER VOLKSPARTEI (SVP) - PATT","RENATE GEBHARD","02/05/1977","BOLZANO"
"TRENTINO-ALTO ADIGE/S?DTIROL","TRENTINO-ALTO ADIGE/S?DTIROL - U04 (BRESSANONE/BRIXEN)","VITA","FRANCESCO CESARI","28/04/1979","ARGENTA"
"TRENTINO-ALTO ADIGE/S?DTIROL","TRENTINO-ALTO ADIGE/S?DTIROL - U04 (BRESSANONE/BRIXEN)","IMPEGNO CIVICO LUIGI DI MAIO - CENTRO DEMOCRATICO","FRANZ PLONER","25/03/1954","BOLZANO"
"TRENTINO-ALTO ADIGE/S?DTIROL","TRENTINO-ALTO ADIGE/S?DTIROL - U04 (BRESSANONE/BRIXEN)","PARTITO DEMOCRATICO - ITALIA DEMOCRATICA E PROGRESSISTA","FRANZ PLONER","25/03/1954","BOLZANO"
"TRENTINO-ALTO ADIGE/S?DTIROL","TRENTINO-ALTO ADIGE/S?DTIROL - U04 (BRESSANONE/BRIXEN)","ALLEANZA VERDI E SINISTRA","FRANZ PLONER","25/03/1954","BOLZANO"
"TRENTINO-ALTO ADIGE/S?DTIROL","TRENTINO-ALTO ADIGE/S?DTIROL - U04 (BRESSANONE/BRIXEN)"," +EUROPA","FRANZ PLONER","25/03/1954","BOLZANO"
"TRENTINO-ALTO ADIGE/S?DTIROL","TRENTINO-ALTO ADIGE/S?DTIROL - U04 (BRESSANONE/BRIXEN)","UNIONE POPOLARE CON DE MAGISTRIS","ELISABETTA STARITA","01/07/1962","PRATA SANNITA"
"TRENTINO-ALTO ADIGE/S?DTIROL","TRENTINO-ALTO ADIGE/S?DTIROL - U04 (BRESSANONE/BRIXEN)","ITALEXIT PER L'ITALIA","ILARIA BATTISTETTI","12/03/1978","VENEZIA"
