"CIRCOSCRIZIONE","COLLEGIO_PLURINOMINALE","DESCR_LISTA","CANDIDATO","DATA_NASCITA","LUOGO_NASCITA"
"PIEMONTE 1","PIEMONTE 1 - P01","MOVIMENTO 5 STELLE","CHIARA APPENDINO","12/06/1984","MONCALIERI (TO)"
"PIEMONTE 1","PIEMONTE 1 - P01","MOVIMENTO 5 STELLE","ANTONINO IARIA","27/12/1970","CONDOFURI (RC)"
"PIEMONTE 1","PIEMONTE 1 - P01","MOVIMENTO 5 STELLE","CARLOTTA TEVERE","21/06/1978","TORINO"
"PIEMONTE 1","PIEMONTE 1 - P01","MOVIMENTO 5 STELLE","GIOVANNI CAPONETTO","30/03/1984","TORINO"
"PIEMONTE 1","PIEMONTE 1 - P01","AZIONE - ITALIA VIVA - CALENDA","DANIELA RUFFINO","07/02/1959","TORINO"
"PIEMONTE 1","PIEMONTE 1 - P01","AZIONE - ITALIA VIVA - CALENDA","GIUSEPPE ZOLLINO","28/07/1962","MAGLIE (LE)"
"PIEMONTE 1","PIEMONTE 1 - P01","AZIONE - ITALIA VIVA - CALENDA","PAOLA BARBERO","19/11/1953","TORINO"
"PIEMONTE 1","PIEMONTE 1 - P01","AZIONE - ITALIA VIVA - CALENDA","GIORGIO MERLO","09/07/1960","PINEROLO (TO)"
"PIEMONTE 1","PIEMONTE 1 - P01","FRATELLI D'ITALIA CON GIORGIA MELONI","AUGUSTA MONTARULI","14/09/1983","TORINO"
"PIEMONTE 1","PIEMONTE 1 - P01","FRATELLI D'ITALIA CON GIORGIA MELONI","MARCO PERISSA","22/05/1982","ROMA"
"PIEMONTE 1","PIEMONTE 1 - P01","FRATELLI D'ITALIA CON GIORGIA MELONI","MONICA CIABURRO","12/04/1970","CUNEO"
"PIEMONTE 1","PIEMONTE 1 - P01","FRATELLI D'ITALIA CON GIORGIA MELONI","GIOVANNI CROSETTO","12/08/1990","SAVIGLIANO (CN)"
"PIEMONTE 1","PIEMONTE 1 - P01","FORZA ITALIA","CLAUDIA PORCHIETTO","30/05/1967","VENARIA REALE (TO)"
"PIEMONTE 1","PIEMONTE 1 - P01","FORZA ITALIA","CARLUCCIO GIACOMETTO DETTO CARLO","01/07/1973","CHIERI (TO)"
"PIEMONTE 1","PIEMONTE 1 - P01","FORZA ITALIA","ALESSANDRA HILDA FRANCESCA BILETTA","28/08/1970","TORINO"
"PIEMONTE 1","PIEMONTE 1 - P01","FORZA ITALIA","LUDOVICO MARIA SEPPILLI","02/12/1991","TORINO"
"PIEMONTE 1","PIEMONTE 1 - P01","NOI MODERATI/LUPI - TOTI - BRUGNARO - UDC","MARTINA SEMENZATO","09/07/1973","SPINEA (VE)"
"PIEMONTE 1","PIEMONTE 1 - P01","NOI MODERATI/LUPI - TOTI - BRUGNARO - UDC","TOMMASO VARALDO","05/10/1996","TORINO"
"PIEMONTE 1","PIEMONTE 1 - P01","NOI MODERATI/LUPI - TOTI - BRUGNARO - UDC","LOREDANA MUCI","27/05/1954","MAGLIE (LE)"
"PIEMONTE 1","PIEMONTE 1 - P01","NOI MODERATI/LUPI - TOTI - BRUGNARO - UDC","ANTONIO CUZZILLA","18/11/1972","TORINO"
"PIEMONTE 1","PIEMONTE 1 - P01","LEGA PER SALVINI PREMIER","ELENA MACCANTI","05/02/1971","TORINO"
"PIEMONTE 1","PIEMONTE 1 - P01","LEGA PER SALVINI PREMIER","FLAVIO GASTALDI","01/07/1991","SAVIGLIANO (CN)"
"PIEMONTE 1","PIEMONTE 1 - P01","LEGA PER SALVINI PREMIER","ROBERTA FERRERO","14/10/1971","TORINO"
"PIEMONTE 1","PIEMONTE 1 - P01","LEGA PER SALVINI PREMIER","CARMELO BRUNO","03/01/1980","TORINO"
"PIEMONTE 1","PIEMONTE 1 - P01","ITALEXIT PER L'ITALIA","GIOVANNI FRAJESE","21/02/1972","ROMA"
"PIEMONTE 1","PIEMONTE 1 - P01","ITALEXIT PER L'ITALIA","MARINA PITTAU","07/11/1969","SUSA (TO)"
"PIEMONTE 1","PIEMONTE 1 - P01","ITALEXIT PER L'ITALIA","LUCA CELLAMARE","27/09/1983","ROMA"
"PIEMONTE 1","PIEMONTE 1 - P01","ITALEXIT PER L'ITALIA","RIPALTA ARDITO DETTA RITA","15/06/1956","TORINO"
"PIEMONTE 1","PIEMONTE 1 - P01","ITALIA SOVRANA E POPOLARE","MARCO RIZZO","12/10/1959","TORINO"
"PIEMONTE 1","PIEMONTE 1 - P01","ITALIA SOVRANA E POPOLARE","DANIELA TALARICO","08/06/1965","TORINO"
"PIEMONTE 1","PIEMONTE 1 - P01","ITALIA SOVRANA E POPOLARE","CLAUDIO MESSORA","20/02/1968","ALESSANDRIA D'EGITTO (EGITTO)"
"PIEMONTE 1","PIEMONTE 1 - P01","ITALIA SOVRANA E POPOLARE","DANIELA LAURA TEODORI","03/07/1956","TORINO"
"PIEMONTE 1","PIEMONTE 1 - P01"," +EUROPA","RICCARDO  MAGI","07/08/1976","ROMA (RM)"
"PIEMONTE 1","PIEMONTE 1 - P01"," +EUROPA","SILVJA MANZI","24/07/1973","FOGGIA"
"PIEMONTE 1","PIEMONTE 1 - P01"," +EUROPA","MARCO CAVALETTO","22/04/1951","TORINO"
"PIEMONTE 1","PIEMONTE 1 - P01"," +EUROPA","CHIARA ANDERLINI","13/09/1987","FORLI'"
"PIEMONTE 1","PIEMONTE 1 - P01","PARTITO DEMOCRATICO - ITALIA DEMOCRATICA E PROGRESSISTA","DEBORA SERRACCHIANI","10/11/1970","ROMA"
"PIEMONTE 1","PIEMONTE 1 - P01","PARTITO DEMOCRATICO - ITALIA DEMOCRATICA E PROGRESSISTA","MAURO ANTONIO DONATO LAUS","07/08/1966","LAVELLO (PZ)"
"PIEMONTE 1","PIEMONTE 1 - P01","PARTITO DEMOCRATICO - ITALIA DEMOCRATICA E PROGRESSISTA","MARIA CECILIA GUERRA","06/12/1957","NONANTOLA (MO)"
"PIEMONTE 1","PIEMONTE 1 - P01","PARTITO DEMOCRATICO - ITALIA DEMOCRATICA E PROGRESSISTA","STEFANO LEPRI","05/02/1961","FIRENZE"
"PIEMONTE 1","PIEMONTE 1 - P01","ALLEANZA VERDI E SINISTRA","MARCO GRIMALDI","08/11/1980","TORINO"
"PIEMONTE 1","PIEMONTE 1 - P01","ALLEANZA VERDI E SINISTRA","MARIELLA GRISA'","02/01/1974","TORINO"
"PIEMONTE 1","PIEMONTE 1 - P01","ALLEANZA VERDI E SINISTRA","ANDREA JOHN  DEJANAZ","23/02/1992","AOSTA"
"PIEMONTE 1","PIEMONTE 1 - P01","ALLEANZA VERDI E SINISTRA","EMANUELA CHIDICHIMO","01/09/1975","TORINO"
"PIEMONTE 1","PIEMONTE 1 - P01","IMPEGNO CIVICO LUIGI DI MAIO - CENTRO DEMOCRATICO","LAURA CASTELLI","14/09/1986","TORINO"
"PIEMONTE 1","PIEMONTE 1 - P01","IMPEGNO CIVICO LUIGI DI MAIO - CENTRO DEMOCRATICO","DAVIDE SERRITELLA","19/08/1981","TORINO"
"PIEMONTE 1","PIEMONTE 1 - P01","IMPEGNO CIVICO LUIGI DI MAIO - CENTRO DEMOCRATICO","RAFFAELLA CUOMO","16/09/1962","ROMA"
"PIEMONTE 1","PIEMONTE 1 - P01","IMPEGNO CIVICO LUIGI DI MAIO - CENTRO DEMOCRATICO","SAVERIO BOGGI","27/09/1965","MONZA"
"PIEMONTE 1","PIEMONTE 1 - P01","VITA","LORENA BASSINO","11/02/1970","CHIVASSO (TO)"
"PIEMONTE 1","PIEMONTE 1 - P01","VITA","PAOLO SENSINI","31/08/1970","CESENA (FC)"
"PIEMONTE 1","PIEMONTE 1 - P01","VITA","FEDERICA PATTARINO","26/07/1968","TORINO"
"PIEMONTE 1","PIEMONTE 1 - P01","VITA","DAVIDE MICCONE","02/04/1968","TORINO"
"PIEMONTE 1","PIEMONTE 1 - P01","UNIONE POPOLARE CON DE MAGISTRIS","ANGELO D'ORSI","01/01/1947","PONTECAGNANO FAIANO (SA)"
"PIEMONTE 1","PIEMONTE 1 - P01","UNIONE POPOLARE CON DE MAGISTRIS","FRANCESCA BERTINI","18/03/1996","TORINO"
"PIEMONTE 1","PIEMONTE 1 - P01","UNIONE POPOLARE CON DE MAGISTRIS","DAMIANO CARRETTO","16/10/1978","BRA (CN)"
"PIEMONTE 1","PIEMONTE 1 - P01","UNIONE POPOLARE CON DE MAGISTRIS","ALESSANDRA DE ROSSI","05/02/1967","TORINO"
"PIEMONTE 1","PIEMONTE 1 - P02","MOVIMENTO 5 STELLE","CHIARA APPENDINO","12/06/1984","MONCALIERI (TO)"
"PIEMONTE 1","PIEMONTE 1 - P02","MOVIMENTO 5 STELLE","LUCA CARABETTA","10/06/1991","RIVOLI (TO)"
"PIEMONTE 1","PIEMONTE 1 - P02","MOVIMENTO 5 STELLE","ANTONELLA PEPE","25/05/1974","TORINO"
"PIEMONTE 1","PIEMONTE 1 - P02","MOVIMENTO 5 STELLE","MATTEO LOCATELLI","16/02/1975","CUORGNE' (TO)"
"PIEMONTE 1","PIEMONTE 1 - P02","AZIONE - ITALIA VIVA - CALENDA","DANIELA RUFFINO","07/02/1959","TORINO"
"PIEMONTE 1","PIEMONTE 1 - P02","AZIONE - ITALIA VIVA - CALENDA","OSVALDO NAPOLI","23/03/1944","TORINO"
"PIEMONTE 1","PIEMONTE 1 - P02","AZIONE - ITALIA VIVA - CALENDA","ANGELA SCHIFINO","03/05/1979","ROMA"
"PIEMONTE 1","PIEMONTE 1 - P02","AZIONE - ITALIA VIVA - CALENDA","GABRIELE TOCCAFONDI","15/04/1972","FIRENZE"
"PIEMONTE 1","PIEMONTE 1 - P02","FRATELLI D'ITALIA CON GIORGIA MELONI","AUGUSTA MONTARULI","14/09/1983","TORINO"
"PIEMONTE 1","PIEMONTE 1 - P02","FRATELLI D'ITALIA CON GIORGIA MELONI","MARCO PERISSA","22/05/1982","ROMA"
"PIEMONTE 1","PIEMONTE 1 - P02","FRATELLI D'ITALIA CON GIORGIA MELONI","IMMACOLATA ZURZOLO","07/06/1973","TORINO"
"PIEMONTE 1","PIEMONTE 1 - P02","FRATELLI D'ITALIA CON GIORGIA MELONI","GIOVANNI RAVALLI","12/07/1977","VITTORIA (RG)"
"PIEMONTE 1","PIEMONTE 1 - P02","FORZA ITALIA","GILBERTO PICHETTO FRATIN","04/01/1954","VEGLIO (VC)"
"PIEMONTE 1","PIEMONTE 1 - P02","FORZA ITALIA","MARIA VIRGINIA TIRABOSCHI","05/07/1965","IVREA (TO)"
"PIEMONTE 1","PIEMONTE 1 - P02","FORZA ITALIA","PAOLO RUZZOLA","15/04/1966","RIVOLI (TO)"
"PIEMONTE 1","PIEMONTE 1 - P02","FORZA ITALIA","MARIA GRAZIA BIGLIOTTO","21/05/1979","CASTELLAMONTE (TO)"
"PIEMONTE 1","PIEMONTE 1 - P02","NOI MODERATI/LUPI - TOTI - BRUGNARO - UDC","PAOLA BINETTI","29/03/1943","ROMA"
"PIEMONTE 1","PIEMONTE 1 - P02","NOI MODERATI/LUPI - TOTI - BRUGNARO - UDC","MATTEO DORIA","01/05/1982","MONCALIERI (TO)"
"PIEMONTE 1","PIEMONTE 1 - P02","NOI MODERATI/LUPI - TOTI - BRUGNARO - UDC","SILVIA MINOLFI","04/07/1964","PINEROLO (TO)"
"PIEMONTE 1","PIEMONTE 1 - P02","NOI MODERATI/LUPI - TOTI - BRUGNARO - UDC","MIMMO DELLISANTI","19/08/1968","TORINO"
"PIEMONTE 1","PIEMONTE 1 - P02","LEGA PER SALVINI PREMIER","SILVANA ANDREINA COMAROLI","27/03/1967","SONCINO "
"PIEMONTE 1","PIEMONTE 1 - P02","LEGA PER SALVINI PREMIER","ALESSANDRO MANUEL BENVENUTO","23/07/1986","VENARIA REALE (TO)"
"PIEMONTE 1","PIEMONTE 1 - P02","LEGA PER SALVINI PREMIER","ASTRID SENTO","05/04/1966","TORINO"
"PIEMONTE 1","PIEMONTE 1 - P02","LEGA PER SALVINI PREMIER","CARMELO BRUNO","03/01/1980","TORINO"
"PIEMONTE 1","PIEMONTE 1 - P02","ITALEXIT PER L'ITALIA","FRANCO TRIVERO","19/07/1959","TORINO"
"PIEMONTE 1","PIEMONTE 1 - P02","ITALEXIT PER L'ITALIA","SILVIA CASTELLANO","23/04/1976","TORINO"
"PIEMONTE 1","PIEMONTE 1 - P02","ITALEXIT PER L'ITALIA","ALDO QUERIO GIANETTO","01/11/1972","TORINO"
"PIEMONTE 1","PIEMONTE 1 - P02","ITALEXIT PER L'ITALIA","VALENTINA PRETATO","30/04/1982","IVREA (TO)"
"PIEMONTE 1","PIEMONTE 1 - P02","ITALIA SOVRANA E POPOLARE","FRANCESCO TOSCANO","28/05/1979","GIOIA TAURO "
"PIEMONTE 1","PIEMONTE 1 - P02","ITALIA SOVRANA E POPOLARE","DOMENICA FOLLINO","09/06/1955","TORINO"
"PIEMONTE 1","PIEMONTE 1 - P02","ITALIA SOVRANA E POPOLARE","PAOLO BORGOGNONE","05/10/1981","CANALE (CN)"
"PIEMONTE 1","PIEMONTE 1 - P02","ITALIA SOVRANA E POPOLARE","ELISA BONDA","01/06/1995","TORINO"
"PIEMONTE 1","PIEMONTE 1 - P02"," +EUROPA","SILVJA MANZI","24/07/1973","FOGGIA"
"PIEMONTE 1","PIEMONTE 1 - P02"," +EUROPA","RICCARDO MAGI","07/08/1976","ROMA (RM)"
"PIEMONTE 1","PIEMONTE 1 - P02"," +EUROPA","EMANUELA GIRARDI","23/06/1973","CHIERI "
"PIEMONTE 1","PIEMONTE 1 - P02"," +EUROPA","ANDREA TURI","21/05/1991","ROMA"
"PIEMONTE 1","PIEMONTE 1 - P02","PARTITO DEMOCRATICO - ITALIA DEMOCRATICA E PROGRESSISTA","MAURO BERRUTO","08/05/1969","TORINO"
"PIEMONTE 1","PIEMONTE 1 - P02","PARTITO DEMOCRATICO - ITALIA DEMOCRATICA E PROGRESSISTA","FRANCESCA BONOMO","21/09/1984","TORINO"
"PIEMONTE 1","PIEMONTE 1 - P02","PARTITO DEMOCRATICO - ITALIA DEMOCRATICA E PROGRESSISTA","NICOLO' FARINETTO","08/05/1992","TORINO"
"PIEMONTE 1","PIEMONTE 1 - P02","PARTITO DEMOCRATICO - ITALIA DEMOCRATICA E PROGRESSISTA","FEDERICA SANNA","22/09/1994","TORINO"
"PIEMONTE 1","PIEMONTE 1 - P02","ALLEANZA VERDI E SINISTRA","MARCO GRIMALDI","08/11/1980","TORINO"
"PIEMONTE 1","PIEMONTE 1 - P02","ALLEANZA VERDI E SINISTRA","MARIELLA GRISA'","02/01/1974","TORINO"
"PIEMONTE 1","PIEMONTE 1 - P02","ALLEANZA VERDI E SINISTRA","ANDREA GIULIANA","07/12/1975","TORINO"
"PIEMONTE 1","PIEMONTE 1 - P02","ALLEANZA VERDI E SINISTRA","NICOLETTA PAOLA CERRATO","16/05/1957","TORINO"
"PIEMONTE 1","PIEMONTE 1 - P02","IMPEGNO CIVICO LUIGI DI MAIO - CENTRO DEMOCRATICO","LAURA CASTELLI","14/09/1986","TORINO"
"PIEMONTE 1","PIEMONTE 1 - P02","IMPEGNO CIVICO LUIGI DI MAIO - CENTRO DEMOCRATICO","ANDREA CASO","09/09/1985","NAPOLI "
"PIEMONTE 1","PIEMONTE 1 - P02","IMPEGNO CIVICO LUIGI DI MAIO - CENTRO DEMOCRATICO","RAFFAELLA CUOMO","16/09/1962","ROMA"
"PIEMONTE 1","PIEMONTE 1 - P02","IMPEGNO CIVICO LUIGI DI MAIO - CENTRO DEMOCRATICO","FRANCESCO ABBATE","16/08/1968","POZZUOLI (NA)"
"PIEMONTE 1","PIEMONTE 1 - P02","VITA","ROBERTO CONEDERA","09/08/1957","TERNI"
"PIEMONTE 1","PIEMONTE 1 - P02","VITA","ANNARITA PLATANIA","21/08/1963","TORINO"
"PIEMONTE 1","PIEMONTE 1 - P02","VITA","DAVIDE COTTINO","05/08/1993","ASTI"
"PIEMONTE 1","PIEMONTE 1 - P02","VITA","LORENA BASSINO","11/02/1970","CHIVASSO (TO)"
"PIEMONTE 1","PIEMONTE 1 - P02","UNIONE POPOLARE CON DE MAGISTRIS","FIORENZA ARISIO","15/12/1971","TORINO"
"PIEMONTE 1","PIEMONTE 1 - P02","UNIONE POPOLARE CON DE MAGISTRIS","FAUSTO BRUNO CRISTOFARI","06/10/1955","TORINO"
"PIEMONTE 1","PIEMONTE 1 - P02","UNIONE POPOLARE CON DE MAGISTRIS","GIULIA SOPEGNO","10/03/1995","TORINO"
"PIEMONTE 1","PIEMONTE 1 - P02","UNIONE POPOLARE CON DE MAGISTRIS","STEFANO ALBERIONE","24/04/1961","TORINO"
"PIEMONTE 2","PIEMONTE 2 - P01","AZIONE - ITALIA VIVA - CALENDA","LUIGI MARATTIN","20/02/1979","NAPOLI"
"PIEMONTE 2","PIEMONTE 2 - P01","AZIONE - ITALIA VIVA - CALENDA","FRANCESCA TINI BRUNOZZI","05/07/1964","NARNI (TR)"
"PIEMONTE 2","PIEMONTE 2 - P01","AZIONE - ITALIA VIVA - CALENDA","FABRIZIO FINOCCHI","06/11/1967","CHIVASSO (TO)"
"PIEMONTE 2","PIEMONTE 2 - P01","AZIONE - ITALIA VIVA - CALENDA","MICHELA MARIA POETA","17/12/1961","PREMOSELLO-CHIOVENDA (VB)"
"PIEMONTE 2","PIEMONTE 2 - P01","UNIONE POPOLARE CON DE MAGISTRIS","MASSIMO ARCANGELI","17/07/1960","ROMA"
"PIEMONTE 2","PIEMONTE 2 - P01","UNIONE POPOLARE CON DE MAGISTRIS","LAURA GIOVANNA ROBBIANO","11/02/1966","OVADA (AL)"
"PIEMONTE 2","PIEMONTE 2 - P01","UNIONE POPOLARE CON DE MAGISTRIS","ANDREA TAMISO","15/05/1987","VERCELLI"
"PIEMONTE 2","PIEMONTE 2 - P01","UNIONE POPOLARE CON DE MAGISTRIS","CINZIA LAMANNA","22/05/1960","MILANO"
"PIEMONTE 2","PIEMONTE 2 - P01"," +EUROPA","ROSWITHA FLAIBANI","16/08/1957","MERANO (BZ)"
"PIEMONTE 2","PIEMONTE 2 - P01"," +EUROPA","FEDERICO BODO","15/09/1990","VERCELLI"
"PIEMONTE 2","PIEMONTE 2 - P01"," +EUROPA","ALICE DEPETRO","07/06/1995","ALBA (CN)"
"PIEMONTE 2","PIEMONTE 2 - P01"," +EUROPA","GIORGIO MARACICH","21/07/1967","TORINO"
"PIEMONTE 2","PIEMONTE 2 - P01","PARTITO DEMOCRATICO - ITALIA DEMOCRATICA E PROGRESSISTA","FEDERICO FORNARO","09/12/1962","GENOVA"
"PIEMONTE 2","PIEMONTE 2 - P01","PARTITO DEMOCRATICO - ITALIA DEMOCRATICA E PROGRESSISTA","EMANUELA ALLEGRA DETTA MILU'","02/12/1966","NOVARA"
"PIEMONTE 2","PIEMONTE 2 - P01","PARTITO DEMOCRATICO - ITALIA DEMOCRATICA E PROGRESSISTA","RINALDO CHIOLA","09/11/1971","BIELLA"
"PIEMONTE 2","PIEMONTE 2 - P01","PARTITO DEMOCRATICO - ITALIA DEMOCRATICA E PROGRESSISTA","MARIA MOCCIA DETTA MARIELLA","03/08/1964","VERCELLI"
"PIEMONTE 2","PIEMONTE 2 - P01","IMPEGNO CIVICO LUIGI DI MAIO - CENTRO DEMOCRATICO","LUCIA AZZOLINA","25/08/1982","SIRACUSA"
"PIEMONTE 2","PIEMONTE 2 - P01","IMPEGNO CIVICO LUIGI DI MAIO - CENTRO DEMOCRATICO","ANTONIO CURATOLA","30/11/1970","REGGIO DI CALABRIA"
"PIEMONTE 2","PIEMONTE 2 - P01","IMPEGNO CIVICO LUIGI DI MAIO - CENTRO DEMOCRATICO","TIZIANA SESTI","15/04/1961","VARESE"
"PIEMONTE 2","PIEMONTE 2 - P01","IMPEGNO CIVICO LUIGI DI MAIO - CENTRO DEMOCRATICO","MARCO RICUCCI","19/07/1977","MILANO"
"PIEMONTE 2","PIEMONTE 2 - P01","ALLEANZA VERDI E SINISTRA","ANTONIO FILONI DETTO TONY","01/07/1968","COSENZA"
"PIEMONTE 2","PIEMONTE 2 - P01","ALLEANZA VERDI E SINISTRA","MICHELA CASELLA","31/05/1953","VILLORBA (TV)"
"PIEMONTE 2","PIEMONTE 2 - P01","ALLEANZA VERDI E SINISTRA","RAOUL OLIVA","16/09/1974","ALESSANDRIA"
"PIEMONTE 2","PIEMONTE 2 - P01","ALLEANZA VERDI E SINISTRA","STEFANIA BROGLIA","03/07/1980","NOVARA"
"PIEMONTE 2","PIEMONTE 2 - P01","MOVIMENTO 5 STELLE","CHIARA APPENDINO","12/06/1984","MONCALIERI (TO)"
"PIEMONTE 2","PIEMONTE 2 - P01","MOVIMENTO 5 STELLE","MARIO IACOPINO","09/07/1983","REGGIO CALABRIA  "
"PIEMONTE 2","PIEMONTE 2 - P01","MOVIMENTO 5 STELLE","PAOLA COLA","06/10/1962","COSSATO (BI)"
"PIEMONTE 2","PIEMONTE 2 - P01","MOVIMENTO 5 STELLE","FABIO FREZZINI","19/10/1962","DOMODOSSOLA (VB)"
"PIEMONTE 2","PIEMONTE 2 - P01","FRATELLI D'ITALIA CON GIORGIA MELONI","FABRIZIO COMBA","24/03/1966","TORINO"
"PIEMONTE 2","PIEMONTE 2 - P01","FRATELLI D'ITALIA CON GIORGIA MELONI","MONICA CIABURRO","12/04/1970","CUNEO"
"PIEMONTE 2","PIEMONTE 2 - P01","FRATELLI D'ITALIA CON GIORGIA MELONI","EMANUELE POZZOLO","25/08/1985","VERCELLI"
"PIEMONTE 2","PIEMONTE 2 - P01","FRATELLI D'ITALIA CON GIORGIA MELONI","BARBARA MERLIN","12/01/1972","TORINO"
"PIEMONTE 2","PIEMONTE 2 - P01","LEGA PER SALVINI PREMIER","RICCARDO MOLINARI","29/07/1983","ALESSANDRIA"
"PIEMONTE 2","PIEMONTE 2 - P01","LEGA PER SALVINI PREMIER","ELENA MACCANTI","05/02/1971","TORINO"
"PIEMONTE 2","PIEMONTE 2 - P01","LEGA PER SALVINI PREMIER","ENRICO MONTANI","27/09/1967","VERBANIA"
"PIEMONTE 2","PIEMONTE 2 - P01","LEGA PER SALVINI PREMIER","CRISTINA PATELLI","16/09/1973","TORINO"
"PIEMONTE 2","PIEMONTE 2 - P01","FORZA ITALIA","MIRELLA CRISTINA","21/09/1966","VERBANIA "
"PIEMONTE 2","PIEMONTE 2 - P01","FORZA ITALIA","ROBERTO COTA","13/07/1968","NOVARA"
"PIEMONTE 2","PIEMONTE 2 - P01","FORZA ITALIA","ANNALISA BECCARIA","03/08/1973","BORGOMANERO (NO)"
"PIEMONTE 2","PIEMONTE 2 - P01","FORZA ITALIA","ANTONIO PRENCIPE","21/06/1958","MONTE SANT'ANGELO (FG)"
"PIEMONTE 2","PIEMONTE 2 - P01","NOI MODERATI/LUPI - TOTI - BRUGNARO - UDC","ILARIA CAVO","11/10/1973","GENOVA"
"PIEMONTE 2","PIEMONTE 2 - P01","NOI MODERATI/LUPI - TOTI - BRUGNARO - UDC","GIUSEPPE RUVOLO","03/05/1951","RIBERA (AG)"
"PIEMONTE 2","PIEMONTE 2 - P01","NOI MODERATI/LUPI - TOTI - BRUGNARO - UDC","ROSSANA MANTI","09/05/1969","PREMOSELLO CHIOVENDA (VB)"
"PIEMONTE 2","PIEMONTE 2 - P01","NOI MODERATI/LUPI - TOTI - BRUGNARO - UDC","GIOVANNI  ZARRILLO","22/10/1975","AVEZZANO (AQ)"
"PIEMONTE 2","PIEMONTE 2 - P01","ITALIA SOVRANA E POPOLARE","BIANCA LAURA  GRANATO","31/08/1970","CATANZARO"
"PIEMONTE 2","PIEMONTE 2 - P01","ITALIA SOVRANA E POPOLARE","MATTIA BIANCHI","26/04/1986","DOMODOSSOLA (VB)"
"PIEMONTE 2","PIEMONTE 2 - P01","ITALIA SOVRANA E POPOLARE","MARIA ROSA LORIGA","23/04/1960","GATTINARA (VC)"
"PIEMONTE 2","PIEMONTE 2 - P01","ITALIA SOVRANA E POPOLARE","CLAUDIO MESSORA","20/02/1968","ALESSANDRIA D'EGITTO (EGITTO)"
"PIEMONTE 2","PIEMONTE 2 - P01","ITALEXIT PER L'ITALIA","ROBERTA RENATA PIRALI","06/11/1962","NOVARA"
"PIEMONTE 2","PIEMONTE 2 - P01","ITALEXIT PER L'ITALIA","ANDREA  MESSANO","21/03/1987","CASALE MONFERRATO (AL)"
"PIEMONTE 2","PIEMONTE 2 - P01","ITALEXIT PER L'ITALIA","ETHEL ODOLI","25/04/1971","NOVARA"
"PIEMONTE 2","PIEMONTE 2 - P01","ITALEXIT PER L'ITALIA","MARIO CALDERARA","10/09/1962","TORINO"
"PIEMONTE 2","PIEMONTE 2 - P02","AZIONE - ITALIA VIVA - CALENDA","LUIGI MARATTIN","20/02/1979","NAPOLI"
"PIEMONTE 2","PIEMONTE 2 - P02","AZIONE - ITALIA VIVA - CALENDA","MARTA GIOVANNINI","02/10/1968","GENOVA"
"PIEMONTE 2","PIEMONTE 2 - P02","AZIONE - ITALIA VIVA - CALENDA","GIOVANNI BAROSINI","05/07/1960","CAVE (RM)"
"PIEMONTE 2","PIEMONTE 2 - P02","AZIONE - ITALIA VIVA - CALENDA","FRANCESCA BASSA","03/01/1984","ASTI"
"PIEMONTE 2","PIEMONTE 2 - P02","UNIONE POPOLARE CON DE MAGISTRIS","LORENZA  AMEGLIO","07/03/1990","CUNEO"
"PIEMONTE 2","PIEMONTE 2 - P02","UNIONE POPOLARE CON DE MAGISTRIS","GIOVANNI LUIGI MACCARINO","25/09/1961","ALESSANDRIA"
"PIEMONTE 2","PIEMONTE 2 - P02","UNIONE POPOLARE CON DE MAGISTRIS","STEFANELLA RAVAZZI","22/01/1953","TORTONA (AL)"
"PIEMONTE 2","PIEMONTE 2 - P02","UNIONE POPOLARE CON DE MAGISTRIS","FABIO PANERO","18/05/1973","CUNEO"
"PIEMONTE 2","PIEMONTE 2 - P02"," +EUROPA","FLAVIO MARTINO","05/08/1960","ALBA (CN)"
"PIEMONTE 2","PIEMONTE 2 - P02"," +EUROPA","ALICE DEPETRO","07/06/1995","ALBA (CN)"
"PIEMONTE 2","PIEMONTE 2 - P02"," +EUROPA","SABATINO TARQUINI","01/11/1948","CUNEO"
"PIEMONTE 2","PIEMONTE 2 - P02"," +EUROPA","ALEXANDRA LUCIA CASU","22/09/1986","FOSSANO (CN)"
"PIEMONTE 2","PIEMONTE 2 - P02","PARTITO DEMOCRATICO - ITALIA DEMOCRATICA E PROGRESSISTA","CHIARA GRIBAUDO","16/05/1981","CUNEO"
"PIEMONTE 2","PIEMONTE 2 - P02","PARTITO DEMOCRATICO - ITALIA DEMOCRATICA E PROGRESSISTA","DANIELE GAETANO BORIOLI","08/05/1957","ALESSANDRIA"
"PIEMONTE 2","PIEMONTE 2 - P02","PARTITO DEMOCRATICO - ITALIA DEMOCRATICA E PROGRESSISTA","ORNELLA LOVISOLO","06/12/1966","AOSTA"
"PIEMONTE 2","PIEMONTE 2 - P02","PARTITO DEMOCRATICO - ITALIA DEMOCRATICA E PROGRESSISTA","MAURO CALDERONI","29/07/1973","SALUZZO (CN)"
"PIEMONTE 2","PIEMONTE 2 - P02","IMPEGNO CIVICO LUIGI DI MAIO - CENTRO DEMOCRATICO","ANTONIO CURATOLA","30/11/1970","REGGIO DI  CALABRIA"
"PIEMONTE 2","PIEMONTE 2 - P02","IMPEGNO CIVICO LUIGI DI MAIO - CENTRO DEMOCRATICO","MARIA PALLINI","25/05/1984","AVELLINO"
"PIEMONTE 2","PIEMONTE 2 - P02","IMPEGNO CIVICO LUIGI DI MAIO - CENTRO DEMOCRATICO","MENOTTI STEFANO COLUCCI","13/12/1964","MILANO"
"PIEMONTE 2","PIEMONTE 2 - P02","IMPEGNO CIVICO LUIGI DI MAIO - CENTRO DEMOCRATICO","TIZIANA SESTI","15/04/1961","VARESE"
"PIEMONTE 2","PIEMONTE 2 - P02","ALLEANZA VERDI E SINISTRA","PAOLO NICOLO' ROMANO","02/07/1984","ASTI"
"PIEMONTE 2","PIEMONTE 2 - P02","ALLEANZA VERDI E SINISTRA","GIULIA MARRO","19/12/1988","CUNEO"
"PIEMONTE 2","PIEMONTE 2 - P02","ALLEANZA VERDI E SINISTRA","DAVIDE SERAFIN","22/06/1976","ALESSANDRIA"
"PIEMONTE 2","PIEMONTE 2 - P02","ALLEANZA VERDI E SINISTRA","GIULIA BOVONE","21/04/1989","TORTONA (AL)"
"PIEMONTE 2","PIEMONTE 2 - P02","MOVIMENTO 5 STELLE","CHIARA APPENDINO","12/06/1984","MONCALIERI (TO)"
"PIEMONTE 2","PIEMONTE 2 - P02","MOVIMENTO 5 STELLE","MASSIMO CERRUTI","05/02/1972","ASTI"
"PIEMONTE 2","PIEMONTE 2 - P02","MOVIMENTO 5 STELLE","ANTONELLA SCAGNETTI","27/02/1965","CASEI GEROLA (PV)"
"PIEMONTE 2","PIEMONTE 2 - P02","MOVIMENTO 5 STELLE","GIUSEPPE CASTAGNA","28/10/1986","PAOLA (CS)"
"PIEMONTE 2","PIEMONTE 2 - P02","FRATELLI D'ITALIA CON GIORGIA MELONI","FABRIZIO COMBA","24/03/1966","TORINO"
"PIEMONTE 2","PIEMONTE 2 - P02","FRATELLI D'ITALIA CON GIORGIA MELONI","MONICA CIABURRO","12/04/1970","CUNEO"
"PIEMONTE 2","PIEMONTE 2 - P02","FRATELLI D'ITALIA CON GIORGIA MELONI","VINCENZO AMICH","26/07/1977","CASALE MONFERRATO (AL)"
"PIEMONTE 2","PIEMONTE 2 - P02","FRATELLI D'ITALIA CON GIORGIA MELONI","FEDERICA BARBERO","08/02/1972","SAVIGLIANO (CN)"
"PIEMONTE 2","PIEMONTE 2 - P02","LEGA PER SALVINI PREMIER","RICCARDO MOLINARI","29/07/1983","ALESSANDRIA"
"PIEMONTE 2","PIEMONTE 2 - P02","LEGA PER SALVINI PREMIER","LAURA RAVETTO","25/01/1971","CUNEO"
"PIEMONTE 2","PIEMONTE 2 - P02","LEGA PER SALVINI PREMIER","ANDREA GIACCONE","08/10/1976","SAVIGLIANO (CN)"
"PIEMONTE 2","PIEMONTE 2 - P02","LEGA PER SALVINI PREMIER","GIGLIOLA FRACCHIA","14/07/1965","ALESSANDRIA"
"PIEMONTE 2","PIEMONTE 2 - P02","FORZA ITALIA","ROBERTO PELLA","06/03/1970","BIELLA"
"PIEMONTE 2","PIEMONTE 2 - P02","FORZA ITALIA","MATILDE SIRACUSANO","26/04/1985","MESSINA"
"PIEMONTE 2","PIEMONTE 2 - P02","FORZA ITALIA","MARCO PEROSINO","12/02/1952","GOVONE(CN)"
"PIEMONTE 2","PIEMONTE 2 - P02","FORZA ITALIA","MARIA ROSA ASSUNTA PORTA","18/08/1961","NOVI LIGURE (AL)"
"PIEMONTE 2","PIEMONTE 2 - P02","NOI MODERATI/LUPI - TOTI - BRUGNARO - UDC","MASSIMO VITTORIO BERUTTI","25/01/1967","TORTONA (AL)"
"PIEMONTE 2","PIEMONTE 2 - P02","NOI MODERATI/LUPI - TOTI - BRUGNARO - UDC","MARIA ESMERALDA CARLA MASSERONI","15/02/1963","ASTI"
"PIEMONTE 2","PIEMONTE 2 - P02","NOI MODERATI/LUPI - TOTI - BRUGNARO - UDC","FRANCO TRUSSI","08/01/1951","ALESSANDRIA"
"PIEMONTE 2","PIEMONTE 2 - P02","NOI MODERATI/LUPI - TOTI - BRUGNARO - UDC","FRANCA SCARABELLO","04/08/1958","TORINO"
"PIEMONTE 2","PIEMONTE 2 - P02","ITALIA SOVRANA E POPOLARE","CLAUDIO MESSORA","20/02/1968","ALESSANDRIA D'EGITTO (EGITTO)"
"PIEMONTE 2","PIEMONTE 2 - P02","ITALIA SOVRANA E POPOLARE","DANIELA  TALARICO","08/06/1965","TORINO"
"PIEMONTE 2","PIEMONTE 2 - P02","ITALIA SOVRANA E POPOLARE","ROBERTO DI PRIMA","09/06/1968","MILANO"
"PIEMONTE 2","PIEMONTE 2 - P02","ITALIA SOVRANA E POPOLARE","ANNA MARIA OTTAVIANO IVOLI","16/12/1967","ASTI"
"PIEMONTE 2","PIEMONTE 2 - P02","ITALEXIT PER L'ITALIA","ALESSANDRO BALOCCO","28/10/1983","BRA (CN)"
"PIEMONTE 2","PIEMONTE 2 - P02","ITALEXIT PER L'ITALIA","ELENA AGNESE ITALINA MARIA BOBBIO","02/09/1958","MILANO"
"PIEMONTE 2","PIEMONTE 2 - P02","ITALEXIT PER L'ITALIA","ALESSANDRO ABBATE","25/04/1992","CASALE MONFERRATO (AL)"
"PIEMONTE 2","PIEMONTE 2 - P02","ITALEXIT PER L'ITALIA","LUIGIA MESSINA","27/12/1960","PIETRAPERZIA (EN)"
"LOMBARDIA 1","LOMBARDIA 1 - P01","ITALEXIT PER L'ITALIA","GIANLUIGI PARAGONE","07/08/1971","VARESE"
"LOMBARDIA 1","LOMBARDIA 1 - P01","ITALEXIT PER L'ITALIA","FRIDA CHIALASTRI","10/03/1970","PALESTRINA"
"LOMBARDIA 1","LOMBARDIA 1 - P01","ITALEXIT PER L'ITALIA","GIUSEPPE RAVALLI","29/10/1964","BOLLATE"
"LOMBARDIA 1","LOMBARDIA 1 - P01","ITALEXIT PER L'ITALIA","DANIELA CALDARELLA","21/07/1983","MILANO"
"LOMBARDIA 1","LOMBARDIA 1 - P01","AZIONE - ITALIA VIVA - CALENDA","ENRICO COSTA","29/11/1969","CUNEO"
"LOMBARDIA 1","LOMBARDIA 1 - P01","AZIONE - ITALIA VIVA - CALENDA","GIULIA PASTORELLA","05/06/1986","MILANO"
"LOMBARDIA 1","LOMBARDIA 1 - P01","AZIONE - ITALIA VIVA - CALENDA","FRANCESCO FILIPPO CARPANO","17/02/1993","BRUXELLES (BELGIO)"
"LOMBARDIA 1","LOMBARDIA 1 - P01","AZIONE - ITALIA VIVA - CALENDA","LUCIA ANNIBALI","18/09/1977","URBINO"
"LOMBARDIA 1","LOMBARDIA 1 - P01","VITA","EDOARDO POLACCO","18/11/1956","TARANTO"
"LOMBARDIA 1","LOMBARDIA 1 - P01","VITA","ANTONIA COLOMBO","09/07/1965","MILANO"
"LOMBARDIA 1","LOMBARDIA 1 - P01","VITA","ANDREA VARVARA","25/08/1980","GRAVINA DI PUGLIA"
"LOMBARDIA 1","LOMBARDIA 1 - P01","VITA","LUISA FORLINI","05/03/1959","BUENOS AIRES (ARGENTINA)"
"LOMBARDIA 1","LOMBARDIA 1 - P01","MASTELLA NOI DI CENTRO EUROPEISTI","DANIELA REHO","12/04/1983","MILANO"
"LOMBARDIA 1","LOMBARDIA 1 - P01","MASTELLA NOI DI CENTRO EUROPEISTI","VIRGILIO MARETTO","01/06/1972","AVELLINO"
"LOMBARDIA 1","LOMBARDIA 1 - P01","MASTELLA NOI DI CENTRO EUROPEISTI","FRANCESCA CASSANO","29/09/1960","FOGGIA"
"LOMBARDIA 1","LOMBARDIA 1 - P01","MASTELLA NOI DI CENTRO EUROPEISTI","ANDREA COPPARONI","08/06/1992","MILANO"
"LOMBARDIA 1","LOMBARDIA 1 - P01","ITALIA SOVRANA E POPOLARE","FRANCESCO TOSCANO","28/05/1979","GIOIA TAURO"
"LOMBARDIA 1","LOMBARDIA 1 - P01","ITALIA SOVRANA E POPOLARE","DANIELA MOSCA ","21/02/1959","ROMA"
"LOMBARDIA 1","LOMBARDIA 1 - P01","ITALIA SOVRANA E POPOLARE","GENNARO NICOLA VEDOVINO","03/04/1973","NAPOLI"
"LOMBARDIA 1","LOMBARDIA 1 - P01","ITALIA SOVRANA E POPOLARE","PATRIZIA CHIARA PEDRANI","09/02/1984","COMO"
"LOMBARDIA 1","LOMBARDIA 1 - P01"," +EUROPA","BENEDETTO DELLA VEDOVA","03/04/1962","SONDRIO"
"LOMBARDIA 1","LOMBARDIA 1 - P01"," +EUROPA","MARIA SAELI","29/04/1988","PALERMO (PA)"
"LOMBARDIA 1","LOMBARDIA 1 - P01"," +EUROPA","FABRIZIO FERRANDELLI","15/09/1980","PALERMO"
"LOMBARDIA 1","LOMBARDIA 1 - P01"," +EUROPA","EMANUELA GIRARDI","23/06/1973","CHIERI"
"LOMBARDIA 1","LOMBARDIA 1 - P01","ALLEANZA VERDI E SINISTRA","ABOUBAKAR SOUMAHORO","16/06/1980","BETROULILIE LAKOTA (COSTA D'AVORIO)"
"LOMBARDIA 1","LOMBARDIA 1 - P01","ALLEANZA VERDI E SINISTRA","ELEONORA EVI","20/11/1983","MILANO (MI)"
"LOMBARDIA 1","LOMBARDIA 1 - P01","ALLEANZA VERDI E SINISTRA","GIOVANNI PAGLIA","21/05/1977","RAVENNA  (RA)"
"LOMBARDIA 1","LOMBARDIA 1 - P01","ALLEANZA VERDI E SINISTRA","FRANCESCA CUCCHIARA","16/03/1993","ROMA"
"LOMBARDIA 1","LOMBARDIA 1 - P01","IMPEGNO CIVICO LUIGI DI MAIO - CENTRO DEMOCRATICO","BRUNO TABACCI","27/08/1946","QUISTELLO (MN)"
"LOMBARDIA 1","LOMBARDIA 1 - P01","IMPEGNO CIVICO LUIGI DI MAIO - CENTRO DEMOCRATICO","ANITA LIKMETA","08/11/1985","DURAZZO (ALBANIA)"
"LOMBARDIA 1","LOMBARDIA 1 - P01","IMPEGNO CIVICO LUIGI DI MAIO - CENTRO DEMOCRATICO","MENOTTI STEFANO COLUCCI","13/12/1964","MILANO"
"LOMBARDIA 1","LOMBARDIA 1 - P01","IMPEGNO CIVICO LUIGI DI MAIO - CENTRO DEMOCRATICO","SERENA FRANCESCA PRATELLI","13/02/1977","MILANO"
"LOMBARDIA 1","LOMBARDIA 1 - P01","PARTITO DEMOCRATICO - ITALIA DEMOCRATICA E PROGRESSISTA","ENRICO LETTA","20/08/1966","PISA"
"LOMBARDIA 1","LOMBARDIA 1 - P01","PARTITO DEMOCRATICO - ITALIA DEMOCRATICA E PROGRESSISTA","LIA QUARTAPELLE PROCOPIO","15/08/1982","VARESE"
"LOMBARDIA 1","LOMBARDIA 1 - P01","PARTITO DEMOCRATICO - ITALIA DEMOCRATICA E PROGRESSISTA","GIOVANNI CUPERLO","03/09/1961","TRIESTE"
"LOMBARDIA 1","LOMBARDIA 1 - P01","PARTITO DEMOCRATICO - ITALIA DEMOCRATICA E PROGRESSISTA","ELENA CARNEVALI","30/08/1964","BERGAMO"
"LOMBARDIA 1","LOMBARDIA 1 - P01","MOVIMENTO 5 STELLE","GIUSEPPE CONTE","08/08/1964","VOLTURARA APPULA (FG)"
"LOMBARDIA 1","LOMBARDIA 1 - P01","MOVIMENTO 5 STELLE","STEFANIA MAMMI'","03/05/1990","MILANO"
"LOMBARDIA 1","LOMBARDIA 1 - P01","MOVIMENTO 5 STELLE","RICCARDO OLGIATI","14/02/1983","LEGNANO"
"LOMBARDIA 1","LOMBARDIA 1 - P01","MOVIMENTO 5 STELLE","SIMONA BERTOGLIATTI","06/12/1974","LECCO"
"LOMBARDIA 1","LOMBARDIA 1 - P01","UNIONE POPOLARE CON DE MAGISTRIS","LUIGI DE MAGISTRIS","20/06/1967","NAPOLI"
"LOMBARDIA 1","LOMBARDIA 1 - P01","UNIONE POPOLARE CON DE MAGISTRIS","ANNA BRUNA CAMPOSAMPIERO","22/05/1967","BUSTO ARSIZIO"
"LOMBARDIA 1","LOMBARDIA 1 - P01","UNIONE POPOLARE CON DE MAGISTRIS","ROCCO SPINELLI","04/01/1983","SIANO"
"LOMBARDIA 1","LOMBARDIA 1 - P01","UNIONE POPOLARE CON DE MAGISTRIS","MARA GHIDORZI","25/04/1981","MILANO"
"LOMBARDIA 1","LOMBARDIA 1 - P01","NOI MODERATI/LUPI - TOTI - BRUGNARO - UDC","MARIANGELA PADALINO","14/01/1966","MILANO"
"LOMBARDIA 1","LOMBARDIA 1 - P01","NOI MODERATI/LUPI - TOTI - BRUGNARO - UDC","FILIPPO BINI SMAGHI","01/07/1991","MILANO"
"LOMBARDIA 1","LOMBARDIA 1 - P01","NOI MODERATI/LUPI - TOTI - BRUGNARO - UDC","RITA AMABILE","03/11/1953","SALERNO "
"LOMBARDIA 1","LOMBARDIA 1 - P01","NOI MODERATI/LUPI - TOTI - BRUGNARO - UDC","FRANCO VASSALLO","31/07/1960","MILANO"
"LOMBARDIA 1","LOMBARDIA 1 - P01","FRATELLI D'ITALIA CON GIORGIA MELONI","GIORGIA MELONI","15/01/1977","ROMA"
"LOMBARDIA 1","LOMBARDIA 1 - P01","FRATELLI D'ITALIA CON GIORGIA MELONI","STEFANO GIOVANNI MAULLU","15/03/1962","MILANO"
"LOMBARDIA 1","LOMBARDIA 1 - P01","FRATELLI D'ITALIA CON GIORGIA MELONI","LUCREZIA MARIA BENEDETTA MANTOVANI","20/05/1984","MILANO"
"LOMBARDIA 1","LOMBARDIA 1 - P01","FRATELLI D'ITALIA CON GIORGIA MELONI","LORENZO MALAGOLA","10/11/1982","MILANO"
"LOMBARDIA 1","LOMBARDIA 1 - P01","FORZA ITALIA","ALESSANDRO CATTANEO","12/06/1979","RHO"
"LOMBARDIA 1","LOMBARDIA 1 - P01","FORZA ITALIA","MARTA ANTONIA FASCINA","09/01/1990","MELITO DI PORTO SALVO (RC)"
"LOMBARDIA 1","LOMBARDIA 1 - P01","FORZA ITALIA","MATTEO PEREGO DI CREMNAGO","18/08/1982","MILANO"
"LOMBARDIA 1","LOMBARDIA 1 - P01","FORZA ITALIA","CRISTINA ROSSELLO","24/12/1961","FINALE LIGURE"
"LOMBARDIA 1","LOMBARDIA 1 - P01","LEGA PER SALVINI PREMIER","LAURA RAVETTO","25/01/1971","CUNEO"
"LOMBARDIA 1","LOMBARDIA 1 - P01","LEGA PER SALVINI PREMIER","IGOR GIANCARLO IEZZI","18/01/1975","MILANO"
"LOMBARDIA 1","LOMBARDIA 1 - P01","LEGA PER SALVINI PREMIER","FEDERICA ZANELLA","16/12/1971","NEGRAR"
"LOMBARDIA 1","LOMBARDIA 1 - P01","LEGA PER SALVINI PREMIER","ANTONIO FELLONE","18/11/1976","MARCIANISE"
"LOMBARDIA 1","LOMBARDIA 1 - P02","ITALEXIT PER L'ITALIA","GIANLUIGI PARAGONE","07/08/1971","VARESE"
"LOMBARDIA 1","LOMBARDIA 1 - P02","ITALEXIT PER L'ITALIA","FRANCESCA GENTILE","04/05/1979","MILANO"
"LOMBARDIA 1","LOMBARDIA 1 - P02","ITALEXIT PER L'ITALIA","MARCO PIPINO","23/07/1964","NAPOLI"
"LOMBARDIA 1","LOMBARDIA 1 - P02","ITALEXIT PER L'ITALIA","DANIELA MARIA  BRAMBILLA","16/08/1969","BESANA IN BRIANZA"
"LOMBARDIA 1","LOMBARDIA 1 - P02","AZIONE - ITALIA VIVA - CALENDA","ENRICO COSTA","29/11/1969","CUNEO"
"LOMBARDIA 1","LOMBARDIA 1 - P02","AZIONE - ITALIA VIVA - CALENDA","MARIASOLE MASCIA","24/01/1981","VIMERCATE"
"LOMBARDIA 1","LOMBARDIA 1 - P02","AZIONE - ITALIA VIVA - CALENDA","FRANCESCO FILIPPO CARPANO","17/02/1993","BRUXELLES (BELGIO)"
"LOMBARDIA 1","LOMBARDIA 1 - P02","AZIONE - ITALIA VIVA - CALENDA","FRANCESCA PONTANI","28/06/1963","MILANO"
"LOMBARDIA 1","LOMBARDIA 1 - P02","VITA","PAOLO SENSINI","31/08/1970","CESENA (FC)"
"LOMBARDIA 1","LOMBARDIA 1 - P02","VITA","ANTONIA COLOMBO","09/07/1965","MILANO"
"LOMBARDIA 1","LOMBARDIA 1 - P02","VITA","FEDERICO VELATI","01/10/1963","MILANO"
"LOMBARDIA 1","LOMBARDIA 1 - P02","VITA","LUISA FORLINI","05/03/1959","BUENOS AIRES (ARGENTINA)"
"LOMBARDIA 1","LOMBARDIA 1 - P02","MASTELLA NOI DI CENTRO EUROPEISTI","JACOPO DOZIO","07/09/1991","MILANO"
"LOMBARDIA 1","LOMBARDIA 1 - P02","MASTELLA NOI DI CENTRO EUROPEISTI","DANIELA REHO","12/04/1983","MILANO"
"LOMBARDIA 1","LOMBARDIA 1 - P02","MASTELLA NOI DI CENTRO EUROPEISTI","FRANCESCO MARIA SABATINO","05/03/1975","NAPOLI"
"LOMBARDIA 1","LOMBARDIA 1 - P02","MASTELLA NOI DI CENTRO EUROPEISTI","NADIA DELLA CORTE","17/07/1953","BRESCIA"
"LOMBARDIA 1","LOMBARDIA 1 - P02","ITALIA SOVRANA E POPOLARE","MARCO  RIZZO","12/10/1959","TORINO "
"LOMBARDIA 1","LOMBARDIA 1 - P02","ITALIA SOVRANA E POPOLARE","ANTONELLA D'ANGELI","03/08/1965","ANAGNI (FR)"
"LOMBARDIA 1","LOMBARDIA 1 - P02","ITALIA SOVRANA E POPOLARE","MATTIA  BIANCHI","26/04/1986","DOMODOSSOLA (VB)"
"LOMBARDIA 1","LOMBARDIA 1 - P02","ITALIA SOVRANA E POPOLARE","YADIANY  BUENO GONZALEZ","03/11/1988","CIEGO DE AVILA (CUBA)"
"LOMBARDIA 1","LOMBARDIA 1 - P02"," +EUROPA","GIANFRANCO LIBRANDI","03/08/1954","SARONNO (VA)"
"LOMBARDIA 1","LOMBARDIA 1 - P02"," +EUROPA","CARLA TAIBI","23/09/1981","MUSSOMELI"
"LOMBARDIA 1","LOMBARDIA 1 - P02"," +EUROPA","YURI GUAIANA","03/09/1974","CANTU'"
"LOMBARDIA 1","LOMBARDIA 1 - P02"," +EUROPA","GINEVRA LITTA MODIGNANI","29/11/1991","MILANO"
"LOMBARDIA 1","LOMBARDIA 1 - P02","ALLEANZA VERDI E SINISTRA","ELEONORA EVI","20/11/1983","MILANO (MI)"
"LOMBARDIA 1","LOMBARDIA 1 - P02","ALLEANZA VERDI E SINISTRA","GIOVANNI PAGLIA","21/05/1977","RAVENNA  (RA)"
"LOMBARDIA 1","LOMBARDIA 1 - P02","ALLEANZA VERDI E SINISTRA","CLAUDIA MAPELLI","17/04/1996","TREVIGLIO"
"LOMBARDIA 1","LOMBARDIA 1 - P02","ALLEANZA VERDI E SINISTRA","ANGELO GEROSA","25/02/1959","ERBA"
"LOMBARDIA 1","LOMBARDIA 1 - P02","IMPEGNO CIVICO LUIGI DI MAIO - CENTRO DEMOCRATICO","MANLIO DI STEFANO","16/05/1981","PALERMO"
"LOMBARDIA 1","LOMBARDIA 1 - P02","IMPEGNO CIVICO LUIGI DI MAIO - CENTRO DEMOCRATICO","CARMELA ZINO COLANINO","29/07/1958","BROLO"
"LOMBARDIA 1","LOMBARDIA 1 - P02","IMPEGNO CIVICO LUIGI DI MAIO - CENTRO DEMOCRATICO","ANTONIO CURATOLA","30/11/1970","REGGIO DI CALABRIA"
"LOMBARDIA 1","LOMBARDIA 1 - P02","IMPEGNO CIVICO LUIGI DI MAIO - CENTRO DEMOCRATICO","SIMONA DI BLASI","25/09/1977","VALLO DELLA LUCANIA (SA)"
"LOMBARDIA 1","LOMBARDIA 1 - P02","PARTITO DEMOCRATICO - ITALIA DEMOCRATICA E PROGRESSISTA","SILVIA ROGGIANI","25/04/1984","BUSTO ARSIZIO"
"LOMBARDIA 1","LOMBARDIA 1 - P02","PARTITO DEMOCRATICO - ITALIA DEMOCRATICA E PROGRESSISTA","MATTEO MAURI","24/05/1970","MILANO"
"LOMBARDIA 1","LOMBARDIA 1 - P02","PARTITO DEMOCRATICO - ITALIA DEMOCRATICA E PROGRESSISTA","SIMONA BURASCHI","15/01/1977","SEREGNO"
"LOMBARDIA 1","LOMBARDIA 1 - P02","PARTITO DEMOCRATICO - ITALIA DEMOCRATICA E PROGRESSISTA","VINCENZO ALESSANDRO DI PAOLO","10/06/1988","TRADATE"
"LOMBARDIA 1","LOMBARDIA 1 - P02","MOVIMENTO 5 STELLE","GIUSEPPE CONTE","08/08/1964","VOLTURARA APPULA (FG)"
"LOMBARDIA 1","LOMBARDIA 1 - P02","MOVIMENTO 5 STELLE","SARA MONTRASIO","26/04/1966","DESIO"
"LOMBARDIA 1","LOMBARDIA 1 - P02","MOVIMENTO 5 STELLE","DAVIDE BUFFAGNI","30/04/1990","MILANO"
"LOMBARDIA 1","LOMBARDIA 1 - P02","MOVIMENTO 5 STELLE","DANIELA GOBBO","26/07/1979","DESIO"
"LOMBARDIA 1","LOMBARDIA 1 - P02","UNIONE POPOLARE CON DE MAGISTRIS","RITA ZECCHINI","02/06/1958","MILANO"
"LOMBARDIA 1","LOMBARDIA 1 - P02","UNIONE POPOLARE CON DE MAGISTRIS","MASSIMO CAMNASIO","13/02/1997","MONZA"
"LOMBARDIA 1","LOMBARDIA 1 - P02","UNIONE POPOLARE CON DE MAGISTRIS","SILVIA CONCA","19/03/1984","ALTAMURA"
"LOMBARDIA 1","LOMBARDIA 1 - P02","UNIONE POPOLARE CON DE MAGISTRIS","LUIGI PIETRO ROMANO MARCHITELLI DETTO GINO","23/05/1959","MILANO"
"LOMBARDIA 1","LOMBARDIA 1 - P02","NOI MODERATI/LUPI - TOTI - BRUGNARO - UDC","MARIATERESA BALDINI","22/01/1961","PIETRASANTA"
"LOMBARDIA 1","LOMBARDIA 1 - P02","NOI MODERATI/LUPI - TOTI - BRUGNARO - UDC","TOMMASO MARIA PAPA","09/04/1995","SEGRATE"
"LOMBARDIA 1","LOMBARDIA 1 - P02","NOI MODERATI/LUPI - TOTI - BRUGNARO - UDC","RITA AMABILE","03/11/1953","SALERNO"
"LOMBARDIA 1","LOMBARDIA 1 - P02","NOI MODERATI/LUPI - TOTI - BRUGNARO - UDC","LINO  FOSSATI","24/11/1956","LISSONE"
"LOMBARDIA 1","LOMBARDIA 1 - P02","FRATELLI D'ITALIA CON GIORGIA MELONI","GIULIO TREMONTI","18/08/1947","SONDRIO"
"LOMBARDIA 1","LOMBARDIA 1 - P02","FRATELLI D'ITALIA CON GIORGIA MELONI","PAOLA FRASSINETTI","02/05/1956","GENOVA"
"LOMBARDIA 1","LOMBARDIA 1 - P02","FRATELLI D'ITALIA CON GIORGIA MELONI","FABIO PIETRELLA","11/04/1977","CARBONIA "
"LOMBARDIA 1","LOMBARDIA 1 - P02","FRATELLI D'ITALIA CON GIORGIA MELONI","GRAZIA DI MAGGIO ","11/11/1994","TARANTO"
"LOMBARDIA 1","LOMBARDIA 1 - P02","FORZA ITALIA","MARTA ANTONIA FASCINA","09/01/1990","MELITO DI PORTO SALVO (RC)"
"LOMBARDIA 1","LOMBARDIA 1 - P02","FORZA ITALIA","FABRIZIO SALA","13/06/1971","MILANO"
"LOMBARDIA 1","LOMBARDIA 1 - P02","FORZA ITALIA","VERA FIAMMETTA SILVANA SOLANGE COCUCCI","14/10/1975","MILANO"
"LOMBARDIA 1","LOMBARDIA 1 - P02","FORZA ITALIA","ALBERTO VILLA","28/10/1986","CERNUSCO SUL NAVIGLIO"
"LOMBARDIA 1","LOMBARDIA 1 - P02","LEGA PER SALVINI PREMIER","FABRIZIO CECCHETTI","03/12/1977","RHO"
"LOMBARDIA 1","LOMBARDIA 1 - P02","LEGA PER SALVINI PREMIER","ELENA LUCCHINI","01/04/1984","VOGHERA"
"LOMBARDIA 1","LOMBARDIA 1 - P02","LEGA PER SALVINI PREMIER","PAOLO GRIMOLDI","27/09/1975","MILANO"
"LOMBARDIA 1","LOMBARDIA 1 - P02","LEGA PER SALVINI PREMIER","ALESSANDRA RICCARDI","05/06/1974","MILANO"
"LOMBARDIA 2","LOMBARDIA 2 - P01","VITA","CARLO BARRESI","09/07/1958","TRAPANI"
"LOMBARDIA 2","LOMBARDIA 2 - P01","VITA","PAOLA SARTORELLI","10/09/1960","COMO"
"LOMBARDIA 2","LOMBARDIA 2 - P01","VITA","MARCO BOLIS","31/10/1984","BERGAMO"
"LOMBARDIA 2","LOMBARDIA 2 - P01","VITA","PHOEBE RAYE CARRARA","10/05/1982","BOLTIERE"
"LOMBARDIA 2","LOMBARDIA 2 - P01","ITALIA SOVRANA E POPOLARE","DANIELA MOSCA ","21/02/1959","ROMA"
"LOMBARDIA 2","LOMBARDIA 2 - P01","ITALIA SOVRANA E POPOLARE","GENNARO NICOLA VEDOVINO","03/04/1973","NAPOLI"
"LOMBARDIA 2","LOMBARDIA 2 - P01","ITALIA SOVRANA E POPOLARE","PAOLA BARALDI","04/03/1977","BOLLATE "
"LOMBARDIA 2","LOMBARDIA 2 - P01","ITALIA SOVRANA E POPOLARE","FRANCESCO LIZIO","03/12/1975","DESIO"
"LOMBARDIA 2","LOMBARDIA 2 - P01","MOVIMENTO 5 STELLE","ALESSANDRA TODDE","06/02/1969","NUORO"
"LOMBARDIA 2","LOMBARDIA 2 - P01","MOVIMENTO 5 STELLE","ANTONIO FERRARA","28/01/1970","VARESE"
"LOMBARDIA 2","LOMBARDIA 2 - P01","MOVIMENTO 5 STELLE","VERONICA IANNONE","14/07/1994","PALERMO"
"LOMBARDIA 2","LOMBARDIA 2 - P01","MOVIMENTO 5 STELLE","VITTORIO SALVO","20/08/1967","MESSINA"
"LOMBARDIA 2","LOMBARDIA 2 - P01","UNIONE POPOLARE CON DE MAGISTRIS","LUCIANO BARRACCO","14/07/1973","KARLSRUHE (GERMANIA)"
"LOMBARDIA 2","LOMBARDIA 2 - P01","UNIONE POPOLARE CON DE MAGISTRIS","RAFFAELA LAMBERTI","14/02/1952","CHIESA IN VALMALENCO "
"LOMBARDIA 2","LOMBARDIA 2 - P01","UNIONE POPOLARE CON DE MAGISTRIS","GIUSEPPE MUSOLINO","19/04/1953","POL?A "
"LOMBARDIA 2","LOMBARDIA 2 - P01","UNIONE POPOLARE CON DE MAGISTRIS","ELENA LOTT","24/04/1994","SEGRATE "
"LOMBARDIA 2","LOMBARDIA 2 - P01","AZIONE - ITALIA VIVA - CALENDA","MARIA CHIARA GADDA","06/02/1980","TRADATE"
"LOMBARDIA 2","LOMBARDIA 2 - P01","AZIONE - ITALIA VIVA - CALENDA","MAURO DEL BARBA","20/07/1970","MORBEGNO"
"LOMBARDIA 2","LOMBARDIA 2 - P01","AZIONE - ITALIA VIVA - CALENDA","SONIA SERATI","26/06/1975","CUGGIONO"
"LOMBARDIA 2","LOMBARDIA 2 - P01","AZIONE - ITALIA VIVA - CALENDA","CARLO ALBERTO COLETTO","24/12/1961","MILANO"
"LOMBARDIA 2","LOMBARDIA 2 - P01","FORZA ITALIA","CRISTINA ROSSELLO","24/12/1961","FINALE LIGURE"
"LOMBARDIA 2","LOMBARDIA 2 - P01","FORZA ITALIA","ANDREA GIORGIO FELICE MARIA ORSINI","23/09/1959","MILANO"
"LOMBARDIA 2","LOMBARDIA 2 - P01","FORZA ITALIA","MELANIA DE NICHILO RIZZOLI","31/05/1956","ROMA"
"LOMBARDIA 2","LOMBARDIA 2 - P01","FORZA ITALIA","SIMONE LONGHINI","16/10/1978","VARESE"
"LOMBARDIA 2","LOMBARDIA 2 - P01","FRATELLI D'ITALIA CON GIORGIA MELONI","LUCREZIA MARIA BENEDETTA MANTOVANI","20/05/1984","MILANO"
"LOMBARDIA 2","LOMBARDIA 2 - P01","FRATELLI D'ITALIA CON GIORGIA MELONI","ANDREA MASCARETTI","14/04/1965","MILANO"
"LOMBARDIA 2","LOMBARDIA 2 - P01","FRATELLI D'ITALIA CON GIORGIA MELONI","MANUELA SCIDURLO","24/05/1984","SOMMA LOMBARDO "
"LOMBARDIA 2","LOMBARDIA 2 - P01","FRATELLI D'ITALIA CON GIORGIA MELONI","ANDREA TOMASINI","10/09/1991","BUSTO ARSIZIO"
"LOMBARDIA 2","LOMBARDIA 2 - P01","LEGA PER SALVINI PREMIER","UMBERTO BOSSI","19/09/1941","CASSANO MAGNAGO"
"LOMBARDIA 2","LOMBARDIA 2 - P01","LEGA PER SALVINI PREMIER","SIMONA BORDONALI","01/08/1971","BRESCIA"
"LOMBARDIA 2","LOMBARDIA 2 - P01","LEGA PER SALVINI PREMIER","MATTEO LUIGI BIANCHI","19/08/1979","MILANO"
"LOMBARDIA 2","LOMBARDIA 2 - P01","LEGA PER SALVINI PREMIER","MANUELA MAFFIOLI","06/06/1971","BUSTO ARSIZIO"
"LOMBARDIA 2","LOMBARDIA 2 - P01","NOI MODERATI/LUPI - TOTI - BRUGNARO - UDC","CARLO PIETRO BARONI","23/07/1953","VARESE"
"LOMBARDIA 2","LOMBARDIA 2 - P01","NOI MODERATI/LUPI - TOTI - BRUGNARO - UDC","CHIARA BROLI","25/06/1981","TRADATE"
"LOMBARDIA 2","LOMBARDIA 2 - P01","NOI MODERATI/LUPI - TOTI - BRUGNARO - UDC","DIMITRI CASSANI","08/11/1964","SOMMA LOMBARDO"
"LOMBARDIA 2","LOMBARDIA 2 - P01","NOI MODERATI/LUPI - TOTI - BRUGNARO - UDC","ALESSANDRA MIGLIO","13/09/1959","MILANO"
"LOMBARDIA 2","LOMBARDIA 2 - P01","MASTELLA NOI DI CENTRO EUROPEISTI","JACOPO GERVASINI","05/10/1979","VARESE"
"LOMBARDIA 2","LOMBARDIA 2 - P01","MASTELLA NOI DI CENTRO EUROPEISTI","CATERINA DOMINGO","21/06/1988","SARONNO"
"LOMBARDIA 2","LOMBARDIA 2 - P01","MASTELLA NOI DI CENTRO EUROPEISTI","GIUSEPPE MARIA QUINTO IOVINO","23/10/1972","VARESE"
"LOMBARDIA 2","LOMBARDIA 2 - P01","MASTELLA NOI DI CENTRO EUROPEISTI","CHIARA VAN ELLINKHUIZEN","31/10/1967","LA SPEZIA"
"LOMBARDIA 2","LOMBARDIA 2 - P01","ALLEANZA VERDI E SINISTRA","MASSIMILIANO BALESTRERO","23/02/1966","MILANO"
"LOMBARDIA 2","LOMBARDIA 2 - P01","ALLEANZA VERDI E SINISTRA","MARIA LUISA RAMPONI","14/07/1960","BUSTO ARSIZIO"
"LOMBARDIA 2","LOMBARDIA 2 - P01","ALLEANZA VERDI E SINISTRA","DARIO FERRARI","13/09/1957","BUSTO ARSIZIO"
"LOMBARDIA 2","LOMBARDIA 2 - P01","ALLEANZA VERDI E SINISTRA","CLAUDIA MAPELLI","17/04/1996","TREVIGLIO"
"LOMBARDIA 2","LOMBARDIA 2 - P01"," +EUROPA","EMANUELA GIRARDI","23/06/1973","CHIERI"
"LOMBARDIA 2","LOMBARDIA 2 - P01"," +EUROPA","INOUSSA BARA","01/01/1969","BEGUEDO (BURKINA FASO)"
"LOMBARDIA 2","LOMBARDIA 2 - P01"," +EUROPA","GINEVRA LITTA MODIGNANI","29/11/1991","MILANO"
"LOMBARDIA 2","LOMBARDIA 2 - P01"," +EUROPA","PAOLO COSTANZO","03/10/1963","VICENZA"
"LOMBARDIA 2","LOMBARDIA 2 - P01","PARTITO DEMOCRATICO - ITALIA DEMOCRATICA E PROGRESSISTA","ROBERTO RAMPI","17/09/1977","MERATE"
"LOMBARDIA 2","LOMBARDIA 2 - P01","PARTITO DEMOCRATICO - ITALIA DEMOCRATICA E PROGRESSISTA","DEBORA PACCHIONI","07/03/1968","TRADATE"
"LOMBARDIA 2","LOMBARDIA 2 - P01","PARTITO DEMOCRATICO - ITALIA DEMOCRATICA E PROGRESSISTA","VALERIO LANGE'","25/06/1991","VARESE"
"LOMBARDIA 2","LOMBARDIA 2 - P01","PARTITO DEMOCRATICO - ITALIA DEMOCRATICA E PROGRESSISTA","NOEMI CAUZZO","05/06/1992","VARESE"
"LOMBARDIA 2","LOMBARDIA 2 - P01","IMPEGNO CIVICO LUIGI DI MAIO - CENTRO DEMOCRATICO","TIZIANA SESTI","15/04/1961","VARESE"
"LOMBARDIA 2","LOMBARDIA 2 - P01","IMPEGNO CIVICO LUIGI DI MAIO - CENTRO DEMOCRATICO","LUIGI IOVINO","14/01/1993","NAPOLI"
"LOMBARDIA 2","LOMBARDIA 2 - P01","IMPEGNO CIVICO LUIGI DI MAIO - CENTRO DEMOCRATICO","EMILIANA MORGANTE","20/05/1971","ROMA"
"LOMBARDIA 2","LOMBARDIA 2 - P01","IMPEGNO CIVICO LUIGI DI MAIO - CENTRO DEMOCRATICO","MENOTTI STEFANO COLUCCI","13/12/1964","MILANO"
"LOMBARDIA 2","LOMBARDIA 2 - P01","ITALEXIT PER L'ITALIA","GIANLUIGI PARAGONE","07/08/1971","VARESE"
"LOMBARDIA 2","LOMBARDIA 2 - P01","ITALEXIT PER L'ITALIA","GIORGIA GONNELLI","21/03/1995","ROMA"
"LOMBARDIA 2","LOMBARDIA 2 - P01","ITALEXIT PER L'ITALIA","VINCENZO COLUCCI","10/09/1951","STIGLIANO"
"LOMBARDIA 2","LOMBARDIA 2 - P01","ITALEXIT PER L'ITALIA","ELENA  GALLI","28/05/1976","MILANO"
"LOMBARDIA 2","LOMBARDIA 2 - P02","VITA","PAOLA SARTORELLI","10/09/1960","COMO"
"LOMBARDIA 2","LOMBARDIA 2 - P02","VITA","CARLO TROTALLI","21/04/1975","SONDALO"
"LOMBARDIA 2","LOMBARDIA 2 - P02","VITA","VITTORIA DE BENEDITTIS","01/02/1964","REGGIO CALABRIA"
"LOMBARDIA 2","LOMBARDIA 2 - P02","VITA","TEODOSIO DE BONIS","13/10/1953","PIETRAGALLA"
"LOMBARDIA 2","LOMBARDIA 2 - P02","ITALIA SOVRANA E POPOLARE","ANTONELLO CRESTI ","30/04/1980","FIRENZE"
"LOMBARDIA 2","LOMBARDIA 2 - P02","ITALIA SOVRANA E POPOLARE","DANIELA MOSCA","21/02/1959","ROMA"
"LOMBARDIA 2","LOMBARDIA 2 - P02","ITALIA SOVRANA E POPOLARE","LORENZO MICHELE LAMBRUGHI DETTO LAMBRENEDETTO","04/02/1969","LECCO"
"LOMBARDIA 2","LOMBARDIA 2 - P02","ITALIA SOVRANA E POPOLARE","IVANA COSTA","08/03/1986","GIOIA TAURO"
"LOMBARDIA 2","LOMBARDIA 2 - P02","MOVIMENTO 5 STELLE","GIOVANNI CURRO'","30/08/1986","MESSINA"
"LOMBARDIA 2","LOMBARDIA 2 - P02","MOVIMENTO 5 STELLE","CARMELA COLOMO","05/06/1961","TORINO"
"LOMBARDIA 2","LOMBARDIA 2 - P02","MOVIMENTO 5 STELLE","GIOVANNI GALIMBERTI","11/01/1985","LECCO"
"LOMBARDIA 2","LOMBARDIA 2 - P02","MOVIMENTO 5 STELLE","ELENA CALOGERO","21/09/1965","MILANO"
"LOMBARDIA 2","LOMBARDIA 2 - P02","UNIONE POPOLARE CON DE MAGISTRIS","CRISTIANO  NEGRINI","27/10/1981","CANTU'"
"LOMBARDIA 2","LOMBARDIA 2 - P02","UNIONE POPOLARE CON DE MAGISTRIS","CAROLINA CRIPPA","29/01/1966","LECCO "
"LOMBARDIA 2","LOMBARDIA 2 - P02","UNIONE POPOLARE CON DE MAGISTRIS","GIOVANNI ROVEDA","18/06/1983","LECCO "
"LOMBARDIA 2","LOMBARDIA 2 - P02","UNIONE POPOLARE CON DE MAGISTRIS","STEFANIA SALA","11/04/1968","COMO"
"LOMBARDIA 2","LOMBARDIA 2 - P02","AZIONE - ITALIA VIVA - CALENDA","MAURO DEL BARBA","20/07/1970","MORBEGNO"
"LOMBARDIA 2","LOMBARDIA 2 - P02","AZIONE - ITALIA VIVA - CALENDA","MARIA CHIARA GADDA","06/02/1980","TRADATE"
"LOMBARDIA 2","LOMBARDIA 2 - P02","AZIONE - ITALIA VIVA - CALENDA","LUCA PEREGO","27/06/1982","LECCO"
"LOMBARDIA 2","LOMBARDIA 2 - P02","AZIONE - ITALIA VIVA - CALENDA","ANNA VERONELLI","15/09/1970","COMO"
"LOMBARDIA 2","LOMBARDIA 2 - P02","FORZA ITALIA","STEFANO BENIGNI","16/07/1987","ALZANO LOMBARDO"
"LOMBARDIA 2","LOMBARDIA 2 - P02","FORZA ITALIA","MELANIA DE NICHILO RIZZOLI","31/05/1956","ROMA"
"LOMBARDIA 2","LOMBARDIA 2 - P02","FORZA ITALIA","MASSIMO MORINI","18/12/1960","COMO"
"LOMBARDIA 2","LOMBARDIA 2 - P02","FORZA ITALIA","ALICE REGALIA","05/01/1996","MILANO"
"LOMBARDIA 2","LOMBARDIA 2 - P02","FRATELLI D'ITALIA CON GIORGIA MELONI","SARA KELANY","08/06/1978","FORMIA "
"LOMBARDIA 2","LOMBARDIA 2 - P02","FRATELLI D'ITALIA CON GIORGIA MELONI","NOVO UMBERTO MAERNA","06/09/1956","MILANO"
"LOMBARDIA 2","LOMBARDIA 2 - P02","FRATELLI D'ITALIA CON GIORGIA MELONI","BARBARA MAZZALI","25/07/1969","REGGIO EMILIA"
"LOMBARDIA 2","LOMBARDIA 2 - P02","FRATELLI D'ITALIA CON GIORGIA MELONI","STEFANO MOLINARI","01/04/1961","COMO"
"LOMBARDIA 2","LOMBARDIA 2 - P02","LEGA PER SALVINI PREMIER","EUGENIO ZOFFILI","25/10/1979","ERBA "
"LOMBARDIA 2","LOMBARDIA 2 - P02","LEGA PER SALVINI PREMIER","SIMONA BORDONALI","01/08/1971","BRESCIA"
"LOMBARDIA 2","LOMBARDIA 2 - P02","LEGA PER SALVINI PREMIER","JARI COLLA","09/09/1975","MONZA"
"LOMBARDIA 2","LOMBARDIA 2 - P02","LEGA PER SALVINI PREMIER","SILVANA SNIDER","15/05/1964","VILLA DI CHIAVENNA"
"LOMBARDIA 2","LOMBARDIA 2 - P02","NOI MODERATI/LUPI - TOTI - BRUGNARO - UDC","ILARIA CAVO","11/10/1973","GENOVA"
"LOMBARDIA 2","LOMBARDIA 2 - P02","NOI MODERATI/LUPI - TOTI - BRUGNARO - UDC","CLAUDIO RINO FRANCESCO CALI'","12/05/1972","MILANO"
"LOMBARDIA 2","LOMBARDIA 2 - P02","NOI MODERATI/LUPI - TOTI - BRUGNARO - UDC","MARTINA PARISSE","16/04/1984","JESI (AN)"
"LOMBARDIA 2","LOMBARDIA 2 - P02","NOI MODERATI/LUPI - TOTI - BRUGNARO - UDC","DAMIANO ZAMBELLI","07/12/1970","BERGAMO"
"LOMBARDIA 2","LOMBARDIA 2 - P02","MASTELLA NOI DI CENTRO EUROPEISTI","ANGELO BELTRAMA","28/11/1954","TRESIVIO (SO)"
"LOMBARDIA 2","LOMBARDIA 2 - P02","MASTELLA NOI DI CENTRO EUROPEISTI","CHIARA VAN ELLINKHUIZEN","31/10/1967","LA SPEZIA"
"LOMBARDIA 2","LOMBARDIA 2 - P02","MASTELLA NOI DI CENTRO EUROPEISTI","JACOPO GERVASINI","05/10/1979","VARESE"
"LOMBARDIA 2","LOMBARDIA 2 - P02","MASTELLA NOI DI CENTRO EUROPEISTI","MANUELA MOTTA ","25/05/1977","VARESE"
"LOMBARDIA 2","LOMBARDIA 2 - P02","ALLEANZA VERDI E SINISTRA","DEVIS DORI","27/12/1979","TREVIGLIO"
"LOMBARDIA 2","LOMBARDIA 2 - P02","ALLEANZA VERDI E SINISTRA","SARA CANALI","18/04/1993","LECCO"
"LOMBARDIA 2","LOMBARDIA 2 - P02","ALLEANZA VERDI E SINISTRA","DIEGO SCHETTINO","03/05/1997","ERBA"
"LOMBARDIA 2","LOMBARDIA 2 - P02","ALLEANZA VERDI E SINISTRA","CELESTE GROSSI","12/03/1954","CASERTA"
"LOMBARDIA 2","LOMBARDIA 2 - P02"," +EUROPA","OLIVIA RATTI","01/05/1951","LECCO"
"LOMBARDIA 2","LOMBARDIA 2 - P02"," +EUROPA","LUCA MONTI","07/07/1968","COMO"
"LOMBARDIA 2","LOMBARDIA 2 - P02"," +EUROPA","FEDERICA GIORGIO","02/09/1984","CALTANISSETTA"
"LOMBARDIA 2","LOMBARDIA 2 - P02"," +EUROPA","STEFANO MORCELLI","08/05/1992","SONDALO"
"LOMBARDIA 2","LOMBARDIA 2 - P02","PARTITO DEMOCRATICO - ITALIA DEMOCRATICA E PROGRESSISTA","CHIARA BRAGA","02/09/1979","COMO"
"LOMBARDIA 2","LOMBARDIA 2 - P02","PARTITO DEMOCRATICO - ITALIA DEMOCRATICA E PROGRESSISTA","PIERLUIGI MORELLI","24/10/1974","SONDRIO"
"LOMBARDIA 2","LOMBARDIA 2 - P02","PARTITO DEMOCRATICO - ITALIA DEMOCRATICA E PROGRESSISTA","PATRIZIA LISSI","01/02/1962","COMO"
"LOMBARDIA 2","LOMBARDIA 2 - P02","PARTITO DEMOCRATICO - ITALIA DEMOCRATICA E PROGRESSISTA","PAOLO FURGONI","13/06/1964","COMO"
"LOMBARDIA 2","LOMBARDIA 2 - P02","IMPEGNO CIVICO LUIGI DI MAIO - CENTRO DEMOCRATICO","SERENA FRANCESCA PRATELLI","13/02/1977","MILANO"
"LOMBARDIA 2","LOMBARDIA 2 - P02","IMPEGNO CIVICO LUIGI DI MAIO - CENTRO DEMOCRATICO","ANDREA CASO","09/09/1985","NAPOLI "
"LOMBARDIA 2","LOMBARDIA 2 - P02","IMPEGNO CIVICO LUIGI DI MAIO - CENTRO DEMOCRATICO","EMILIANA MORGANTE","20/05/1971","ROMA"
"LOMBARDIA 2","LOMBARDIA 2 - P02","IMPEGNO CIVICO LUIGI DI MAIO - CENTRO DEMOCRATICO","SAVERIO BOGGI","27/09/1965","MONZA"
"LOMBARDIA 2","LOMBARDIA 2 - P02","ITALEXIT PER L'ITALIA","GIANLUIGI PARAGONE","07/08/1971","VARESE"
"LOMBARDIA 2","LOMBARDIA 2 - P02","ITALEXIT PER L'ITALIA","FRANCESCA LOSI","02/09/1975","LECCO"
"LOMBARDIA 2","LOMBARDIA 2 - P02","ITALEXIT PER L'ITALIA","EMANUELE GRECO","16/02/1985","MERATE"
"LOMBARDIA 2","LOMBARDIA 2 - P02","ITALEXIT PER L'ITALIA","CARLA  CLERICI","27/01/1962","CANNOBIO"
"LOMBARDIA 3","LOMBARDIA 3 - P01","VITA","PIERRE ANDRE FARHAT","18/06/1954","ALESSANDRIA D'EGITTO "
"LOMBARDIA 3","LOMBARDIA 3 - P01","VITA","LAURA CATTANEO","05/03/1974","BERGAMO"
"LOMBARDIA 3","LOMBARDIA 3 - P01","VITA","MARCO EBERLE","09/03/1964","BERGAMO"
"LOMBARDIA 3","LOMBARDIA 3 - P01","VITA","SOFIA SIMONETTI","10/02/1963","MICIGLIANO"
"LOMBARDIA 3","LOMBARDIA 3 - P01","ITALEXIT PER L'ITALIA","CONSUELO LOCATI","08/07/1970","BERGAMO"
"LOMBARDIA 3","LOMBARDIA 3 - P01","ITALEXIT PER L'ITALIA","GIANPAOLO  CATANIA","27/02/1978","CATANZARO"
"LOMBARDIA 3","LOMBARDIA 3 - P01","ITALEXIT PER L'ITALIA","FRANCESCA PAVESI","02/11/1975","ISOLA DELLA SCALA"
"LOMBARDIA 3","LOMBARDIA 3 - P01","ITALEXIT PER L'ITALIA","MAURIZIO BENINI","28/04/1958","CATANIA"
"LOMBARDIA 3","LOMBARDIA 3 - P01","MOVIMENTO 5 STELLE","MONICA FERRARIS","24/11/1982","GAZZANIGA"
"LOMBARDIA 3","LOMBARDIA 3 - P01","MOVIMENTO 5 STELLE","LUCA SANGALLI","14/09/1982","LOVERE"
"LOMBARDIA 3","LOMBARDIA 3 - P01","MOVIMENTO 5 STELLE","SONIA LISOTTI","10/06/1971","ROMA"
"LOMBARDIA 3","LOMBARDIA 3 - P01","MOVIMENTO 5 STELLE","NICOLA CARIOLI","22/08/1984","TREVIGLIO"
"LOMBARDIA 3","LOMBARDIA 3 - P01","ITALIA SOVRANA E POPOLARE","LUCIANO FRANCESCO RUFO TOVAGLIERI ","17/04/1968","MILANO"
"LOMBARDIA 3","LOMBARDIA 3 - P01","ITALIA SOVRANA E POPOLARE","VALERIA SORU","17/12/1966","TERRALBA"
"LOMBARDIA 3","LOMBARDIA 3 - P01","ITALIA SOVRANA E POPOLARE","PAOLO EMILIO BOGNI","13/11/1967","ROMANO DI LOMBARDIA "
"LOMBARDIA 3","LOMBARDIA 3 - P01","ITALIA SOVRANA E POPOLARE","CAOLI BERNI","12/01/1992","AREZZO"
"LOMBARDIA 3","LOMBARDIA 3 - P01","FRATELLI D'ITALIA CON GIORGIA MELONI","ANDREA TREMAGLIA","25/09/1987","BERGAMO"
"LOMBARDIA 3","LOMBARDIA 3 - P01","FRATELLI D'ITALIA CON GIORGIA MELONI","ALESSIA ARDESI","06/01/1977","MANERBIO"
"LOMBARDIA 3","LOMBARDIA 3 - P01","FRATELLI D'ITALIA CON GIORGIA MELONI","DANIELE ZUCCHINALI","25/03/1981","TREVIGLIO "
"LOMBARDIA 3","LOMBARDIA 3 - P01","FRATELLI D'ITALIA CON GIORGIA MELONI","LARA MAGONI","29/01/1969","ALZANO LOMBARDO "
"LOMBARDIA 3","LOMBARDIA 3 - P01","FORZA ITALIA","VALENTINA APREA","17/07/1956","BARI"
"LOMBARDIA 3","LOMBARDIA 3 - P01","FORZA ITALIA","LUCA SQUERI","18/12/1961","MILANO"
"LOMBARDIA 3","LOMBARDIA 3 - P01","FORZA ITALIA","CINZIA LOCATELLI","20/12/1975","BERGAMO"
"LOMBARDIA 3","LOMBARDIA 3 - P01","FORZA ITALIA","STEFANO CONTI","29/09/1989","BERGAMO"
"LOMBARDIA 3","LOMBARDIA 3 - P01","LEGA PER SALVINI PREMIER","GIULIO CENTEMERO","30/01/1979","MILANO"
"LOMBARDIA 3","LOMBARDIA 3 - P01","LEGA PER SALVINI PREMIER","REBECCA FRASSINI ","24/11/1988","CALCINATE"
"LOMBARDIA 3","LOMBARDIA 3 - P01","LEGA PER SALVINI PREMIER","STEFANO LOCATELLI","22/01/1984","CALCINATE"
"LOMBARDIA 3","LOMBARDIA 3 - P01","LEGA PER SALVINI PREMIER","SIMONA PERGREFFI","29/10/1971","SERIATE"
"LOMBARDIA 3","LOMBARDIA 3 - P01","NOI MODERATI/LUPI - TOTI - BRUGNARO - UDC","FABIOLA BOLOGNA","29/09/1972","SORA"
"LOMBARDIA 3","LOMBARDIA 3 - P01","NOI MODERATI/LUPI - TOTI - BRUGNARO - UDC","DAMIANO ZAMBELLI","07/12/1970","BERGAMO"
"LOMBARDIA 3","LOMBARDIA 3 - P01","NOI MODERATI/LUPI - TOTI - BRUGNARO - UDC","TIZIANA PETRUZZI","07/12/1961","BERGAMO"
"LOMBARDIA 3","LOMBARDIA 3 - P01","NOI MODERATI/LUPI - TOTI - BRUGNARO - UDC","MARCELLO ASTORI","09/03/1984","SAN GIOVANNI BIANCO"
"LOMBARDIA 3","LOMBARDIA 3 - P01","IMPEGNO CIVICO LUIGI DI MAIO - CENTRO DEMOCRATICO","SERENA FRANCESCA PRATELLI","13/02/1977","MILANO"
"LOMBARDIA 3","LOMBARDIA 3 - P01","IMPEGNO CIVICO LUIGI DI MAIO - CENTRO DEMOCRATICO","MENOTTI STEFANO COLUCCI","13/12/1964","MILANO"
"LOMBARDIA 3","LOMBARDIA 3 - P01","IMPEGNO CIVICO LUIGI DI MAIO - CENTRO DEMOCRATICO","EMILIANA MORGANTE","20/05/1971","ROMA"
"LOMBARDIA 3","LOMBARDIA 3 - P01","IMPEGNO CIVICO LUIGI DI MAIO - CENTRO DEMOCRATICO","CARLO CORNELLI","09/04/1984","TREVIGLIO"
"LOMBARDIA 3","LOMBARDIA 3 - P01"," +EUROPA","YURI GUAIANA","03/09/1974","CANTU'"
"LOMBARDIA 3","LOMBARDIA 3 - P01"," +EUROPA","OLIVIA RATTI","01/05/1951","LECCO"
"LOMBARDIA 3","LOMBARDIA 3 - P01"," +EUROPA","PAOLO GIACOBBE","21/02/1976","MILANO"
"LOMBARDIA 3","LOMBARDIA 3 - P01"," +EUROPA","GINEVRA LITTA MODIGNANI","29/11/1991","MILANO"
"LOMBARDIA 3","LOMBARDIA 3 - P01","PARTITO DEMOCRATICO - ITALIA DEMOCRATICA E PROGRESSISTA","VINICIO GIUSEPPE GUIDO PELUFFO","21/03/1971","RHO"
"LOMBARDIA 3","LOMBARDIA 3 - P01","PARTITO DEMOCRATICO - ITALIA DEMOCRATICA E PROGRESSISTA","GRAZIELLA LEYLA CIAGA'","01/04/1965","BERGAMO"
"LOMBARDIA 3","LOMBARDIA 3 - P01","PARTITO DEMOCRATICO - ITALIA DEMOCRATICA E PROGRESSISTA","MARCO BRESCIANI","28/12/1980","BERGAMO"
"LOMBARDIA 3","LOMBARDIA 3 - P01","PARTITO DEMOCRATICO - ITALIA DEMOCRATICA E PROGRESSISTA","VALENTINA CERUTI","13/02/1990","BERGAMO"
"LOMBARDIA 3","LOMBARDIA 3 - P01","ALLEANZA VERDI E SINISTRA","LUIGI GELMI DETTO GINO","18/03/1947","GANDINO"
"LOMBARDIA 3","LOMBARDIA 3 - P01","ALLEANZA VERDI E SINISTRA","ELISABETTA MAFFIOLETTI","04/01/1996","ALZANO LOMBARDO"
"LOMBARDIA 3","LOMBARDIA 3 - P01","ALLEANZA VERDI E SINISTRA","DARIO POLINI","21/08/1983","SARNICO"
"LOMBARDIA 3","LOMBARDIA 3 - P01","ALLEANZA VERDI E SINISTRA","GRAZIA DOMENICA SCOTTI","12/05/1982","ROMANO DI LOMBARDIA"
"LOMBARDIA 3","LOMBARDIA 3 - P01","MASTELLA NOI DI CENTRO EUROPEISTI","ANDREA COPPARONI","08/06/1992","MILANO"
"LOMBARDIA 3","LOMBARDIA 3 - P01","MASTELLA NOI DI CENTRO EUROPEISTI","ELEONORA PRANDI","03/05/1969","BERGAMO"
"LOMBARDIA 3","LOMBARDIA 3 - P01","MASTELLA NOI DI CENTRO EUROPEISTI","FRANCESCO MARIA SABATINO","05/03/1975","NAPOLI"
"LOMBARDIA 3","LOMBARDIA 3 - P01","MASTELLA NOI DI CENTRO EUROPEISTI","NADIA DELLA CORTE","17/07/1953","BRESCIA"
"LOMBARDIA 3","LOMBARDIA 3 - P01","AZIONE - ITALIA VIVA - CALENDA","NICCOLO' CARRETTA","29/09/1991","SERIATE"
"LOMBARDIA 3","LOMBARDIA 3 - P01","AZIONE - ITALIA VIVA - CALENDA","ANNA LISA BARONI","20/10/1959","MANTOVA"
"LOMBARDIA 3","LOMBARDIA 3 - P01","AZIONE - ITALIA VIVA - CALENDA","RAFFAELLO TEANI","04/09/1978","BERGAMO"
"LOMBARDIA 3","LOMBARDIA 3 - P01","AZIONE - ITALIA VIVA - CALENDA","CLAUDIA ARIUOLO","06/05/1964","TREVIGLIO"
"LOMBARDIA 3","LOMBARDIA 3 - P01","UNIONE POPOLARE CON DE MAGISTRIS","ARISTIDE GRECO CASOTTI DETTO DINO","09/07/1952","BRESCIA"
"LOMBARDIA 3","LOMBARDIA 3 - P01","UNIONE POPOLARE CON DE MAGISTRIS","SIMONA SURIANO","01/07/1978","CATANIA"
"LOMBARDIA 3","LOMBARDIA 3 - P01","UNIONE POPOLARE CON DE MAGISTRIS","MARCO SIRONI","10/06/1962","BERGAMO"
"LOMBARDIA 3","LOMBARDIA 3 - P01","UNIONE POPOLARE CON DE MAGISTRIS","SILVIA CARA'","04/12/1967","SAN PELLEGRINO TERME"
"LOMBARDIA 3","LOMBARDIA 3 - P02","VITA","ELENA DI BENEDETTO","26/04/1967","ROMA"
"LOMBARDIA 3","LOMBARDIA 3 - P02","VITA","MARIANO DE MATTIA ","14/06/1968","NAPOLI"
"LOMBARDIA 3","LOMBARDIA 3 - P02","VITA","SONIA CICCILLO","05/05/1987","DESENZANO DEL GARDA"
"LOMBARDIA 3","LOMBARDIA 3 - P02","VITA","MARCO EBERLE","09/03/1964","BERGAMO"
"LOMBARDIA 3","LOMBARDIA 3 - P02","ITALEXIT PER L'ITALIA","RAFFAELLA REGOLI","21/01/1970","BENEVENTO"
"LOMBARDIA 3","LOMBARDIA 3 - P02","ITALEXIT PER L'ITALIA","ALESSANDRO MILIOTI","28/04/1983","LENO"
"LOMBARDIA 3","LOMBARDIA 3 - P02","ITALEXIT PER L'ITALIA","MARIA ELENA LANCETTI","01/06/1965","BRESCIA"
"LOMBARDIA 3","LOMBARDIA 3 - P02","ITALEXIT PER L'ITALIA","MARCO  DANESI ","25/08/1981","BRESCIA"
"LOMBARDIA 3","LOMBARDIA 3 - P02","MOVIMENTO 5 STELLE","SAMUEL SORIAL","12/10/1991","BRESCIA"
"LOMBARDIA 3","LOMBARDIA 3 - P02","MOVIMENTO 5 STELLE","TERESA TAMBORINO","03/01/1972","MAGLIE"
"LOMBARDIA 3","LOMBARDIA 3 - P02","MOVIMENTO 5 STELLE","AMEDEO PACCAGNELLA","13/07/1966","SANREMO"
"LOMBARDIA 3","LOMBARDIA 3 - P02","MOVIMENTO 5 STELLE","CONCETTA TORRISI","29/05/1971","PATERNO'"
"LOMBARDIA 3","LOMBARDIA 3 - P02","ITALIA SOVRANA E POPOLARE","BIANCA LAURA GRANATO","31/08/1970","CATANZARO"
"LOMBARDIA 3","LOMBARDIA 3 - P02","ITALIA SOVRANA E POPOLARE","ARTURO FERRARA","20/10/1980","BRESCIA"
"LOMBARDIA 3","LOMBARDIA 3 - P02","ITALIA SOVRANA E POPOLARE","MILA RIBELLI LIBERO ","02/01/1974","SALO'"
"LOMBARDIA 3","LOMBARDIA 3 - P02","ITALIA SOVRANA E POPOLARE","ERNESTO TAVERI","29/07/1955","BAGNOLO MELLA"
"LOMBARDIA 3","LOMBARDIA 3 - P02","FRATELLI D'ITALIA CON GIORGIA MELONI","PAOLA FRASSINETTI","02/05/1956","GENOVA"
"LOMBARDIA 3","LOMBARDIA 3 - P02","FRATELLI D'ITALIA CON GIORGIA MELONI","LUCA SBARDELLA","26/09/1973","ROMA"
"LOMBARDIA 3","LOMBARDIA 3 - P02","FRATELLI D'ITALIA CON GIORGIA MELONI","CRISTINA ALMICI","26/06/1969","BRESCIA"
"LOMBARDIA 3","LOMBARDIA 3 - P02","FRATELLI D'ITALIA CON GIORGIA MELONI","PAOLO INSELVINI","05/10/1994","BRESCIA"
"LOMBARDIA 3","LOMBARDIA 3 - P02","FORZA ITALIA","MAURIZIO CASASCO","07/09/1954","RIVANAZZANO"
"LOMBARDIA 3","LOMBARDIA 3 - P02","FORZA ITALIA","GLORIA SACCANI","24/10/1956","REGGIO NELL'EMILIA (RE)"
"LOMBARDIA 3","LOMBARDIA 3 - P02","FORZA ITALIA","LUCA SQUERI","18/12/1961","MILANO"
"LOMBARDIA 3","LOMBARDIA 3 - P02","FORZA ITALIA","TIZIANA IPPOLITO","20/09/1986","BRESCIA"
"LOMBARDIA 3","LOMBARDIA 3 - P02","LEGA PER SALVINI PREMIER","SIMONA BORDONALI","01/08/1971","BRESCIA"
"LOMBARDIA 3","LOMBARDIA 3 - P02","LEGA PER SALVINI PREMIER","PAOLO FORMENTINI","30/04/1980","DESENZANO DEL GARDA"
"LOMBARDIA 3","LOMBARDIA 3 - P02","LEGA PER SALVINI PREMIER","EVA LORENZONI","15/01/1986","MANERBIO"
"LOMBARDIA 3","LOMBARDIA 3 - P02","LEGA PER SALVINI PREMIER","MATTEO MICHELI","28/07/1979","BRESCIA"
"LOMBARDIA 3","LOMBARDIA 3 - P02","NOI MODERATI/LUPI - TOTI - BRUGNARO - UDC","MAURO PAROLINI","17/05/1958","DESENZANO DEL GARDA"
"LOMBARDIA 3","LOMBARDIA 3 - P02","NOI MODERATI/LUPI - TOTI - BRUGNARO - UDC","BARBARA MORANDI","19/08/1968","BRESCIA"
"LOMBARDIA 3","LOMBARDIA 3 - P02","NOI MODERATI/LUPI - TOTI - BRUGNARO - UDC","PAOLO ROBERTO RISOTTI","25/09/1960","VENEZIA"
"LOMBARDIA 3","LOMBARDIA 3 - P02","NOI MODERATI/LUPI - TOTI - BRUGNARO - UDC","MICHELA DONINELLI","26/03/1986","MANERBIO"
"LOMBARDIA 3","LOMBARDIA 3 - P02","IMPEGNO CIVICO LUIGI DI MAIO - CENTRO DEMOCRATICO","LAURA CASTELLI","14/09/1986","TORINO"
"LOMBARDIA 3","LOMBARDIA 3 - P02","IMPEGNO CIVICO LUIGI DI MAIO - CENTRO DEMOCRATICO","LUIGI IOVINO","14/01/1993","NAPOLI"
"LOMBARDIA 3","LOMBARDIA 3 - P02","IMPEGNO CIVICO LUIGI DI MAIO - CENTRO DEMOCRATICO","EMILIANA MORGANTE","20/05/1971","ROMA"
"LOMBARDIA 3","LOMBARDIA 3 - P02","IMPEGNO CIVICO LUIGI DI MAIO - CENTRO DEMOCRATICO","SAVERIO BOGGI","27/09/1965","MONZA"
"LOMBARDIA 3","LOMBARDIA 3 - P02"," +EUROPA","EMANUELA GIRARDI","23/06/1973","CHIERI"
"LOMBARDIA 3","LOMBARDIA 3 - P02"," +EUROPA","MATTEO DI MAIO","25/12/1994","NAPOLI"
"LOMBARDIA 3","LOMBARDIA 3 - P02"," +EUROPA","OLIVIA RATTI","01/05/1951","LECCO"
"LOMBARDIA 3","LOMBARDIA 3 - P02"," +EUROPA","BENEDETTO DELLA VEDOVA","03/04/1962","SONDRIO"
"LOMBARDIA 3","LOMBARDIA 3 - P02","PARTITO DEMOCRATICO - ITALIA DEMOCRATICA E PROGRESSISTA","GIAN ANTONIO GIRELLI","15/09/1962","SALO'"
"LOMBARDIA 3","LOMBARDIA 3 - P02","PARTITO DEMOCRATICO - ITALIA DEMOCRATICA E PROGRESSISTA","MIRIAM COMINELLI","02/04/1981","BRESCIA"
"LOMBARDIA 3","LOMBARDIA 3 - P02","PARTITO DEMOCRATICO - ITALIA DEMOCRATICA E PROGRESSISTA","MICHELE ZANARDI","12/02/1986","BRESCIA"
"LOMBARDIA 3","LOMBARDIA 3 - P02","PARTITO DEMOCRATICO - ITALIA DEMOCRATICA E PROGRESSISTA","ELENA RINGHINI","22/03/1979","DESENZANO DEL GARDA"
"LOMBARDIA 3","LOMBARDIA 3 - P02","ALLEANZA VERDI E SINISTRA","DONATELLA ALBINI","05/09/1954","BRESCIA"
"LOMBARDIA 3","LOMBARDIA 3 - P02","ALLEANZA VERDI E SINISTRA","FRANCESCO PAOLO PEREZ","19/03/1993","CHIARI"
"LOMBARDIA 3","LOMBARDIA 3 - P02","ALLEANZA VERDI E SINISTRA","GIADA STEFANA","12/06/1987","BRESCIA"
"LOMBARDIA 3","LOMBARDIA 3 - P02","ALLEANZA VERDI E SINISTRA","ALESSIO PESENTI","29/02/1968","ALZANO LOMBARDO"
"LOMBARDIA 3","LOMBARDIA 3 - P02","MASTELLA NOI DI CENTRO EUROPEISTI","CHIARA BEZANTE","02/02/1968","GENOVA"
"LOMBARDIA 3","LOMBARDIA 3 - P02","MASTELLA NOI DI CENTRO EUROPEISTI","VITO ROBERTO ROBLES","13/05/1948","CASTROVILLARI"
"LOMBARDIA 3","LOMBARDIA 3 - P02","MASTELLA NOI DI CENTRO EUROPEISTI","SUZANNE PIROVANO","29/10/1977","MONROVIA (LIBERIA)"
"LOMBARDIA 3","LOMBARDIA 3 - P02","AZIONE - ITALIA VIVA - CALENDA","FABRIZIO BENZONI","04/11/1985","BRESCIA"
"LOMBARDIA 3","LOMBARDIA 3 - P02","AZIONE - ITALIA VIVA - CALENDA","ANNA LISA BARONI","20/10/1959","MANTOVA"
"LOMBARDIA 3","LOMBARDIA 3 - P02","AZIONE - ITALIA VIVA - CALENDA","GIORGIO FERRARI","27/06/1976","SALO'"
"LOMBARDIA 3","LOMBARDIA 3 - P02","AZIONE - ITALIA VIVA - CALENDA","MARIAEMMA SALA","29/04/1993","ESINE"
"LOMBARDIA 3","LOMBARDIA 3 - P02","UNIONE POPOLARE CON DE MAGISTRIS","GIOVANNA GIACOPINI","11/04/1969","BRESCIA"
"LOMBARDIA 3","LOMBARDIA 3 - P02","UNIONE POPOLARE CON DE MAGISTRIS","MARCO TREMENTINI","20/08/1985","BRESCIA"
"LOMBARDIA 3","LOMBARDIA 3 - P02","UNIONE POPOLARE CON DE MAGISTRIS","FRANCESCA COLLINI","24/08/1972","BRESCIA"
"LOMBARDIA 3","LOMBARDIA 3 - P02","UNIONE POPOLARE CON DE MAGISTRIS","MAURIZIO BRESCIANI","09/01/1955","BRESCIA"
"LOMBARDIA 4","LOMBARDIA 4 - P01","PARTITO DEMOCRATICO - ITALIA DEMOCRATICA E PROGRESSISTA","LORENZO GUERINI","21/11/1966","LODI"
"LOMBARDIA 4","LOMBARDIA 4 - P01","PARTITO DEMOCRATICO - ITALIA DEMOCRATICA E PROGRESSISTA","ANTONELLA FORATTINI","13/05/1966","GONZAGA"
"LOMBARDIA 4","LOMBARDIA 4 - P01","PARTITO DEMOCRATICO - ITALIA DEMOCRATICA E PROGRESSISTA","ALAN FERRARI","14/02/1975","PAVIA"
"LOMBARDIA 4","LOMBARDIA 4 - P01","PARTITO DEMOCRATICO - ITALIA DEMOCRATICA E PROGRESSISTA","VELLEDA RIVAROLI","09/04/1973","CREMONA"
"LOMBARDIA 4","LOMBARDIA 4 - P01","IMPEGNO CIVICO LUIGI DI MAIO - CENTRO DEMOCRATICO","BRUNO TABACCI","27/08/1946","QUISTELLO (MN)"
"LOMBARDIA 4","LOMBARDIA 4 - P01","IMPEGNO CIVICO LUIGI DI MAIO - CENTRO DEMOCRATICO","ANITA LIKMETA","08/11/1985","DURAZZO (ALBANIA)"
"LOMBARDIA 4","LOMBARDIA 4 - P01","IMPEGNO CIVICO LUIGI DI MAIO - CENTRO DEMOCRATICO","GIORGIO FEDERIGHI","23/04/1946","PISTOIA"
"LOMBARDIA 4","LOMBARDIA 4 - P01","IMPEGNO CIVICO LUIGI DI MAIO - CENTRO DEMOCRATICO","SERENA FRANCESCA PRATELLI","13/02/1977","MILANO"
"LOMBARDIA 4","LOMBARDIA 4 - P01","ALLEANZA VERDI E SINISTRA","GIUSEPPE BUONDONNO","04/01/1963","FERMO"
"LOMBARDIA 4","LOMBARDIA 4 - P01","ALLEANZA VERDI E SINISTRA","ERICA INNISI","22/12/1995","GUASTALLA"
"LOMBARDIA 4","LOMBARDIA 4 - P01","ALLEANZA VERDI E SINISTRA","GABRIELE CAVALLINI","14/04/1977","CREMA"
"LOMBARDIA 4","LOMBARDIA 4 - P01","ALLEANZA VERDI E SINISTRA","NORINA DAFFINI","05/11/1955","SUZZARA"
"LOMBARDIA 4","LOMBARDIA 4 - P01"," +EUROPA","PAOLO COSTANZO","03/10/1963","VICENZA"
"LOMBARDIA 4","LOMBARDIA 4 - P01"," +EUROPA","STELLA BELLINI","25/02/1977","CREMONA"
"LOMBARDIA 4","LOMBARDIA 4 - P01"," +EUROPA","INOUSSA BARA","01/01/1969","BEGUEDO (BURKINA FASO)"
"LOMBARDIA 4","LOMBARDIA 4 - P01"," +EUROPA","GINEVRA LITTA MODIGNANI","29/11/1991","MILANO"
"LOMBARDIA 4","LOMBARDIA 4 - P01","FREE","MONJA PARMIGIANI","28/03/1970","ASMARA (ETIOPIA)"
"LOMBARDIA 4","LOMBARDIA 4 - P01","FREE","ERNESTO  SCARPA ","15/09/1961","CARLENTINI "
"LOMBARDIA 4","LOMBARDIA 4 - P01","FREE","MARIA TERESA SARZI AMAD?","11/08/1964","CASALMAGGIORE"
"LOMBARDIA 4","LOMBARDIA 4 - P01","FREE","MATTEO BONI","17/12/1977","MANTOVA"
"LOMBARDIA 4","LOMBARDIA 4 - P01","ITALIA SOVRANA E POPOLARE","GIOVANNA CORICCIATI","23/02/1967","MARTANO (LE)"
"LOMBARDIA 4","LOMBARDIA 4 - P01","ITALIA SOVRANA E POPOLARE","STEFANO D'ANDREA","14/01/1970","AVEZZANO (AQ)"
"LOMBARDIA 4","LOMBARDIA 4 - P01","ITALIA SOVRANA E POPOLARE","ELENA MAESTRI ","22/05/1976","CREMONA"
"LOMBARDIA 4","LOMBARDIA 4 - P01","ITALIA SOVRANA E POPOLARE","SIMONE GARILLI","27/03/1990","MANTOVA"
"LOMBARDIA 4","LOMBARDIA 4 - P01","MOVIMENTO 5 STELLE","VALENTINA BARZOTTI","05/02/1986","MILANO"
"LOMBARDIA 4","LOMBARDIA 4 - P01","MOVIMENTO 5 STELLE","MANUEL DRAGHETTI","16/07/1996","CREMA"
"LOMBARDIA 4","LOMBARDIA 4 - P01","MOVIMENTO 5 STELLE","PAOLA TACCHINI","11/09/1963","NAPOLI"
"LOMBARDIA 4","LOMBARDIA 4 - P01","MOVIMENTO 5 STELLE","GIOVANNI CAPPELLAZZI","06/05/1955","MANTOVA"
"LOMBARDIA 4","LOMBARDIA 4 - P01","LEGA PER SALVINI PREMIER","SILVANA ANDREINA COMAROLI","27/03/1967","SONCINO "
"LOMBARDIA 4","LOMBARDIA 4 - P01","LEGA PER SALVINI PREMIER","LUCA TOCCALINI","18/05/1990","MILANO"
"LOMBARDIA 4","LOMBARDIA 4 - P01","LEGA PER SALVINI PREMIER","CLAUDIA GOBBATO","18/01/1987","VIZZOLO PREDABISSI"
"LOMBARDIA 4","LOMBARDIA 4 - P01","LEGA PER SALVINI PREMIER","LUIGI AUGUSSORI","27/10/1972","LODI"
"LOMBARDIA 4","LOMBARDIA 4 - P01","FRATELLI D'ITALIA CON GIORGIA MELONI","CARLO MACCARI","11/05/1965","VOLTA MANTOVANA"
"LOMBARDIA 4","LOMBARDIA 4 - P01","FRATELLI D'ITALIA CON GIORGIA MELONI","PAOLA MARIA CHIESA","12/09/1979","PAVIA"
"LOMBARDIA 4","LOMBARDIA 4 - P01","FRATELLI D'ITALIA CON GIORGIA MELONI","STEFANO FOGGETTI","06/04/1979","CREMONA"
"LOMBARDIA 4","LOMBARDIA 4 - P01","FRATELLI D'ITALIA CON GIORGIA MELONI","GIULIA BAGGI","21/07/1990","LODI"
"LOMBARDIA 4","LOMBARDIA 4 - P01","NOI MODERATI/LUPI - TOTI - BRUGNARO - UDC","ANTONIO SACCONE","15/08/1969","HAIFA (ISRAELE)"
"LOMBARDIA 4","LOMBARDIA 4 - P01","NOI MODERATI/LUPI - TOTI - BRUGNARO - UDC","ILARIA BELLINZONA","05/05/1974","MILANO"
"LOMBARDIA 4","LOMBARDIA 4 - P01","NOI MODERATI/LUPI - TOTI - BRUGNARO - UDC","ANDREA MARIA TRIPODI","14/11/1989","REGGIO DI CALABRIA"
"LOMBARDIA 4","LOMBARDIA 4 - P01","NOI MODERATI/LUPI - TOTI - BRUGNARO - UDC","LOREDANA ANTONIETTA LARDIERI","18/08/1961","LIONI"
"LOMBARDIA 4","LOMBARDIA 4 - P01","FORZA ITALIA","ANDREA GIORGIO FELICE MARIA ORSINI","23/09/1959","MILANO"
"LOMBARDIA 4","LOMBARDIA 4 - P01","FORZA ITALIA","MONICA BARBARA GUARISCHI","19/08/1965","MILANO"
"LOMBARDIA 4","LOMBARDIA 4 - P01","FORZA ITALIA","NICOLA SODANO","03/07/1957","CROTONE"
"LOMBARDIA 4","LOMBARDIA 4 - P01","FORZA ITALIA","VALERIA PATELLI","26/03/1977","BOZZOLO"
"LOMBARDIA 4","LOMBARDIA 4 - P01","VITA","SARA CUNIAL","08/07/1979","ROMA (RM)"
"LOMBARDIA 4","LOMBARDIA 4 - P01","VITA","DAVIDE BARILLARI","26/02/1974","MILANO"
"LOMBARDIA 4","LOMBARDIA 4 - P01","VITA","ANGELICA POLI","11/11/1982","PAVIA"
"LOMBARDIA 4","LOMBARDIA 4 - P01","VITA","EDOARDO POLACCO","18/11/1956","TARANTO"
"LOMBARDIA 4","LOMBARDIA 4 - P01","AZIONE - ITALIA VIVA - CALENDA","MAURO DEL BARBA","20/07/1970","MORBEGNO"
"LOMBARDIA 4","LOMBARDIA 4 - P01","AZIONE - ITALIA VIVA - CALENDA","MARIA CHIARA GADDA","06/02/1980","TRADATE"
"LOMBARDIA 4","LOMBARDIA 4 - P01","AZIONE - ITALIA VIVA - CALENDA","LUCA MALAVASI","14/09/1987","MANTOVA"
"LOMBARDIA 4","LOMBARDIA 4 - P01","AZIONE - ITALIA VIVA - CALENDA","BIANCA BARUELLI","27/03/1962","CODOGNO"
"LOMBARDIA 4","LOMBARDIA 4 - P01","UNIONE POPOLARE CON DE MAGISTRIS","LUANA GROSSI","14/09/1987","SUZZARA"
"LOMBARDIA 4","LOMBARDIA 4 - P01","UNIONE POPOLARE CON DE MAGISTRIS","SERSE MOSTOSI","22/08/1952","CREMA "
"LOMBARDIA 4","LOMBARDIA 4 - P01","UNIONE POPOLARE CON DE MAGISTRIS","FRANCESCA  STRINCHIS ","29/05/1996","MEDE"
"LOMBARDIA 4","LOMBARDIA 4 - P01","UNIONE POPOLARE CON DE MAGISTRIS","KEIDI JATRO","26/12/1992","LUSHNJE (ALBANIA)"
"LOMBARDIA 4","LOMBARDIA 4 - P01","MASTELLA NOI DI CENTRO EUROPEISTI","RAFFAELE FANTETTI","13/03/1966","ROMA"
"LOMBARDIA 4","LOMBARDIA 4 - P01","MASTELLA NOI DI CENTRO EUROPEISTI","DONATELLA BUSSOLATI","15/09/1971","FIDENZA (PR)"
"LOMBARDIA 4","LOMBARDIA 4 - P01","MASTELLA NOI DI CENTRO EUROPEISTI","CLAUDIO  CRESSI","30/08/1988","SANT'ANGELO LODIGIANO"
"LOMBARDIA 4","LOMBARDIA 4 - P01","MASTELLA NOI DI CENTRO EUROPEISTI","SARA MARIA GALLI","18/07/1983","VIGEVANO"
"LOMBARDIA 4","LOMBARDIA 4 - P01","ITALEXIT PER L'ITALIA","ANDREA GIUSEPPE GIORGIO STRAMEZZI","22/06/1958","MILANO"
"LOMBARDIA 4","LOMBARDIA 4 - P01","ITALEXIT PER L'ITALIA","PAOLA  TROMBINI","20/06/1965","CREMONA"
"LOMBARDIA 4","LOMBARDIA 4 - P01","ITALEXIT PER L'ITALIA","CRISTIANO SCHIAVI","24/09/1973","LODI"
"LOMBARDIA 4","LOMBARDIA 4 - P01","ITALEXIT PER L'ITALIA","SARA ASTI","04/05/1973","CASALPUSTERLENGO"
"LOMBARDIA 4","LOMBARDIA 4 - P01","ALTERNATIVA PER L'ITALIA - NO GREEN PASS","PIETRO MARCAZZAN","03/05/1960","GOITO"
"LOMBARDIA 4","LOMBARDIA 4 - P01","ALTERNATIVA PER L'ITALIA - NO GREEN PASS","CONCETTA  LAPENNA","24/07/1960","ORTA NOVA"
"LOMBARDIA 4","LOMBARDIA 4 - P01","ALTERNATIVA PER L'ITALIA - NO GREEN PASS","MARCO ZANLEONE","26/05/1977","BRONI"
"LOMBARDIA 4","LOMBARDIA 4 - P01","ALTERNATIVA PER L'ITALIA - NO GREEN PASS","LAVINIA OLIVERI","25/01/1981","MESSINA"
"VENETO 1","VENETO 1 - P01","ALTERNATIVA PER L'ITALIA - NO GREEN PASS","LUIGINO RANCAN","16/11/1948","SAN PIETRO MUSSOLINO (VI)"
"VENETO 1","VENETO 1 - P01","ALTERNATIVA PER L'ITALIA - NO GREEN PASS","MARIA NOVELLA ESPEN","27/07/1950","MONTEGROTTO TERME  (PD)"
"VENETO 1","VENETO 1 - P01","ALTERNATIVA PER L'ITALIA - NO GREEN PASS","FELICE CASETTO","07/04/1944","SAN GIORGIO DELLE PERTICHE (PD)"
"VENETO 1","VENETO 1 - P01","ALTERNATIVA PER L'ITALIA - NO GREEN PASS","IMELDA VANZO","17/10/1960","BUSSOLENGO (VR)"
"VENETO 1","VENETO 1 - P01","ITALEXIT PER L'ITALIA","DANIELE TRABUCCO","07/09/1979","VENEZIA"
"VENETO 1","VENETO 1 - P01","ITALEXIT PER L'ITALIA","MONICA MORANDO","11/04/1969","PADOVA"
"VENETO 1","VENETO 1 - P01","ITALEXIT PER L'ITALIA","TIZIANO SCHIAVONE ","19/10/1966","MESAGNE (BR)"
"VENETO 1","VENETO 1 - P01","ITALEXIT PER L'ITALIA","STEFANIA ZABEO","19/03/1968","DOLO (VE)"
"VENETO 1","VENETO 1 - P01","FORZA ITALIA","PIERGIORGIO CORTELAZZO","20/02/1969","ESTE (PD)"
"VENETO 1","VENETO 1 - P01","FORZA ITALIA","LORENZA LAVINI","15/08/1961","VENEZIA"
"VENETO 1","VENETO 1 - P01","FORZA ITALIA","EMANUELE CROSATO","30/07/1982","MOTTA DI LIVENZA (TV)"
"VENETO 1","VENETO 1 - P01","FORZA ITALIA","MAIZA GRAZIELA BUSATTA","11/08/1982","PELOTAS (BRASILE)"
"VENETO 1","VENETO 1 - P01","FRATELLI D'ITALIA CON GIORGIA MELONI","CARLO NORDIO","06/02/1947","TREVISO"
"VENETO 1","VENETO 1 - P01","FRATELLI D'ITALIA CON GIORGIA MELONI","MARIA CRISTINA CARETTA","11/01/1964","THIENE (VI)"
"VENETO 1","VENETO 1 - P01","FRATELLI D'ITALIA CON GIORGIA MELONI","FRANCESCO FILINI","04/09/1978","ROMA"
"VENETO 1","VENETO 1 - P01","FRATELLI D'ITALIA CON GIORGIA MELONI","MARINA MARCHETTO","17/11/1951","ESTE (PD)"
"VENETO 1","VENETO 1 - P01","NOI MODERATI/LUPI - TOTI - BRUGNARO - UDC","MARTINA SEMENZATO","09/07/1973","SPINEA (VE)"
"VENETO 1","VENETO 1 - P01","NOI MODERATI/LUPI - TOTI - BRUGNARO - UDC","RAFFAELE BARATTO","30/04/1963","PEDEROBBA (TV)"
"VENETO 1","VENETO 1 - P01","NOI MODERATI/LUPI - TOTI - BRUGNARO - UDC","GLORIA SERNAGIOTTO","05/11/1985","MONTEBELLUNA (TV)"
"VENETO 1","VENETO 1 - P01","NOI MODERATI/LUPI - TOTI - BRUGNARO - UDC","ANDREA PENZO AIELLO","26/03/1989","TREVISO"
"VENETO 1","VENETO 1 - P01","LEGA PER SALVINI PREMIER","INGRID BISA","10/01/1978","ASOLO (TV)"
"VENETO 1","VENETO 1 - P01","LEGA PER SALVINI PREMIER","GIANANGELO BOF","07/01/1975","VITTORIO VENETO (TV)"
"VENETO 1","VENETO 1 - P01","LEGA PER SALVINI PREMIER","ANTONIETTA GIACOMETTI","10/03/1962","CANDA (RO)"
"VENETO 1","VENETO 1 - P01","LEGA PER SALVINI PREMIER","FRANCO MANZATO","19/05/1966","ODERZO (TV)"
"VENETO 1","VENETO 1 - P01","ITALIA SOVRANA E POPOLARE","GIORGIO BIANCHI","30/08/1973","ROMA"
"VENETO 1","VENETO 1 - P01","ITALIA SOVRANA E POPOLARE","LUCIA MARTA NARDO","03/03/1951","ALBIGNASEGO (PD)"
"VENETO 1","VENETO 1 - P01","ITALIA SOVRANA E POPOLARE","DEVIS BONALDO","06/04/1987","SACILE (PN)"
"VENETO 1","VENETO 1 - P01","ITALIA SOVRANA E POPOLARE","CAROLINA PATIERNO","26/04/1982","SAN GIOVANNI ROTONDO (FG)"
"VENETO 1","VENETO 1 - P01","MOVIMENTO 5 STELLE","CRISTINA MANES","04/05/1966","MATERA"
"VENETO 1","VENETO 1 - P01","MOVIMENTO 5 STELLE","MAURIZIO MESTRINER","18/05/1979","TREVISO"
"VENETO 1","VENETO 1 - P01","MOVIMENTO 5 STELLE","ELENA QUARANTA","19/11/1963","BRESCIA"
"VENETO 1","VENETO 1 - P01","MOVIMENTO 5 STELLE","ALESSANDRO FERRO","22/10/1974","CHIOGGIA (VE)"
"VENETO 1","VENETO 1 - P01","PARTITO DEMOCRATICO - ITALIA DEMOCRATICA E PROGRESSISTA","RACHELE SCARPA","29/01/1997","TREVISO"
"VENETO 1","VENETO 1 - P01","PARTITO DEMOCRATICO - ITALIA DEMOCRATICA E PROGRESSISTA","PIERO FRANCO RODOLFO FASSINO","07/10/1949","AVIGLIANA (TO)"
"VENETO 1","VENETO 1 - P01","PARTITO DEMOCRATICO - ITALIA DEMOCRATICA E PROGRESSISTA","MARIA-TERESA MENOTTO","28/05/1956","VENEZIA"
"VENETO 1","VENETO 1 - P01","PARTITO DEMOCRATICO - ITALIA DEMOCRATICA E PROGRESSISTA","ROGER DE MENECH","14/03/1973","BELLUNO"
"VENETO 1","VENETO 1 - P01","IMPEGNO CIVICO LUIGI DI MAIO - CENTRO DEMOCRATICO","CARLO ROMANO","16/03/1972","MANTOVA "
"VENETO 1","VENETO 1 - P01","IMPEGNO CIVICO LUIGI DI MAIO - CENTRO DEMOCRATICO","MARIANNA IORIO","11/02/1985","MADDALONI "
"VENETO 1","VENETO 1 - P01","IMPEGNO CIVICO LUIGI DI MAIO - CENTRO DEMOCRATICO","ANTONIO CURATOLA","30/11/1970","REGGIO DI CALABRIA"
"VENETO 1","VENETO 1 - P01","IMPEGNO CIVICO LUIGI DI MAIO - CENTRO DEMOCRATICO","RAFFAELLA CUOMO","16/09/1962","ROMA"
"VENETO 1","VENETO 1 - P01"," +EUROPA","MASSIMILIANO ZANE","29/10/1979","VENEZIA"
"VENETO 1","VENETO 1 - P01"," +EUROPA","ELENA CACCIATORI","29/05/1983","TREVISO"
"VENETO 1","VENETO 1 - P01"," +EUROPA","MATTEO FORIN","15/03/1980","DOLO (VE)"
"VENETO 1","VENETO 1 - P01"," +EUROPA","SILVIA NALIN","09/04/1969","VENEZIA"
"VENETO 1","VENETO 1 - P01","ALLEANZA VERDI E SINISTRA","ABOUBAKAR SOUMAHORO","06/06/1980","BETROULILIE LAKOTA (COSTA D'AVORIO)"
"VENETO 1","VENETO 1 - P01","ALLEANZA VERDI E SINISTRA","LUANA ZANELLA","04/10/1950","VENEZIA"
"VENETO 1","VENETO 1 - P01","ALLEANZA VERDI E SINISTRA","LUIGI CALESSO","25/08/1964","SPRESIANO (TV)"
"VENETO 1","VENETO 1 - P01","ALLEANZA VERDI E SINISTRA","ALESSANDRA MION","09/05/1959","DOLO (VE)"
"VENETO 1","VENETO 1 - P01","VITA","SARA CUNIAL","08/07/1979","ROMA (RM)"
"VENETO 1","VENETO 1 - P01","VITA","MORENO FERRARI","07/02/1963","ROVIGO"
"VENETO 1","VENETO 1 - P01","VITA","ROSSANA GAI","22/06/1964","STREPY BRACQUEGNIS (BELGIO)"
"VENETO 1","VENETO 1 - P01","VITA","DOMENICO D'AMICO","24/05/1974","ROMA"
"VENETO 1","VENETO 1 - P01","UNIONE POPOLARE CON DE MAGISTRIS","MONICA COIN","31/03/1969","VENEZIA"
"VENETO 1","VENETO 1 - P01","UNIONE POPOLARE CON DE MAGISTRIS","ANTONIO BRUNO FERRARA","20/06/1967","MANNHEIM (GERMANIA)"
"VENETO 1","VENETO 1 - P01","UNIONE POPOLARE CON DE MAGISTRIS","LUCIA TUNDO","28/06/1963","BELLUNO"
"VENETO 1","VENETO 1 - P01","UNIONE POPOLARE CON DE MAGISTRIS","DINO GUERRA","04/04/1965","PONTE DI PIAVE (TV)"
"VENETO 1","VENETO 1 - P01","AZIONE - ITALIA VIVA - CALENDA","VALENTINA GRIPPO","07/08/1971","ROMA"
"VENETO 1","VENETO 1 - P01","AZIONE - ITALIA VIVA - CALENDA","MARCO GARBIN","28/10/1976","NOALE (VE)"
"VENETO 1","VENETO 1 - P01","AZIONE - ITALIA VIVA - CALENDA","MARTINA CANCIAN","01/11/1988","TREVISO"
"VENETO 1","VENETO 1 - P01","AZIONE - ITALIA VIVA - CALENDA","LINO BELLATO","18/05/1957","MARCON (VE)"
"VENETO 2","VENETO 2 - P01","MOVIMENTO 5 STELLE","ENRICO CAPPELLETTI","05/02/1968","PADOVA"
"VENETO 2","VENETO 2 - P01","MOVIMENTO 5 STELLE","ELENA SUMAN","15/12/1963","ADRIA (RO)"
"VENETO 2","VENETO 2 - P01","MOVIMENTO 5 STELLE","GIACOMO CUSUMANO","05/11/1986","ABANO TERME (PD)"
"VENETO 2","VENETO 2 - P01","MOVIMENTO 5 STELLE","SILVIA SCHIAVON","05/08/1997","CITTADELLA (PD)"
"VENETO 2","VENETO 2 - P01"," +EUROPA","BENEDETTO DELLA VEDOVA","03/04/1962","SONDRIO"
"VENETO 2","VENETO 2 - P01"," +EUROPA","ANNA-LISA NALIN","03/09/1965","VERONA"
"VENETO 2","VENETO 2 - P01"," +EUROPA","ALBERTO RUGGIN","29/12/1986","ESTE (PD)"
"VENETO 2","VENETO 2 - P01"," +EUROPA","ELENA CACCIATORI","29/05/1983","TREVISO"
"VENETO 2","VENETO 2 - P01","PARTITO DEMOCRATICO - ITALIA DEMOCRATICA E PROGRESSISTA","ALESSANDRO ZAN","04/10/1973","PADOVA"
"VENETO 2","VENETO 2 - P01","PARTITO DEMOCRATICO - ITALIA DEMOCRATICA E PROGRESSISTA","NADIA ROMEO","23/06/1971","ROVIGO"
"VENETO 2","VENETO 2 - P01","PARTITO DEMOCRATICO - ITALIA DEMOCRATICA E PROGRESSISTA","ANDREA MICALIZZI","16/07/1976","CATANIA"
"VENETO 2","VENETO 2 - P01","PARTITO DEMOCRATICO - ITALIA DEMOCRATICA E PROGRESSISTA","LAURA FRIGO","05/05/1985","CITTADELLA (PD)"
"VENETO 2","VENETO 2 - P01","IMPEGNO CIVICO LUIGI DI MAIO - CENTRO DEMOCRATICO","ANTONIO CURATOLA","30/11/1970","REGGIO DI CALABRIA"
"VENETO 2","VENETO 2 - P01","IMPEGNO CIVICO LUIGI DI MAIO - CENTRO DEMOCRATICO","PATRIZIA TERZONI","05/10/1982","FABRIANO  (AN)"
"VENETO 2","VENETO 2 - P01","IMPEGNO CIVICO LUIGI DI MAIO - CENTRO DEMOCRATICO","MARCO RICUCCI","19/07/1977","MILANO"
"VENETO 2","VENETO 2 - P01","IMPEGNO CIVICO LUIGI DI MAIO - CENTRO DEMOCRATICO","SERENA FRANCESCA PRATELLI","13/02/1977","MILANO"
"VENETO 2","VENETO 2 - P01","ALLEANZA VERDI E SINISTRA","LUANA ZANELLA","04/10/1950","VENEZIA"
"VENETO 2","VENETO 2 - P01","ALLEANZA VERDI E SINISTRA","RICCARDO FUSINATO","11/05/1995","PADOVA"
"VENETO 2","VENETO 2 - P01","ALLEANZA VERDI E SINISTRA","LAURA ZARATIN","15/07/1969","VICENZA"
"VENETO 2","VENETO 2 - P01","ALLEANZA VERDI E SINISTRA","ANDREA LONGOBARDI","16/12/1977","PADOVA"
"VENETO 2","VENETO 2 - P01","AZIONE - ITALIA VIVA - CALENDA","ELENA BONETTI","12/04/1974","ASOLA (MN)"
"VENETO 2","VENETO 2 - P01","AZIONE - ITALIA VIVA - CALENDA","DAVIDE BENDINELLI","19/10/1974","CAPRINO VERONESE (VR)"
"VENETO 2","VENETO 2 - P01","AZIONE - ITALIA VIVA - CALENDA","MARIA TROMBETTA","26/05/1973","ROVIGO"
"VENETO 2","VENETO 2 - P01","AZIONE - ITALIA VIVA - CALENDA","CARLO PASQUALETTO","01/06/1988","CAMPOSAMPIERO (PD)"
"VENETO 2","VENETO 2 - P01","UNIONE POPOLARE CON DE MAGISTRIS","DANIELA RUFFINI","13/04/1971","SAN VALENTINO IN ABRUZZO CITERIORE (PE)"
"VENETO 2","VENETO 2 - P01","UNIONE POPOLARE CON DE MAGISTRIS","ADRIANO ROMANELLI","14/05/1976","MIRANO (VE)"
"VENETO 2","VENETO 2 - P01","UNIONE POPOLARE CON DE MAGISTRIS","ELISA ZORDAN","08/01/1994","ABANO TERME (PD)"
"VENETO 2","VENETO 2 - P01","UNIONE POPOLARE CON DE MAGISTRIS","PAOLO FURLAN","06/04/1964","PADOVA"
"VENETO 2","VENETO 2 - P01","ITALIA SOVRANA E POPOLARE","LUCIA MARTA NARDO","03/03/1951","ALBIGNASEGO (PD)"
"VENETO 2","VENETO 2 - P01","ITALIA SOVRANA E POPOLARE","ADRIANO LONGO","05/06/1972","MONTECCHIO MAGGIORE (VI)"
"VENETO 2","VENETO 2 - P01","ITALIA SOVRANA E POPOLARE","ROSANNA GOLINO","02/09/1994","NAPOLI"
"VENETO 2","VENETO 2 - P01","ITALIA SOVRANA E POPOLARE","GIORGIO STOCCO","22/02/1959","VILLADOSE (RO)"
"VENETO 2","VENETO 2 - P01","ITALEXIT PER L'ITALIA","GIOVANNI FRAJESE","21/02/1972","ROMA"
"VENETO 2","VENETO 2 - P01","ITALEXIT PER L'ITALIA","RAFFAELLA REGOLI","21/01/1970","BENEVENTO"
"VENETO 2","VENETO 2 - P01","ITALEXIT PER L'ITALIA","MASSIMO GIANANGELI","18/06/1970","JESI (AN)"
"VENETO 2","VENETO 2 - P01","ITALEXIT PER L'ITALIA","PAOLA BACCHIEGA","11/01/1980","SANDRIGO (VI)"
"VENETO 2","VENETO 2 - P01","VITA","PAOLO GIROTTO","18/07/1961","PADOVA"
"VENETO 2","VENETO 2 - P01","VITA","ANNA SAUTTO","16/09/1972","VERONA"
"VENETO 2","VENETO 2 - P01","VITA","MORENO FERRARI","07/02/1963","ROVIGO"
"VENETO 2","VENETO 2 - P01","VITA","SILVIA ZAMPELLI","04/02/1975","BENEVENTO"
"VENETO 2","VENETO 2 - P01","LEGA PER SALVINI PREMIER","ALBERTO STEFANI","16/11/1992","CAMPOSAMPIERO (PD)"
"VENETO 2","VENETO 2 - P01","LEGA PER SALVINI PREMIER","ARIANNA LAZZARINI","06/03/1976","MONSELICE (PD)"
"VENETO 2","VENETO 2 - P01","LEGA PER SALVINI PREMIER","LORENZO VIVIANI","03/12/1982","LA SPEZIA"
"VENETO 2","VENETO 2 - P01","LEGA PER SALVINI PREMIER","FEDERICA PIETROGRANDE","30/12/1976","PADOVA"
"VENETO 2","VENETO 2 - P01","FORZA ITALIA","GREGORIO FONTANA","09/11/1963","BERGAMO"
"VENETO 2","VENETO 2 - P01","FORZA ITALIA","LUIGIA MODONESI","08/01/1961","ROVIGO"
"VENETO 2","VENETO 2 - P01","FORZA ITALIA","LUCA CALLEGARO","06/03/1968","ARQUA' PETRARCA (PD)"
"VENETO 2","VENETO 2 - P01","FORZA ITALIA","ROBERTA MARINELLI","16/09/1980","LENDINARA (RO)"
"VENETO 2","VENETO 2 - P01","NOI MODERATI/LUPI - TOTI - BRUGNARO - UDC","FRANCESCO MARIO PEGHIN","19/07/1964","UDINE"
"VENETO 2","VENETO 2 - P01","NOI MODERATI/LUPI - TOTI - BRUGNARO - UDC","CRISTINA TURETTA","10/07/1970","PADOVA"
"VENETO 2","VENETO 2 - P01","NOI MODERATI/LUPI - TOTI - BRUGNARO - UDC","ERIC PASQUALON","26/12/1990","CITTADELLA (PD)"
"VENETO 2","VENETO 2 - P01","NOI MODERATI/LUPI - TOTI - BRUGNARO - UDC","FIORELLA CAPPATO","23/07/1955","CEREGNANO (RO)"
"VENETO 2","VENETO 2 - P01","FRATELLI D'ITALIA CON GIORGIA MELONI","GIANMARCO MAZZI","01/07/1960","VERONA"
"VENETO 2","VENETO 2 - P01","FRATELLI D'ITALIA CON GIORGIA MELONI","ELISABETTA GARDINI","03/06/1956","PADOVA"
"VENETO 2","VENETO 2 - P01","FRATELLI D'ITALIA CON GIORGIA MELONI","GABRIELE ZANON","02/12/1963","PADOVA"
"VENETO 2","VENETO 2 - P01","FRATELLI D'ITALIA CON GIORGIA MELONI","ELISABETTA BALDI","02/06/1980","PADOVA"
"VENETO 2","VENETO 2 - P02","MOVIMENTO 5 STELLE","SONIA PERENZONI","12/12/1975","TRENTO"
"VENETO 2","VENETO 2 - P02","MOVIMENTO 5 STELLE","GEDOREM ANDREATTA","25/07/1979","MAROSTICA (VI)"
"VENETO 2","VENETO 2 - P02","MOVIMENTO 5 STELLE","ALESSIA GAMBA","30/07/1977","THIENE (VI)"
"VENETO 2","VENETO 2 - P02","MOVIMENTO 5 STELLE","GIACOMO BORTOLAN","20/12/1982","MODENA"
"VENETO 2","VENETO 2 - P02"," +EUROPA","BENEDETTO DELLA VEDOVA","03/04/1962","SONDRIO"
"VENETO 2","VENETO 2 - P02"," +EUROPA","MANUELA ZAMBRANO","03/04/1977","SALERNO"
"VENETO 2","VENETO 2 - P02"," +EUROPA","LUCIANO FABRIS","29/08/1960","BASSANO DEL GRAPPA (VI)"
"VENETO 2","VENETO 2 - P02"," +EUROPA","ANNA-LISA NALIN","03/09/1965","VERONA"
"VENETO 2","VENETO 2 - P02","PARTITO DEMOCRATICO - ITALIA DEMOCRATICA E PROGRESSISTA","ENRICO LETTA","20/08/1966","PISA"
"VENETO 2","VENETO 2 - P02","PARTITO DEMOCRATICO - ITALIA DEMOCRATICA E PROGRESSISTA","ROSANNA FILIPPIN","08/02/1962","BASSANO DEL GRAPPA (VI)"
"VENETO 2","VENETO 2 - P02","PARTITO DEMOCRATICO - ITALIA DEMOCRATICA E PROGRESSISTA","ENRICO MASTROTTO","17/08/1980","VICENZA"
"VENETO 2","VENETO 2 - P02","PARTITO DEMOCRATICO - ITALIA DEMOCRATICA E PROGRESSISTA","ESTER PERUFFO","18/08/1992","VALDAGNO (VI)"
"VENETO 2","VENETO 2 - P02","IMPEGNO CIVICO LUIGI DI MAIO - CENTRO DEMOCRATICO","ALESSIO ANGELUCCI","12/03/1985","RIETI"
"VENETO 2","VENETO 2 - P02","IMPEGNO CIVICO LUIGI DI MAIO - CENTRO DEMOCRATICO","TIZIANA SESTI","15/04/1961","VARESE"
"VENETO 2","VENETO 2 - P02","IMPEGNO CIVICO LUIGI DI MAIO - CENTRO DEMOCRATICO","SAVERIO BOGGI","27/09/1965","MONZA "
"VENETO 2","VENETO 2 - P02","IMPEGNO CIVICO LUIGI DI MAIO - CENTRO DEMOCRATICO","RAFFAELLA CUOMO","16/09/1962","ROMA"
"VENETO 2","VENETO 2 - P02","ALLEANZA VERDI E SINISTRA","LUANA ZANELLA","04/10/1950","VENEZIA"
"VENETO 2","VENETO 2 - P02","ALLEANZA VERDI E SINISTRA","ALEJANDRO JESUS SEDA TORRES","05/05/1982","VICENZA"
"VENETO 2","VENETO 2 - P02","ALLEANZA VERDI E SINISTRA","CRISTINA GUARDA","03/03/1990","COLOGNA VENETA (VR)"
"VENETO 2","VENETO 2 - P02","ALLEANZA VERDI E SINISTRA","JHON CAILOTTO","27/10/1974","VICENZA"
"VENETO 2","VENETO 2 - P02","AZIONE - ITALIA VIVA - CALENDA","ELENA BONETTI","12/04/1974","ASOLA (MN)"
"VENETO 2","VENETO 2 - P02","AZIONE - ITALIA VIVA - CALENDA","GABRIELE TOCCAFONDI","15/04/1972","FIRENZE"
"VENETO 2","VENETO 2 - P02","AZIONE - ITALIA VIVA - CALENDA","MARICA DALLA VALLE","10/03/1963","MAROSTICA (VI)"
"VENETO 2","VENETO 2 - P02","AZIONE - ITALIA VIVA - CALENDA","SIMEONE SPEROTTO","24/04/1972","THIENE (VI)"
"VENETO 2","VENETO 2 - P02","UNIONE POPOLARE CON DE MAGISTRIS","SIMONE MANIGLIO","17/11/1991","CALTANISSETTA"
"VENETO 2","VENETO 2 - P02","UNIONE POPOLARE CON DE MAGISTRIS","INESSA BALDIN","26/06/1989","CHIOGGIA (VE)"
"VENETO 2","VENETO 2 - P02","UNIONE POPOLARE CON DE MAGISTRIS","FRANCESCO CAMMELLI","01/03/1996","SCHIO (VI)"
"VENETO 2","VENETO 2 - P02","UNIONE POPOLARE CON DE MAGISTRIS","SILVIA STOCCHETTI","11/01/1970","ARZIGNANO (VI)"
"VENETO 2","VENETO 2 - P02","ITALIA SOVRANA E POPOLARE","BIANCA LAURA GRANATO","31/08/1970","CATANZARO"
"VENETO 2","VENETO 2 - P02","ITALIA SOVRANA E POPOLARE","MARIO GALLO","08/02/1980","NAPOLI"
"VENETO 2","VENETO 2 - P02","ITALIA SOVRANA E POPOLARE","LUCIA MARTA NARDO","03/03/1951","ALBIGNASEGO (PD)"
"VENETO 2","VENETO 2 - P02","ITALIA SOVRANA E POPOLARE","ADRIANO LONGO","05/06/1972","MONTECCHIO MAGGIORE (VI)"
"VENETO 2","VENETO 2 - P02","ITALEXIT PER L'ITALIA","FRANCESCO AMODEO","11/06/1977","NAPOLI"
"VENETO 2","VENETO 2 - P02","ITALEXIT PER L'ITALIA","ILARIA BRUNELLI","24/11/1978","BASSANO DEL GRAPPA (VI)"
"VENETO 2","VENETO 2 - P02","ITALEXIT PER L'ITALIA","NICOLA STECCANELLA","07/05/1972","ARZIGNANO (VI)"
"VENETO 2","VENETO 2 - P02","ITALEXIT PER L'ITALIA","MARIA LISA BALLARIN","26/12/1976","VICENZA"
"VENETO 2","VENETO 2 - P02","VITA","SARA CUNIAL","08/07/1979","ROMA (RM)"
"VENETO 2","VENETO 2 - P02","VITA","BORIS VENTURA","29/10/1972","BASSANO DEL GRAPPA (VI)"
"VENETO 2","VENETO 2 - P02","VITA","MICHELA CATTOZZO","19/04/1967","PADOVA"
"VENETO 2","VENETO 2 - P02","VITA","GIULIO QUADRI","06/02/1967","VICENZA"
"VENETO 2","VENETO 2 - P02","LEGA PER SALVINI PREMIER","ERIK UMBERTO PRETTO","24/12/1984","SCHIO (VI)"
"VENETO 2","VENETO 2 - P02","LEGA PER SALVINI PREMIER","INGRID BISA","10/01/1978","ASOLO (TV)"
"VENETO 2","VENETO 2 - P02","LEGA PER SALVINI PREMIER","GIUSEPPE CASTAMAN","20/09/1957","MONTORSO VICENTINO (VI)"
"VENETO 2","VENETO 2 - P02","LEGA PER SALVINI PREMIER","SILVIA COVOLO","11/10/1981","MAROSTICA (VI)"
"VENETO 2","VENETO 2 - P02","FORZA ITALIA","ROSSELLA OLIVO","03/12/1964","BASSANO DEL GRAPPA  (VI)"
"VENETO 2","VENETO 2 - P02","FORZA ITALIA","GILBERTO TREVISAN","21/09/1956","BASSANO DEL GRAPPA (VI)"
"VENETO 2","VENETO 2 - P02","FORZA ITALIA","CHIARA FANTON VEROLA","18/09/1979","RIMINI"
"VENETO 2","VENETO 2 - P02","FORZA ITALIA","FLAVIO TOSI","18/06/1969","VERONA"
"VENETO 2","VENETO 2 - P02","NOI MODERATI/LUPI - TOTI - BRUGNARO - UDC","PIERPAOLO LONGO","18/07/1983","BASSANO DEL GRAPPA (VI)"
"VENETO 2","VENETO 2 - P02","NOI MODERATI/LUPI - TOTI - BRUGNARO - UDC","LUCIANA ZACCARIA","24/01/1964","VICENZA"
"VENETO 2","VENETO 2 - P02","NOI MODERATI/LUPI - TOTI - BRUGNARO - UDC","STEFANO LAIN","18/11/1968","GRISIGNANO DI ZOCCO (VI)"
"VENETO 2","VENETO 2 - P02","NOI MODERATI/LUPI - TOTI - BRUGNARO - UDC","TIZIANA PICCOLO","07/06/1956","VALDOBBIADENE (TV)"
"VENETO 2","VENETO 2 - P02","FRATELLI D'ITALIA CON GIORGIA MELONI","MARIA CRISTINA CARETTA","11/01/1964","THIENE (VI)"
"VENETO 2","VENETO 2 - P02","FRATELLI D'ITALIA CON GIORGIA MELONI","ALESSANDRO URZI'","07/05/1966","BOLZANO"
"VENETO 2","VENETO 2 - P02","FRATELLI D'ITALIA CON GIORGIA MELONI","ELISABETTA GARDINI","03/06/1956","PADOVA"
"VENETO 2","VENETO 2 - P02","FRATELLI D'ITALIA CON GIORGIA MELONI","MATTIA IERARDI","10/02/1980","VICENZA"
"VENETO 2","VENETO 2 - P03","MOVIMENTO 5 STELLE","ANTONIETTA BENEDETTI","12/03/1965","BUSSOLENGO (VR)"
"VENETO 2","VENETO 2 - P03","MOVIMENTO 5 STELLE","DANIELE NOTTEGAR","09/01/1964","VERONA"
"VENETO 2","VENETO 2 - P03","MOVIMENTO 5 STELLE","ANCA MIHAELA PASARE","10/07/1974","CRAIOVA  (ROMANIA)"
"VENETO 2","VENETO 2 - P03","MOVIMENTO 5 STELLE","FRANCESCO VACCARO","11/03/1981","FORMIA (LT)"
"VENETO 2","VENETO 2 - P03"," +EUROPA","ANNA-LISA NALIN","03/09/1965","VERONA"
"VENETO 2","VENETO 2 - P03"," +EUROPA","LORENZO DALAI","14/10/1952","VERONA"
"VENETO 2","VENETO 2 - P03"," +EUROPA","MARINA SORINA","30/12/1973","KARKIV  (UCRAINA)"
"VENETO 2","VENETO 2 - P03"," +EUROPA","ENRICO MIGLIACCIO","17/08/1979","VILLAFRANCA DI VERONA (VR)"
"VENETO 2","VENETO 2 - P03","PARTITO DEMOCRATICO - ITALIA DEMOCRATICA E PROGRESSISTA","ALESSIA ROTTA","12/09/1975","TREGNAGO (VR)"
"VENETO 2","VENETO 2 - P03","PARTITO DEMOCRATICO - ITALIA DEMOCRATICA E PROGRESSISTA","DIEGO ZARDINI","03/08/1978","VERONA"
"VENETO 2","VENETO 2 - P03","PARTITO DEMOCRATICO - ITALIA DEMOCRATICA E PROGRESSISTA","BARBARA FERRO","17/08/1967","VERONA"
"VENETO 2","VENETO 2 - P03","PARTITO DEMOCRATICO - ITALIA DEMOCRATICA E PROGRESSISTA","GIUSEPPE MAZZA","04/07/1960","TREVISO"
"VENETO 2","VENETO 2 - P03","IMPEGNO CIVICO LUIGI DI MAIO - CENTRO DEMOCRATICO","MATTIA FANTINATI","12/04/1975","NOGARA (VR)"
"VENETO 2","VENETO 2 - P03","IMPEGNO CIVICO LUIGI DI MAIO - CENTRO DEMOCRATICO","MARTA GRANDE","22/11/1987","CIVITAVECCHIA (RM)"
"VENETO 2","VENETO 2 - P03","IMPEGNO CIVICO LUIGI DI MAIO - CENTRO DEMOCRATICO","SAVERIO BOGGI","27/09/1965","MONZA "
"VENETO 2","VENETO 2 - P03","IMPEGNO CIVICO LUIGI DI MAIO - CENTRO DEMOCRATICO","RAFFAELLA CUOMO","16/09/1962","ROMA"
"VENETO 2","VENETO 2 - P03","ALLEANZA VERDI E SINISTRA","LUANA ZANELLA","04/10/1950","VENEZIA"
"VENETO 2","VENETO 2 - P03","ALLEANZA VERDI E SINISTRA","FABIO SALANDINI","17/11/1968","PESCHIERA DEL GARDA (VR)"
"VENETO 2","VENETO 2 - P03","ALLEANZA VERDI E SINISTRA","ROSA MANCUSO","24/12/1974","COSENZA"
"VENETO 2","VENETO 2 - P03","ALLEANZA VERDI E SINISTRA","FEDERICO GUARELLI","06/12/1993","MILANO"
"VENETO 2","VENETO 2 - P03","AZIONE - ITALIA VIVA - CALENDA","ELENA BONETTI","12/04/1974","ASOLA (MN)"
"VENETO 2","VENETO 2 - P03","AZIONE - ITALIA VIVA - CALENDA","DAVIDE BENDINELLI","19/10/1974","CAPRINO VERONESE (VR)"
"VENETO 2","VENETO 2 - P03","AZIONE - ITALIA VIVA - CALENDA","MARIAFRANCESCA SALZANI","28/06/1971","NEGRAR (VR)"
"VENETO 2","VENETO 2 - P03","AZIONE - ITALIA VIVA - CALENDA","STEFANO CESARI","10/11/1954","VERONA"
"VENETO 2","VENETO 2 - P03","UNIONE POPOLARE CON DE MAGISTRIS","ANGELA MANGANOTTI DETTA KATIA","24/12/1953","VERONA"
"VENETO 2","VENETO 2 - P03","UNIONE POPOLARE CON DE MAGISTRIS","ORESTE VERONESI","18/12/1991","BUSSOLENGO (VR)"
"VENETO 2","VENETO 2 - P03","UNIONE POPOLARE CON DE MAGISTRIS","ELISABETTA MURARO DETTA BETTY","25/12/1967","VERONA"
"VENETO 2","VENETO 2 - P03","UNIONE POPOLARE CON DE MAGISTRIS","NICOLA ZAMBONI","18/09/1990","VERONA"
"VENETO 2","VENETO 2 - P03","ITALIA SOVRANA E POPOLARE","GIOVANNA CORICCIATI","23/02/1967","MARTANO (LE)"
"VENETO 2","VENETO 2 - P03","ITALIA SOVRANA E POPOLARE","DAVIDE VISIGALLI","18/01/1980","MILANO"
"VENETO 2","VENETO 2 - P03","ITALIA SOVRANA E POPOLARE","LUCIA MARTA NARDO","03/03/1951","ALBIGNASEGO (PD)"
"VENETO 2","VENETO 2 - P03","ITALIA SOVRANA E POPOLARE","DANIELE BUTTURINI","07/07/1976","NEGRAR (VR)"
"VENETO 2","VENETO 2 - P03","ITALEXIT PER L'ITALIA","ANDREA DONAGGIO","14/11/1974","TRIESTE"
"VENETO 2","VENETO 2 - P03","ITALEXIT PER L'ITALIA","LINA MANUALI","24/03/1969","SAN SEVERO (FG)"
"VENETO 2","VENETO 2 - P03","ITALEXIT PER L'ITALIA","SIMONE BRIZZI","04/01/1990","BUSSOLENGO (VR)"
"VENETO 2","VENETO 2 - P03","ITALEXIT PER L'ITALIA","CRISTINA RIZZI","05/02/1966","PAVIA"
"VENETO 2","VENETO 2 - P03","VITA","RENATE HOLZEISEN","10/09/1966","BOLZANO"
"VENETO 2","VENETO 2 - P03","VITA","DOMENICO D'AMICO","24/05/1974","ROMA"
"VENETO 2","VENETO 2 - P03","LEGA PER SALVINI PREMIER","LORENZO FONTANA","10/04/1980","VERONA"
"VENETO 2","VENETO 2 - P03","LEGA PER SALVINI PREMIER","LARA FADINI","12/10/1969","NOGARA (VR)"
"VENETO 2","VENETO 2 - P03","LEGA PER SALVINI PREMIER","ROBERTO TURRI","14/02/1974","SAN BONIFACIO (VR)"
"VENETO 2","VENETO 2 - P03","LEGA PER SALVINI PREMIER","VANIA VALBUSA","12/11/1986","VILLAFRANCA DI VERONA (VR)"
"VENETO 2","VENETO 2 - P03","FORZA ITALIA","FLAVIO TOSI","18/06/1969","VERONA"
"VENETO 2","VENETO 2 - P03","FORZA ITALIA","MARIA PAOLA BOSCAINI","22/09/1954","BUSSOLENGO (VR)"
"VENETO 2","VENETO 2 - P03","FORZA ITALIA","MATTEO DESTRI","06/11/1990","NEGRAR (VR)"
"VENETO 2","VENETO 2 - P03","FORZA ITALIA","NADIA MASCHI","24/06/1956","VERONA"
"VENETO 2","VENETO 2 - P03","NOI MODERATI/LUPI - TOTI - BRUGNARO - UDC","MARTINA SEMENZATO","09/07/1973","SPINEA (VE)"
"VENETO 2","VENETO 2 - P03","NOI MODERATI/LUPI - TOTI - BRUGNARO - UDC","GIULIANO OCCHIPINTI","17/01/1976","RAGUSA"
"VENETO 2","VENETO 2 - P03","NOI MODERATI/LUPI - TOTI - BRUGNARO - UDC","CRISTIANA EMANUELA MORGANTI","09/04/1966","MILANO"
"VENETO 2","VENETO 2 - P03","NOI MODERATI/LUPI - TOTI - BRUGNARO - UDC","MATTIA GALBERO","25/01/1975","BOVOLONE (VR)"
"VENETO 2","VENETO 2 - P03","FRATELLI D'ITALIA CON GIORGIA MELONI","CIRO MASCHIO","23/07/1971","NEGRAR (VR)"
"VENETO 2","VENETO 2 - P03","FRATELLI D'ITALIA CON GIORGIA MELONI","MADDALENA MORGANTE","14/06/1981","VERONA"
"VENETO 2","VENETO 2 - P03","FRATELLI D'ITALIA CON GIORGIA MELONI","MARCO PADOVANI","25/03/1959","VERONA"
"VENETO 2","VENETO 2 - P03","FRATELLI D'ITALIA CON GIORGIA MELONI","MARIA CRISTINA SANDRIN","29/10/1960","PIAZZOLA SUL BRENTA (PD)"
"FRIULI-VENEZIA GIULIA","FRIULI-VENEZIA GIULIA - P01","AZIONE - ITALIA VIVA - CALENDA","ETTORE ROSATO","28/07/1968","TRIESTE"
"FRIULI-VENEZIA GIULIA","FRIULI-VENEZIA GIULIA - P01","AZIONE - ITALIA VIVA - CALENDA","ISABELLA DE MONTE","23/06/1971","UDINE"
"FRIULI-VENEZIA GIULIA","FRIULI-VENEZIA GIULIA - P01","AZIONE - ITALIA VIVA - CALENDA","GIOVANNI FANIA","06/05/1955","SAN NICANDRO GARGANICO"
"FRIULI-VENEZIA GIULIA","FRIULI-VENEZIA GIULIA - P01","AZIONE - ITALIA VIVA - CALENDA","ANTONELLA PASCHETTO","10/02/1972","AVIANO"
"FRIULI-VENEZIA GIULIA","FRIULI-VENEZIA GIULIA - P01","ITALEXIT PER L'ITALIA","RAFFAELLA REGOLI","21/01/1970","BENEVENTO"
"FRIULI-VENEZIA GIULIA","FRIULI-VENEZIA GIULIA - P01","ITALEXIT PER L'ITALIA","FRANCO ZONTA","02/06/1954","TRIESTE"
"FRIULI-VENEZIA GIULIA","FRIULI-VENEZIA GIULIA - P01","ITALEXIT PER L'ITALIA","MONICA FABRIS","29/07/1972","TRIESTE"
"FRIULI-VENEZIA GIULIA","FRIULI-VENEZIA GIULIA - P01","ITALEXIT PER L'ITALIA","FABIO MAURUTTO","28/03/1980","LATISANA "
"FRIULI-VENEZIA GIULIA","FRIULI-VENEZIA GIULIA - P01","MOVIMENTO 5 STELLE","LUCA SUT","15/04/1982","PORDENONE"
"FRIULI-VENEZIA GIULIA","FRIULI-VENEZIA GIULIA - P01","MOVIMENTO 5 STELLE","ILARY SLATICH","13/03/1986","TRIESTE"
"FRIULI-VENEZIA GIULIA","FRIULI-VENEZIA GIULIA - P01","MOVIMENTO 5 STELLE","MARCO CASTENETTO","17/04/1980","UDINE"
"FRIULI-VENEZIA GIULIA","FRIULI-VENEZIA GIULIA - P01","MOVIMENTO 5 STELLE","MARA BELINDA MARIA TURANI","18/07/1964","MILANO"
"FRIULI-VENEZIA GIULIA","FRIULI-VENEZIA GIULIA - P01","MASTELLA NOI DI CENTRO EUROPEISTI","ELISABETTA ROMEO","22/01/1975","UDINE"
"FRIULI-VENEZIA GIULIA","FRIULI-VENEZIA GIULIA - P01","MASTELLA NOI DI CENTRO EUROPEISTI","PAOLO CORRADO","28/07/1977","LATISANA (UD) "
"FRIULI-VENEZIA GIULIA","FRIULI-VENEZIA GIULIA - P01","MASTELLA NOI DI CENTRO EUROPEISTI","CINZIA BRAULINESE","05/08/1976","UDINE"
"FRIULI-VENEZIA GIULIA","FRIULI-VENEZIA GIULIA - P01","MASTELLA NOI DI CENTRO EUROPEISTI","ANGELO SANDRI","31/01/1954","PALMANOVA "
"FRIULI-VENEZIA GIULIA","FRIULI-VENEZIA GIULIA - P01","FORZA ITALIA","SANDRA SAVINO","07/02/1960","TRIESTE"
"FRIULI-VENEZIA GIULIA","FRIULI-VENEZIA GIULIA - P01","FORZA ITALIA","ROBERTO NOVELLI","25/02/1962","UDINE"
"FRIULI-VENEZIA GIULIA","FRIULI-VENEZIA GIULIA - P01","FORZA ITALIA","ANNA BIDOLI","12/04/1973","UDINE"
"FRIULI-VENEZIA GIULIA","FRIULI-VENEZIA GIULIA - P01","FORZA ITALIA","FABIO GENTILE","10/08/1969","GORIZIA"
"FRIULI-VENEZIA GIULIA","FRIULI-VENEZIA GIULIA - P01","NOI MODERATI/LUPI - TOTI - BRUGNARO - UDC","MAURIZIO ENZO LUPI","03/10/1959","MILANO"
"FRIULI-VENEZIA GIULIA","FRIULI-VENEZIA GIULIA - P01","NOI MODERATI/LUPI - TOTI - BRUGNARO - UDC","GIULIA MANZAN","14/03/1985","PALMANOVA"
"FRIULI-VENEZIA GIULIA","FRIULI-VENEZIA GIULIA - P01","NOI MODERATI/LUPI - TOTI - BRUGNARO - UDC","GIANNI SARTOR","13/01/1962","AVIANO "
"FRIULI-VENEZIA GIULIA","FRIULI-VENEZIA GIULIA - P01","NOI MODERATI/LUPI - TOTI - BRUGNARO - UDC","CLELIA CAO","02/09/1951","CANEVA "
"FRIULI-VENEZIA GIULIA","FRIULI-VENEZIA GIULIA - P01","FRATELLI D'ITALIA CON GIORGIA MELONI","NICOLE MATTEONI","24/12/1987","TRIESTE"
"FRIULI-VENEZIA GIULIA","FRIULI-VENEZIA GIULIA - P01","FRATELLI D'ITALIA CON GIORGIA MELONI","EMANUELE LOPERFIDO","04/11/1975","PORDENONE"
"FRIULI-VENEZIA GIULIA","FRIULI-VENEZIA GIULIA - P01","FRATELLI D'ITALIA CON GIORGIA MELONI","MARIKA DIMINUTTO","03/02/1985","LATISANA"
"FRIULI-VENEZIA GIULIA","FRIULI-VENEZIA GIULIA - P01","FRATELLI D'ITALIA CON GIORGIA MELONI","ANTONIO GARRITANI","13/09/1957","MESSINA"
"FRIULI-VENEZIA GIULIA","FRIULI-VENEZIA GIULIA - P01","LEGA PER SALVINI PREMIER","VANNIA GAVA","30/06/1974","SACILE (PN)"
"FRIULI-VENEZIA GIULIA","FRIULI-VENEZIA GIULIA - P01","LEGA PER SALVINI PREMIER","GRAZIANO PIZZIMENTI","07/05/1961","UDINE"
"FRIULI-VENEZIA GIULIA","FRIULI-VENEZIA GIULIA - P01","LEGA PER SALVINI PREMIER","AURELIA BUBISUTTI","24/03/1951","TOLMEZZO "
"FRIULI-VENEZIA GIULIA","FRIULI-VENEZIA GIULIA - P01","LEGA PER SALVINI PREMIER","DIEGO BERNARDIS","02/12/1972","CIVIDALE DEL FRIULI "
"FRIULI-VENEZIA GIULIA","FRIULI-VENEZIA GIULIA - P01","ALTERNATIVA PER L'ITALIA - NO GREEN PASS","GLORIA CALLARELLI","17/10/1984","VITTORIO VENETO"
"FRIULI-VENEZIA GIULIA","FRIULI-VENEZIA GIULIA - P01","ALTERNATIVA PER L'ITALIA - NO GREEN PASS","ANDREA SPONZA","22/03/1997","TRIESTE"
"FRIULI-VENEZIA GIULIA","FRIULI-VENEZIA GIULIA - P01","ALTERNATIVA PER L'ITALIA - NO GREEN PASS","MARIA AMBROSI","19/01/1951","MONFALCONE (GO)"
"FRIULI-VENEZIA GIULIA","FRIULI-VENEZIA GIULIA - P01","ALTERNATIVA PER L'ITALIA - NO GREEN PASS","VLADIMIRO CAMPELLO","03/02/1966","DOLO "
"FRIULI-VENEZIA GIULIA","FRIULI-VENEZIA GIULIA - P01","VITA","UGO ROSSI","26/01/1991","PALMANOVA"
"FRIULI-VENEZIA GIULIA","FRIULI-VENEZIA GIULIA - P01","VITA","AMBRA FEDRIGO","14/07/1977","CIVIDALE DEL FRIULI"
"FRIULI-VENEZIA GIULIA","FRIULI-VENEZIA GIULIA - P01","VITA","MARCELLO DI FINIZIO","16/09/1965","NAPOLI"
"FRIULI-VENEZIA GIULIA","FRIULI-VENEZIA GIULIA - P01","VITA","KATIA TEDESCHI","07/09/1983","PALMANOVA"
"FRIULI-VENEZIA GIULIA","FRIULI-VENEZIA GIULIA - P01","ITALIA SOVRANA E POPOLARE","PAMELA VOLPI","10/06/1974","TRIESTE"
"FRIULI-VENEZIA GIULIA","FRIULI-VENEZIA GIULIA - P01","ITALIA SOVRANA E POPOLARE","MANUEL MARCONCINI","01/03/1995","TRIESTE"
"FRIULI-VENEZIA GIULIA","FRIULI-VENEZIA GIULIA - P01","ITALIA SOVRANA E POPOLARE","LUCIA GIORDANI","22/01/1963","UDINE"
"FRIULI-VENEZIA GIULIA","FRIULI-VENEZIA GIULIA - P01","ITALIA SOVRANA E POPOLARE","MARIO SOMMELLA","21/10/1962","REGGIO CALABRIA"
"FRIULI-VENEZIA GIULIA","FRIULI-VENEZIA GIULIA - P01","UNIONE POPOLARE CON DE MAGISTRIS","ANNA MANFREDI","03/06/1962","UDINE"
"FRIULI-VENEZIA GIULIA","FRIULI-VENEZIA GIULIA - P01","UNIONE POPOLARE CON DE MAGISTRIS","GORAN ?UK","16/09/1978","TRIESTE"
"FRIULI-VENEZIA GIULIA","FRIULI-VENEZIA GIULIA - P01","UNIONE POPOLARE CON DE MAGISTRIS","YANA CHIARA EHM","19/06/1990","GUSTERATH (GERMANIA)"
"FRIULI-VENEZIA GIULIA","FRIULI-VENEZIA GIULIA - P01","UNIONE POPOLARE CON DE MAGISTRIS","CARLO BOSISIO","08/01/1981","PISA"
"FRIULI-VENEZIA GIULIA","FRIULI-VENEZIA GIULIA - P01","IMPEGNO CIVICO LUIGI DI MAIO - CENTRO DEMOCRATICO","EMILIANA MORGANTE","20/05/1971","ROMA"
"FRIULI-VENEZIA GIULIA","FRIULI-VENEZIA GIULIA - P01","IMPEGNO CIVICO LUIGI DI MAIO - CENTRO DEMOCRATICO","MARCO RICUCCI","19/07/1977","MILANO"
"FRIULI-VENEZIA GIULIA","FRIULI-VENEZIA GIULIA - P01","IMPEGNO CIVICO LUIGI DI MAIO - CENTRO DEMOCRATICO","SIMONA DI BLASI","25/09/1977","VALLO DELLA LUCANIA (SA)"
"FRIULI-VENEZIA GIULIA","FRIULI-VENEZIA GIULIA - P01","IMPEGNO CIVICO LUIGI DI MAIO - CENTRO DEMOCRATICO","FRANCESCO ABBATE","16/08/1968","POZZUOLI (NA)"
"FRIULI-VENEZIA GIULIA","FRIULI-VENEZIA GIULIA - P01","PARTITO DEMOCRATICO - ITALIA DEMOCRATICA E PROGRESSISTA","DEBORA SERRACCHIANI","10/11/1970","ROMA"
"FRIULI-VENEZIA GIULIA","FRIULI-VENEZIA GIULIA - P01","PARTITO DEMOCRATICO - ITALIA DEMOCRATICA E PROGRESSISTA","CRISTIANO SHAURLI","30/10/1972","UDINE"
"FRIULI-VENEZIA GIULIA","FRIULI-VENEZIA GIULIA - P01","PARTITO DEMOCRATICO - ITALIA DEMOCRATICA E PROGRESSISTA","SERENA  ANGELA FRANCOVIG","26/10/1981","MONFALCONE"
"FRIULI-VENEZIA GIULIA","FRIULI-VENEZIA GIULIA - P01","PARTITO DEMOCRATICO - ITALIA DEMOCRATICA E PROGRESSISTA","FAUSTO TOMASELLO","19/11/1967","PORDENONE"
"FRIULI-VENEZIA GIULIA","FRIULI-VENEZIA GIULIA - P01","ALLEANZA VERDI E SINISTRA","SERENA PELLEGRINO","11/11/1966","LECCE"
"FRIULI-VENEZIA GIULIA","FRIULI-VENEZIA GIULIA - P01","ALLEANZA VERDI E SINISTRA","DANIELE ANDRIAN","20/11/1991","PALMANOVA "
"FRIULI-VENEZIA GIULIA","FRIULI-VENEZIA GIULIA - P01","ALLEANZA VERDI E SINISTRA","ROBERTA DE SIMONE","18/08/1984","CASTELLANA GROTTE"
"FRIULI-VENEZIA GIULIA","FRIULI-VENEZIA GIULIA - P01","ALLEANZA VERDI E SINISTRA","SEBASTIANO BADIN","08/10/1992","SAN VITO AL TAGLIAMENTO "
"FRIULI-VENEZIA GIULIA","FRIULI-VENEZIA GIULIA - P01"," +EUROPA","MONICA BALBINOT","28/12/1968","VITTORIO VENETO "
"FRIULI-VENEZIA GIULIA","FRIULI-VENEZIA GIULIA - P01"," +EUROPA","FABRIZIO MANGANELLI","28/12/1960","TRIESTE"
"FRIULI-VENEZIA GIULIA","FRIULI-VENEZIA GIULIA - P01"," +EUROPA","MANUELA ZAMBRANO","03/04/1977","SALERNO"
"FRIULI-VENEZIA GIULIA","FRIULI-VENEZIA GIULIA - P01"," +EUROPA","DIEGO ZANETTE","01/12/1974","VITTORIO VENETO "
"LIGURIA","LIGURIA - P01","UNIONE POPOLARE CON DE MAGISTRIS","MASSIMO LOMBARDI","12/09/1968","LA SPEZIA"
"LIGURIA","LIGURIA - P01","UNIONE POPOLARE CON DE MAGISTRIS","LAURA COMOLLO","15/01/1963","TORINO"
"LIGURIA","LIGURIA - P01","UNIONE POPOLARE CON DE MAGISTRIS","STEFANO PICARDI","01/03/1989","NAPOLI"
"LIGURIA","LIGURIA - P01","UNIONE POPOLARE CON DE MAGISTRIS","PIERA BARBERIS","03/08/1949","CAMERANA (CN)"
"LIGURIA","LIGURIA - P01","ITALEXIT PER L'ITALIA","RAFFAELLA REGOLI","21/01/1970","BENEVENTO"
"LIGURIA","LIGURIA - P01","ITALEXIT PER L'ITALIA","FABIO MONTORRO","24/02/1985","ACQUI TERME (AL)"
"LIGURIA","LIGURIA - P01","ITALEXIT PER L'ITALIA","SHEILA DI CARLUCCIO","06/09/1971","GENOVA"
"LIGURIA","LIGURIA - P01","ITALEXIT PER L'ITALIA","MARCO MARTINI","19/05/1981","GENOVA"
"LIGURIA","LIGURIA - P01"," +EUROPA","MAURO GRADI","20/12/1964","IMPERIA"
"LIGURIA","LIGURIA - P01"," +EUROPA","CRISTINA BICCERI","15/01/1978","SAVONA"
"LIGURIA","LIGURIA - P01"," +EUROPA","MARIO IAVICOLI","13/06/1954","GENOVA"
"LIGURIA","LIGURIA - P01"," +EUROPA","ISABELLA PIRO","09/07/1959","ROMA"
"LIGURIA","LIGURIA - P01","ALLEANZA VERDI E SINISTRA","STEFANO QUARANTA","14/09/1971","MILANO"
"LIGURIA","LIGURIA - P01","ALLEANZA VERDI E SINISTRA","SIMONA SIMONETTI","05/11/1961","FINALE LIGURE (SV)"
"LIGURIA","LIGURIA - P01","ALLEANZA VERDI E SINISTRA","MARCO CHIRIACO","14/09/1963","SAVONA"
"LIGURIA","LIGURIA - P01","ALLEANZA VERDI E SINISTRA","VALENTINA LOGLI","11/10/1993","CARRARA (MS)"
"LIGURIA","LIGURIA - P01","IMPEGNO CIVICO LUIGI DI MAIO - CENTRO DEMOCRATICO","SERGIO BATTELLI","07/10/1982","GENOVA (GE)"
"LIGURIA","LIGURIA - P01","IMPEGNO CIVICO LUIGI DI MAIO - CENTRO DEMOCRATICO","ILENIA PORRO","11/06/1980","SAVONA"
"LIGURIA","LIGURIA - P01","IMPEGNO CIVICO LUIGI DI MAIO - CENTRO DEMOCRATICO","MARCO RICUCCI","19/07/1977","MILANO"
"LIGURIA","LIGURIA - P01","IMPEGNO CIVICO LUIGI DI MAIO - CENTRO DEMOCRATICO","TIZIANA SESTI","15/04/1961","VARESE"
"LIGURIA","LIGURIA - P01","PARTITO DEMOCRATICO - ITALIA DEMOCRATICA E PROGRESSISTA","ANDREA ORLANDO","08/02/1969","LA SPEZIA"
"LIGURIA","LIGURIA - P01","PARTITO DEMOCRATICO - ITALIA DEMOCRATICA E PROGRESSISTA","VALENTINA GHIO","05/05/1971","SESTRI LEVANTE (GE)"
"LIGURIA","LIGURIA - P01","PARTITO DEMOCRATICO - ITALIA DEMOCRATICA E PROGRESSISTA","ALBERTO PANDOLFO","29/11/1985","GENOVA"
"LIGURIA","LIGURIA - P01","PARTITO DEMOCRATICO - ITALIA DEMOCRATICA E PROGRESSISTA","AURORA LESSI","24/05/1995","ALBENGA (SV)"
"LIGURIA","LIGURIA - P01","ITALIA SOVRANA E POPOLARE","SILVIA STEFANI","21/07/1963","GENOVA"
"LIGURIA","LIGURIA - P01","ITALIA SOVRANA E POPOLARE","DAVIDE VISIGALLI","18/01/1980","MILANO"
"LIGURIA","LIGURIA - P01","ITALIA SOVRANA E POPOLARE","FIORELLA AMORUSO","02/11/1961","POSTIGLIONE (SA)"
"LIGURIA","LIGURIA - P01","ITALIA SOVRANA E POPOLARE","NICOLA RANNO","02/03/1979","GENOVA"
"LIGURIA","LIGURIA - P01","MOVIMENTO 5 STELLE","ROBERTO TRAVERSI","01/12/1969","MILANO"
"LIGURIA","LIGURIA - P01","MOVIMENTO 5 STELLE","FEDERICA GIORGI","15/11/1970","LA SPEZIA"
"LIGURIA","LIGURIA - P01","MOVIMENTO 5 STELLE","ALESSANDRO CANCELLIERI","14/11/1967","GENOVA"
"LIGURIA","LIGURIA - P01","MOVIMENTO 5 STELLE","LAURA RISSO","15/09/1976","GENOVA"
"LIGURIA","LIGURIA - P01","VITA","LUANA CIAMBELLINI","04/05/1981","GENOVA"
"LIGURIA","LIGURIA - P01","VITA","ROBERTO FERRARA","22/10/1965","MONTEROTONDO (RM)"
"LIGURIA","LIGURIA - P01","VITA","LUCIA CANEPA","09/05/1966","GENOVA"
"LIGURIA","LIGURIA - P01","VITA","LUCA DE PASQUALE","24/11/1977","MILANO"
"LIGURIA","LIGURIA - P01","AZIONE - ITALIA VIVA - CALENDA","COSIMO MARIA FERRI","17/04/1971","PONTREMOLI (MS)"
"LIGURIA","LIGURIA - P01","AZIONE - ITALIA VIVA - CALENDA","DESIREE NEGRI","20/06/1967","SANREMO (IM)"
"LIGURIA","LIGURIA - P01","AZIONE - ITALIA VIVA - CALENDA","MAURO AVVENENTE","30/06/1956","GENOVA"
"LIGURIA","LIGURIA - P01","AZIONE - ITALIA VIVA - CALENDA","CHIARA COPELLO","14/07/1993","CHIAVARI (GE)"
"LIGURIA","LIGURIA - P01","LEGA PER SALVINI PREMIER","FRANCESCO BRUZZONE","23/05/1962","GENOVA"
"LIGURIA","LIGURIA - P01","LEGA PER SALVINI PREMIER","LAURA RAVETTO","25/01/1971","CUNEO"
"LIGURIA","LIGURIA - P01","LEGA PER SALVINI PREMIER","FLAVIO DI MURO","08/10/1986","TORINO"
"LIGURIA","LIGURIA - P01","LEGA PER SALVINI PREMIER","SARA FOSCOLO","03/09/1973","LOANO (SV)"
"LIGURIA","LIGURIA - P01","FRATELLI D'ITALIA CON GIORGIA MELONI","MATTEO ROSSO","25/06/1967","GENOVA"
"LIGURIA","LIGURIA - P01","FRATELLI D'ITALIA CON GIORGIA MELONI","MARIA GRAZIA FRIJIA","09/08/1974","LA SPEZIA"
"LIGURIA","LIGURIA - P01","FRATELLI D'ITALIA CON GIORGIA MELONI","CLAUDIO CAVALLO","22/04/1958","ALBENGA (SV)"
"LIGURIA","LIGURIA - P01","FRATELLI D'ITALIA CON GIORGIA MELONI","COSTANZA BIANCHINI","03/05/1987","CARRARA (MS)"
"LIGURIA","LIGURIA - P01","FORZA ITALIA","RITA DALLA CHIESA","31/08/1947","CASORIA (NA)"
"LIGURIA","LIGURIA - P01","FORZA ITALIA","ROBERTO NICOLA CASSINELLI","10/12/1956","GENOVA"
"LIGURIA","LIGURIA - P01","FORZA ITALIA","PATRIZIA BADINO","19/07/1969","SANREMO (IM)"
"LIGURIA","LIGURIA - P01","FORZA ITALIA","ANGELO FRANCESCO DULBECCO","19/10/1988","GENOVA"
"LIGURIA","LIGURIA - P01","NOI MODERATI/LUPI - TOTI - BRUGNARO - UDC","ANDREA COSTA","14/10/1970","LA SPEZIA"
"LIGURIA","LIGURIA - P01","NOI MODERATI/LUPI - TOTI - BRUGNARO - UDC","CHIARA CERRI","21/03/1978","TORINO"
"LIGURIA","LIGURIA - P01","NOI MODERATI/LUPI - TOTI - BRUGNARO - UDC","ALESSANDRO BOZZANO","17/06/1967","VARAZZE (SV)"
"LIGURIA","LIGURIA - P01","NOI MODERATI/LUPI - TOTI - BRUGNARO - UDC","MARTA BRUSONI","22/12/1972","GENOVA"
"LIGURIA","LIGURIA - P01","MASTELLA NOI DI CENTRO EUROPEISTI","GAETANO RUSSO","28/03/1941","LA SPEZIA"
"LIGURIA","LIGURIA - P01","MASTELLA NOI DI CENTRO EUROPEISTI","DANIELA COBAI","15/11/1945","LERICI (SP)"
"EMILIA-ROMAGNA","EMILIA-ROMAGNA - P01","ITALIA SOVRANA E POPOLARE","ANDREA IGOR CAMILLI","11/04/1977","ROMA "
"EMILIA-ROMAGNA","EMILIA-ROMAGNA - P01","ITALIA SOVRANA E POPOLARE","ARTEMISIA DE CHIARA","10/01/1973","CAGLIARI (CA)"
"EMILIA-ROMAGNA","EMILIA-ROMAGNA - P01","ITALIA SOVRANA E POPOLARE","ROBERTO ANTOGNARELLI","02/07/1949","VARANO DE' MELEGARI (PR)"
"EMILIA-ROMAGNA","EMILIA-ROMAGNA - P01","ITALIA SOVRANA E POPOLARE","SARA LUDOVICO ","23/11/1987","TARANTO (TA)"
"EMILIA-ROMAGNA","EMILIA-ROMAGNA - P01","VITA","SARA CUNIAL","08/07/1979","ROMA (RM)"
"EMILIA-ROMAGNA","EMILIA-ROMAGNA - P01","VITA","RAOUL CIPOLLONE","18/11/1985","ROMA (RM)"
"EMILIA-ROMAGNA","EMILIA-ROMAGNA - P01","VITA","SIMONA GHERPELLI","08/03/1976","REGGIO NELL'EMILIA (RE)"
"EMILIA-ROMAGNA","EMILIA-ROMAGNA - P01","VITA","ENRICO SCOTTI","30/09/1975","PIACENZA (PC)"
"EMILIA-ROMAGNA","EMILIA-ROMAGNA - P01","SUD CHIAMA NORD","RAJASULAKSHANA JESUTHASAN","25/10/1984","PALAI (SRI LANKA)"
"EMILIA-ROMAGNA","EMILIA-ROMAGNA - P01","SUD CHIAMA NORD","RAJBIR SINGH","14/07/1992","SANGRUR (INDIA)"
"EMILIA-ROMAGNA","EMILIA-ROMAGNA - P01","SUD CHIAMA NORD","HOLTA CEKA","22/04/1974","TIRANA (ALBANIA)"
"EMILIA-ROMAGNA","EMILIA-ROMAGNA - P01","SUD CHIAMA NORD","MICHELE GUARNA","10/01/1970","SARNO (SA)"
"EMILIA-ROMAGNA","EMILIA-ROMAGNA - P01","MASTELLA NOI DI CENTRO EUROPEISTI","DONATELLA BUSSOLATI","15/09/1971","FIDENZA (PR)"
"EMILIA-ROMAGNA","EMILIA-ROMAGNA - P01","MASTELLA NOI DI CENTRO EUROPEISTI","ANDREA GROSSI","03/07/1975","PARMA (PR)"
"EMILIA-ROMAGNA","EMILIA-ROMAGNA - P01","MASTELLA NOI DI CENTRO EUROPEISTI","CRISTINA COGNI","23/03/1975","CODOGNO (LO)"
"EMILIA-ROMAGNA","EMILIA-ROMAGNA - P01","MASTELLA NOI DI CENTRO EUROPEISTI","ALESSANDRO ODDERA","25/08/1962","GENOVA (GE)"
"EMILIA-ROMAGNA","EMILIA-ROMAGNA - P01","AZIONE - ITALIA VIVA - CALENDA","MATTEO RICHETTI","03/08/1974","SASSUOLO (MO)"
"EMILIA-ROMAGNA","EMILIA-ROMAGNA - P01","AZIONE - ITALIA VIVA - CALENDA","SERENA BRANDINI","21/12/1976","PARMA (PR)"
"EMILIA-ROMAGNA","EMILIA-ROMAGNA - P01","AZIONE - ITALIA VIVA - CALENDA","COSIMO MARIA FERRI","17/04/1971","PONTREMOLI (MS)"
"EMILIA-ROMAGNA","EMILIA-ROMAGNA - P01","AZIONE - ITALIA VIVA - CALENDA","MAURA MANGHI","10/07/1956","REGGIO NELL'EMILIA (RE)"
"EMILIA-ROMAGNA","EMILIA-ROMAGNA - P01","ITALEXIT PER L'ITALIA","MARIA GANDINI DETTA MIA","30/08/1961","UDINE (UD)"
"EMILIA-ROMAGNA","EMILIA-ROMAGNA - P01","ITALEXIT PER L'ITALIA","ANDREA GIUSEPPE GIORGIO STRAMEZZI","22/06/1958","MILANO "
"EMILIA-ROMAGNA","EMILIA-ROMAGNA - P01","ITALEXIT PER L'ITALIA","SANDRA MARCHIGNOLI","15/07/1965","PARMA (PR)"
"EMILIA-ROMAGNA","EMILIA-ROMAGNA - P01","ITALEXIT PER L'ITALIA","ERMANNO SEZZI","14/04/1960","REGGIO NELL'EMILIA (RE)"
"EMILIA-ROMAGNA","EMILIA-ROMAGNA - P01","FORZA ITALIA","PIETRO VIGNALI","22/05/1968","PARMA (PR)"
"EMILIA-ROMAGNA","EMILIA-ROMAGNA - P01","FORZA ITALIA","MARICA SARATI","23/10/1980","REGGIO NELL'EMILIA (RE)"
"EMILIA-ROMAGNA","EMILIA-ROMAGNA - P01","FORZA ITALIA","GIANLUCA ARGELLATI","18/03/1974","PIACENZA (PC)"
"EMILIA-ROMAGNA","EMILIA-ROMAGNA - P01","FORZA ITALIA","ISABELLA MARTINI","29/10/1980","MONTICELLI D'ONGINA (PC)"
"EMILIA-ROMAGNA","EMILIA-ROMAGNA - P01","FRATELLI D'ITALIA CON GIORGIA MELONI","TOMMASO FOTI","28/04/1960","PIACENZA (PC)"
"EMILIA-ROMAGNA","EMILIA-ROMAGNA - P01","FRATELLI D'ITALIA CON GIORGIA MELONI","YLENJA LUCASELLI","22/04/1976","TARANTO (TA)"
"EMILIA-ROMAGNA","EMILIA-ROMAGNA - P01","FRATELLI D'ITALIA CON GIORGIA MELONI","GIANLUCA VINCI","28/05/1980","REGGIO NELL'EMILIA (RE)"
"EMILIA-ROMAGNA","EMILIA-ROMAGNA - P01","FRATELLI D'ITALIA CON GIORGIA MELONI","GAETANA RUSSO","25/04/1981","FIDENZA (PR)"
"EMILIA-ROMAGNA","EMILIA-ROMAGNA - P01","NOI MODERATI/LUPI - TOTI - BRUGNARO - UDC","FRANCESCA GAMBARINI","06/01/1978","FIDENZA (PR)"
"EMILIA-ROMAGNA","EMILIA-ROMAGNA - P01","NOI MODERATI/LUPI - TOTI - BRUGNARO - UDC","FEDERICO BOTTI","06/04/1964","PARMA (PR)"
"EMILIA-ROMAGNA","EMILIA-ROMAGNA - P01","NOI MODERATI/LUPI - TOTI - BRUGNARO - UDC","LUCIANA MELES","12/10/1951","PIACENZA (PC)"
"EMILIA-ROMAGNA","EMILIA-ROMAGNA - P01","NOI MODERATI/LUPI - TOTI - BRUGNARO - UDC","FRANCESCO PATAMIA","11/06/1988","GIOIA TAURO (RC)"
"EMILIA-ROMAGNA","EMILIA-ROMAGNA - P01","LEGA PER SALVINI PREMIER","ARMANDO SIRI","10/08/1971","GENOVA (GE)"
"EMILIA-ROMAGNA","EMILIA-ROMAGNA - P01","LEGA PER SALVINI PREMIER","BENEDETTA FIORINI","09/01/1976","REGGIO NELL'EMILIA (RE)"
"EMILIA-ROMAGNA","EMILIA-ROMAGNA - P01","LEGA PER SALVINI PREMIER","GIOVANNI BATTISTA TOMBOLATO","15/06/1960","PADOVA (PD)"
"EMILIA-ROMAGNA","EMILIA-ROMAGNA - P01","LEGA PER SALVINI PREMIER","PAOLA ZANICHELLI","24/04/1964","REGGIO NELL'EMILIA (RE)"
"EMILIA-ROMAGNA","EMILIA-ROMAGNA - P01","ALLEANZA VERDI E SINISTRA","CARLOTTA BONVICINI","16/10/1984","REGGIO NELL'EMILIA (RE)"
"EMILIA-ROMAGNA","EMILIA-ROMAGNA - P01","ALLEANZA VERDI E SINISTRA","LUCA FORNASARI","24/05/1987","PARMA (PR)"
"EMILIA-ROMAGNA","EMILIA-ROMAGNA - P01","ALLEANZA VERDI E SINISTRA","GIULIA DEVILETTI","30/06/1991","PIACENZA (PC)"
"EMILIA-ROMAGNA","EMILIA-ROMAGNA - P01","ALLEANZA VERDI E SINISTRA","PAOLO BURANI","13/06/1976","MONTECCHIO EMILIA (RE)"
"EMILIA-ROMAGNA","EMILIA-ROMAGNA - P01"," +EUROPA","NICOLETTA PARISI","14/08/1950","MILANO (MI)"
"EMILIA-ROMAGNA","EMILIA-ROMAGNA - P01"," +EUROPA","LORENZO SASSI","03/11/1983","REGGIO NELL'EMILIA (RE)"
"EMILIA-ROMAGNA","EMILIA-ROMAGNA - P01"," +EUROPA","SARA GENTILINI","05/02/1980","BOLOGNA (BO)"
"EMILIA-ROMAGNA","EMILIA-ROMAGNA - P01"," +EUROPA","LUCA AMADASI","11/10/1994","PADOVA (PD)"
"EMILIA-ROMAGNA","EMILIA-ROMAGNA - P01","IMPEGNO CIVICO LUIGI DI MAIO - CENTRO DEMOCRATICO","BRUNO TABACCI","27/08/1946","QUISTELLO (MN)"
"EMILIA-ROMAGNA","EMILIA-ROMAGNA - P01","IMPEGNO CIVICO LUIGI DI MAIO - CENTRO DEMOCRATICO","IOLANDA DI STASIO","24/02/1992","NAPOLI (NA)"
"EMILIA-ROMAGNA","EMILIA-ROMAGNA - P01","IMPEGNO CIVICO LUIGI DI MAIO - CENTRO DEMOCRATICO","GENEROSO MARAIA","13/07/1980","AVELLINO (AV)"
"EMILIA-ROMAGNA","EMILIA-ROMAGNA - P01","IMPEGNO CIVICO LUIGI DI MAIO - CENTRO DEMOCRATICO","SIMONA DI BLASI","25/09/1977","VALLO DELLA LUCANIA (SA)"
"EMILIA-ROMAGNA","EMILIA-ROMAGNA - P01","PARTITO DEMOCRATICO - ITALIA DEMOCRATICA E PROGRESSISTA","PAOLA DE MICHELI","01/09/1973","PIACENZA (PC)"
"EMILIA-ROMAGNA","EMILIA-ROMAGNA - P01","PARTITO DEMOCRATICO - ITALIA DEMOCRATICA E PROGRESSISTA","ANDREA ROSSI","09/10/1976","SCANDIANO (RE)"
"EMILIA-ROMAGNA","EMILIA-ROMAGNA - P01","PARTITO DEMOCRATICO - ITALIA DEMOCRATICA E PROGRESSISTA","BEATRICE GHETTI","04/03/1984","PIACENZA (PC)"
"EMILIA-ROMAGNA","EMILIA-ROMAGNA - P01","PARTITO DEMOCRATICO - ITALIA DEMOCRATICA E PROGRESSISTA","LANFRANCO DE FRANCO","03/12/1991","REGGIO NELL'EMILIA (RE)"
"EMILIA-ROMAGNA","EMILIA-ROMAGNA - P01","MOVIMENTO 5 STELLE","DAVIDE ZANICHELLI","27/06/1983","GUASTALLA (RE)"
"EMILIA-ROMAGNA","EMILIA-ROMAGNA - P01","MOVIMENTO 5 STELLE","ELENA MAZZONI","01/06/1983","GUASTALLA (RE)"
"EMILIA-ROMAGNA","EMILIA-ROMAGNA - P01","MOVIMENTO 5 STELLE","CARMINE DE FALCO","21/03/1953","OSPEDALETTO D'ALPINOLO (AV)"
"EMILIA-ROMAGNA","EMILIA-ROMAGNA - P01","MOVIMENTO 5 STELLE","MARIA FRANCESCA PUGLIESE","20/09/1980","MONCALIERI (TO)"
"EMILIA-ROMAGNA","EMILIA-ROMAGNA - P01","PARTITO ANIMALISTA - UCDL - 10 VOLTE MEGLIO","LEONARDO SANI","30/05/1965","FIRENZE (FI)"
"EMILIA-ROMAGNA","EMILIA-ROMAGNA - P01","PARTITO ANIMALISTA - UCDL - 10 VOLTE MEGLIO","BARBARA FERRAINA","25/03/1970","ERBA (CO)"
"EMILIA-ROMAGNA","EMILIA-ROMAGNA - P01","PARTITO ANIMALISTA - UCDL - 10 VOLTE MEGLIO","ROSARIO BRANCATI","05/01/1959","VITTORIA (RG)"
"EMILIA-ROMAGNA","EMILIA-ROMAGNA - P01","UNIONE POPOLARE CON DE MAGISTRIS","ANDREA BUI","17/11/1980","PARMA (PR)"
"EMILIA-ROMAGNA","EMILIA-ROMAGNA - P01","UNIONE POPOLARE CON DE MAGISTRIS","MARIAGRAZIA CRISTALLI","28/05/1961","PIACENZA (PC)"
"EMILIA-ROMAGNA","EMILIA-ROMAGNA - P01","UNIONE POPOLARE CON DE MAGISTRIS","ALBERTO MONTELAGHI","09/04/1969","SASSUOLO (MO)"
"EMILIA-ROMAGNA","EMILIA-ROMAGNA - P01","UNIONE POPOLARE CON DE MAGISTRIS","MARIA ELENA ANTINORI","14/08/1992","MACERATA (MC)"
"EMILIA-ROMAGNA","EMILIA-ROMAGNA - P02","ITALIA SOVRANA E POPOLARE","MARCO RIZZO","12/10/1959","TORINO "
"EMILIA-ROMAGNA","EMILIA-ROMAGNA - P02","ITALIA SOVRANA E POPOLARE","ANTONELLA D'ANGELI","03/08/1965","ANAGNI (FR)"
"EMILIA-ROMAGNA","EMILIA-ROMAGNA - P02","ITALIA SOVRANA E POPOLARE","ALBERTO LOMBARDO","22/04/1958","CALTANISSETTA (CL)"
"EMILIA-ROMAGNA","EMILIA-ROMAGNA - P02","ITALIA SOVRANA E POPOLARE","BARBARA CAMONI DETTA ELETTA","05/12/1953","PIACENZA (PC)"
"EMILIA-ROMAGNA","EMILIA-ROMAGNA - P02","VITA","SARA CUNIAL","08/07/1979","ROMA (RM)"
"EMILIA-ROMAGNA","EMILIA-ROMAGNA - P02","VITA","PAOLO SVEGLI","28/01/1967","FAENZA (RA)"
"EMILIA-ROMAGNA","EMILIA-ROMAGNA - P02","VITA","CRISTINA D'ONOFRIO","11/09/1978","BOLOGNA (BO)"
"EMILIA-ROMAGNA","EMILIA-ROMAGNA - P02","VITA","MASSIMO SCARPELLI","12/06/1970","BOLOGNA (BO)"
"EMILIA-ROMAGNA","EMILIA-ROMAGNA - P02","MASTELLA NOI DI CENTRO EUROPEISTI","DONATELLA BUSSOLATI","15/09/1971","FIDENZA (PR)"
"EMILIA-ROMAGNA","EMILIA-ROMAGNA - P02","MASTELLA NOI DI CENTRO EUROPEISTI","GIUSEPPE FRISINA","22/03/1959","CALTANISSETTA (CL)"
"EMILIA-ROMAGNA","EMILIA-ROMAGNA - P02","MASTELLA NOI DI CENTRO EUROPEISTI","IRMA VERNILLO","23/02/1970","BENEVENTO (BN)"
"EMILIA-ROMAGNA","EMILIA-ROMAGNA - P02","MASTELLA NOI DI CENTRO EUROPEISTI","PATRIZIO MARALDI","12/04/1958","CESENA (FC)"
"EMILIA-ROMAGNA","EMILIA-ROMAGNA - P02","AZIONE - ITALIA VIVA - CALENDA","MATTEO RICHETTI","03/08/1974","SASSUOLO (MO)"
"EMILIA-ROMAGNA","EMILIA-ROMAGNA - P02","AZIONE - ITALIA VIVA - CALENDA","NAIKE GRUPPIONI","25/01/1979","BOLOGNA (BO)"
"EMILIA-ROMAGNA","EMILIA-ROMAGNA - P02","AZIONE - ITALIA VIVA - CALENDA","GIAMPIERO VERONESI","18/05/1974","BOLOGNA (BO)"
"EMILIA-ROMAGNA","EMILIA-ROMAGNA - P02","AZIONE - ITALIA VIVA - CALENDA","CARMELA DE TROIA","07/10/1958","LUCERA (FG)"
"EMILIA-ROMAGNA","EMILIA-ROMAGNA - P02","ITALEXIT PER L'ITALIA","STEFANO PUZZER","18/01/1976","TRIESTE"
"EMILIA-ROMAGNA","EMILIA-ROMAGNA - P02","ITALEXIT PER L'ITALIA","MARIA GANDINI DETTA MIA","30/08/1961","UDINE (UD)"
"EMILIA-ROMAGNA","EMILIA-ROMAGNA - P02","ITALEXIT PER L'ITALIA","FABIO FABBRI","27/08/1975","FAENZA (RA)"
"EMILIA-ROMAGNA","EMILIA-ROMAGNA - P02","ITALEXIT PER L'ITALIA","STEFANIA CHIAPPE","02/04/1967","CAGLIARI (CA)"
"EMILIA-ROMAGNA","EMILIA-ROMAGNA - P02","FORZA ITALIA","VALENTINO VALENTINI","28/06/1962","BOLOGNA (BO)"
"EMILIA-ROMAGNA","EMILIA-ROMAGNA - P02","FORZA ITALIA","ANNAMARIA CESARI","08/02/1977","BOLOGNA (BO)"
"EMILIA-ROMAGNA","EMILIA-ROMAGNA - P02","FORZA ITALIA","PIERGIULIO GIACOBAZZI","26/05/1980","REGGIO NELL'EMILIA (RE)"
"EMILIA-ROMAGNA","EMILIA-ROMAGNA - P02","FORZA ITALIA","COSTANZA MARIA BENDINELLI","27/07/1986","BOLOGNA (BO)"
"EMILIA-ROMAGNA","EMILIA-ROMAGNA - P02","FRATELLI D'ITALIA CON GIORGIA MELONI","GALEAZZO BIGNAMI","25/10/1975","BOLOGNA (BO)"
"EMILIA-ROMAGNA","EMILIA-ROMAGNA - P02","FRATELLI D'ITALIA CON GIORGIA MELONI","YLENJA LUCASELLI","22/04/1976","TARANTO (TA)"
"EMILIA-ROMAGNA","EMILIA-ROMAGNA - P02","FRATELLI D'ITALIA CON GIORGIA MELONI","GIANLUCA VINCI","28/05/1980","REGGIO NELL'EMILIA (RE)"
"EMILIA-ROMAGNA","EMILIA-ROMAGNA - P02","FRATELLI D'ITALIA CON GIORGIA MELONI","BEATRIZ COLOMBO","13/03/1978","RIMINI (RN)"
"EMILIA-ROMAGNA","EMILIA-ROMAGNA - P02","NOI MODERATI/LUPI - TOTI - BRUGNARO - UDC","RICCARDO BIZZARRI","17/06/1968","FERRARA (FE)"
"EMILIA-ROMAGNA","EMILIA-ROMAGNA - P02","NOI MODERATI/LUPI - TOTI - BRUGNARO - UDC","MANUELA SPAGGIARI","02/09/1983","FIDENZA (PR)"
"EMILIA-ROMAGNA","EMILIA-ROMAGNA - P02","NOI MODERATI/LUPI - TOTI - BRUGNARO - UDC","MAURIZIO MARENDON","04/02/1963","RAVENNA (RA)"
"EMILIA-ROMAGNA","EMILIA-ROMAGNA - P02","NOI MODERATI/LUPI - TOTI - BRUGNARO - UDC","MANUELA  FINI","30/03/1978","ASCOLI PICENO (AP)"
"EMILIA-ROMAGNA","EMILIA-ROMAGNA - P02","LEGA PER SALVINI PREMIER","VANNIA GAVA","30/06/1974","SACILE (PN)"
"EMILIA-ROMAGNA","EMILIA-ROMAGNA - P02","LEGA PER SALVINI PREMIER","GIANNI TONELLI","01/05/1963","CESENA (FC)"
"EMILIA-ROMAGNA","EMILIA-ROMAGNA - P02","LEGA PER SALVINI PREMIER","AGNESE ZAGHI","11/09/1990","COPPARO (FE)"
"EMILIA-ROMAGNA","EMILIA-ROMAGNA - P02","LEGA PER SALVINI PREMIER","GUGLIELMO GOLINELLI","31/10/1987","BOLOGNA (BO)"
"EMILIA-ROMAGNA","EMILIA-ROMAGNA - P02","ALLEANZA VERDI E SINISTRA","ABOUBAKAR SOUMAHORO","06/06/1980","BETROULILIE LAKOTA (COSTA D'AVORIO)"
"EMILIA-ROMAGNA","EMILIA-ROMAGNA - P02","ALLEANZA VERDI E SINISTRA","ELEONORA EVI","20/11/1983","MILANO (MI)"
"EMILIA-ROMAGNA","EMILIA-ROMAGNA - P02","ALLEANZA VERDI E SINISTRA","GIOVANNI PAGLIA","21/05/1977","RAVENNA  (RA)"
"EMILIA-ROMAGNA","EMILIA-ROMAGNA - P02","ALLEANZA VERDI E SINISTRA","VALENTINA MARASSI","22/01/1989","GENOVA (GE)"
"EMILIA-ROMAGNA","EMILIA-ROMAGNA - P02"," +EUROPA","RICCARDO MAGI","07/08/1976","ROMA (RM)"
"EMILIA-ROMAGNA","EMILIA-ROMAGNA - P02"," +EUROPA","MARIA SAELI","29/04/1988","PALERMO (PA)"
"EMILIA-ROMAGNA","EMILIA-ROMAGNA - P02"," +EUROPA","ARCANGELO MACEDONIO","12/09/1980","POLISTENA (RC)"
"EMILIA-ROMAGNA","EMILIA-ROMAGNA - P02"," +EUROPA","SARA GENTILINI","05/02/1980","BOLOGNA (BO)"
"EMILIA-ROMAGNA","EMILIA-ROMAGNA - P02","IMPEGNO CIVICO LUIGI DI MAIO - CENTRO DEMOCRATICO","CARLO ROMANO","16/03/1972","MANTOVA "
"EMILIA-ROMAGNA","EMILIA-ROMAGNA - P02","IMPEGNO CIVICO LUIGI DI MAIO - CENTRO DEMOCRATICO","IOLANDA DI STASIO","24/02/1992","NAPOLI (NA)"
"EMILIA-ROMAGNA","EMILIA-ROMAGNA - P02","IMPEGNO CIVICO LUIGI DI MAIO - CENTRO DEMOCRATICO","ANDREA CASO","09/09/1985","NAPOLI "
"EMILIA-ROMAGNA","EMILIA-ROMAGNA - P02","IMPEGNO CIVICO LUIGI DI MAIO - CENTRO DEMOCRATICO","SIMONA DI BLASI","25/09/1977","VALLO DELLA LUCANIA (SA)"
"EMILIA-ROMAGNA","EMILIA-ROMAGNA - P02","PARTITO DEMOCRATICO - ITALIA DEMOCRATICA E PROGRESSISTA","ELENA ETHEL SCHLEIN","04/05/1985","LUGANO (SVIZZERA)"
"EMILIA-ROMAGNA","EMILIA-ROMAGNA - P02","PARTITO DEMOCRATICO - ITALIA DEMOCRATICA E PROGRESSISTA","STEFANO VACCARI","10/04/1967","MODENA (MO)"
"EMILIA-ROMAGNA","EMILIA-ROMAGNA - P02","PARTITO DEMOCRATICO - ITALIA DEMOCRATICA E PROGRESSISTA","VALENTINA CUPPI","19/08/1983","BOLOGNA (BO)"
"EMILIA-ROMAGNA","EMILIA-ROMAGNA - P02","PARTITO DEMOCRATICO - ITALIA DEMOCRATICA E PROGRESSISTA","LUCA RIZZO NERVO","10/01/1978","BOLOGNA (BO)"
"EMILIA-ROMAGNA","EMILIA-ROMAGNA - P02","MOVIMENTO 5 STELLE","STEFANIA ASCARI","03/03/1980","CORREGGIO (RE)"
"EMILIA-ROMAGNA","EMILIA-ROMAGNA - P02","MOVIMENTO 5 STELLE","GABRIELE LANZI","07/10/1957","SASSUOLO (MO)"
"EMILIA-ROMAGNA","EMILIA-ROMAGNA - P02","MOVIMENTO 5 STELLE","ISABELLA MAZZEI","05/08/1953","MONTELEONE DI PUGLIA (FG)"
"EMILIA-ROMAGNA","EMILIA-ROMAGNA - P02","MOVIMENTO 5 STELLE","MICHELE  DELL'ORCO","07/09/1985","PAVULLO NEL FRIGNANO (MO)"
"EMILIA-ROMAGNA","EMILIA-ROMAGNA - P02","PARTITO ANIMALISTA - UCDL - 10 VOLTE MEGLIO","PAOLO VENTURI","07/10/1962","REGGIO NELL'EMILIA (RE)"
"EMILIA-ROMAGNA","EMILIA-ROMAGNA - P02","PARTITO ANIMALISTA - UCDL - 10 VOLTE MEGLIO","CARMEN GRAZIOSO","10/05/1986","NAPOLI (NA)"
"EMILIA-ROMAGNA","EMILIA-ROMAGNA - P02","PARTITO ANIMALISTA - UCDL - 10 VOLTE MEGLIO","ANTONINO D'EUGENIO","08/01/1968","TAURIANOVA (RC)"
"EMILIA-ROMAGNA","EMILIA-ROMAGNA - P02","PARTITO ANIMALISTA - UCDL - 10 VOLTE MEGLIO","GIUSEPPA PETRONILLI","15/04/1949","CORTONA (AR)"
"EMILIA-ROMAGNA","EMILIA-ROMAGNA - P02","UNIONE POPOLARE CON DE MAGISTRIS","MARTA COLLOT","07/07/1993","VITTORIO VENETO (TV)"
"EMILIA-ROMAGNA","EMILIA-ROMAGNA - P02","UNIONE POPOLARE CON DE MAGISTRIS","ANDREA SCAGLIARINI","30/03/1979","CENTO (FE)"
"EMILIA-ROMAGNA","EMILIA-ROMAGNA - P02","UNIONE POPOLARE CON DE MAGISTRIS","NOEMI CURIONE","05/12/1995","ACQUAVIVA DELLE FONTI (BA)"
"EMILIA-ROMAGNA","EMILIA-ROMAGNA - P02","UNIONE POPOLARE CON DE MAGISTRIS","EMANUELE TIGRINI","05/06/1985","CASTEL SAN PIETRO TERME (BO)"
"EMILIA-ROMAGNA","EMILIA-ROMAGNA - P03","ITALIA SOVRANA E POPOLARE","ANTONELLA D'ANGELI","03/08/1965","ANAGNI (FR)"
"EMILIA-ROMAGNA","EMILIA-ROMAGNA - P03","ITALIA SOVRANA E POPOLARE","ALBERTO LOMBARDO","22/04/1958","CALTANISSETTA (CL)"
"EMILIA-ROMAGNA","EMILIA-ROMAGNA - P03","ITALIA SOVRANA E POPOLARE","SILVIA STEFANI","21/07/1963","GENOVA "
"EMILIA-ROMAGNA","EMILIA-ROMAGNA - P03","ITALIA SOVRANA E POPOLARE","EMANUELE FERRARO","02/12/1986","CESENA (FC)"
"EMILIA-ROMAGNA","EMILIA-ROMAGNA - P03","VITA","PAOLO SVEGLI","28/01/1967","FAENZA (RA)"
"EMILIA-ROMAGNA","EMILIA-ROMAGNA - P03","VITA","DONATELLA PIRA","07/07/1959","GRIZZANA MORANDI (BO)"
"EMILIA-ROMAGNA","EMILIA-ROMAGNA - P03","VITA","MATTEO ANGELINI","07/12/1981","RIMINI (RN)"
"EMILIA-ROMAGNA","EMILIA-ROMAGNA - P03","VITA","COSTANZA RE","05/05/1976","FIRENZE (FI)"
"EMILIA-ROMAGNA","EMILIA-ROMAGNA - P03","SUD CHIAMA NORD","ROBERTA BRAVI","13/09/1984","LUGO (RA)"
"EMILIA-ROMAGNA","EMILIA-ROMAGNA - P03","SUD CHIAMA NORD","NINO GINARDI","25/08/1987","LEONFORTE (EN)"
"EMILIA-ROMAGNA","EMILIA-ROMAGNA - P03","SUD CHIAMA NORD","FRANCESCA CASTELLANA","01/02/1979","NISSORIA (EN)"
"EMILIA-ROMAGNA","EMILIA-ROMAGNA - P03","SUD CHIAMA NORD","VINCENZO LEGA","29/06/1952","FAENZA (RA)"
"EMILIA-ROMAGNA","EMILIA-ROMAGNA - P03","MASTELLA NOI DI CENTRO EUROPEISTI","DONATELLA BUSSOLATI","15/09/1971","FIDENZA (PR)"
"EMILIA-ROMAGNA","EMILIA-ROMAGNA - P03","MASTELLA NOI DI CENTRO EUROPEISTI","ANTONIO SPADOLINI","07/04/1959","FORLI' (FC)"
"EMILIA-ROMAGNA","EMILIA-ROMAGNA - P03","MASTELLA NOI DI CENTRO EUROPEISTI","ERIKA CATELANI","26/07/1974","PADOVA (PD)"
"EMILIA-ROMAGNA","EMILIA-ROMAGNA - P03","MASTELLA NOI DI CENTRO EUROPEISTI","GIUSEPPE FRISINA","22/03/1959","CALTANISSETTA (CL)"
"EMILIA-ROMAGNA","EMILIA-ROMAGNA - P03","AZIONE - ITALIA VIVA - CALENDA","MATTEO RICHETTI","03/08/1974","SASSUOLO (MO)"
"EMILIA-ROMAGNA","EMILIA-ROMAGNA - P03","AZIONE - ITALIA VIVA - CALENDA","EMMA FATTORINI","13/05/1952","CERVIA (RA)"
"EMILIA-ROMAGNA","EMILIA-ROMAGNA - P03","AZIONE - ITALIA VIVA - CALENDA","LUCA FERRINI","10/10/1974","FORLIMPOPOLI (FC)"
"EMILIA-ROMAGNA","EMILIA-ROMAGNA - P03","AZIONE - ITALIA VIVA - CALENDA","ALESSANDRA CUSUMANO","18/03/1990","RAVENNA (RA)"
"EMILIA-ROMAGNA","EMILIA-ROMAGNA - P03","ITALEXIT PER L'ITALIA","MARIA GANDINI DETTA MIA","30/08/1961","UDINE (UD)"
"EMILIA-ROMAGNA","EMILIA-ROMAGNA - P03","ITALEXIT PER L'ITALIA","DANIELE VALENTINI","04/10/1977","FORLI' (FC)"
"EMILIA-ROMAGNA","EMILIA-ROMAGNA - P03","ITALEXIT PER L'ITALIA","CINZIA PASI","28/04/1962","RAVENNA (RA)"
"EMILIA-ROMAGNA","EMILIA-ROMAGNA - P03","ITALEXIT PER L'ITALIA","UGO MALAGOLI","30/12/1960","MODENA (MO)"
"EMILIA-ROMAGNA","EMILIA-ROMAGNA - P03","FORZA ITALIA","ROSARIA TASSINARI","18/08/1967","FORLI' (FC)"
"EMILIA-ROMAGNA","EMILIA-ROMAGNA - P03","FORZA ITALIA","MATTEO FORNASINI","02/03/1979","FERRARA (FE)"
"EMILIA-ROMAGNA","EMILIA-ROMAGNA - P03","FORZA ITALIA","ELEONORA ZANOLLI","09/01/1982","RAVENNA (RA)"
"EMILIA-ROMAGNA","EMILIA-ROMAGNA - P03","FORZA ITALIA","GIANLUCA VINCENZI","14/03/1965","SAVIGNANO SUL RUBICONE (FC)"
"EMILIA-ROMAGNA","EMILIA-ROMAGNA - P03","FRATELLI D'ITALIA CON GIORGIA MELONI","TOMMASO FOTI","28/04/1960","PIACENZA (PC)"
"EMILIA-ROMAGNA","EMILIA-ROMAGNA - P03","FRATELLI D'ITALIA CON GIORGIA MELONI","YLENJA LUCASELLI","22/04/1976","TARANTO (TA)"
"EMILIA-ROMAGNA","EMILIA-ROMAGNA - P03","FRATELLI D'ITALIA CON GIORGIA MELONI","GIANLUCA VINCI","28/05/1980","REGGIO NELL'EMILIA (RE)"
"EMILIA-ROMAGNA","EMILIA-ROMAGNA - P03","FRATELLI D'ITALIA CON GIORGIA MELONI","ALICE BUONGUERRIERI","04/09/1978","BAGNO DI ROMAGNA (FC)"
"EMILIA-ROMAGNA","EMILIA-ROMAGNA - P03","NOI MODERATI/LUPI - TOTI - BRUGNARO - UDC","CARLO UGO DE GIROLAMO","16/10/1985","FAENZA (RA)"
"EMILIA-ROMAGNA","EMILIA-ROMAGNA - P03","NOI MODERATI/LUPI - TOTI - BRUGNARO - UDC","FRANCA MULAZZANI","09/05/1953","RICCIONE (RN)"
"EMILIA-ROMAGNA","EMILIA-ROMAGNA - P03","NOI MODERATI/LUPI - TOTI - BRUGNARO - UDC","ORESTE MAURO BERTOLINO","16/03/1973","CASERTA (CE)"
"EMILIA-ROMAGNA","EMILIA-ROMAGNA - P03","NOI MODERATI/LUPI - TOTI - BRUGNARO - UDC","MAURA MARCHESINI","15/01/1966","GROPPARELLO (PC)"
"EMILIA-ROMAGNA","EMILIA-ROMAGNA - P03","LEGA PER SALVINI PREMIER","DAVIDE BERGAMINI","07/02/1973","BONDENO (FE)"
"EMILIA-ROMAGNA","EMILIA-ROMAGNA - P03","LEGA PER SALVINI PREMIER","LAURA CAVANDOLI","15/12/1971","PARMA (PR)"
"EMILIA-ROMAGNA","EMILIA-ROMAGNA - P03","LEGA PER SALVINI PREMIER","JACOPO  MORRONE","23/01/1983","FORLI' (FC)"
"EMILIA-ROMAGNA","EMILIA-ROMAGNA - P03","LEGA PER SALVINI PREMIER","ELENA RAFFAELLI","31/03/1979","RIMINI (RN)"
"EMILIA-ROMAGNA","EMILIA-ROMAGNA - P03","ALLEANZA VERDI E SINISTRA","GIOVANNI PAGLIA","21/05/1977","RAVENNA  (RA)"
"EMILIA-ROMAGNA","EMILIA-ROMAGNA - P03","ALLEANZA VERDI E SINISTRA","CRISTINA MENGOZZI","13/01/1973","FORLI' (FC)"
"EMILIA-ROMAGNA","EMILIA-ROMAGNA - P03","ALLEANZA VERDI E SINISTRA","MATTEO GILLI","19/06/1997","COMACCHIO (FE)"
"EMILIA-ROMAGNA","EMILIA-ROMAGNA - P03","ALLEANZA VERDI E SINISTRA","VALENTINA  MARASSI","22/01/1989","GENOVA (GE)"
"EMILIA-ROMAGNA","EMILIA-ROMAGNA - P03"," +EUROPA","NEVIO SALIMBENI","10/11/1962","RAVENNA (RA)"
"EMILIA-ROMAGNA","EMILIA-ROMAGNA - P03"," +EUROPA","CATERINA BASEVI","09/07/1964","VENEZIA (VE)"
"EMILIA-ROMAGNA","EMILIA-ROMAGNA - P03"," +EUROPA","PAOLO NICCOLO' GIUBELLI","29/08/1983","FERRARA (FE)"
"EMILIA-ROMAGNA","EMILIA-ROMAGNA - P03"," +EUROPA","ANNA NERI","07/08/1961","RAVENNA (RA)"
"EMILIA-ROMAGNA","EMILIA-ROMAGNA - P03","IMPEGNO CIVICO LUIGI DI MAIO - CENTRO DEMOCRATICO","CARLO ROMANO","16/03/1972","MANTOVA"
"EMILIA-ROMAGNA","EMILIA-ROMAGNA - P03","IMPEGNO CIVICO LUIGI DI MAIO - CENTRO DEMOCRATICO","RAFFAELLA SENSOLI","06/04/1981","RIMINI (RN)"
"EMILIA-ROMAGNA","EMILIA-ROMAGNA - P03","IMPEGNO CIVICO LUIGI DI MAIO - CENTRO DEMOCRATICO","SERGIO  BATTELLI","07/10/1982","GENOVA (GE)"
"EMILIA-ROMAGNA","EMILIA-ROMAGNA - P03","IMPEGNO CIVICO LUIGI DI MAIO - CENTRO DEMOCRATICO","ROSSANA  BORGO PALAZZO","16/04/1959","BRESCIA (BS)"
"EMILIA-ROMAGNA","EMILIA-ROMAGNA - P03","PARTITO DEMOCRATICO - ITALIA DEMOCRATICA E PROGRESSISTA","ANDREA GNASSI","27/03/1969","RIMINI (RN)"
"EMILIA-ROMAGNA","EMILIA-ROMAGNA - P03","PARTITO DEMOCRATICO - ITALIA DEMOCRATICA E PROGRESSISTA","OUIDAD BAKKALI","15/03/1986","AGADIR (MAROCCO)"
"EMILIA-ROMAGNA","EMILIA-ROMAGNA - P03","PARTITO DEMOCRATICO - ITALIA DEMOCRATICA E PROGRESSISTA","MASSIMO BULBI","22/01/1962","RONCOFREDDO (FC)"
"EMILIA-ROMAGNA","EMILIA-ROMAGNA - P03","PARTITO DEMOCRATICO - ITALIA DEMOCRATICA E PROGRESSISTA","MARCELLA ZAPPATERRA","17/12/1972","PORTOMAGGIORE (FE)"
"EMILIA-ROMAGNA","EMILIA-ROMAGNA - P03","MOVIMENTO 5 STELLE","FEDERICO CAFIERO DE RAHO","18/02/1952","NAPOLI "
"EMILIA-ROMAGNA","EMILIA-ROMAGNA - P03","MOVIMENTO 5 STELLE","MARTA ROSSI","06/10/1988","RAVENNA (RA)"
"EMILIA-ROMAGNA","EMILIA-ROMAGNA - P03","MOVIMENTO 5 STELLE","MARIANO GENNARI","10/02/1962","CATTOLICA (RN)"
"EMILIA-ROMAGNA","EMILIA-ROMAGNA - P03","MOVIMENTO 5 STELLE","PATRIZIA MAZZUCCHI","26/12/1966","NOVARA (NO)"
"EMILIA-ROMAGNA","EMILIA-ROMAGNA - P03","PARTITO ANIMALISTA - UCDL - 10 VOLTE MEGLIO","PASQUALE DI CARLUCCIO","20/03/1982","SAN GIUSEPPE VESUVIANO (NA)"
"EMILIA-ROMAGNA","EMILIA-ROMAGNA - P03","PARTITO ANIMALISTA - UCDL - 10 VOLTE MEGLIO","ALICE DELICATI","10/02/1977","FOLIGNO (PG)"
"EMILIA-ROMAGNA","EMILIA-ROMAGNA - P03","PARTITO ANIMALISTA - UCDL - 10 VOLTE MEGLIO","MICHELE  CHIUSOLI","04/10/1963","BOLOGNA (BO)"
"EMILIA-ROMAGNA","EMILIA-ROMAGNA - P03","UNIONE POPOLARE CON DE MAGISTRIS","ALESSANDRO BONGARZONE","20/08/1959","ROMA (RM)"
"EMILIA-ROMAGNA","EMILIA-ROMAGNA - P03","UNIONE POPOLARE CON DE MAGISTRIS","MARTA  LOVATO","16/08/1991","VENEZIA (VE)"
"EMILIA-ROMAGNA","EMILIA-ROMAGNA - P03","UNIONE POPOLARE CON DE MAGISTRIS","ROBERTO GENTILINI DETTO PIUMINO","31/07/1974","FAENZA (RA)"
"EMILIA-ROMAGNA","EMILIA-ROMAGNA - P03","UNIONE POPOLARE CON DE MAGISTRIS","ILARIA CENNI","02/08/1968","FAENZA (RA)"
"TOSCANA","TOSCANA - P01","ITALEXIT PER L'ITALIA","ANDREA PERILLO","04/02/1969","GENOVA"
"TOSCANA","TOSCANA - P01","ITALEXIT PER L'ITALIA","VERA BALSIMELLI","07/05/1979","MADRID (SPAGNA)"
"TOSCANA","TOSCANA - P01","ITALEXIT PER L'ITALIA","IVAN DELLA VALLE","04/12/1974","TORINO"
"TOSCANA","TOSCANA - P01","ITALEXIT PER L'ITALIA","MANUELA TERRANOVA","27/05/1982","MASSA"
"TOSCANA","TOSCANA - P01","UNIONE POPOLARE CON DE MAGISTRIS","MAURIZIO ACERBO","04/12/1965","PESCARA"
"TOSCANA","TOSCANA - P01","UNIONE POPOLARE CON DE MAGISTRIS","FRANCESCA TRASATTI","09/06/1983","VIAREGGIO (LU)"
"TOSCANA","TOSCANA - P01","UNIONE POPOLARE CON DE MAGISTRIS","NICOLA CAVAZZUTI","12/04/1966","MASSA"
"TOSCANA","TOSCANA - P01","UNIONE POPOLARE CON DE MAGISTRIS","GIULIA ROMANI","24/09/1988","PISTOIA"
"TOSCANA","TOSCANA - P01","AZIONE - ITALIA VIVA - CALENDA","FRANCESCO BONIFAZI","24/06/1976","FIRENZE"
"TOSCANA","TOSCANA - P01","AZIONE - ITALIA VIVA - CALENDA","ALICE ROSSETTI","19/09/1984","FIVIZZANO (MS)"
"TOSCANA","TOSCANA - P01","AZIONE - ITALIA VIVA - CALENDA","NICOLA DEL SARTO","17/02/1988","MASSA"
"TOSCANA","TOSCANA - P01","AZIONE - ITALIA VIVA - CALENDA","LARA BALDACCI","18/02/1974","BARGA (LU)"
"TOSCANA","TOSCANA - P01","FRATELLI D'ITALIA CON GIORGIA MELONI","GIOVANNI DONZELLI","28/11/1975","FIRENZE"
"TOSCANA","TOSCANA - P01","FRATELLI D'ITALIA CON GIORGIA MELONI","CHIARA LA PORTA","07/06/1991","PRATO"
"TOSCANA","TOSCANA - P01","FRATELLI D'ITALIA CON GIORGIA MELONI","ALESSANDRO AMORESE","08/10/1974","CARRARA (MS)"
"TOSCANA","TOSCANA - P01","FRATELLI D'ITALIA CON GIORGIA MELONI","IRENE GORI","30/09/1980","PISTOIA"
"TOSCANA","TOSCANA - P01","LEGA PER SALVINI PREMIER","ANDREA BARABOTTI","14/09/1985","MASSA"
"TOSCANA","TOSCANA - P01","LEGA PER SALVINI PREMIER","ILARIA BENIGNI","01/05/1983","LUCCA"
"TOSCANA","TOSCANA - P01","LEGA PER SALVINI PREMIER","DANIELE SPADA","05/01/1973","PRATO"
"TOSCANA","TOSCANA - P01","LEGA PER SALVINI PREMIER","RUBINA MARIA BALDECCHI","17/07/1991","CAPANEMA (BRASILE)"
"TOSCANA","TOSCANA - P01","FORZA ITALIA","DEBORAH BERGAMINI","24/10/1967","VIAREGGIO (LU)"
"TOSCANA","TOSCANA - P01","FORZA ITALIA","MATTEO MASTRINI","03/12/1979","FIVIZZANO (MS)"
"TOSCANA","TOSCANA - P01","FORZA ITALIA","ANNA BRUNA GERI","05/07/1963","SAN MARCELLO PISTOIESE (PT)"
"TOSCANA","TOSCANA - P01","FORZA ITALIA","MATTEO SCANNERINI","25/02/1992","LUCCA"
"TOSCANA","TOSCANA - P01","NOI MODERATI/LUPI - TOTI - BRUGNARO - UDC","GIORGIO SILLI","16/07/1977","FIRENZE"
"TOSCANA","TOSCANA - P01","NOI MODERATI/LUPI - TOTI - BRUGNARO - UDC","EVA BETTI","30/11/1981","PRATO"
"TOSCANA","TOSCANA - P01","NOI MODERATI/LUPI - TOTI - BRUGNARO - UDC","MIRKO LAFRANCESCHINA","09/10/1973","PRATO"
"TOSCANA","TOSCANA - P01","NOI MODERATI/LUPI - TOTI - BRUGNARO - UDC","CINZIA PETRONE","11/04/1969","MONDRAGONE (CE)"
"TOSCANA","TOSCANA - P01","IMPEGNO CIVICO LUIGI DI MAIO - CENTRO DEMOCRATICO","CARLO ROMANO","16/03/1972","MANTOVA"
"TOSCANA","TOSCANA - P01","IMPEGNO CIVICO LUIGI DI MAIO - CENTRO DEMOCRATICO","LAURA AGEA","17/02/1978","NARNI (TR)"
"TOSCANA","TOSCANA - P01","IMPEGNO CIVICO LUIGI DI MAIO - CENTRO DEMOCRATICO","FILIPPO GALLINELLA","11/10/1979","FIRENZE"
"TOSCANA","TOSCANA - P01","IMPEGNO CIVICO LUIGI DI MAIO - CENTRO DEMOCRATICO","SILVIA BARELLA","06/10/1958","PARIGI (FRANCIA)"
"TOSCANA","TOSCANA - P01","PARTITO DEMOCRATICO - ITALIA DEMOCRATICA E PROGRESSISTA","ANNA ASCANI","17/10/1987","CITTA' DI CASTELLO (PG)"
"TOSCANA","TOSCANA - P01","PARTITO DEMOCRATICO - ITALIA DEMOCRATICA E PROGRESSISTA","MARCO FURFARO","19/06/1980","PISTOIA"
"TOSCANA","TOSCANA - P01","PARTITO DEMOCRATICO - ITALIA DEMOCRATICA E PROGRESSISTA","CATERINA BINI","11/09/1975","PISTOIA"
"TOSCANA","TOSCANA - P01","PARTITO DEMOCRATICO - ITALIA DEMOCRATICA E PROGRESSISTA","MARCO MARTINI","31/10/1952","FIRENZE"
"TOSCANA","TOSCANA - P01","ALLEANZA VERDI E SINISTRA","NICOLA FRATOIANNI","04/10/1972","PISA"
"TOSCANA","TOSCANA - P01","ALLEANZA VERDI E SINISTRA","NICOLETTA GUARDUCCI","08/07/1966","PRATO"
"TOSCANA","TOSCANA - P01","ALLEANZA VERDI E SINISTRA","LUCA FIDIA PARDINI","23/06/1989","LUCCA"
"TOSCANA","TOSCANA - P01","ALLEANZA VERDI E SINISTRA","MARTA GLENDA LUGANO","07/04/1985","LUCCA"
"TOSCANA","TOSCANA - P01"," +EUROPA","FEDERICO  ELIGI","06/09/1965","PISA "
"TOSCANA","TOSCANA - P01"," +EUROPA","TANIA PACE","27/05/1968","AVEZZANO"
"TOSCANA","TOSCANA - P01"," +EUROPA","PAOLO GAMBA","11/08/1966","PISA "
"TOSCANA","TOSCANA - P01"," +EUROPA","AGNESE  BALDUCCI","30/07/1984","PONTEDERA (PI)"
"TOSCANA","TOSCANA - P01","VITA","LUCA TOMBERLI","05/05/1969","FIRENZE "
"TOSCANA","TOSCANA - P01","VITA","ALESSIA BALIA","16/06/1978","TORINO"
"TOSCANA","TOSCANA - P01","VITA","FRANCESCO SPATARO","05/09/1970","CARRARA (MS)"
"TOSCANA","TOSCANA - P01","VITA","FATIMA FRANGIONI","03/03/1962","FUCECCHIO (FI)"
"TOSCANA","TOSCANA - P01","ITALIA SOVRANA E POPOLARE","MARIANELLA FIORAVANTI","29/10/1983","CIVITANOVA MARCHE"
"TOSCANA","TOSCANA - P01","ITALIA SOVRANA E POPOLARE","ANTONELLO CRESTI","30/04/1980","FIRENZE"
"TOSCANA","TOSCANA - P01","ITALIA SOVRANA E POPOLARE","ALAGIA SCARDIGLI","28/05/1997","PISTOIA"
"TOSCANA","TOSCANA - P01","ITALIA SOVRANA E POPOLARE","ENRICO ZANIERI","22/08/1984","PRATO"
"TOSCANA","TOSCANA - P01","MOVIMENTO 5 STELLE","RICCARDO RICCIARDI","08/05/1982","PIETRASANTA (LU)"
"TOSCANA","TOSCANA - P01","MOVIMENTO 5 STELLE","CHIARA BARTALINI","29/03/1973","PRATO"
"TOSCANA","TOSCANA - P01","MOVIMENTO 5 STELLE","MAURIZIO GORI","24/02/1961","RUFINA (FI)"
"TOSCANA","TOSCANA - P01","MOVIMENTO 5 STELLE","FIAMMETTA BARBARA TAVOSANIS","19/08/1974","PIETRASANTA (LU)"
"TOSCANA","TOSCANA - P02","ITALEXIT PER L'ITALIA","COSTANZA VACCARO","29/08/1978","LIVORNO"
"TOSCANA","TOSCANA - P02","ITALEXIT PER L'ITALIA","ANDREA ASCIUTI","24/05/1977","NAPOLI"
"TOSCANA","TOSCANA - P02","ITALEXIT PER L'ITALIA","VERA BALSIMELLI","07/05/1979","MADRID (SPAGNA)"
"TOSCANA","TOSCANA - P02","ITALEXIT PER L'ITALIA","DANIELE OMBRITI","21/12/1959","FIRENZE"
"TOSCANA","TOSCANA - P02","UNIONE POPOLARE CON DE MAGISTRIS","VITTORIO  CATENI","29/08/1996","LIVORNO"
"TOSCANA","TOSCANA - P02","UNIONE POPOLARE CON DE MAGISTRIS","LORETTA VALENTI","17/04/1969","SIENA "
"TOSCANA","TOSCANA - P02","UNIONE POPOLARE CON DE MAGISTRIS","LUCA CHIAPPE","30/01/1964","LIVORNO"
"TOSCANA","TOSCANA - P02","UNIONE POPOLARE CON DE MAGISTRIS","ELENA GOLINI","16/12/1970","SIENA "
"TOSCANA","TOSCANA - P02","AZIONE - ITALIA VIVA - CALENDA","FRANCESCO BONIFAZI","24/06/1976","FIRENZE"
"TOSCANA","TOSCANA - P02","AZIONE - ITALIA VIVA - CALENDA","BENEDETTA FRUCCI","23/06/1989","SIENA"
"TOSCANA","TOSCANA - P02","AZIONE - ITALIA VIVA - CALENDA","GIUSEPPE MONACI","06/09/1961","GROSSETO"
"TOSCANA","TOSCANA - P02","AZIONE - ITALIA VIVA - CALENDA","ISABELLA MARTINI","03/04/1977","SIENA"
"TOSCANA","TOSCANA - P02","FRATELLI D'ITALIA CON GIORGIA MELONI","CHIARA LA PORTA","07/06/1991","PRATO"
"TOSCANA","TOSCANA - P02","FRATELLI D'ITALIA CON GIORGIA MELONI","FABRIZIO ROSSI","02/03/1975","MONTALCINO"
"TOSCANA","TOSCANA - P02","FRATELLI D'ITALIA CON GIORGIA MELONI","CHIARA COLOSIMO","02/06/1986","ROMA"
"TOSCANA","TOSCANA - P02","FRATELLI D'ITALIA CON GIORGIA MELONI","FRANCESCO MICHELOTTI","31/03/1983","COLLE DI VAL D'ELSA"
"TOSCANA","TOSCANA - P02","LEGA PER SALVINI PREMIER","TIZIANA  NISINI","18/10/1975","PAVIA"
"TOSCANA","TOSCANA - P02","LEGA PER SALVINI PREMIER","MARIO LOLINI","27/01/1958","GROSSETO"
"TOSCANA","TOSCANA - P02","LEGA PER SALVINI PREMIER","CINZIA SANTONI","13/05/1961","ROMA"
"TOSCANA","TOSCANA - P02","LEGA PER SALVINI PREMIER","CARLO GHIOZZI ","21/02/1978","LIVORNO"
"TOSCANA","TOSCANA - P02","FORZA ITALIA","DEBORAH BERGAMINI","24/10/1967","VIAREGGIO (LU)"
"TOSCANA","TOSCANA - P02","FORZA ITALIA","ROBERTO BERARDI","04/06/1972","GROSSETO"
"TOSCANA","TOSCANA - P02","FORZA ITALIA","ANTONELLA GRAMIGNA","07/05/1956","PESARO"
"TOSCANA","TOSCANA - P02","FORZA ITALIA","LORENZO LORE'","17/02/1982","SIENA"
"TOSCANA","TOSCANA - P02","NOI MODERATI/LUPI - TOTI - BRUGNARO - UDC","LUCIA TANTI","29/11/1978","SANSEPOLCRO"
"TOSCANA","TOSCANA - P02","NOI MODERATI/LUPI - TOTI - BRUGNARO - UDC","MARCO FALORNI","11/08/1956","SIENA"
"TOSCANA","TOSCANA - P02","NOI MODERATI/LUPI - TOTI - BRUGNARO - UDC","MANUELA SERIACOPI","01/01/1971","AREZZO"
"TOSCANA","TOSCANA - P02","NOI MODERATI/LUPI - TOTI - BRUGNARO - UDC","GAETANO GLIATTA","21/09/1966","CORTONA"
"TOSCANA","TOSCANA - P02","IMPEGNO CIVICO LUIGI DI MAIO - CENTRO DEMOCRATICO","CARLA RUOCCO","28/07/1973","NAPOLI"
"TOSCANA","TOSCANA - P02","IMPEGNO CIVICO LUIGI DI MAIO - CENTRO DEMOCRATICO","MARIO CALI'","18/05/1956","CATANIA"
"TOSCANA","TOSCANA - P02","IMPEGNO CIVICO LUIGI DI MAIO - CENTRO DEMOCRATICO","SIMONA DI BLASI","25/09/1977","VALLO DELLA LUCANIA (SA)"
"TOSCANA","TOSCANA - P02","IMPEGNO CIVICO LUIGI DI MAIO - CENTRO DEMOCRATICO","GIORGIO FEDERIGHI","23/04/1946","PISTOIA"
"TOSCANA","TOSCANA - P02","PARTITO DEMOCRATICO - ITALIA DEMOCRATICA E PROGRESSISTA","LAURA BOLDRINI","28/04/1961","MACERATA"
"TOSCANA","TOSCANA - P02","PARTITO DEMOCRATICO - ITALIA DEMOCRATICA E PROGRESSISTA","MARCO SIMIANI","25/04/1970","PISA"
"TOSCANA","TOSCANA - P02","PARTITO DEMOCRATICO - ITALIA DEMOCRATICA E PROGRESSISTA","ROBERTA CASINI","17/11/1975","AREZZO"
"TOSCANA","TOSCANA - P02","PARTITO DEMOCRATICO - ITALIA DEMOCRATICA E PROGRESSISTA","SIMONE DE ROSAS","31/05/1985","PORTOFERRAIO"
"TOSCANA","TOSCANA - P02","ALLEANZA VERDI E SINISTRA","NICOLA FRATOIANNI","04/10/1972","PISA"
"TOSCANA","TOSCANA - P02","ALLEANZA VERDI E SINISTRA","SERENA FERRAIUOLO","14/04/1992","MONTEVARCHI"
"TOSCANA","TOSCANA - P02","ALLEANZA VERDI E SINISTRA","TELIO BARBIERI","16/07/1952","MAGLIANO IN TOSCANA"
"TOSCANA","TOSCANA - P02","ALLEANZA VERDI E SINISTRA","MARTA GLENDA LUGANO","07/04/1985","LUCCA"
"TOSCANA","TOSCANA - P02"," +EUROPA","ALESSANDRO GIOVANNINI","25/10/1962","LIVORNO"
"TOSCANA","TOSCANA - P02"," +EUROPA","CARLA TAIBI","23/09/1981","MUSSOMELI"
"TOSCANA","TOSCANA - P02"," +EUROPA","DAVID GARZELLA","19/03/1968","PONTEDERA "
"TOSCANA","TOSCANA - P02"," +EUROPA","DESIDERIA  MINI","20/01/1981","FIRENZE "
"TOSCANA","TOSCANA - P02","VITA","SABINA BARGAGNA","29/04/1974","PISA "
"TOSCANA","TOSCANA - P02","VITA","CIRO SCOGNAMIGLIO","08/04/1979","NAPOLI"
"TOSCANA","TOSCANA - P02","VITA","SABRINA MANCINI","20/09/1974","EMPOLI"
"TOSCANA","TOSCANA - P02","VITA","UGO ROSSI","26/01/1991","PALMANOVA"
"TOSCANA","TOSCANA - P02","ITALIA SOVRANA E POPOLARE","MARCO  RIZZO","12/10/1959","TORINO"
"TOSCANA","TOSCANA - P02","ITALIA SOVRANA E POPOLARE","SILVIA STEFANI","21/07/1963","GENOVA"
"TOSCANA","TOSCANA - P02","ITALIA SOVRANA E POPOLARE","FRANCESCO SALE","07/11/1981","PISA "
"TOSCANA","TOSCANA - P02","ITALIA SOVRANA E POPOLARE","CAOLI BERNI","12/01/1992","AREZZO"
"TOSCANA","TOSCANA - P02","MOVIMENTO 5 STELLE","RICCARDO RICCIARDI","08/05/1982","PIETRASANTA (LU)"
"TOSCANA","TOSCANA - P02","MOVIMENTO 5 STELLE","STELLA SORGENTE","27/07/1982","PIETRASANTA (LU)"
"TOSCANA","TOSCANA - P02","MOVIMENTO 5 STELLE","LUCA MIGLIORINO","02/03/1979","BATTIPAGLIA"
"TOSCANA","TOSCANA - P02","MOVIMENTO 5 STELLE","FLAVIA SERENA SANDOIU","07/02/1992","SIENA"
"TOSCANA","TOSCANA - P03","ITALEXIT PER L'ITALIA","LINA MANUALI","24/03/1969","SAN SEVERO (FG)"
"TOSCANA","TOSCANA - P03","ITALEXIT PER L'ITALIA","IVAN DELLA VALLE","04/12/1974","TORINO"
"TOSCANA","TOSCANA - P03","ITALEXIT PER L'ITALIA","VERA BALSIMELLI","07/05/1979","MADRID (SPAGNA)"
"TOSCANA","TOSCANA - P03","ITALEXIT PER L'ITALIA","ANDREA ASCIUTI","24/05/1977","NAPOLI"
"TOSCANA","TOSCANA - P03","UNIONE POPOLARE CON DE MAGISTRIS","YANA CHIARA EHM","19/06/1990","GUSTERATH (GERMANIA)"
"TOSCANA","TOSCANA - P03","UNIONE POPOLARE CON DE MAGISTRIS","GIOVANNI PAGANO","22/05/1984","NAPOLI"
"TOSCANA","TOSCANA - P03","UNIONE POPOLARE CON DE MAGISTRIS","SIMONA BALDANZI","21/02/1977","FIRENZE "
"TOSCANA","TOSCANA - P03","UNIONE POPOLARE CON DE MAGISTRIS","FEDERICO OLIVERI","22/01/1976","PALERMO"
"TOSCANA","TOSCANA - P03","AZIONE - ITALIA VIVA - CALENDA","FRANCESCO BONIFAZI","24/06/1976","FIRENZE"
"TOSCANA","TOSCANA - P03","AZIONE - ITALIA VIVA - CALENDA","LUCIA ANNIBALI","18/09/1977","URBINO"
"TOSCANA","TOSCANA - P03","AZIONE - ITALIA VIVA - CALENDA","FRANCO BACCANI","21/08/1962","FILATTIERA (MS)"
"TOSCANA","TOSCANA - P03","AZIONE - ITALIA VIVA - CALENDA","ILARIA TESI","06/02/1974","FIRENZE"
"TOSCANA","TOSCANA - P03","FRATELLI D'ITALIA CON GIORGIA MELONI","GIOVANNI DONZELLI","28/11/1975","FIRENZE"
"TOSCANA","TOSCANA - P03","FRATELLI D'ITALIA CON GIORGIA MELONI","CHIARA LA PORTA","07/06/1991","PRATO"
"TOSCANA","TOSCANA - P03","FRATELLI D'ITALIA CON GIORGIA MELONI","MATTEO BAGNOLI","03/10/1986","PONTEDERA (PI)"
"TOSCANA","TOSCANA - P03","FRATELLI D'ITALIA CON GIORGIA MELONI","GIULIA GAMBINI","17/06/1980","PISA"
"TOSCANA","TOSCANA - P03","LEGA PER SALVINI PREMIER","EDOARDO  ZIELLO","11/04/1992","CIVITAVECCHIA (RM)"
"TOSCANA","TOSCANA - P03","LEGA PER SALVINI PREMIER","TIZIANA NISINI","18/10/1975","PAVIA"
"TOSCANA","TOSCANA - P03","LEGA PER SALVINI PREMIER","FEDERICO BUSSOLIN","06/06/1991","BAGNO A RIPOLI (FI)"
"TOSCANA","TOSCANA - P03","LEGA PER SALVINI PREMIER","MICHELA MONACO","13/05/1994","NAPOLI"
"TOSCANA","TOSCANA - P03","FORZA ITALIA","RAFFAELLA BONSANGUE","25/09/1963","SIRACUSA"
"TOSCANA","TOSCANA - P03","FORZA ITALIA","MAURIZIO MARCHETTI","08/05/1960","LUCCA"
"TOSCANA","TOSCANA - P03","FORZA ITALIA","MARIAGRAZIA INTERNO'","10/05/1968","FIRENZE "
"TOSCANA","TOSCANA - P03","FORZA ITALIA","RICCARDO BUSCEMI","13/04/1966","PISA "
"TOSCANA","TOSCANA - P03","NOI MODERATI/LUPI - TOTI - BRUGNARO - UDC","ROBERTO PAOLUCCI","15/04/1950","CIVITELLA IN VAL DI CHIANA (AR)"
"TOSCANA","TOSCANA - P03","NOI MODERATI/LUPI - TOTI - BRUGNARO - UDC","SARA MENCI","22/08/1988","AREZZO"
"TOSCANA","TOSCANA - P03","NOI MODERATI/LUPI - TOTI - BRUGNARO - UDC","GIUSEPPE ALAIMO","19/09/1958","LICATA (AG)"
"TOSCANA","TOSCANA - P03","NOI MODERATI/LUPI - TOTI - BRUGNARO - UDC","EVA BETTI","30/11/1981","PRATO"
"TOSCANA","TOSCANA - P03","IMPEGNO CIVICO LUIGI DI MAIO - CENTRO DEMOCRATICO","BRUNO TABACCI","27/08/1946","QUISTELLO  (MN)"
"TOSCANA","TOSCANA - P03","IMPEGNO CIVICO LUIGI DI MAIO - CENTRO DEMOCRATICO","FEDERICA DAGA","28/02/1976","ORISTANO"
"TOSCANA","TOSCANA - P03","IMPEGNO CIVICO LUIGI DI MAIO - CENTRO DEMOCRATICO","LUIGI IOVINO","14/01/1993","NAPOLI"
"TOSCANA","TOSCANA - P03","IMPEGNO CIVICO LUIGI DI MAIO - CENTRO DEMOCRATICO","LAURA AGEA","17/02/1978","NARNI (TR)"
"TOSCANA","TOSCANA - P03","PARTITO DEMOCRATICO - ITALIA DEMOCRATICA E PROGRESSISTA","SIMONA BONAFE'","12/07/1973","VARESE"
"TOSCANA","TOSCANA - P03","PARTITO DEMOCRATICO - ITALIA DEMOCRATICA E PROGRESSISTA","ARTURO SCOTTO","15/05/1978","TORRE DEL GRECO (NA)"
"TOSCANA","TOSCANA - P03","PARTITO DEMOCRATICO - ITALIA DEMOCRATICA E PROGRESSISTA","CATERINA BINI","11/09/1975","PISTOIA"
"TOSCANA","TOSCANA - P03","PARTITO DEMOCRATICO - ITALIA DEMOCRATICA E PROGRESSISTA","FEDERICO IGNESTI","10/10/1973","FIRENZE"
"TOSCANA","TOSCANA - P03","ALLEANZA VERDI E SINISTRA","NICOLA FRATOIANNI","04/10/1972","PISA"
"TOSCANA","TOSCANA - P03","ALLEANZA VERDI E SINISTRA","SANDRA GIORGETTI","25/06/1960","FIRENZE"
"TOSCANA","TOSCANA - P03","ALLEANZA VERDI E SINISTRA","DARIO DANTI","07/03/1977","PISA"
"TOSCANA","TOSCANA - P03","ALLEANZA VERDI E SINISTRA","LUCIA SCATENA","22/05/1969","VECCHIANO (PI)"
"TOSCANA","TOSCANA - P03"," +EUROPA","FEDERICO ELIGI","06/09/1965","PISA"
"TOSCANA","TOSCANA - P03"," +EUROPA","AGNESE BALDUCCI","30/07/1984","PONTEDERA (PI)"
"TOSCANA","TOSCANA - P03"," +EUROPA","BENEDETTO DELLA VEDOVA","03/04/1962","SONDRIO"
"TOSCANA","TOSCANA - P03"," +EUROPA","DESIDERIA MINI","20/01/1981","FIRENZE"
"TOSCANA","TOSCANA - P03","VITA","ALESSANDRO LUZZI","04/02/1964","PISA "
"TOSCANA","TOSCANA - P03","VITA","SABINA BARGAGNA","29/04/1974","PISA "
"TOSCANA","TOSCANA - P03","VITA","LUCA BANDINI","02/06/1986","FIRENZE "
"TOSCANA","TOSCANA - P03","VITA","FATIMA FRANGIONI","03/03/1962","FUCECCHIO (FI)"
"TOSCANA","TOSCANA - P03","ITALIA SOVRANA E POPOLARE","FRANCESCO  TOSCANO","28/05/1979","GIOIA TAURO"
"TOSCANA","TOSCANA - P03","ITALIA SOVRANA E POPOLARE","DANIELA MOSCA","21/02/1959","ROMA"
"TOSCANA","TOSCANA - P03","ITALIA SOVRANA E POPOLARE","MATTIA  BIANCHI","26/04/1986","DOMODOSSOLA (VB)"
"TOSCANA","TOSCANA - P03","ITALIA SOVRANA E POPOLARE","GIULIA CEI","06/02/1990","SAN MINIATO (PI)"
"TOSCANA","TOSCANA - P03","MOVIMENTO 5 STELLE","ANDREA QUARTINI","21/03/1960","GAMBASSI (FI)"
"TOSCANA","TOSCANA - P03","MOVIMENTO 5 STELLE","FRANCESCA CENSINI","17/03/1976","FIRENZE"
"TOSCANA","TOSCANA - P03","MOVIMENTO 5 STELLE","LUCA LAURICELLA","11/02/1983","AGRIGENTO"
"TOSCANA","TOSCANA - P03","MOVIMENTO 5 STELLE","AURORA BARTOLI","25/03/1973","FIRENZE"
"UMBRIA","UMBRIA - P01","AZIONE - ITALIA VIVA - CALENDA","GIACOMO LEONELLO LEONELLI","18/08/1979","ASSISI (PG)"
"UMBRIA","UMBRIA - P01","AZIONE - ITALIA VIVA - CALENDA","MARTA DE ANGELIS","21/10/1979","SPOLETO (PG)"
"UMBRIA","UMBRIA - P01","AZIONE - ITALIA VIVA - CALENDA","STEFANO STEFANUCCI","10/11/1956","FOLIGNO (PG)"
"UMBRIA","UMBRIA - P01","AZIONE - ITALIA VIVA - CALENDA","LUCIANA BASSINI","08/05/1951","CITTA' DI CASTELLO (PG)"
"UMBRIA","UMBRIA - P01","ITALIA SOVRANA E POPOLARE","MARTINA CARLETTI","06/04/1990","GUBBIO (PG)"
"UMBRIA","UMBRIA - P01","ITALIA SOVRANA E POPOLARE","PAOLO ZIONI","03/08/1976","PIACENZA "
"UMBRIA","UMBRIA - P01","ITALIA SOVRANA E POPOLARE","CLAUDIA CASTANGIA","07/04/1986","FOLIGNO (PG)"
"UMBRIA","UMBRIA - P01","ITALIA SOVRANA E POPOLARE","ANDREA MORETTI","23/11/1968","TERNI"
"UMBRIA","UMBRIA - P01","MOVIMENTO 5 STELLE","EMMA PAVANELLI","19/03/1973","CHIAVARI (GE)"
"UMBRIA","UMBRIA - P01","MOVIMENTO 5 STELLE","ANDREA LIBERATI","22/09/1976","TERNI"
"UMBRIA","UMBRIA - P01","MOVIMENTO 5 STELLE","ANGELICA TRENTA","26/06/1983","TERNI"
"UMBRIA","UMBRIA - P01","MOVIMENTO 5 STELLE","GINO DI MANICI PROIETTI","21/03/1956","SPOLETO (PG)"
"UMBRIA","UMBRIA - P01","UNIONE POPOLARE CON DE MAGISTRIS","SIMONA BRANCHINELLI","21/04/1975","UMBERTIDE (PG)"
"UMBRIA","UMBRIA - P01","UNIONE POPOLARE CON DE MAGISTRIS","LORENZO MARCELLINI","14/04/1982","TERNI"
"UMBRIA","UMBRIA - P01","UNIONE POPOLARE CON DE MAGISTRIS","TIZIANA SANTONI","01/02/1963","SPOLETO (PG)"
"UMBRIA","UMBRIA - P01","UNIONE POPOLARE CON DE MAGISTRIS","MATTEO VITIELLO","21/10/1987","TERNI "
"UMBRIA","UMBRIA - P01","ALLEANZA VERDI E SINISTRA","ELISABETTA PICCOLOTTI","10/02/1982","CAMERINO"
"UMBRIA","UMBRIA - P01","ALLEANZA VERDI E SINISTRA","ENRICO PACI","21/11/1983","CITTA' DI CASTELLO (PG)"
"UMBRIA","UMBRIA - P01","ALLEANZA VERDI E SINISTRA","ANTONIETTA ALONGE","22/07/1960","FOLIGNO (PG)"
"UMBRIA","UMBRIA - P01","ALLEANZA VERDI E SINISTRA","SIMONE PICOTTI","04/03/1978","PERUGIA"
"UMBRIA","UMBRIA - P01"," +EUROPA","GIUSEPPINA BARLUZZI","08/01/1986","PIETRASANTA (LU)"
"UMBRIA","UMBRIA - P01"," +EUROPA","RICCARDO PANNACCI","08/09/1973","PERUGIA"
"UMBRIA","UMBRIA - P01"," +EUROPA","SILVIA MALAVASI","06/03/1979","ROMA"
"UMBRIA","UMBRIA - P01"," +EUROPA","ANTONIO ZURINO","17/07/1977","PERUGIA"
"UMBRIA","UMBRIA - P01","IMPEGNO CIVICO LUIGI DI MAIO - CENTRO DEMOCRATICO","FILIPPO GALLINELLA","11/10/1979","FIRENZE"
"UMBRIA","UMBRIA - P01","IMPEGNO CIVICO LUIGI DI MAIO - CENTRO DEMOCRATICO","LAURA AGEA","17/02/1978","NARNI (TR)"
"UMBRIA","UMBRIA - P01","IMPEGNO CIVICO LUIGI DI MAIO - CENTRO DEMOCRATICO","GUIDO PEROSINO","25/08/1956","ALBA (CN)"
"UMBRIA","UMBRIA - P01","IMPEGNO CIVICO LUIGI DI MAIO - CENTRO DEMOCRATICO","FLORA CONTOLI","01/08/1977","ROMA"
"UMBRIA","UMBRIA - P01","PARTITO DEMOCRATICO - ITALIA DEMOCRATICA E PROGRESSISTA","ANNA ASCANI","17/10/1987","CITTA' DI CASTELLO (PG)"
"UMBRIA","UMBRIA - P01","PARTITO DEMOCRATICO - ITALIA DEMOCRATICA E PROGRESSISTA","PIERLUIGI SPINELLI","06/02/1973","TERNI"
"UMBRIA","UMBRIA - P01","PARTITO DEMOCRATICO - ITALIA DEMOCRATICA E PROGRESSISTA","CLAUDIA CIOMBOLINI","26/11/1978","ASSISI (PG)"
"UMBRIA","UMBRIA - P01","PARTITO DEMOCRATICO - ITALIA DEMOCRATICA E PROGRESSISTA","LORENZO ERMENEGILDI ZURLO","16/06/1992","ASSISI (PG)"
"UMBRIA","UMBRIA - P01","ITALEXIT PER L'ITALIA","GIORGIA VENERANDI","23/10/1975","ROMA"
"UMBRIA","UMBRIA - P01","ITALEXIT PER L'ITALIA","FEDERICO VECCHIARELLI","18/01/1979","GUALDO TADINO (PG)"
"UMBRIA","UMBRIA - P01","ITALEXIT PER L'ITALIA","SABINA SOFIA CIPRIANI","06/09/1966","LIPPSTADT (GERMANIA)"
"UMBRIA","UMBRIA - P01","ITALEXIT PER L'ITALIA","STEFANO BABUCCI","13/01/1962","PERUGIA"
"UMBRIA","UMBRIA - P01","MASTELLA NOI DI CENTRO EUROPEISTI","RAFFAELE FANTETTI","13/03/1966","ROMA"
"UMBRIA","UMBRIA - P01","MASTELLA NOI DI CENTRO EUROPEISTI","AMBRA MARIA GAROFALO","13/12/1970","VERONA"
"UMBRIA","UMBRIA - P01","PARTITO COMUNISTA ITALIANO","MICHELE FROSCIANTI","08/04/1977","TERNI"
"UMBRIA","UMBRIA - P01","PARTITO COMUNISTA ITALIANO","LENINA FABRIZI","28/09/1947","TERNI"
"UMBRIA","UMBRIA - P01","PARTITO COMUNISTA ITALIANO","DAVIDE BENEDETTI","22/03/1995","CITTA' DI CASTELLO (PG)"
"UMBRIA","UMBRIA - P01","PARTITO COMUNISTA ITALIANO","MARIA STELLA TRAVERSINI","07/10/1963","LA SPEZIA"
"UMBRIA","UMBRIA - P01","VITA","MAURIZIO MARTUCCI","25/07/1973","ROMA"
"UMBRIA","UMBRIA - P01","VITA","ALESSANDRA GARAFFA","01/10/1969","PERUGIA"
"UMBRIA","UMBRIA - P01","VITA","DAVID URRU","07/08/1960","PERUGIA"
"UMBRIA","UMBRIA - P01","VITA","SABRINA PIERANGELI","08/07/1961","CITTA' DI CASTELLO (PG)"
"UMBRIA","UMBRIA - P01","FRATELLI D'ITALIA CON GIORGIA MELONI","EMANUELE PRISCO","23/11/1977","PERUGIA"
"UMBRIA","UMBRIA - P01","FRATELLI D'ITALIA CON GIORGIA MELONI","CHIARA LA PORTA","07/06/1991","PRATO "
"UMBRIA","UMBRIA - P01","FRATELLI D'ITALIA CON GIORGIA MELONI","MARCO SQUARTA","04/06/1979","PERUGIA"
"UMBRIA","UMBRIA - P01","FRATELLI D'ITALIA CON GIORGIA MELONI","ELEONORA PACE","10/12/1980","NARNI (TR)"
"UMBRIA","UMBRIA - P01","LEGA PER SALVINI PREMIER","VALERIA ALESSANDRINI","26/08/1975","TERNI"
"UMBRIA","UMBRIA - P01","LEGA PER SALVINI PREMIER","SIMONE PILLON","01/06/1971","BRESCIA"
"UMBRIA","UMBRIA - P01","LEGA PER SALVINI PREMIER","MARIA CRISTINA CANUTI","26/01/1968","PERUGIA"
"UMBRIA","UMBRIA - P01","LEGA PER SALVINI PREMIER","FEDERICO BRIZI","14/05/1977","TERNI"
"UMBRIA","UMBRIA - P01","FORZA ITALIA","CATIA POLIDORI","03/07/1967","CITTA' DI CASTELLO (PG)"
"UMBRIA","UMBRIA - P01","FORZA ITALIA","ROBERTO MORRONI","27/10/1962","GUALDO TADINO (PG)"
"UMBRIA","UMBRIA - P01","FORZA ITALIA","CRISTINA BERTINELLI","20/02/1963","RIMINI"
"UMBRIA","UMBRIA - P01","FORZA ITALIA","FRANCESCO MARIA FERRANTI","30/05/1977","TERNI"
"UMBRIA","UMBRIA - P01","NOI MODERATI/LUPI - TOTI - BRUGNARO - UDC","MARTINA SEMENZATO","09/07/1973","SPINEA (VE)"
"UMBRIA","UMBRIA - P01","NOI MODERATI/LUPI - TOTI - BRUGNARO - UDC","SIMONE LENTINI","03/09/1955","MARSALA (TP)"
"UMBRIA","UMBRIA - P01","NOI MODERATI/LUPI - TOTI - BRUGNARO - UDC","FLORIANA CUTINI","08/10/1974","GUALDO CATTANEO (PG)"
"UMBRIA","UMBRIA - P01","NOI MODERATI/LUPI - TOTI - BRUGNARO - UDC","RENZO BALDONI","10/06/1947","CERRETO D'ESI (AN)"
"MARCHE","MARCHE - P01","PARTITO COMUNISTA ITALIANO","ROBERTA COLETTA","14/01/1980","OSIMO"
"MARCHE","MARCHE - P01","PARTITO COMUNISTA ITALIANO","RUGGERO GIACOMINI","01/05/1945","SARNANO"
"MARCHE","MARCHE - P01","PARTITO COMUNISTA ITALIANO","MICHELA PROCACCINI","06/02/1992","FABRIANO"
"MARCHE","MARCHE - P01","PARTITO COMUNISTA ITALIANO","MARCO PUCCI","12/03/1948","PESARO"
"MARCHE","MARCHE - P01","PARTITO DEMOCRATICO - ITALIA DEMOCRATICA E PROGRESSISTA","IRENE MANZI","16/08/1977","MACERATA"
"MARCHE","MARCHE - P01","PARTITO DEMOCRATICO - ITALIA DEMOCRATICA E PROGRESSISTA","AUGUSTO CURTI","04/03/1978","ASCOLI PICENO"
"MARCHE","MARCHE - P01","PARTITO DEMOCRATICO - ITALIA DEMOCRATICA E PROGRESSISTA","ALESSIA MORANI","03/01/1976","SASSOCORVARO"
"MARCHE","MARCHE - P01","PARTITO DEMOCRATICO - ITALIA DEMOCRATICA E PROGRESSISTA","ANTONIO GITTO","16/07/1968","FOGGIA"
"MARCHE","MARCHE - P01","ALLEANZA VERDI E SINISTRA","LUISA SERRONI","21/09/1967","SANT'ELPIDIO A MARE"
"MARCHE","MARCHE - P01","ALLEANZA VERDI E SINISTRA","SANDRO BISONNI","26/05/1968","SAN SEVERINO MARCHE"
"MARCHE","MARCHE - P01","ALLEANZA VERDI E SINISTRA","GIOIA SANTARELLI","21/12/1988","JESI"
"MARCHE","MARCHE - P01","ALLEANZA VERDI E SINISTRA","PIER FRANCESCO CORVINO","04/02/1994","JESI"
"MARCHE","MARCHE - P01","IMPEGNO CIVICO LUIGI DI MAIO - CENTRO DEMOCRATICO","PATRIZIA TERZONI","05/10/1982","FABRIANO"
"MARCHE","MARCHE - P01","IMPEGNO CIVICO LUIGI DI MAIO - CENTRO DEMOCRATICO","ROBERTO BIAGIOTTI","03/11/1982","CATTOLICA"
"MARCHE","MARCHE - P01","IMPEGNO CIVICO LUIGI DI MAIO - CENTRO DEMOCRATICO","ANITA LIKMETA","08/11/1985","DURAZZO (ALBANIA)"
"MARCHE","MARCHE - P01","IMPEGNO CIVICO LUIGI DI MAIO - CENTRO DEMOCRATICO","STEFANO CATINI","03/04/1975","PESCARA"
"MARCHE","MARCHE - P01"," +EUROPA","MATTIA MORBIDONI","19/09/1987","CHIARAVALLE"
"MARCHE","MARCHE - P01"," +EUROPA","DILETTA DOFFO","16/01/1990","ANCONA"
"MARCHE","MARCHE - P01"," +EUROPA","ALESSANDRO CIRELLI","22/03/1993","BOLOGNA"
"MARCHE","MARCHE - P01"," +EUROPA","MARIA ANTONIETTA DI PIETRANTONIO","25/06/1955","LETTOMANOPPELLO"
"MARCHE","MARCHE - P01","VITA","DAVIDE BARILLARI","26/02/1974","MILANO"
"MARCHE","MARCHE - P01","VITA","ALESSANDRA CONTIGIANI","05/04/1982","MACERATA"
"MARCHE","MARCHE - P01","VITA","ALESSIO CANALINI","06/11/1977","PESARO"
"MARCHE","MARCHE - P01","VITA","LAURA LUPINI","22/07/1962","SENIGALLIA"
"MARCHE","MARCHE - P01","ITALIA SOVRANA E POPOLARE","MARCO RIZZO","12/10/1959","TORINO"
"MARCHE","MARCHE - P01","ITALIA SOVRANA E POPOLARE","MARIANELLA FIORAVANTI","29/10/1983","CIVITANOVA MARCHE"
"MARCHE","MARCHE - P01","ITALIA SOVRANA E POPOLARE","STEFANO ROSATI","26/12/1976","RIETI"
"MARCHE","MARCHE - P01","ITALIA SOVRANA E POPOLARE","CATIA JACHETTI","20/10/1966","ANCONA"
"MARCHE","MARCHE - P01","MOVIMENTO 5 STELLE","GIORGIO FEDE","23/12/1961","SAN BENEDETTO DEL TRONTO"
"MARCHE","MARCHE - P01","MOVIMENTO 5 STELLE","ROSSELLA ACCOTO","13/10/1969","BRINDISI"
"MARCHE","MARCHE - P01","MOVIMENTO 5 STELLE","GABRIELE SANTARELLI","10/06/1977","FABRIANO"
"MARCHE","MARCHE - P01","MOVIMENTO 5 STELLE","MIRELLA EMILIOZZI","11/06/1968","MACERATA"
"MARCHE","MARCHE - P01","ALTERNATIVA PER L'ITALIA - NO GREEN PASS","FABIO SEBASTIANELLI","07/03/1970","ANCONA"
"MARCHE","MARCHE - P01","ALTERNATIVA PER L'ITALIA - NO GREEN PASS","CLARA FERRANTI","02/03/1964","FERMO"
"MARCHE","MARCHE - P01","ALTERNATIVA PER L'ITALIA - NO GREEN PASS","OSCAR PIERGALLINI","11/11/1974","SAN BENEDETTO DEL TRONTO"
"MARCHE","MARCHE - P01","ALTERNATIVA PER L'ITALIA - NO GREEN PASS","LORENA NARCISI","16/10/1973","SAN BENEDETTO DEL TRONTO"
"MARCHE","MARCHE - P01","AZIONE - ITALIA VIVA - CALENDA","TOMMASO FAGIOLI","30/09/1981","ANCONA"
"MARCHE","MARCHE - P01","AZIONE - ITALIA VIVA - CALENDA","MARIA RITA MORGANTI","13/11/1986","SAN BENEDETTO DEL TRONTO"
"MARCHE","MARCHE - P01","AZIONE - ITALIA VIVA - CALENDA","FABIO D'ERASMO","20/12/1986","FERMO"
"MARCHE","MARCHE - P01","AZIONE - ITALIA VIVA - CALENDA","MARIA AMBROGINI","11/03/1955","FALCONARA MARITTIMA"
"MARCHE","MARCHE - P01","NOI MODERATI/LUPI - TOTI - BRUGNARO - UDC","GIULIA MARCHIONNI","13/07/1989","ROMA"
"MARCHE","MARCHE - P01","NOI MODERATI/LUPI - TOTI - BRUGNARO - UDC","FRANCO ROSINI","30/09/1961","JESI"
"MARCHE","MARCHE - P01","NOI MODERATI/LUPI - TOTI - BRUGNARO - UDC","ANNA VIRGINIA VINCENZONI","26/06/1945","JESI"
"MARCHE","MARCHE - P01","NOI MODERATI/LUPI - TOTI - BRUGNARO - UDC","PAOLO PICCINELLI","12/07/1969","ROMA"
"MARCHE","MARCHE - P01","FORZA ITALIA","MARIA VALENTINA VEZZALI","14/02/1974","JESI"
"MARCHE","MARCHE - P01","FORZA ITALIA","STEFANO AGUZZI","27/04/1962","FANO"
"MARCHE","MARCHE - P01","FORZA ITALIA","DONATELLA FORLINI","27/05/1964","ASCOLI PICENO"
"MARCHE","MARCHE - P01","FORZA ITALIA","CLAUDIO MORRESI","05/08/1965","CIVITANOVA MARCHE"
"MARCHE","MARCHE - P01","FRATELLI D'ITALIA CON GIORGIA MELONI","LUCIA ALBANO","11/02/1965","SAN BENEDETTO DEL TRONTO"
"MARCHE","MARCHE - P01","FRATELLI D'ITALIA CON GIORGIA MELONI","ANTONIO BALDELLI","24/06/1971","ANCONA"
"MARCHE","MARCHE - P01","FRATELLI D'ITALIA CON GIORGIA MELONI","RACHELE SILVESTRI","30/08/1986","ASCOLI PICENO"
"MARCHE","MARCHE - P01","FRATELLI D'ITALIA CON GIORGIA MELONI","ANDREA BALESTRIERI","23/11/1973","PORTO SAN GIORGIO"
"MARCHE","MARCHE - P01","LEGA PER SALVINI PREMIER","RICCARDO AUGUSTO MARCHETTI","08/05/1987","UMBERTIDE"
"MARCHE","MARCHE - P01","LEGA PER SALVINI PREMIER","ELENA CAMPAGNOLO","17/06/1983","BASSANO DEL GRAPPA"
"MARCHE","MARCHE - P01","LEGA PER SALVINI PREMIER","GIULIANO PAZZAGLINI","29/04/1968","CAMERINO"
"MARCHE","MARCHE - P01","LEGA PER SALVINI PREMIER","SILVANA GHIRETTI","07/02/1967","MILANO"
"MARCHE","MARCHE - P01","UNIONE POPOLARE CON DE MAGISTRIS","ARIANNA BUDA","28/01/1993","ANCONA"
"MARCHE","MARCHE - P01","UNIONE POPOLARE CON DE MAGISTRIS","GIANMARCO MEREU","23/07/1997","ORTONA"
"MARCHE","MARCHE - P01","UNIONE POPOLARE CON DE MAGISTRIS","BARBARA MICHIELUZZI","06/10/1971","CHIARAVALLE"
"MARCHE","MARCHE - P01","UNIONE POPOLARE CON DE MAGISTRIS","GIOVANNI FRATICELLI","18/11/1978","ANCONA"
"MARCHE","MARCHE - P01","ITALEXIT PER L'ITALIA","MASSIMO GIANANGELI","18/06/1970","JESI (AN)"
"MARCHE","MARCHE - P01","ITALEXIT PER L'ITALIA","MICHELA CAROTA","31/10/1973","MACERATA"
"MARCHE","MARCHE - P01","ITALEXIT PER L'ITALIA","VALERIO MEDICI","05/05/1981","ANCONA"
"MARCHE","MARCHE - P01","ITALEXIT PER L'ITALIA","DANIELA RASTELLI","30/11/1972","SAN BENEDETTO DEL TRONTO"
"LAZIO 1","LAZIO 1 - P01","VITA","EDOARDO POLACCO","18/11/1956","TARANTO"
"LAZIO 1","LAZIO 1 - P01","VITA","ROBERTA BORGHESE","15/06/1962","ROMA"
"LAZIO 1","LAZIO 1 - P01","VITA","DAVIDE BARILLARI","26/02/1974","MILANO"
"LAZIO 1","LAZIO 1 - P01","VITA","LAURA RUZZA","31/05/1981","ROMA"
"LAZIO 1","LAZIO 1 - P01","MOVIMENTO 5 STELLE","LIVIO DE SANTOLI","07/01/1956","CARACAS (VENEZUELA)"
"LAZIO 1","LAZIO 1 - P01","MOVIMENTO 5 STELLE","ANGELA SALAFIA","12/02/1979","NAPOLI"
"LAZIO 1","LAZIO 1 - P01","MOVIMENTO 5 STELLE","MANUEL TUZI","27/12/1987","ROMA"
"LAZIO 1","LAZIO 1 - P01","MOVIMENTO 5 STELLE","ELEONORA GUADAGNO","07/02/1981","ROMA"
"LAZIO 1","LAZIO 1 - P01","UNIONE POPOLARE CON DE MAGISTRIS","LUIGI DE MAGISTRIS","20/06/1967","NAPOLI"
"LAZIO 1","LAZIO 1 - P01","UNIONE POPOLARE CON DE MAGISTRIS","BEATRICE GAMBERINI","09/10/1990","BOLOGNA"
"LAZIO 1","LAZIO 1 - P01","UNIONE POPOLARE CON DE MAGISTRIS","FABIO PERRONE","06/02/1990","ROMA"
"LAZIO 1","LAZIO 1 - P01","UNIONE POPOLARE CON DE MAGISTRIS","MARGHERITA CANTELLI","01/02/1994","BOLOGNA"
"LAZIO 1","LAZIO 1 - P01","ALTERNATIVA PER L'ITALIA - NO GREEN PASS","MICHELA ESPOSITO","14/06/1977","NAPOLI"
"LAZIO 1","LAZIO 1 - P01","ALTERNATIVA PER L'ITALIA - NO GREEN PASS","SIMONE DI STEFANO","12/08/1976","ROMA"
"LAZIO 1","LAZIO 1 - P01","ALTERNATIVA PER L'ITALIA - NO GREEN PASS","ALESSANDRA TRIGILA","11/11/1953","GENOVA"
"LAZIO 1","LAZIO 1 - P01","ALTERNATIVA PER L'ITALIA - NO GREEN PASS","MARCO PETRIZZELLI","24/07/1973","ROMA"
"LAZIO 1","LAZIO 1 - P01","ITALIA SOVRANA E POPOLARE","PAOLO PACE","05/10/1962","ROMA"
"LAZIO 1","LAZIO 1 - P01","ITALIA SOVRANA E POPOLARE","MARIA ANTONIETTA ZOLA","25/04/1966","IRGOLI (NU)"
"LAZIO 1","LAZIO 1 - P01","ITALIA SOVRANA E POPOLARE","NINO DI CICCO","03/03/1980","PESCINA (AQ)"
"LAZIO 1","LAZIO 1 - P01","ITALIA SOVRANA E POPOLARE","ARIANNA CERVINO","30/12/1971","ROMA"
"LAZIO 1","LAZIO 1 - P01","PARTITO DELLA FOLLIA CREATIVA","GIUSEPPE CIRILLO DETTO OSCURATO","03/01/1953","SANTA MARIA CAPUA VETERE (CE)"
"LAZIO 1","LAZIO 1 - P01","PARTITO DELLA FOLLIA CREATIVA","GIULIA CASTELLI","22/05/1975","CASERTA"
"LAZIO 1","LAZIO 1 - P01","PARTITO DELLA FOLLIA CREATIVA","ALBERTO PELLEGRINO","02/01/1994","MADDALONI (CE)"
"LAZIO 1","LAZIO 1 - P01","PARTITO DELLA FOLLIA CREATIVA","MARIA FARINA","05/05/1959","RECALE (CE)"
"LAZIO 1","LAZIO 1 - P01","PARTITO DEMOCRATICO - ITALIA DEMOCRATICA E PROGRESSISTA","NICOLA ZINGARETTI","11/10/1965","ROMA"
"LAZIO 1","LAZIO 1 - P01","PARTITO DEMOCRATICO - ITALIA DEMOCRATICA E PROGRESSISTA","MARIA ANNA MADIA","05/09/1980","ROMA"
"LAZIO 1","LAZIO 1 - P01","PARTITO DEMOCRATICO - ITALIA DEMOCRATICA E PROGRESSISTA","ANDREA CASU","06/11/1981","ROMA "
"LAZIO 1","LAZIO 1 - P01","PARTITO DEMOCRATICO - ITALIA DEMOCRATICA E PROGRESSISTA","PATRIZIA PRESTIPINO DETTA PAT","16/09/1963","ROMA "
"LAZIO 1","LAZIO 1 - P01","IMPEGNO CIVICO LUIGI DI MAIO - CENTRO DEMOCRATICO","BRUNO TABACCI","27/08/1946","QUISTELLO  (MN)"
"LAZIO 1","LAZIO 1 - P01","IMPEGNO CIVICO LUIGI DI MAIO - CENTRO DEMOCRATICO","CARLA RUOCCO","28/07/1973","NAPOLI"
"LAZIO 1","LAZIO 1 - P01","IMPEGNO CIVICO LUIGI DI MAIO - CENTRO DEMOCRATICO","STEFANO VIGNAROLI","05/08/1976","ROMA"
"LAZIO 1","LAZIO 1 - P01","IMPEGNO CIVICO LUIGI DI MAIO - CENTRO DEMOCRATICO","FEDERICA DAGA","28/02/1976","ORISTANO"
"LAZIO 1","LAZIO 1 - P01","ALLEANZA VERDI E SINISTRA","FILIBERTO ZARATTI","26/03/1956","ROMA"
"LAZIO 1","LAZIO 1 - P01","ALLEANZA VERDI E SINISTRA","MARILENA GRASSADONIA","06/10/1970","PALERMO"
"LAZIO 1","LAZIO 1 - P01","ALLEANZA VERDI E SINISTRA","FERDINANDO BONESSIO","15/02/1958","FIRENZE"
"LAZIO 1","LAZIO 1 - P01","ALLEANZA VERDI E SINISTRA","ELISABETTA PAPINI","05/02/1970","ROMA"
"LAZIO 1","LAZIO 1 - P01"," +EUROPA","RICCARDO MAGI","07/08/1976","ROMA (RM)"
"LAZIO 1","LAZIO 1 - P01"," +EUROPA","MARIA SAELI","29/04/1988","PALERMO (PA)"
"LAZIO 1","LAZIO 1 - P01"," +EUROPA","GIORDANO MASINI","19/01/1971","ROMA"
"LAZIO 1","LAZIO 1 - P01"," +EUROPA","TANIA PACE","27/05/1968","AVEZZANO"
"LAZIO 1","LAZIO 1 - P01","ITALEXIT PER L'ITALIA","GIOVANNI FRAJESE","21/02/1972","ROMA"
"LAZIO 1","LAZIO 1 - P01","ITALEXIT PER L'ITALIA","SIMONA BOCCUTI","25/09/1974","ROMA"
"LAZIO 1","LAZIO 1 - P01","ITALEXIT PER L'ITALIA","GIANLUCA DELLA ROCCA","31/03/1981","ROMA"
"LAZIO 1","LAZIO 1 - P01","ITALEXIT PER L'ITALIA","TIZIANA MARCIAS","20/04/1984","ROMA"
"LAZIO 1","LAZIO 1 - P01","AZIONE - ITALIA VIVA - CALENDA","MARIA ELENA BOSCHI","24/01/1981","MONTEVARCHI (AR)"
"LAZIO 1","LAZIO 1 - P01","AZIONE - ITALIA VIVA - CALENDA","ROBERTO GIACHETTI","24/04/1961","ROMA"
"LAZIO 1","LAZIO 1 - P01","AZIONE - ITALIA VIVA - CALENDA","VALENTINA GRIPPO","07/08/1971","ROMA"
"LAZIO 1","LAZIO 1 - P01","AZIONE - ITALIA VIVA - CALENDA","GIUSEPPE LOBEFARO","21/06/1954","ROMA"
"LAZIO 1","LAZIO 1 - P01","NOI MODERATI/LUPI - TOTI - BRUGNARO - UDC","MARCO DI STEFANO","12/05/1964","ROMA"
"LAZIO 1","LAZIO 1 - P01","NOI MODERATI/LUPI - TOTI - BRUGNARO - UDC","LUCIA SCANU","01/03/1979","ORISTANO"
"LAZIO 1","LAZIO 1 - P01","NOI MODERATI/LUPI - TOTI - BRUGNARO - UDC","LUCIANO CIRULLI","24/08/1974","ATESSA (CH)"
"LAZIO 1","LAZIO 1 - P01","NOI MODERATI/LUPI - TOTI - BRUGNARO - UDC","RITA REALI","18/11/1965","ROMA"
"LAZIO 1","LAZIO 1 - P01","LEGA PER SALVINI PREMIER","SIMONETTA MATONE","16/06/1953","ROMA"
"LAZIO 1","LAZIO 1 - P01","LEGA PER SALVINI PREMIER","FABRIZIO SANTORI","21/03/1976","ROMA"
"LAZIO 1","LAZIO 1 - P01","LEGA PER SALVINI PREMIER","BARBARA SALTAMARTINI","27/08/1972","ROMA"
"LAZIO 1","LAZIO 1 - P01","LEGA PER SALVINI PREMIER","FELICE MARIANI","08/07/1954","ROMA"
"LAZIO 1","LAZIO 1 - P01","FRATELLI D'ITALIA CON GIORGIA MELONI","GIORGIA MELONI","15/01/1977","ROMA"
"LAZIO 1","LAZIO 1 - P01","FRATELLI D'ITALIA CON GIORGIA MELONI","FEDERICO MOLLICONE","23/11/1970","ROMA"
"LAZIO 1","LAZIO 1 - P01","FRATELLI D'ITALIA CON GIORGIA MELONI","MARIA TERESA  BELLUCCI","19/07/1972","ROMA"
"LAZIO 1","LAZIO 1 - P01","FRATELLI D'ITALIA CON GIORGIA MELONI","MASSIMILIANO DE TOMA","11/11/1965","ROMA"
"LAZIO 1","LAZIO 1 - P01","FORZA ITALIA","PAOLO BARELLI","07/06/1954","ROMA"
"LAZIO 1","LAZIO 1 - P01","FORZA ITALIA","MARIA SPENA","24/03/1962","NAPOLI"
"LAZIO 1","LAZIO 1 - P01","FORZA ITALIA","SESTINO GIACOMONI","27/03/1967","ROMA"
"LAZIO 1","LAZIO 1 - P01","FORZA ITALIA","ALESSANDRA FEDUZI","16/10/1987","URBINO (PU)"
"LAZIO 1","LAZIO 1 - P02","VITA","MAURIZIO MARTUCCI","25/07/1973","ROMA"
"LAZIO 1","LAZIO 1 - P02","VITA","ADELE LAMONICA","09/04/1959","CATANZARO"
"LAZIO 1","LAZIO 1 - P02","VITA","MASSIMO FIORANELLI","09/07/1958","ROMA"
"LAZIO 1","LAZIO 1 - P02","VITA","ROBERTA BORGHESE","15/06/1962","ROMA"
"LAZIO 1","LAZIO 1 - P02","MOVIMENTO 5 STELLE","ALFONSO COLUCCI","24/02/1964","FOGGIA"
"LAZIO 1","LAZIO 1 - P02","MOVIMENTO 5 STELLE","GIANPIERA DI IORIO","09/07/1961","FOGGIA"
"LAZIO 1","LAZIO 1 - P02","MOVIMENTO 5 STELLE","MARCO BELLA","25/04/1972","ROMA"
"LAZIO 1","LAZIO 1 - P02","MOVIMENTO 5 STELLE","MALGORZATA MARTA GIOWINE","30/01/1983"," SKARZJSKO KAMIENNA (POLONIA)"
"LAZIO 1","LAZIO 1 - P02","UNIONE POPOLARE CON DE MAGISTRIS","PAOLO FERRERO","17/11/1960","POMARETTO (TO)"
"LAZIO 1","LAZIO 1 - P02","UNIONE POPOLARE CON DE MAGISTRIS","ELENA MAZZONI","16/05/1976","ALBANO LAZIALE (RM)"
"LAZIO 1","LAZIO 1 - P02","UNIONE POPOLARE CON DE MAGISTRIS","FABIO SCIATORE","30/01/1993","ROMA"
"LAZIO 1","LAZIO 1 - P02","UNIONE POPOLARE CON DE MAGISTRIS","GIULIA GUZZINI","27/06/1994","LORETO (AN)"
"LAZIO 1","LAZIO 1 - P02","ITALIA SOVRANA E POPOLARE","ANTONELLA D'ANGELI","03/08/1965","ANAGNI (FR)"
"LAZIO 1","LAZIO 1 - P02","ITALIA SOVRANA E POPOLARE","FABIO MASSIMO VERNILLO","17/05/1964","ROMA"
"LAZIO 1","LAZIO 1 - P02","ITALIA SOVRANA E POPOLARE","MARIA RITA CAMPAGNOLO","18/07/1968","ACATE (RG)"
"LAZIO 1","LAZIO 1 - P02","ITALIA SOVRANA E POPOLARE","MASSIMO BIZZONI","25/03/1972","ALBANO LAZIALE (RM)"
"LAZIO 1","LAZIO 1 - P02","PARTITO DELLA FOLLIA CREATIVA","DALILA GALLOZZI","17/08/1985","CASERTA"
"LAZIO 1","LAZIO 1 - P02","PARTITO DELLA FOLLIA CREATIVA","GIUSEPPE CIRILLO DETTO OSCURATO","03/01/1953","SANTA MARIA CAPUA VETERE"
"LAZIO 1","LAZIO 1 - P02","PARTITO DELLA FOLLIA CREATIVA","CONCETTA SANTONASTASO","02/04/1956","CASAGIOVE (CE)"
"LAZIO 1","LAZIO 1 - P02","PARTITO DELLA FOLLIA CREATIVA","GIANLUCA DI BENEDETTO","19/12/1985","AVERSA (CE)"
"LAZIO 1","LAZIO 1 - P02","PARTITO DEMOCRATICO - ITALIA DEMOCRATICA E PROGRESSISTA","MICHELA DI BIASE","17/10/1980","ROMA "
"LAZIO 1","LAZIO 1 - P02","PARTITO DEMOCRATICO - ITALIA DEMOCRATICA E PROGRESSISTA","MARCO VINCENZI","14/04/1958","ROMA "
"LAZIO 1","LAZIO 1 - P02","PARTITO DEMOCRATICO - ITALIA DEMOCRATICA E PROGRESSISTA","FRANCESCA PICCARRETA","28/07/1986","GENZANO DI ROMA (RM)"
"LAZIO 1","LAZIO 1 - P02","PARTITO DEMOCRATICO - ITALIA DEMOCRATICA E PROGRESSISTA","ROBERTO SCIACCA","17/05/1959","ROMA (RM)"
"LAZIO 1","LAZIO 1 - P02","IMPEGNO CIVICO LUIGI DI MAIO - CENTRO DEMOCRATICO","EMILIO CARELLI","21/05/1952","CREMA (CR)"
"LAZIO 1","LAZIO 1 - P02","IMPEGNO CIVICO LUIGI DI MAIO - CENTRO DEMOCRATICO","FEDERICA DAGA","28/02/1976","ORISTANO"
"LAZIO 1","LAZIO 1 - P02","IMPEGNO CIVICO LUIGI DI MAIO - CENTRO DEMOCRATICO","STEFANO VIGNAROLI","05/08/1976","ROMA"
"LAZIO 1","LAZIO 1 - P02","IMPEGNO CIVICO LUIGI DI MAIO - CENTRO DEMOCRATICO","MARTA GRANDE","22/11/1987","CIVITAVECCHIA (RM)"
"LAZIO 1","LAZIO 1 - P02","ALLEANZA VERDI E SINISTRA","FILIBERTO ZARATTI","26/03/1956","ROMA"
"LAZIO 1","LAZIO 1 - P02","ALLEANZA VERDI E SINISTRA","MARTA ELISA BEVILACQUA","06/11/1980","ALBANO LAZIALE (RM)"
"LAZIO 1","LAZIO 1 - P02","ALLEANZA VERDI E SINISTRA","MATTEO ANGELANTONI","23/10/1993","FRASCATI (RM)"
"LAZIO 1","LAZIO 1 - P02","ALLEANZA VERDI E SINISTRA","DANIELA CAPONI","14/07/1961","ROMA"
"LAZIO 1","LAZIO 1 - P02"," +EUROPA","GIORDANO MASINI","19/01/1971","ROMA"
"LAZIO 1","LAZIO 1 - P02"," +EUROPA","TANIA PACE","27/05/1968","AVEZZANO"
"LAZIO 1","LAZIO 1 - P02"," +EUROPA","ROBERTO BALDI","04/12/1974","SAVONA"
"LAZIO 1","LAZIO 1 - P02"," +EUROPA","CARLA TAIBI","29/03/1981","MUSSOMELI"
"LAZIO 1","LAZIO 1 - P02","ITALEXIT PER L'ITALIA","CARLOTTA CHIARALUCE","25/01/1984","ROMA"
"LAZIO 1","LAZIO 1 - P02","ITALEXIT PER L'ITALIA","PIETRO L'ERARIO","09/09/1967","NAPOLI"
"LAZIO 1","LAZIO 1 - P02","ITALEXIT PER L'ITALIA","DAMIANA FIAMMENGHI","25/09/1984","ROMA"
"LAZIO 1","LAZIO 1 - P02","ITALEXIT PER L'ITALIA","FLAVIO RULLI","19/01/1982","ROMA"
"LAZIO 1","LAZIO 1 - P02","AZIONE - ITALIA VIVA - CALENDA","MARIA ELENA BOSCHI","24/01/1981","MONTEVARCHI (AR)"
"LAZIO 1","LAZIO 1 - P02","AZIONE - ITALIA VIVA - CALENDA","ROBERTO GIACHETTI","24/04/1961","ROMA"
"LAZIO 1","LAZIO 1 - P02","AZIONE - ITALIA VIVA - CALENDA","FLAVIA DE GREGORIO","23/04/1988","ROMA"
"LAZIO 1","LAZIO 1 - P02","AZIONE - ITALIA VIVA - CALENDA","FRANCESCO FILIPPO CARPANO","17/02/1993","BRUXELLES (BELGIO)"
"LAZIO 1","LAZIO 1 - P02","NOI MODERATI/LUPI - TOTI - BRUGNARO - UDC","ADRIANO PALOZZI","17/07/1975","MARINO (RM)"
"LAZIO 1","LAZIO 1 - P02","NOI MODERATI/LUPI - TOTI - BRUGNARO - UDC","LAURA CLAUDICANTE","15/07/1971","BERNA (SVIZZERA)"
"LAZIO 1","LAZIO 1 - P02","NOI MODERATI/LUPI - TOTI - BRUGNARO - UDC","ANTONIO AQUINO","04/07/1962","POMEZIA (RM)"
"LAZIO 1","LAZIO 1 - P02","NOI MODERATI/LUPI - TOTI - BRUGNARO - UDC","MARTINA PARISSE","16/04/1984","JESI (AN)"
"LAZIO 1","LAZIO 1 - P02","LEGA PER SALVINI PREMIER","ANTONIO ANGELUCCI","16/09/1944","SANTE MARIE (AQ)"
"LAZIO 1","LAZIO 1 - P02","LEGA PER SALVINI PREMIER","MONICA PICCA","04/05/1971","ROMA"
"LAZIO 1","LAZIO 1 - P02","LEGA PER SALVINI PREMIER","MAURIZIO POLITI","22/09/1984","ROMA"
"LAZIO 1","LAZIO 1 - P02","LEGA PER SALVINI PREMIER","ILARIA NERI","07/04/1987","VELLETRI (RM)"
"LAZIO 1","LAZIO 1 - P02","FRATELLI D'ITALIA CON GIORGIA MELONI","FRANCESCO LOLLOBRIGIDA","21/03/1972","TIVOLI (RM)"
"LAZIO 1","LAZIO 1 - P02","FRATELLI D'ITALIA CON GIORGIA MELONI","CHIARA COLOSIMO","02/06/1986","ROMA"
"LAZIO 1","LAZIO 1 - P02","FRATELLI D'ITALIA CON GIORGIA MELONI","ANDREA VOLPI","28/04/1981","ROMA"
"LAZIO 1","LAZIO 1 - P02","FRATELLI D'ITALIA CON GIORGIA MELONI","MARIA TERESA BELLUCCI","19/07/1972","ROMA"
"LAZIO 1","LAZIO 1 - P02","FORZA ITALIA","PAOLO BARELLI","07/06/1954","ROMA"
"LAZIO 1","LAZIO 1 - P02","FORZA ITALIA","MARIA SPENA","24/03/1962","NAPOLI"
"LAZIO 1","LAZIO 1 - P02","FORZA ITALIA","SESTINO GIACOMONI","27/03/1967","ROMA"
"LAZIO 1","LAZIO 1 - P02","FORZA ITALIA","MARISA GROSSI","24/05/1961","SAMBUCI (RM)"
"LAZIO 1","LAZIO 1 - P03","VITA","DAVIDE BARILLARI","26/02/1974","MILANO"
"LAZIO 1","LAZIO 1 - P03","VITA","SILVIA ZAMPELLI","04/02/1975","BENEVENTO"
"LAZIO 1","LAZIO 1 - P03","VITA","SILVIO PIRONE","25/09/1953","ROMA"
"LAZIO 1","LAZIO 1 - P03","VITA","ADELE LAMONICA","09/04/1959","CATANZARO"
"LAZIO 1","LAZIO 1 - P03","MOVIMENTO 5 STELLE","FRANCESCO SILVESTRI","08/04/1981","ROMA"
"LAZIO 1","LAZIO 1 - P03","MOVIMENTO 5 STELLE","FRANCESCA FLATI","16/11/1982","ROMA"
"LAZIO 1","LAZIO 1 - P03","MOVIMENTO 5 STELLE","GIACOMO BALESTRIERI","26/06/1973","NAPOLI"
"LAZIO 1","LAZIO 1 - P03","MOVIMENTO 5 STELLE","MONICA BELLISARIO","11/12/1967","ROMA"
"LAZIO 1","LAZIO 1 - P03","UNIONE POPOLARE CON DE MAGISTRIS","ROSARIA GALIERO","27/04/1986","CASTELFRANCO VENETO (TV)"
"LAZIO 1","LAZIO 1 - P03","UNIONE POPOLARE CON DE MAGISTRIS","MICHELE  CONIA","04/08/1976","TAURIANOVA (RC)"
"LAZIO 1","LAZIO 1 - P03","UNIONE POPOLARE CON DE MAGISTRIS","SARA ZUFFARDI","02/05/1992","ROMA"
"LAZIO 1","LAZIO 1 - P03","UNIONE POPOLARE CON DE MAGISTRIS","GIAMPIERO MASSIMI","12/01/1972","PIGLIO (FR)"
"LAZIO 1","LAZIO 1 - P03","ALTERNATIVA PER L'ITALIA - NO GREEN PASS","SIMONE DI STEFANO","12/08/1976","ROMA"
"LAZIO 1","LAZIO 1 - P03","ALTERNATIVA PER L'ITALIA - NO GREEN PASS","LAURA TERRANA","23/02/1985","AGRIGENTO"
"LAZIO 1","LAZIO 1 - P03","ALTERNATIVA PER L'ITALIA - NO GREEN PASS","GUIDO PIANESELLI","09/07/1958","PROCENO (VT)"
"LAZIO 1","LAZIO 1 - P03","ALTERNATIVA PER L'ITALIA - NO GREEN PASS","JESSICA AVERSA","20/12/1993","CATANZARO"
"LAZIO 1","LAZIO 1 - P03","ITALIA SOVRANA E POPOLARE","FRANCESCO TOSCANO","28/05/1979","GIOIA TAURO "
"LAZIO 1","LAZIO 1 - P03","ITALIA SOVRANA E POPOLARE","MARIA RITA VOLPETTI","12/11/1966","ALBANO LAZIALE (RM)"
"LAZIO 1","LAZIO 1 - P03","ITALIA SOVRANA E POPOLARE","ARNALDO VITANGELI","28/01/1977","ROMA"
"LAZIO 1","LAZIO 1 - P03","ITALIA SOVRANA E POPOLARE","ARIANNA CERVINO","30/12/1971","ROMA"
"LAZIO 1","LAZIO 1 - P03","PARTITO DEMOCRATICO - ITALIA DEMOCRATICA E PROGRESSISTA","CLAUDIO MANCINI","22/02/1969","ROMA "
"LAZIO 1","LAZIO 1 - P03","PARTITO DEMOCRATICO - ITALIA DEMOCRATICA E PROGRESSISTA","CATERINA CERRONI","13/08/1991","AGNONE (IS)"
"LAZIO 1","LAZIO 1 - P03","PARTITO DEMOCRATICO - ITALIA DEMOCRATICA E PROGRESSISTA","ENRICO PANUNZI","04/02/1960","VITERBO "
"LAZIO 1","LAZIO 1 - P03","PARTITO DEMOCRATICO - ITALIA DEMOCRATICA E PROGRESSISTA","CLAUDIA DACONTO","03/10/1979","ROMA "
"LAZIO 1","LAZIO 1 - P03","IMPEGNO CIVICO LUIGI DI MAIO - CENTRO DEMOCRATICO","FEDERICA GASBARRO","03/01/1995","AVEZZANO (AQ)"
"LAZIO 1","LAZIO 1 - P03","IMPEGNO CIVICO LUIGI DI MAIO - CENTRO DEMOCRATICO","STEFANO VIGNAROLI","05/08/1976","ROMA"
"LAZIO 1","LAZIO 1 - P03","IMPEGNO CIVICO LUIGI DI MAIO - CENTRO DEMOCRATICO","ANITA LIKMETA","08/11/1985","DURAZZO (ALBANIA)"
"LAZIO 1","LAZIO 1 - P03","IMPEGNO CIVICO LUIGI DI MAIO - CENTRO DEMOCRATICO","EMILIO CARELLI","21/05/1952","CREMA (CR)"
"LAZIO 1","LAZIO 1 - P03","ALLEANZA VERDI E SINISTRA","FILIBERTO ZARATTI","26/03/1956","ROMA"
"LAZIO 1","LAZIO 1 - P03","ALLEANZA VERDI E SINISTRA","MARILENA GRASSADONIA","06/10/1970","PALERMO"
"LAZIO 1","LAZIO 1 - P03","ALLEANZA VERDI E SINISTRA","MARCO POSSANZINI","25/09/1976","ROMA"
"LAZIO 1","LAZIO 1 - P03","ALLEANZA VERDI E SINISTRA","FLAVIA SCIFONI","09/02/1992","ROMA"
"LAZIO 1","LAZIO 1 - P03"," +EUROPA","MARIA SAELI","29/04/1988","PALERMO (PA)"
"LAZIO 1","LAZIO 1 - P03"," +EUROPA","GIORDANO MASINI","19/01/1971","ROMA"
"LAZIO 1","LAZIO 1 - P03"," +EUROPA","RITA DI SANO","21/02/1980","BARI"
"LAZIO 1","LAZIO 1 - P03"," +EUROPA","ANDREA MASSARONI","26/07/1971","ROMA"
"LAZIO 1","LAZIO 1 - P03","ITALEXIT PER L'ITALIA","CARLOTTA CHIARALUCE","25/01/1984","ROMA"
"LAZIO 1","LAZIO 1 - P03","ITALEXIT PER L'ITALIA","ANDREA ANDERSON","25/11/1980","ROMA"
"LAZIO 1","LAZIO 1 - P03","ITALEXIT PER L'ITALIA","DAMIANA FIAMMENGHI","25/09/1984","ROMA"
"LAZIO 1","LAZIO 1 - P03","ITALEXIT PER L'ITALIA","LUCIO DI GIULIANTONIO","09/01/1960","ROMA"
"LAZIO 1","LAZIO 1 - P03","AZIONE - ITALIA VIVA - CALENDA","MARIA ELENA BOSCHI","24/01/1981","MONTEVARCHI (AR)"
"LAZIO 1","LAZIO 1 - P03","AZIONE - ITALIA VIVA - CALENDA","ROBERTO GIACHETTI","24/04/1961","ROMA"
"LAZIO 1","LAZIO 1 - P03","AZIONE - ITALIA VIVA - CALENDA","ROSARIA MARINO","27/07/1962","ROMA"
"LAZIO 1","LAZIO 1 - P03","AZIONE - ITALIA VIVA - CALENDA","ANGELO CAROCCIA","23/11/1963","FELITTO (SA)"
"LAZIO 1","LAZIO 1 - P03","NOI MODERATI/LUPI - TOTI - BRUGNARO - UDC","ANTONIO SACCONE","15/08/1969","HAIFA (ISRAELE)"
"LAZIO 1","LAZIO 1 - P03","NOI MODERATI/LUPI - TOTI - BRUGNARO - UDC","JESSICA CARLA FEDELE","07/11/1976","ROMA"
"LAZIO 1","LAZIO 1 - P03","NOI MODERATI/LUPI - TOTI - BRUGNARO - UDC","EUGENIO DE ZULIANI","18/11/1961","ROMA"
"LAZIO 1","LAZIO 1 - P03","NOI MODERATI/LUPI - TOTI - BRUGNARO - UDC","SERENA JERACI","10/05/1988","ROMA"
"LAZIO 1","LAZIO 1 - P03","LEGA PER SALVINI PREMIER","SIMONETTA MATONE","16/06/1953","ROMA"
"LAZIO 1","LAZIO 1 - P03","LEGA PER SALVINI PREMIER","ALFREDO MARIA BECCHETTI","01/12/1968","ROMA"
"LAZIO 1","LAZIO 1 - P03","LEGA PER SALVINI PREMIER","SARA DE ANGELIS","06/07/1976","ROMA"
"LAZIO 1","LAZIO 1 - P03","LEGA PER SALVINI PREMIER","MARCO PIETRANDREA","26/07/1989","CECCANO (FR)"
"LAZIO 1","LAZIO 1 - P03","FRATELLI D'ITALIA CON GIORGIA MELONI","FABIO RAMPELLI","02/08/1960","ROMA"
"LAZIO 1","LAZIO 1 - P03","FRATELLI D'ITALIA CON GIORGIA MELONI","CHIARA COLOSIMO","02/06/1986","ROMA"
"LAZIO 1","LAZIO 1 - P03","FRATELLI D'ITALIA CON GIORGIA MELONI","ANGELO ROSSI","23/02/1976","ROMA"
"LAZIO 1","LAZIO 1 - P03","FRATELLI D'ITALIA CON GIORGIA MELONI","MARIA RACHELE RUIU","04/10/1983","ROMA"
"LAZIO 1","LAZIO 1 - P03","FORZA ITALIA","PAOLO BARELLI","07/06/1954","ROMA"
"LAZIO 1","LAZIO 1 - P03","FORZA ITALIA","MARIA SPENA","24/03/1962","NAPOLI"
"LAZIO 1","LAZIO 1 - P03","FORZA ITALIA","SESTINO GIACOMONI","27/03/1967","ROMA"
"LAZIO 1","LAZIO 1 - P03","FORZA ITALIA","RINA GRASSO","06/11/1987","ARIANO IRPINO  (AV)"
"LAZIO 2","LAZIO 2 - P01","MOVIMENTO 5 STELLE","SIMONA SASSARA","01/04/1979","CIVITA CASTELLANA (VT)"
"LAZIO 2","LAZIO 2 - P01","MOVIMENTO 5 STELLE","MAURIZIO SELLI","04/08/1959","CIVITA CASTELLANA (VT)"
"LAZIO 2","LAZIO 2 - P01","MOVIMENTO 5 STELLE","PAOLA CREMONCINI","25/08/1962","MILANO"
"LAZIO 2","LAZIO 2 - P01","UNIONE POPOLARE CON DE MAGISTRIS","DANIELA PINARDI","20/04/1966","CIVITA CASTELLANA (VT)"
"LAZIO 2","LAZIO 2 - P01","UNIONE POPOLARE CON DE MAGISTRIS","FABIO PORTULANO","29/10/1972","TARANTO "
"LAZIO 2","LAZIO 2 - P01","UNIONE POPOLARE CON DE MAGISTRIS","ELISABETTA ZONETTI","06/11/1967","RIETI "
"LAZIO 2","LAZIO 2 - P01","NOI MODERATI/LUPI - TOTI - BRUGNARO - UDC","PAOLA BINETTI","29/03/1943","ROMA"
"LAZIO 2","LAZIO 2 - P01","NOI MODERATI/LUPI - TOTI - BRUGNARO - UDC","GINO STELLA","30/10/1985","DOLO (VE)"
"LAZIO 2","LAZIO 2 - P01","NOI MODERATI/LUPI - TOTI - BRUGNARO - UDC","CONNY CLAUDIA IENGO","03/09/1994","SAN GENNARO VESUVIANO (NA)"
"LAZIO 2","LAZIO 2 - P01","LEGA PER SALVINI PREMIER","UMBERTO FUSCO","29/02/1956","ROCCAGORGA (LT)"
"LAZIO 2","LAZIO 2 - P01","LEGA PER SALVINI PREMIER","ROBERTA CUNEO","02/01/1970","ROMA"
"LAZIO 2","LAZIO 2 - P01","LEGA PER SALVINI PREMIER","MARCO RIEZZO","31/05/1977","ROMA"
"LAZIO 2","LAZIO 2 - P01","FORZA ITALIA","PAOLO BARELLI","07/06/1954","ROMA"
"LAZIO 2","LAZIO 2 - P01","FORZA ITALIA","MARIA SPENA","24/03/1962","NAPOLI"
"LAZIO 2","LAZIO 2 - P01","FORZA ITALIA","SANDRO GRASSI","22/05/1956","L'AQUILA"
"LAZIO 2","LAZIO 2 - P01","FRATELLI D'ITALIA CON GIORGIA MELONI","MASSIMO MILANI","24/09/1967","ROMA"
"LAZIO 2","LAZIO 2 - P01","FRATELLI D'ITALIA CON GIORGIA MELONI","RACHELE SILVESTRI","30/08/1986","ASCOLI PICENO"
"LAZIO 2","LAZIO 2 - P01","FRATELLI D'ITALIA CON GIORGIA MELONI","MASSIMO GIAMPIERI","22/06/1947","CIVITA CASTELLANA (VT)"
"LAZIO 2","LAZIO 2 - P01","ITALEXIT PER L'ITALIA","ANDREA GIUSEPPE GIORGIO STRAMEZZI","22/06/1958","MILANO"
"LAZIO 2","LAZIO 2 - P01","ITALEXIT PER L'ITALIA","GIORGIA VENERANDI","23/10/1975","ROMA"
"LAZIO 2","LAZIO 2 - P01","ITALEXIT PER L'ITALIA","ALESSIO CATONI","20/12/1982","ROMA"
"LAZIO 2","LAZIO 2 - P01","ITALEXIT PER L'ITALIA","ANITA CIERVO","29/12/1981","SANT'AGATA DE' GOTI (BN)"
"LAZIO 2","LAZIO 2 - P01","PARTITO DEMOCRATICO - ITALIA DEMOCRATICA E PROGRESSISTA","MARIA ANNA MADIA","05/09/1980","ROMA"
"LAZIO 2","LAZIO 2 - P01","PARTITO DEMOCRATICO - ITALIA DEMOCRATICA E PROGRESSISTA","NICOLA SANTARELLI","08/02/1973","ROMA"
"LAZIO 2","LAZIO 2 - P01","PARTITO DEMOCRATICO - ITALIA DEMOCRATICA E PROGRESSISTA","LETIZIA CAROSELLA","10/12/1960","CATIGNANO (PE)"
"LAZIO 2","LAZIO 2 - P01","ALLEANZA VERDI E SINISTRA","LAURA CIACCI","04/10/1964","MILANO"
"LAZIO 2","LAZIO 2 - P01","ALLEANZA VERDI E SINISTRA","MICHELE SANCES","19/02/1991","VITERBO"
"LAZIO 2","LAZIO 2 - P01","ALLEANZA VERDI E SINISTRA","VINCENZA BASTA","03/05/1988","CARIATI (CS)"
"LAZIO 2","LAZIO 2 - P01","ALLEANZA VERDI E SINISTRA","MICHELE BAVARO","31/08/1971","ROMA"
"LAZIO 2","LAZIO 2 - P01"," +EUROPA","STEFANO PEDICA","13/10/1957","ROMA"
"LAZIO 2","LAZIO 2 - P01"," +EUROPA","RITA DI SANO","21/02/1980","BARI"
"LAZIO 2","LAZIO 2 - P01"," +EUROPA","CARLO GIORGI","05/03/1960","CASTELNUOVO DI FARFA (RI)"
"LAZIO 2","LAZIO 2 - P01"," +EUROPA","GABRIELLA VASILE","09/02/1952","ROMA"
"LAZIO 2","LAZIO 2 - P01","IMPEGNO CIVICO LUIGI DI MAIO - CENTRO DEMOCRATICO","MARTA GRANDE","22/11/1987","CIVITAVECCHIA (RM)"
"LAZIO 2","LAZIO 2 - P01","IMPEGNO CIVICO LUIGI DI MAIO - CENTRO DEMOCRATICO","ALESSIO ANGELUCCI","12/03/1985","RIETI"
"LAZIO 2","LAZIO 2 - P01","IMPEGNO CIVICO LUIGI DI MAIO - CENTRO DEMOCRATICO","FEDERICA DAGA","28/02/1976","ORISTANO"
"LAZIO 2","LAZIO 2 - P01","ITALIA SOVRANA E POPOLARE","STEFANO D'ANDREA","14/01/1970","AVEZZANO (AQ)"
"LAZIO 2","LAZIO 2 - P01","ITALIA SOVRANA E POPOLARE","NICOLETTA CAROTTI","17/04/1977","RIETI"
"LAZIO 2","LAZIO 2 - P01","ITALIA SOVRANA E POPOLARE","GIOVANNI DI CLAUDIO","05/05/1968","ROMA"
"LAZIO 2","LAZIO 2 - P01","ITALIA SOVRANA E POPOLARE","DONATELLA DI FELICE","11/01/1965","ROMA"
"LAZIO 2","LAZIO 2 - P01","AZIONE - ITALIA VIVA - CALENDA","VALENTINA GRIPPO","07/08/1971","ROMA"
"LAZIO 2","LAZIO 2 - P01","AZIONE - ITALIA VIVA - CALENDA","MARIO RAFFAELLI","15/05/1946","TRENTO"
"LAZIO 2","LAZIO 2 - P01","AZIONE - ITALIA VIVA - CALENDA","EMANUELA CAPODAGLIO","09/07/1972","ROMA"
"LAZIO 2","LAZIO 2 - P02","MOVIMENTO 5 STELLE","ILARIA FONTANA","26/06/1984","ALATRI (FR)"
"LAZIO 2","LAZIO 2 - P02","MOVIMENTO 5 STELLE","GIANLUCA BONO","13/08/1970","ROMA"
"LAZIO 2","LAZIO 2 - P02","MOVIMENTO 5 STELLE","FEDERICA LAURETTI","01/12/1991","FERRARA"
"LAZIO 2","LAZIO 2 - P02","MOVIMENTO 5 STELLE","ANIELLO PRISCO","06/11/1969","POMPEI (NA)"
"LAZIO 2","LAZIO 2 - P02","UNIONE POPOLARE CON DE MAGISTRIS","ROMOLO REA","05/02/1953","ARPINO (FR)"
"LAZIO 2","LAZIO 2 - P02","UNIONE POPOLARE CON DE MAGISTRIS","NEVIA BORGIA","16/10/1964","PALIANO (FR)"
"LAZIO 2","LAZIO 2 - P02","UNIONE POPOLARE CON DE MAGISTRIS","FRANCESCO LEONELLI","18/06/1972","ROMA"
"LAZIO 2","LAZIO 2 - P02","UNIONE POPOLARE CON DE MAGISTRIS","SONIA SALE","16/01/1984","COLLEFERRO (RM)"
"LAZIO 2","LAZIO 2 - P02","NOI MODERATI/LUPI - TOTI - BRUGNARO - UDC","MARIA CHIARA FAZIO","01/01/1983","ROMA"
"LAZIO 2","LAZIO 2 - P02","NOI MODERATI/LUPI - TOTI - BRUGNARO - UDC","LEOPOLDO PAPETTI","04/07/1964","FROSINONE"
"LAZIO 2","LAZIO 2 - P02","NOI MODERATI/LUPI - TOTI - BRUGNARO - UDC","MARIA RENE CARTURAN","19/07/1994","NUESTRA SENORA DE LA PAZ (BOLIVIA)"
"LAZIO 2","LAZIO 2 - P02","NOI MODERATI/LUPI - TOTI - BRUGNARO - UDC","GIUSEPPE DI SANGIULIANO","22/12/1973","LATINA"
"LAZIO 2","LAZIO 2 - P02","LEGA PER SALVINI PREMIER","ANTONIO ANGELUCCI","16/09/1944","SANTE MARIE (AQ)"
"LAZIO 2","LAZIO 2 - P02","LEGA PER SALVINI PREMIER","GIOVANNA MIELE","24/07/1980","LATINA"
"LAZIO 2","LAZIO 2 - P02","LEGA PER SALVINI PREMIER","VINCENZO VALLETTA","13/02/1972","LATINA"
"LAZIO 2","LAZIO 2 - P02","LEGA PER SALVINI PREMIER","KRISTALIA RACHELE PAPAEVANGELIU","26/07/1977","ALATRI (FR)"
"LAZIO 2","LAZIO 2 - P02","FORZA ITALIA","PAOLO BARELLI","07/06/1954","ROMA"
"LAZIO 2","LAZIO 2 - P02","FORZA ITALIA","PATRIZIA MARROCCO","21/03/1977","KOLN (GERMANIA)"
"LAZIO 2","LAZIO 2 - P02","FORZA ITALIA","COSMO MITRANO","07/02/1970","PUERTO LA CRUZ (VENEZUELA)"
"LAZIO 2","LAZIO 2 - P02","FORZA ITALIA","MOIRA ROTONDO","14/07/1972","ROMA"
"LAZIO 2","LAZIO 2 - P02","FRATELLI D'ITALIA CON GIORGIA MELONI","FRANCESCO LOLLOBRIGIDA","21/03/1972","TIVOLI (RM)"
"LAZIO 2","LAZIO 2 - P02","FRATELLI D'ITALIA CON GIORGIA MELONI","CHIARA COLOSIMO","02/06/1986","ROMA"
"LAZIO 2","LAZIO 2 - P02","FRATELLI D'ITALIA CON GIORGIA MELONI","PAOLO PULCIANI","03/02/1972","ROMA"
"LAZIO 2","LAZIO 2 - P02","FRATELLI D'ITALIA CON GIORGIA MELONI","MAURIZIA BARBONI","01/07/1955","TERRACINA (LT)"
"LAZIO 2","LAZIO 2 - P02","ITALEXIT PER L'ITALIA","GIOVANNI FRAJESE","21/02/1972","ROMA"
"LAZIO 2","LAZIO 2 - P02","ITALEXIT PER L'ITALIA","GIORGIA GONNELLI","21/03/1995","ROMA"
"LAZIO 2","LAZIO 2 - P02","ITALEXIT PER L'ITALIA","PASQUALE VELARDI","19/02/1987","CERCOLA (NA)"
"LAZIO 2","LAZIO 2 - P02","ITALEXIT PER L'ITALIA","SIMONA BOCCUTI","25/09/1974","ROMA"
"LAZIO 2","LAZIO 2 - P02","PARTITO DEMOCRATICO - ITALIA DEMOCRATICA E PROGRESSISTA","MATTEO ORFINI","30/08/1974","ROMA"
"LAZIO 2","LAZIO 2 - P02","PARTITO DEMOCRATICO - ITALIA DEMOCRATICA E PROGRESSISTA","STEFANIA MARTINI","09/05/1964","ROMA"
"LAZIO 2","LAZIO 2 - P02","PARTITO DEMOCRATICO - ITALIA DEMOCRATICA E PROGRESSISTA","STEFANO VANZINI","16/06/1997","ROMA"
"LAZIO 2","LAZIO 2 - P02","PARTITO DEMOCRATICO - ITALIA DEMOCRATICA E PROGRESSISTA","VALERIA GIUSEPPA GANGEMI","12/03/1967","REGGIO DI CALABRIA (RC)"
"LAZIO 2","LAZIO 2 - P02","ALLEANZA VERDI E SINISTRA","FEDERICA DI SARCINA","06/10/1978","FORMIA (LT)"
"LAZIO 2","LAZIO 2 - P02","ALLEANZA VERDI E SINISTRA","FRANCESCO RAFFA","10/11/1958","SAN GIOVANNI IN FIORE (CS)"
"LAZIO 2","LAZIO 2 - P02","ALLEANZA VERDI E SINISTRA","SARA CINQUEGRANELLI","12/07/1984","LATINA"
"LAZIO 2","LAZIO 2 - P02","ALLEANZA VERDI E SINISTRA","SERGIO ULGIATI","08/01/1951","LATINA"
"LAZIO 2","LAZIO 2 - P02"," +EUROPA","RITA DI SANO","21/02/1980","BARI"
"LAZIO 2","LAZIO 2 - P02"," +EUROPA","FRANCESCO ELIA","06/03/1970","PIOMBINO (LI)"
"LAZIO 2","LAZIO 2 - P02"," +EUROPA","GABRIELLA VASILE","09/02/1952","ROMA"
"LAZIO 2","LAZIO 2 - P02"," +EUROPA","ROBERTO BALDI","04/12/1974","SAVONA"
"LAZIO 2","LAZIO 2 - P02","IMPEGNO CIVICO LUIGI DI MAIO - CENTRO DEMOCRATICO","MARIA PALLINI","25/05/1984","AVELLINO"
"LAZIO 2","LAZIO 2 - P02","IMPEGNO CIVICO LUIGI DI MAIO - CENTRO DEMOCRATICO","STEFANO VIGNAROLI","05/08/1976","ROMA"
"LAZIO 2","LAZIO 2 - P02","IMPEGNO CIVICO LUIGI DI MAIO - CENTRO DEMOCRATICO","EMANUELA PAOLA VITALI","30/03/1975","CASARANO (LE)"
"LAZIO 2","LAZIO 2 - P02","IMPEGNO CIVICO LUIGI DI MAIO - CENTRO DEMOCRATICO","ARMANDO NAPOLITANO LA PEGNA","31/03/1961","NAPOLI"
"LAZIO 2","LAZIO 2 - P02","ITALIA SOVRANA E POPOLARE","SILVIA STEFANI","21/07/1963","GENOVA"
"LAZIO 2","LAZIO 2 - P02","ITALIA SOVRANA E POPOLARE","SALVATORE SORTINO DETTO SALVO","17/06/1983","PALERMO"
"LAZIO 2","LAZIO 2 - P02","ITALIA SOVRANA E POPOLARE","GIOVANNA DE DOMENICO DETTA IVANA","27/08/1959","NAPOLI"
"LAZIO 2","LAZIO 2 - P02","ITALIA SOVRANA E POPOLARE","MATTEO DI COCCO","13/12/1991","PALESTRINA (RM)"
"LAZIO 2","LAZIO 2 - P02","AZIONE - ITALIA VIVA - CALENDA","VALENTINA GRIPPO","07/08/1971","ROMA"
"LAZIO 2","LAZIO 2 - P02","AZIONE - ITALIA VIVA - CALENDA","MARIO RAFFAELLI","15/05/1946","TRENTO"
"LAZIO 2","LAZIO 2 - P02","AZIONE - ITALIA VIVA - CALENDA","PATRIZIA VIGLIANTI","16/06/1980","VEROLI (FR)"
"LAZIO 2","LAZIO 2 - P02","AZIONE - ITALIA VIVA - CALENDA","ANDREA RANALLI","22/09/1964","TORRICE (FR)"
"ABRUZZO","ABRUZZO - P01","PARTITO DEMOCRATICO - ITALIA DEMOCRATICA E PROGRESSISTA","LUCIANO D'ALFONSO","13/12/1965","LETTOMANOPPELLO (PE)"
"ABRUZZO","ABRUZZO - P01","PARTITO DEMOCRATICO - ITALIA DEMOCRATICA E PROGRESSISTA","STEFANIA DI PADOVA","08/08/1973","TORINO"
"ABRUZZO","ABRUZZO - P01","PARTITO DEMOCRATICO - ITALIA DEMOCRATICA E PROGRESSISTA","FABIO RANIERI","20/04/1970","L'AQUILA"
"ABRUZZO","ABRUZZO - P01","PARTITO DEMOCRATICO - ITALIA DEMOCRATICA E PROGRESSISTA","EMMA ZARROLI","19/02/1956","CARACAS (VENEZUELA)"
"ABRUZZO","ABRUZZO - P01","ALLEANZA VERDI E SINISTRA","RAHEL SEIUM","04/03/1980","ASMARA (ERITREA)"
"ABRUZZO","ABRUZZO - P01","ALLEANZA VERDI E SINISTRA","PAOLO FASCIANI","15/01/1980","L'AQUILA"
"ABRUZZO","ABRUZZO - P01","ALLEANZA VERDI E SINISTRA","SERENA SQUEO","08/12/1996","GIULIANOVA (TE)"
"ABRUZZO","ABRUZZO - P01","ALLEANZA VERDI E SINISTRA","EDOARDO RAIMONDI","26/05/1990","CHIETI"
"ABRUZZO","ABRUZZO - P01","IMPEGNO CIVICO LUIGI DI MAIO - CENTRO DEMOCRATICO","GIANLUCA VACCA","03/10/1973","ROMA"
"ABRUZZO","ABRUZZO - P01","IMPEGNO CIVICO LUIGI DI MAIO - CENTRO DEMOCRATICO","FEDERICA GASBARRO","03/01/1995","AVEZZANO (AQ)"
"ABRUZZO","ABRUZZO - P01","IMPEGNO CIVICO LUIGI DI MAIO - CENTRO DEMOCRATICO","VINCENZO D'OTTAVIO","01/09/1953","ORTONA (CH)"
"ABRUZZO","ABRUZZO - P01","IMPEGNO CIVICO LUIGI DI MAIO - CENTRO DEMOCRATICO","FEDERICA DAGA","28/02/1976","ORISTANO"
"ABRUZZO","ABRUZZO - P01"," +EUROPA","CARLA TAIBI","23/09/1981","MUSSOMELI "
"ABRUZZO","ABRUZZO - P01"," +EUROPA","GIORDANO MASINI","19/01/1971","ROMA"
"ABRUZZO","ABRUZZO - P01"," +EUROPA","TANIA PACE","27/05/1968","AVEZZANO "
"ABRUZZO","ABRUZZO - P01"," +EUROPA","ROBERTO BALDI","04/12/1974","SAVONA"
"ABRUZZO","ABRUZZO - P01","SUD CHIAMA NORD","STEFANO D'AMICO","18/05/1980","TOCCO DA CASAURIA (PE)"
"ABRUZZO","ABRUZZO - P01","SUD CHIAMA NORD","EDDA GIUBERTI","20/04/1979","PRATO"
"ABRUZZO","ABRUZZO - P01","SUD CHIAMA NORD","FABRIZIO MACCARONE","03/07/1973","CATANIA"
"ABRUZZO","ABRUZZO - P01","SUD CHIAMA NORD","ROSSELLA SORCE","25/09/1986","AGRIGENTO"
"ABRUZZO","ABRUZZO - P01","AZIONE - ITALIA VIVA - CALENDA","GIULIO CESARE SOTTANELLI","10/04/1970","ARBON (SVIZZERA)"
"ABRUZZO","ABRUZZO - P01","AZIONE - ITALIA VIVA - CALENDA","ROBERTA DELL'AGUZZO","13/09/1975","L'AQUILA"
"ABRUZZO","ABRUZZO - P01","AZIONE - ITALIA VIVA - CALENDA","GIAMPIERO RICCARDO","11/06/1982","NAPOLI"
"ABRUZZO","ABRUZZO - P01","AZIONE - ITALIA VIVA - CALENDA","MASSIMINA ERASMI","27/03/1967","AARBERG (SVIZZERA)"
"ABRUZZO","ABRUZZO - P01","FORZA ITALIA","NAZARIO PAGANO","23/05/1957","NAPOLI"
"ABRUZZO","ABRUZZO - P01","FORZA ITALIA","FRANCESCA PERSIA","18/05/1979","TERAMO"
"ABRUZZO","ABRUZZO - P01","FORZA ITALIA","ANGELO SIMONE ANGELOSANTE","10/07/1964","AVEZZANO (AQ)"
"ABRUZZO","ABRUZZO - P01","FORZA ITALIA","CONSUELO DI MARTINO","06/07/1969","GUARDIAGRELE (CH)"
"ABRUZZO","ABRUZZO - P01","FRATELLI D'ITALIA CON GIORGIA MELONI","FABIO ROSCANI","03/06/1990","ROMA"
"ABRUZZO","ABRUZZO - P01","FRATELLI D'ITALIA CON GIORGIA MELONI","RACHELE SILVESTRI","30/08/1986","ASCOLI PICENO"
"ABRUZZO","ABRUZZO - P01","FRATELLI D'ITALIA CON GIORGIA MELONI","ANTONIO TAVANI","08/10/1963","FARA SAN MARTINO (CH)"
"ABRUZZO","ABRUZZO - P01","FRATELLI D'ITALIA CON GIORGIA MELONI","BENEDETTA FASCIANI","15/01/1994","TAGLIACOZZO (AQ)"
"ABRUZZO","ABRUZZO - P01","LEGA PER SALVINI PREMIER","LUIGI D'ERAMO","10/05/1976","L'AQUILA"
"ABRUZZO","ABRUZZO - P01","LEGA PER SALVINI PREMIER","LAURA RAVETTO","25/01/1971","CUNEO"
"ABRUZZO","ABRUZZO - P01","LEGA PER SALVINI PREMIER","ANTONIO ZENNARO","31/08/1983","PADOVA"
"ABRUZZO","ABRUZZO - P01","LEGA PER SALVINI PREMIER","MARIA RITA CAROTA","22/09/1965","PESCARA"
"ABRUZZO","ABRUZZO - P01","NOI MODERATI/LUPI - TOTI - BRUGNARO - UDC","DANIELE D'ANGELO","30/01/1982","L'AQUILA"
"ABRUZZO","ABRUZZO - P01","NOI MODERATI/LUPI - TOTI - BRUGNARO - UDC","MANUELA FINI","30/03/1978","ASCOLI PICENO (AP)"
"ABRUZZO","ABRUZZO - P01","NOI MODERATI/LUPI - TOTI - BRUGNARO - UDC","ANTONELLO ANTONELLI","05/02/1975","CHIETI"
"ABRUZZO","ABRUZZO - P01","NOI MODERATI/LUPI - TOTI - BRUGNARO - UDC","MARIASTELLA D'ORAZIO","23/04/1996","PENNE (PE)"
"ABRUZZO","ABRUZZO - P01","UNIONE POPOLARE CON DE MAGISTRIS","MAURIZIO ACERBO","04/12/1965","PESCARA"
"ABRUZZO","ABRUZZO - P01","UNIONE POPOLARE CON DE MAGISTRIS","ALESSIA MAZZAGUFO","16/01/1995","GIULIANOVA (TE)"
"ABRUZZO","ABRUZZO - P01","UNIONE POPOLARE CON DE MAGISTRIS","GIOVANNI SCARSI","05/06/1958","CHIETI"
"ABRUZZO","ABRUZZO - P01","UNIONE POPOLARE CON DE MAGISTRIS","ALESSANDRA GUERRA","04/04/1963","PESCARA"
"ABRUZZO","ABRUZZO - P01","VITA","ANNA RITA IANNETTI","26/08/1953","BRITTOLI (PE)"
"ABRUZZO","ABRUZZO - P01","VITA","ENEA GIANCATERINO","06/02/1963","ACCIANO (AQ)"
"ABRUZZO","ABRUZZO - P01","VITA","SONIA LISA CHIAVAROLI","18/09/1982","VANCOUVER (CANADA)"
"ABRUZZO","ABRUZZO - P01","VITA","FRANCESCO GELSUMINI","09/07/1967","CHIETI"
"ABRUZZO","ABRUZZO - P01","ITALEXIT PER L'ITALIA","GIORGIA GONNELLI","21/03/1995","ROMA"
"ABRUZZO","ABRUZZO - P01","ITALEXIT PER L'ITALIA","FRANCESCO TERRA","01/02/1974","ORTONA (CH)"
"ABRUZZO","ABRUZZO - P01","ITALEXIT PER L'ITALIA","DAMIANA FIAMMENGHI","25/09/1984","ROMA"
"ABRUZZO","ABRUZZO - P01","ITALEXIT PER L'ITALIA","DOMENICO LIBERATI DETTO NICO","18/12/1971","BALSORANO (AQ)"
"ABRUZZO","ABRUZZO - P01","ALTERNATIVA PER L'ITALIA - NO GREEN PASS","SERENA GIORGILLI","17/02/1992","ROMA"
"ABRUZZO","ABRUZZO - P01","ALTERNATIVA PER L'ITALIA - NO GREEN PASS","CLEMENTINO CROSTA","13/02/1984","PENNE (PE)"
"ABRUZZO","ABRUZZO - P01","ALTERNATIVA PER L'ITALIA - NO GREEN PASS","MARIA PIA PASTORE","12/11/1952","LUCERA (FG)"
"ABRUZZO","ABRUZZO - P01","ALTERNATIVA PER L'ITALIA - NO GREEN PASS","ALADINO ORANI","14/09/1979","PENNE (PE)"
"ABRUZZO","ABRUZZO - P01","MOVIMENTO 5 STELLE","DANIELA TORTO","18/08/1985","CHIETI"
"ABRUZZO","ABRUZZO - P01","MOVIMENTO 5 STELLE","LIVIO SARCHESE","25/07/1966","MILANO"
"ABRUZZO","ABRUZZO - P01","MOVIMENTO 5 STELLE","CARMELA GRIPPA","18/01/1973","LUCERA (FG)"
"ABRUZZO","ABRUZZO - P01","MOVIMENTO 5 STELLE","ATTILIO D'ANDREA","06/06/1980","POPOLI (PE)"
"ABRUZZO","ABRUZZO - P01","ITALIA SOVRANA E POPOLARE","GIOVANNA CORICCIATI","23/02/1967","MARTANO (LE)"
"ABRUZZO","ABRUZZO - P01","ITALIA SOVRANA E POPOLARE","LORENZO D'ONOFRIO","17/10/1976","ORTONA (CH)"
"ABRUZZO","ABRUZZO - P01","ITALIA SOVRANA E POPOLARE","PAOLA PICCONE","14/02/1961","CHIETI"
"ABRUZZO","ABRUZZO - P01","ITALIA SOVRANA E POPOLARE","UMBERTO MARIANI","16/05/1957","PAGLIETA (CH)"
"MOLISE","MOLISE - P01","ITALIA SOVRANA E POPOLARE","STEFANO D'ANDREA","14/01/1970","AVEZZANO (AQ)"
"MOLISE","MOLISE - P01","ITALIA SOVRANA E POPOLARE","VALERIA SORU","17/12/1966","TERRALBA"
"MOLISE","MOLISE - P01","PARTITO DEMOCRATICO - ITALIA DEMOCRATICA E PROGRESSISTA","CATERINA CERRONI","13/08/1991","AGNONE (IS)"
"MOLISE","MOLISE - P01","PARTITO DEMOCRATICO - ITALIA DEMOCRATICA E PROGRESSISTA","VITTORINO FACCIOLLA","21/07/1970","TERMOLI"
"MOLISE","MOLISE - P01","ALLEANZA VERDI E SINISTRA","SARA FERRI","09/09/1981","ISERNIA"
"MOLISE","MOLISE - P01","ALLEANZA VERDI E SINISTRA","NICOLA FRATOIANNI","04/10/1972","PISA"
"MOLISE","MOLISE - P01","IMPEGNO CIVICO LUIGI DI MAIO - CENTRO DEMOCRATICO","IOLANDA DI STASIO","24/02/1992","NAPOLI (NA)"
"MOLISE","MOLISE - P01","IMPEGNO CIVICO LUIGI DI MAIO - CENTRO DEMOCRATICO","ALESSANDRO AMITRANO","07/07/1989","NAPOLI"
"MOLISE","MOLISE - P01"," +EUROPA","MANUELA ZAMBRANO","03/04/1977","SALERNO"
"MOLISE","MOLISE - P01"," +EUROPA","MAURIZIO SORICE","06/09/1994","AVELLINO"
"MOLISE","MOLISE - P01","FORZA ITALIA","ANNAELSA TARTAGLIONE","27/05/1989","ISERNIA"
"MOLISE","MOLISE - P01","FORZA ITALIA","ARMANDINO D'EGIDIO","05/02/1978","BOJANO"
"MOLISE","MOLISE - P01","LEGA PER SALVINI PREMIER","MICHELE MARONE","17/05/1965","LANCIANO"
"MOLISE","MOLISE - P01","LEGA PER SALVINI PREMIER","RITA LISIA COLACI","05/10/1957","RAVENNA"
"MOLISE","MOLISE - P01","NOI MODERATI/LUPI - TOTI - BRUGNARO - UDC","FILOMENA CALENDA DETTA MENA","08/04/1963","TORINO"
"MOLISE","MOLISE - P01","NOI MODERATI/LUPI - TOTI - BRUGNARO - UDC","VITTORIO ANTONIO BEN COLARELLI","10/06/1987","TERMOLI"
"MOLISE","MOLISE - P01","FRATELLI D'ITALIA CON GIORGIA MELONI","ELISABETTA CHRISTIANA LANCELLOTTA","02/03/1979","ISERNIA"
"MOLISE","MOLISE - P01","FRATELLI D'ITALIA CON GIORGIA MELONI","LUCIANO FIORAVANTE PADUANO","07/12/1960","FROSOLONE"
"MOLISE","MOLISE - P01","AZIONE - ITALIA VIVA - CALENDA","GIUSEPPINA OCCHIONERO","08/08/1978","LARINO"
"MOLISE","MOLISE - P01","AZIONE - ITALIA VIVA - CALENDA","FABIO IANNUCCI","08/12/1975","VENAFRO"
"MOLISE","MOLISE - P01","MASTELLA NOI DI CENTRO EUROPEISTI","ALESSANDRINA LONARDO MASTELLA DETTA SANDRA","09/03/1953","CEPPALONI (BN)"
"MOLISE","MOLISE - P01","MASTELLA NOI DI CENTRO EUROPEISTI","WILLIAM CIARALLO","24/09/1982","CAMPOBASSO"
"MOLISE","MOLISE - P01","UNIONE POPOLARE CON DE MAGISTRIS","NICOLETTA RADATTA","03/05/1980","SASSUOLO"
"MOLISE","MOLISE - P01","UNIONE POPOLARE CON DE MAGISTRIS","HIKMET ASLAN","20/05/1972","GOKCEPINAR"
"MOLISE","MOLISE - P01","MOVIMENTO 5 STELLE","ANNAMARIA BELMONTE","19/01/1963","CAMPOBASSO"
"MOLISE","MOLISE - P01","MOVIMENTO 5 STELLE","PASQUALE CASMIRRO","21/08/1981","CAMPOBASSO"
"CAMPANIA 1","CAMPANIA 1 - P01","UNIONE POPOLARE CON DE MAGISTRIS","LUIGI DE MAGISTRIS","20/06/1967","NAPOLI"
"CAMPANIA 1","CAMPANIA 1 - P01","UNIONE POPOLARE CON DE MAGISTRIS","ROSARIA GALIERO","27/04/1986","CASTELFRANCO VENETO (TV)"
"CAMPANIA 1","CAMPANIA 1 - P01","UNIONE POPOLARE CON DE MAGISTRIS","GIOVANNI PAGANO","22/05/1984","NAPOLI"
"CAMPANIA 1","CAMPANIA 1 - P01","UNIONE POPOLARE CON DE MAGISTRIS","MARZIA PIRONE","22/03/1990","NAPOLI"
"CAMPANIA 1","CAMPANIA 1 - P01","MASTELLA NOI DI CENTRO EUROPEISTI","ALESSANDRINA LONARDO MASTELLA DETTA SANDRA","09/03/1953","CEPPALONI (BN)"
"CAMPANIA 1","CAMPANIA 1 - P01","MASTELLA NOI DI CENTRO EUROPEISTI","SALVATORE SCARFIGLIERI","24/12/1962","NAPOLI"
"CAMPANIA 1","CAMPANIA 1 - P01","MASTELLA NOI DI CENTRO EUROPEISTI","SIMONA ESPOSITO","29/03/1980","NAPOLI"
"CAMPANIA 1","CAMPANIA 1 - P01","MASTELLA NOI DI CENTRO EUROPEISTI","ROBERTO PISANO","31/05/1973","NAPOLI"
"CAMPANIA 1","CAMPANIA 1 - P01","FRATELLI D'ITALIA CON GIORGIA MELONI","MARTA SCHIFONE","09/10/1980","NAPOLI"
"CAMPANIA 1","CAMPANIA 1 - P01","FRATELLI D'ITALIA CON GIORGIA MELONI","MICHELE  SCHIANO DI VISCONTI","26/02/1962","MUGNANO DI NAPOLI (NA)"
"CAMPANIA 1","CAMPANIA 1 - P01","FRATELLI D'ITALIA CON GIORGIA MELONI","MARIA IMMACOLATA VIETRI","21/10/1969","SALERNO"
"CAMPANIA 1","CAMPANIA 1 - P01","FRATELLI D'ITALIA CON GIORGIA MELONI","GIOVANNI RUSSO","22/08/1981","CAPUA  (CE)"
"CAMPANIA 1","CAMPANIA 1 - P01","FORZA ITALIA","ANTONIO TAJANI","04/08/1953","ROMA"
"CAMPANIA 1","CAMPANIA 1 - P01","FORZA ITALIA","ANNARITA PATRIARCA","27/07/1971","NAPOLI"
"CAMPANIA 1","CAMPANIA 1 - P01","FORZA ITALIA","GUIDO MILANESE","11/07/1951","SALERNO"
"CAMPANIA 1","CAMPANIA 1 - P01","FORZA ITALIA","CARLA CICCARELLI","23/09/1962","NAPOLI"
"CAMPANIA 1","CAMPANIA 1 - P01","LEGA PER SALVINI PREMIER","ROSARIA BORRELLI","29/06/1971","NAPOLI"
"CAMPANIA 1","CAMPANIA 1 - P01","LEGA PER SALVINI PREMIER","NICHOLAS ESPOSITO","03/11/1992","NAPOLI"
"CAMPANIA 1","CAMPANIA 1 - P01","LEGA PER SALVINI PREMIER","TERESA FRECCIARULO","31/08/1984","MUGNANO DI NAPOLI"
"CAMPANIA 1","CAMPANIA 1 - P01","LEGA PER SALVINI PREMIER","SALVATORE ONOFARO","02/07/1965","NAPOLI"
"CAMPANIA 1","CAMPANIA 1 - P01","NOI MODERATI/LUPI - TOTI - BRUGNARO - UDC","RICCARDO GUARINO","18/05/1977","NAPOLI"
"CAMPANIA 1","CAMPANIA 1 - P01","NOI MODERATI/LUPI - TOTI - BRUGNARO - UDC","LUCREZIA ORLANDO","24/03/1990","NAPOLI"
"CAMPANIA 1","CAMPANIA 1 - P01","NOI MODERATI/LUPI - TOTI - BRUGNARO - UDC","SALVATORE FABBRIZIO","01/05/1989","NAPOLI"
"CAMPANIA 1","CAMPANIA 1 - P01","NOI MODERATI/LUPI - TOTI - BRUGNARO - UDC","BARBARA RICCI","15/03/1971","NAPOLI"
"CAMPANIA 1","CAMPANIA 1 - P01","MOVIMENTO 5 STELLE","GIUSEPPE CONTE","08/08/1964","VOLTURARA APPULA (FG)"
"CAMPANIA 1","CAMPANIA 1 - P01","MOVIMENTO 5 STELLE","GILDA SPORTIELLO","19/02/1987","NAPOLI"
"CAMPANIA 1","CAMPANIA 1 - P01","MOVIMENTO 5 STELLE","RAFFAELE BRUNO","03/05/1974","NAPOLI"
"CAMPANIA 1","CAMPANIA 1 - P01","MOVIMENTO 5 STELLE","MARIANNA RICCIARDI","13/01/1994","NAPOLI"
"CAMPANIA 1","CAMPANIA 1 - P01","IMPEGNO CIVICO LUIGI DI MAIO - CENTRO DEMOCRATICO","LUIGI DI MAIO","06/07/1986","AVELLINO"
"CAMPANIA 1","CAMPANIA 1 - P01","IMPEGNO CIVICO LUIGI DI MAIO - CENTRO DEMOCRATICO","IOLANDA DI STASIO","24/02/1992","NAPOLI (NA)"
"CAMPANIA 1","CAMPANIA 1 - P01","IMPEGNO CIVICO LUIGI DI MAIO - CENTRO DEMOCRATICO","ALESSANDRO AMITRANO","07/07/1989","NAPOLI"
"CAMPANIA 1","CAMPANIA 1 - P01","IMPEGNO CIVICO LUIGI DI MAIO - CENTRO DEMOCRATICO","MARIANNA IORIO","11/02/1985","MADDALONI"
"CAMPANIA 1","CAMPANIA 1 - P01","ALLEANZA VERDI E SINISTRA","FIORELLA ZABATTA","18/01/1974","NAPOLI"
"CAMPANIA 1","CAMPANIA 1 - P01","ALLEANZA VERDI E SINISTRA","FRANCESCO EMILIO BORRELLI","14/08/1973","NAPOLI"
"CAMPANIA 1","CAMPANIA 1 - P01","ALLEANZA VERDI E SINISTRA","MARIA LUISA IAVARONE","04/07/1970","NAPOLI"
"CAMPANIA 1","CAMPANIA 1 - P01","ALLEANZA VERDI E SINISTRA","ANDREA LAERTE DAVIDE","14/09/1985","NAPOLI"
"CAMPANIA 1","CAMPANIA 1 - P01"," +EUROPA","ENZO PELUSO","02/08/1968","PALMA CAMPANIA (NA)"
"CAMPANIA 1","CAMPANIA 1 - P01"," +EUROPA","MARIANNA PALMA","18/06/1969","NAPOLI"
"CAMPANIA 1","CAMPANIA 1 - P01"," +EUROPA","ALFREDO GIORDANO","10/05/1949","NAPOLI"
"CAMPANIA 1","CAMPANIA 1 - P01"," +EUROPA","TIZIANA CAPUOZZO","18/02/1986","NAPOLI"
"CAMPANIA 1","CAMPANIA 1 - P01","PARTITO DEMOCRATICO - ITALIA DEMOCRATICA E PROGRESSISTA","ROBERTO SPERANZA","04/01/1979","POTENZA"
"CAMPANIA 1","CAMPANIA 1 - P01","PARTITO DEMOCRATICO - ITALIA DEMOCRATICA E PROGRESSISTA","LOREDANA RAIA","08/11/1967","NAPOLI"
"CAMPANIA 1","CAMPANIA 1 - P01","PARTITO DEMOCRATICO - ITALIA DEMOCRATICA E PROGRESSISTA","RAFFAELE TOPO","02/03/1965","VILLARICCA (NA)"
"CAMPANIA 1","CAMPANIA 1 - P01","PARTITO DEMOCRATICO - ITALIA DEMOCRATICA E PROGRESSISTA","MARIA ROSARIA GENOVESE","19/06/1966","NAPOLI"
"CAMPANIA 1","CAMPANIA 1 - P01","ITALEXIT PER L'ITALIA","FRANCESCO AMODEO","11/06/1977","NAPOLI"
"CAMPANIA 1","CAMPANIA 1 - P01","ITALEXIT PER L'ITALIA","ROSANNA RUSCITO","01/09/1969","NAPOLI"
"CAMPANIA 1","CAMPANIA 1 - P01","ITALEXIT PER L'ITALIA","FABIO TORTORA","05/11/1980","CERCOLA (NA)"
"CAMPANIA 1","CAMPANIA 1 - P01","ITALEXIT PER L'ITALIA","STEFANIA AVERSA","24/10/1968","NAPOLI"
"CAMPANIA 1","CAMPANIA 1 - P01","AZIONE - ITALIA VIVA - CALENDA","ETTORE ROSATO","28/07/1968","TRIESTE"
"CAMPANIA 1","CAMPANIA 1 - P01","AZIONE - ITALIA VIVA - CALENDA","MARIA GRAZIA PAGANO","05/11/1945","NAPOLI"
"CAMPANIA 1","CAMPANIA 1 - P01","AZIONE - ITALIA VIVA - CALENDA","MARCELLO TORTORA","20/09/1971","NAPOLI"
"CAMPANIA 1","CAMPANIA 1 - P01","AZIONE - ITALIA VIVA - CALENDA","ALESSANDRA DEL PRETE","18/01/1971","NAPOLI"
"CAMPANIA 1","CAMPANIA 1 - P01","ITALIA SOVRANA E POPOLARE","ANTONIO INGROIA","31/03/1959","PALERMO"
"CAMPANIA 1","CAMPANIA 1 - P01","ITALIA SOVRANA E POPOLARE","RAFFAELLA  DE FILIPPO","19/01/1970","POMPEI (NA)"
"CAMPANIA 1","CAMPANIA 1 - P01","ITALIA SOVRANA E POPOLARE","GENNARO NENNA DETTO THIAGO","11/10/1990","CANAVIEIRAS (BRASILE)"
"CAMPANIA 1","CAMPANIA 1 - P01","ITALIA SOVRANA E POPOLARE","ROSA SPADAFORA","09/05/1968","COSENZA"
"CAMPANIA 1","CAMPANIA 1 - P02","UNIONE POPOLARE CON DE MAGISTRIS","LUIGI DE MAGISTRIS","20/06/1967","NAPOLI"
"CAMPANIA 1","CAMPANIA 1 - P02","UNIONE POPOLARE CON DE MAGISTRIS","PIERA AIELLO","02/07/1967","PARTANNA (TP)"
"CAMPANIA 1","CAMPANIA 1 - P02","UNIONE POPOLARE CON DE MAGISTRIS","PIERO DE LUCA","05/06/1966","NAPOLI"
"CAMPANIA 1","CAMPANIA 1 - P02","UNIONE POPOLARE CON DE MAGISTRIS","CARMELA CANTONE","02/08/1977","CASERTA"
"CAMPANIA 1","CAMPANIA 1 - P02","MASTELLA NOI DI CENTRO EUROPEISTI","ALESSANDRINA LONARDO MASTELLA DETTA SANDRA","09/03/1953","CEPPALONI (BN)"
"CAMPANIA 1","CAMPANIA 1 - P02","MASTELLA NOI DI CENTRO EUROPEISTI","RAFFAELE MENZIONE","11/06/1988","POMPEI (NA)"
"CAMPANIA 1","CAMPANIA 1 - P02","MASTELLA NOI DI CENTRO EUROPEISTI","ROSA ERMINIA FIENGA","17/06/1977","TORRE ANNUNZIATA (NA)"
"CAMPANIA 1","CAMPANIA 1 - P02","MASTELLA NOI DI CENTRO EUROPEISTI","BARTOLOMEO CHIERCHIA","08/12/1966","PIMONTE (NA)"
"CAMPANIA 1","CAMPANIA 1 - P02","FRATELLI D'ITALIA CON GIORGIA MELONI","MARTA SCHIFONE","09/10/1980","NAPOLI"
"CAMPANIA 1","CAMPANIA 1 - P02","FRATELLI D'ITALIA CON GIORGIA MELONI","LUCA SCANCARIELLO","26/08/1975","NAPOLI"
"CAMPANIA 1","CAMPANIA 1 - P02","FRATELLI D'ITALIA CON GIORGIA MELONI","MARIA IMMACOLATA VIETRI","21/10/1969","SALERNO"
"CAMPANIA 1","CAMPANIA 1 - P02","FRATELLI D'ITALIA CON GIORGIA MELONI","GIOVANNI RUSSO","22/08/1981","CAPUA (CE)"
"CAMPANIA 1","CAMPANIA 1 - P02","FORZA ITALIA","ANTONIO TAJANI","04/08/1953","ROMA"
"CAMPANIA 1","CAMPANIA 1 - P02","FORZA ITALIA","MARTA ANTONIA FASCINA","09/01/1990","MELITO DI PORTO SALVO (RC)"
"CAMPANIA 1","CAMPANIA 1 - P02","FORZA ITALIA","TULLIO FERRANTE","13/01/1989","SAN GIORGIO A CREMANO (NA)"
"CAMPANIA 1","CAMPANIA 1 - P02","FORZA ITALIA","ANNARITA PATRIARCA","27/07/1971","NAPOLI"
"CAMPANIA 1","CAMPANIA 1 - P02","LEGA PER SALVINI PREMIER","SEVERINO NAPPI","15/04/1965","NAPOLI"
"CAMPANIA 1","CAMPANIA 1 - P02","LEGA PER SALVINI PREMIER","MARIA CONCETTA DONNARUMMA","25/04/1991","GRAGNANO (NA)"
"CAMPANIA 1","CAMPANIA 1 - P02","LEGA PER SALVINI PREMIER","ANTONIO FELLONE","18/11/1976","MARCIANISE"
"CAMPANIA 1","CAMPANIA 1 - P02","LEGA PER SALVINI PREMIER","ANNA AMBROSINO","18/08/1987","AVELLINO"
"CAMPANIA 1","CAMPANIA 1 - P02","NOI MODERATI/LUPI - TOTI - BRUGNARO - UDC","CIRO FALANGA","23/01/1951","TORRE DEL GRECO (NA)"
"CAMPANIA 1","CAMPANIA 1 - P02","NOI MODERATI/LUPI - TOTI - BRUGNARO - UDC","GIUSEPPINA ESPOSITO","02/06/1972","SAN SEBASTIANO AL VESUVIO (NA)"
"CAMPANIA 1","CAMPANIA 1 - P02","NOI MODERATI/LUPI - TOTI - BRUGNARO - UDC","FABRIZIO ANANIA","22/06/1970","TORRE DEL GRECO (NA)"
"CAMPANIA 1","CAMPANIA 1 - P02","NOI MODERATI/LUPI - TOTI - BRUGNARO - UDC","LOREDANA CUCCILLATO","20/07/1971","NAPOLI"
"CAMPANIA 1","CAMPANIA 1 - P02","MOVIMENTO 5 STELLE","SERGIO COSTA","22/04/1959","NAPOLI"
"CAMPANIA 1","CAMPANIA 1 - P02","MOVIMENTO 5 STELLE","CARMELA DI LAURO","24/03/1988","VICO EQUENSE"
"CAMPANIA 1","CAMPANIA 1 - P02","MOVIMENTO 5 STELLE","ALESSANDRO CARAMIELLO","07/07/1977","NAPOLI"
"CAMPANIA 1","CAMPANIA 1 - P02","MOVIMENTO 5 STELLE","CARMELA AURIEMMA","03/07/1981","MADDALONI (CE)"
"CAMPANIA 1","CAMPANIA 1 - P02","IMPEGNO CIVICO LUIGI DI MAIO - CENTRO DEMOCRATICO","LUIGI DI MAIO","06/07/1986","AVELLINO"
"CAMPANIA 1","CAMPANIA 1 - P02","IMPEGNO CIVICO LUIGI DI MAIO - CENTRO DEMOCRATICO","LAURA CASTELLI","14/09/1986","TORINO"
"CAMPANIA 1","CAMPANIA 1 - P02","IMPEGNO CIVICO LUIGI DI MAIO - CENTRO DEMOCRATICO","VINCENZO SPADAFORA","12/03/1974","AFRAGOLA"
"CAMPANIA 1","CAMPANIA 1 - P02","IMPEGNO CIVICO LUIGI DI MAIO - CENTRO DEMOCRATICO","MARIA PALLINI","25/05/1984","AVELLINO"
"CAMPANIA 1","CAMPANIA 1 - P02","ALLEANZA VERDI E SINISTRA","FRANCESCO EMILIO BORRELLI","14/08/1973","NAPOLI"
"CAMPANIA 1","CAMPANIA 1 - P02","ALLEANZA VERDI E SINISTRA","FIORELLA ZABATTA","18/01/1974","NAPOLI"
"CAMPANIA 1","CAMPANIA 1 - P02","ALLEANZA VERDI E SINISTRA","GIULIO GERLI","11/06/1966","MURI (SVIZZERA)"
"CAMPANIA 1","CAMPANIA 1 - P02","ALLEANZA VERDI E SINISTRA","ROSALINDA PERNA","24/06/1973","NAPOLI"
"CAMPANIA 1","CAMPANIA 1 - P02"," +EUROPA","FRANCESCO MOXEDANO","28/03/1955","NAPOLI"
"CAMPANIA 1","CAMPANIA 1 - P02"," +EUROPA","ANNA MARIA PARISI","13/07/1965","SAN GENNARO VESUVIANO (NA)"
"CAMPANIA 1","CAMPANIA 1 - P02"," +EUROPA","VITTORIO SERRAPICA","04/07/1980","VICO EQUENSE (NA)"
"CAMPANIA 1","CAMPANIA 1 - P02"," +EUROPA","CARLA TAIBI","23/09/1981","MUSSOMELI"
"CAMPANIA 1","CAMPANIA 1 - P02","PARTITO DEMOCRATICO - ITALIA DEMOCRATICA E PROGRESSISTA","MARCO SARRACINO","21/06/1989","VILLARICCA (NA)"
"CAMPANIA 1","CAMPANIA 1 - P02","PARTITO DEMOCRATICO - ITALIA DEMOCRATICA E PROGRESSISTA","LOREDANA RAIA","08/11/1967","NAPOLI"
"CAMPANIA 1","CAMPANIA 1 - P02","PARTITO DEMOCRATICO - ITALIA DEMOCRATICA E PROGRESSISTA","RAFFAELE TOPO","02/03/1965","VILLARICCA (NA)"
"CAMPANIA 1","CAMPANIA 1 - P02","PARTITO DEMOCRATICO - ITALIA DEMOCRATICA E PROGRESSISTA","MARIA ANTONIETTA CIARAMELLA DETTA ANTONELLA","19/02/1975","NAPOLI"
"CAMPANIA 1","CAMPANIA 1 - P02","ITALEXIT PER L'ITALIA","PAOLO BIANCHINI","15/08/1976","ROMA"
"CAMPANIA 1","CAMPANIA 1 - P02","ITALEXIT PER L'ITALIA","GIUSEPPINA ABATE","21/09/1987","NAPOLI"
"CAMPANIA 1","CAMPANIA 1 - P02","ITALEXIT PER L'ITALIA","RENATO LIGUORI","07/04/1967","ARZANO (NA)"
"CAMPANIA 1","CAMPANIA 1 - P02","ITALEXIT PER L'ITALIA","FRANCESCA MARI","29/03/1971","MERCATO SAN SEVERINO (SA)"
"CAMPANIA 1","CAMPANIA 1 - P02","AZIONE - ITALIA VIVA - CALENDA","ETTORE ROSATO","28/07/1968","TRIESTE"
"CAMPANIA 1","CAMPANIA 1 - P02","AZIONE - ITALIA VIVA - CALENDA","ANGELICA SAGGESE","10/04/1972","OLIVETO CITRA (SA)"
"CAMPANIA 1","CAMPANIA 1 - P02","AZIONE - ITALIA VIVA - CALENDA","PASQUALE DEL PRETE","25/03/1973","CASORIA (NA)"
"CAMPANIA 1","CAMPANIA 1 - P02","AZIONE - ITALIA VIVA - CALENDA","BIANCAMARIA BALZANO","14/03/1972","VICO EQUENSE (NA)"
"CAMPANIA 1","CAMPANIA 1 - P02","ITALIA SOVRANA E POPOLARE","SILVIA STEFANI","21/07/1963","GENOVA"
"CAMPANIA 1","CAMPANIA 1 - P02","ITALIA SOVRANA E POPOLARE","ANTONIO INGROIA","31/03/1959","PALERMO"
"CAMPANIA 1","CAMPANIA 1 - P02","ITALIA SOVRANA E POPOLARE","LUCIA BARONE","19/09/1980","POLLENA TROCCHIA (NA)"
"CAMPANIA 1","CAMPANIA 1 - P02","ITALIA SOVRANA E POPOLARE","SALVATORE MOSOLINO","15/07/1975","NAPOLI"
"CAMPANIA 2","CAMPANIA 2 - P01","PARTITO COMUNISTA ITALIANO","GIACOMO DE ANGELIS","13/01/1957","MADDALONI (CE)"
"CAMPANIA 2","CAMPANIA 2 - P01","PARTITO COMUNISTA ITALIANO","ANNAMARIA PAESANO","19/03/1975","EBOLI (SA)"
"CAMPANIA 2","CAMPANIA 2 - P01","PARTITO COMUNISTA ITALIANO","GIACOMO BARONE","03/05/1976","NAPOLI"
"CAMPANIA 2","CAMPANIA 2 - P01","PARTITO COMUNISTA ITALIANO","CARMELA FAVENZA","04/02/1984","CAPUA (CE)"
"CAMPANIA 2","CAMPANIA 2 - P01","UNIONE POPOLARE CON DE MAGISTRIS","LOREDANA ROSSI","17/09/1961","NAPOLI"
"CAMPANIA 2","CAMPANIA 2 - P01","UNIONE POPOLARE CON DE MAGISTRIS","VINCENZO BRUNO","03/10/1983","BENEVENTO"
"CAMPANIA 2","CAMPANIA 2 - P01","UNIONE POPOLARE CON DE MAGISTRIS","ANTONELLA AVOLIO","19/04/1962","PORTICI (NA)"
"CAMPANIA 2","CAMPANIA 2 - P01","UNIONE POPOLARE CON DE MAGISTRIS","MASSIMO SGROI","28/04/1957","CASERTA"
"CAMPANIA 2","CAMPANIA 2 - P01","ALLEANZA VERDI E SINISTRA","ANTONIO  DELL'AQUILA","03/07/1979","NAPOLI"
"CAMPANIA 2","CAMPANIA 2 - P01","ALLEANZA VERDI E SINISTRA","GIUSEPPINA FONTANELLA","30/04/1958","NAPOLI"
"CAMPANIA 2","CAMPANIA 2 - P01","ALLEANZA VERDI E SINISTRA","BENIAMINO REGA","10/09/1964","VALLE AGRICOLA (CE)"
"CAMPANIA 2","CAMPANIA 2 - P01","ALLEANZA VERDI E SINISTRA","SILVIA DE MICCO","26/08/1972","NAPOLI"
"CAMPANIA 2","CAMPANIA 2 - P01","PARTITO DEMOCRATICO - ITALIA DEMOCRATICA E PROGRESSISTA","STEFANO GRAZIANO","13/09/1971","AVERSA (CE)"
"CAMPANIA 2","CAMPANIA 2 - P01","PARTITO DEMOCRATICO - ITALIA DEMOCRATICA E PROGRESSISTA","ANGELA IANARO","28/08/1967","BENEVENTO"
"CAMPANIA 2","CAMPANIA 2 - P01","PARTITO DEMOCRATICO - ITALIA DEMOCRATICA E PROGRESSISTA","ERASMO MORTARUOLO","01/12/1978","BENEVENTO"
"CAMPANIA 2","CAMPANIA 2 - P01","PARTITO DEMOCRATICO - ITALIA DEMOCRATICA E PROGRESSISTA","ANTONELLA PEPE","23/07/1988","NAPOLI"
"CAMPANIA 2","CAMPANIA 2 - P01","IMPEGNO CIVICO LUIGI DI MAIO - CENTRO DEMOCRATICO","PASQUALE MAGLIONE","06/02/1978","BENEVENTO"
"CAMPANIA 2","CAMPANIA 2 - P01","IMPEGNO CIVICO LUIGI DI MAIO - CENTRO DEMOCRATICO","MARIANNA IORIO","11/02/1985","MADDALONI"
"CAMPANIA 2","CAMPANIA 2 - P01","IMPEGNO CIVICO LUIGI DI MAIO - CENTRO DEMOCRATICO","GIOVANNI MORFINO","01/02/1982","CASERTA"
"CAMPANIA 2","CAMPANIA 2 - P01","IMPEGNO CIVICO LUIGI DI MAIO - CENTRO DEMOCRATICO","MARIA PALLINI","25/05/1984","AVELLINO"
"CAMPANIA 2","CAMPANIA 2 - P01"," +EUROPA","GIUSEPPE RICCIO","18/08/1966","MARCIANISE (CE)"
"CAMPANIA 2","CAMPANIA 2 - P01"," +EUROPA","GIUSEPPINA PICCIRILLO","08/09/1972","MONDRAGONE (CE)"
"CAMPANIA 2","CAMPANIA 2 - P01"," +EUROPA","VITTORIO VALLONE ","07/10/1972","TELESE (BN)"
"CAMPANIA 2","CAMPANIA 2 - P01"," +EUROPA","TOMMASINA FERRENTINO","04/08/1951","CASTELLAMMARE DI STABIA (NA)"
"CAMPANIA 2","CAMPANIA 2 - P01","MASTELLA NOI DI CENTRO EUROPEISTI","RAFFAELE FANTETTI","13/03/1966","ROMA"
"CAMPANIA 2","CAMPANIA 2 - P01","MASTELLA NOI DI CENTRO EUROPEISTI","MARIA AUSILIA ALFANO","31/07/1968","TELESE (BN)"
"CAMPANIA 2","CAMPANIA 2 - P01","MASTELLA NOI DI CENTRO EUROPEISTI","ANTONIO DI MARIA","02/03/1971","SANTA CROCE DEL SANNIO (BN)"
"CAMPANIA 2","CAMPANIA 2 - P01","MASTELLA NOI DI CENTRO EUROPEISTI","MADDALENA DI MUCCIO","03/11/1967","CASERTA"
"CAMPANIA 2","CAMPANIA 2 - P01","ITALEXIT PER L'ITALIA","SIMONA BOCCUTI","25/09/1974","ROMA"
"CAMPANIA 2","CAMPANIA 2 - P01","ITALEXIT PER L'ITALIA","FRANCESCO LAMPITELLI","01/03/1977","CASERTA"
"CAMPANIA 2","CAMPANIA 2 - P01","ITALEXIT PER L'ITALIA","CONCETTA ALTIERI","08/12/1968","LANCIANO (CH)"
"CAMPANIA 2","CAMPANIA 2 - P01","ITALEXIT PER L'ITALIA","PIERPAOLO FONTANA","15/03/1968","NAPOLI"
"CAMPANIA 2","CAMPANIA 2 - P01","MOVIMENTO 5 STELLE","AGOSTINO SANTILLO","28/10/1974","CASERTA"
"CAMPANIA 2","CAMPANIA 2 - P01","MOVIMENTO 5 STELLE","ENRICA ALIFANO","31/01/1967","CASERTA"
"CAMPANIA 2","CAMPANIA 2 - P01","MOVIMENTO 5 STELLE","GIUSEPPE BUOMPANE","04/09/1982","CASERTA"
"CAMPANIA 2","CAMPANIA 2 - P01","MOVIMENTO 5 STELLE","MAFALDA BROCCOLI","11/05/1958","CASERTA"
"CAMPANIA 2","CAMPANIA 2 - P01","PARTITO ANIMALISTA - UCDL - 10 VOLTE MEGLIO","ENRICO MARIA BOZZA","07/11/1976","BENEVENTO"
"CAMPANIA 2","CAMPANIA 2 - P01","PARTITO ANIMALISTA - UCDL - 10 VOLTE MEGLIO","CLEMENTINA SANSONE","28/06/1982","TORRE DEL GRECO (NA)"
"CAMPANIA 2","CAMPANIA 2 - P01","PARTITO ANIMALISTA - UCDL - 10 VOLTE MEGLIO","BRUNO CALABRESE","30/03/1963","NAPOLI"
"CAMPANIA 2","CAMPANIA 2 - P01","PARTITO ANIMALISTA - UCDL - 10 VOLTE MEGLIO","ESMERALDA MAMELI","10/03/1971","NAPOLI"
"CAMPANIA 2","CAMPANIA 2 - P01","AZIONE - ITALIA VIVA - CALENDA","VINCENZO CAMPORINI","21/06/1946","COMO"
"CAMPANIA 2","CAMPANIA 2 - P01","AZIONE - ITALIA VIVA - CALENDA","TERESA UCCIERO","25/11/1962","VILLA LITERNO (CE)"
"CAMPANIA 2","CAMPANIA 2 - P01","AZIONE - ITALIA VIVA - CALENDA","PIER GAETANO FULCO","20/05/1989","CASERTA"
"CAMPANIA 2","CAMPANIA 2 - P01","AZIONE - ITALIA VIVA - CALENDA","ALESSANDRA RIVOLI","09/04/1978","MUGNANO DI NAPOLI (NA)"
"CAMPANIA 2","CAMPANIA 2 - P01","ITALIA SOVRANA E POPOLARE","BIANCA LAURA GRANATO","31/08/1970","CATANZARO"
"CAMPANIA 2","CAMPANIA 2 - P01","ITALIA SOVRANA E POPOLARE","MARIO GALLO","08/02/1980","NAPOLI"
"CAMPANIA 2","CAMPANIA 2 - P01","ITALIA SOVRANA E POPOLARE","LUCIA BARONE","19/09/1980","POLLENA TROCCHIA (NA)"
"CAMPANIA 2","CAMPANIA 2 - P01","ITALIA SOVRANA E POPOLARE","ENRICO PIANTINO","25/06/1971","NAPOLI"
"CAMPANIA 2","CAMPANIA 2 - P01","LEGA PER SALVINI PREMIER","GIANPIERO ZINZI","15/01/1983","CASERTA"
"CAMPANIA 2","CAMPANIA 2 - P01","LEGA PER SALVINI PREMIER","ANTONELLA PICCERILLO","16/09/1981","SANTA MARIA CAPUA VETERE (CE)"
"CAMPANIA 2","CAMPANIA 2 - P01","LEGA PER SALVINI PREMIER","ANTONIO FELLONE","18/11/1976","MARCIANISE"
"CAMPANIA 2","CAMPANIA 2 - P01","LEGA PER SALVINI PREMIER","ANTONELLA LETTIERI","16/07/1986","MADDALONI (CE)"
"CAMPANIA 2","CAMPANIA 2 - P01","NOI MODERATI/LUPI - TOTI - BRUGNARO - UDC","FABIO BERARDINI","10/07/1990","TREVISO"
"CAMPANIA 2","CAMPANIA 2 - P01","NOI MODERATI/LUPI - TOTI - BRUGNARO - UDC","MONICA CASSETTA","26/06/1969","ROMA"
"CAMPANIA 2","CAMPANIA 2 - P01","NOI MODERATI/LUPI - TOTI - BRUGNARO - UDC","OTTAVIANO SALVATORE LATTARULO","10/05/1952","SAN PRISCO (CE)"
"CAMPANIA 2","CAMPANIA 2 - P01","NOI MODERATI/LUPI - TOTI - BRUGNARO - UDC","ILARIA MARASCO","23/12/1979","SAN GIOVANNI ROTONDO (FG)"
"CAMPANIA 2","CAMPANIA 2 - P01","FRATELLI D'ITALIA CON GIORGIA MELONI","MARTA SCHIFONE","09/10/1980","NAPOLI"
"CAMPANIA 2","CAMPANIA 2 - P01","FRATELLI D'ITALIA CON GIORGIA MELONI","MARCO CERRETO","01/01/1971","CASERTA"
"CAMPANIA 2","CAMPANIA 2 - P01","FRATELLI D'ITALIA CON GIORGIA MELONI","ELEONORA PACE","10/12/1980","NARNI (TR)"
"CAMPANIA 2","CAMPANIA 2 - P01","FRATELLI D'ITALIA CON GIORGIA MELONI","VINCENZO PAGANO","21/09/1963","NAPOLI"
"CAMPANIA 2","CAMPANIA 2 - P01","FORZA ITALIA","ANTONIO TAJANI","04/08/1953","ROMA"
"CAMPANIA 2","CAMPANIA 2 - P01","FORZA ITALIA","MARTA ANTONIA FASCINA","09/01/1990","MELITO DI PORTO SALVO (RC)"
"CAMPANIA 2","CAMPANIA 2 - P01","FORZA ITALIA","TULLIO FERRANTE","13/01/1989","SAN GIORGIO A CREMANO (NA)"
"CAMPANIA 2","CAMPANIA 2 - P01","FORZA ITALIA","AMELIA FORTE","14/05/1978","NAPOLI"
"CAMPANIA 2","CAMPANIA 2 - P02","VITA","STEFANIA GIANNATTASIO","21/10/1972","SALERNO"
"CAMPANIA 2","CAMPANIA 2 - P02","VITA","GAETANO RUSSO","24/10/1955","NAPOLI"
"CAMPANIA 2","CAMPANIA 2 - P02","VITA","NAOMI BISOGNO","27/06/1989","BATTIPAGLIA  (SA)"
"CAMPANIA 2","CAMPANIA 2 - P02","VITA","CLEMENTE GUERRA","16/09/1977","AVELLINO"
"CAMPANIA 2","CAMPANIA 2 - P02","UNIONE POPOLARE CON DE MAGISTRIS","GIULIANO GRANATO","26/09/1985","NAPOLI"
"CAMPANIA 2","CAMPANIA 2 - P02","UNIONE POPOLARE CON DE MAGISTRIS","ERMINIA MAIORINO","02/05/1984","NOCERA INFERIORE (SA)"
"CAMPANIA 2","CAMPANIA 2 - P02","UNIONE POPOLARE CON DE MAGISTRIS","FRANCESCO NAVARRA","07/07/1970","NAPOLI"
"CAMPANIA 2","CAMPANIA 2 - P02","UNIONE POPOLARE CON DE MAGISTRIS","ROSARIA CICCARONE","02/11/1985","EBOLI (SA)"
"CAMPANIA 2","CAMPANIA 2 - P02","ALLEANZA VERDI E SINISTRA","FRANCESCO MARI DETTO FRANCO","04/09/1962","SALERNO"
"CAMPANIA 2","CAMPANIA 2 - P02","ALLEANZA VERDI E SINISTRA","COSTANZA FLORIMONTE","03/05/1956","SAN GIOVANNI A PIRO (SA)"
"CAMPANIA 2","CAMPANIA 2 - P02","ALLEANZA VERDI E SINISTRA","LUIGI  ADAMO","22/05/1964","ATRIPALDA (AV)"
"CAMPANIA 2","CAMPANIA 2 - P02","ALLEANZA VERDI E SINISTRA","ANNA CIONE","03/10/1965","SALERNO"
"CAMPANIA 2","CAMPANIA 2 - P02","PARTITO DEMOCRATICO - ITALIA DEMOCRATICA E PROGRESSISTA","PIERO DE LUCA","11/06/1980","CAVA DE' TIRRENI (SA)"
"CAMPANIA 2","CAMPANIA 2 - P02","PARTITO DEMOCRATICO - ITALIA DEMOCRATICA E PROGRESSISTA","ROSA D'AMELIO DETTA ROSETTA","30/07/1952","LIONI (AV)"
"CAMPANIA 2","CAMPANIA 2 - P02","PARTITO DEMOCRATICO - ITALIA DEMOCRATICA E PROGRESSISTA","NUNZIO SENATORE","25/03/1968","SALERNO"
"CAMPANIA 2","CAMPANIA 2 - P02","PARTITO DEMOCRATICO - ITALIA DEMOCRATICA E PROGRESSISTA","CATERINA LENGUA","26/01/1967","CERVINARA (AV)"
"CAMPANIA 2","CAMPANIA 2 - P02","IMPEGNO CIVICO LUIGI DI MAIO - CENTRO DEMOCRATICO","COSIMO ADELIZZI","08/02/1983","BATTIPAGLIA (SA)"
"CAMPANIA 2","CAMPANIA 2 - P02","IMPEGNO CIVICO LUIGI DI MAIO - CENTRO DEMOCRATICO","MARIA PALLINI","25/05/1984","AVELLINO"
"CAMPANIA 2","CAMPANIA 2 - P02","IMPEGNO CIVICO LUIGI DI MAIO - CENTRO DEMOCRATICO","PASQUALE MAGLIONE","06/02/1978","BENEVENTO"
"CAMPANIA 2","CAMPANIA 2 - P02","IMPEGNO CIVICO LUIGI DI MAIO - CENTRO DEMOCRATICO","MARIANNA IORIO","11/02/1985","MADDALONI"
"CAMPANIA 2","CAMPANIA 2 - P02"," +EUROPA","MANUELA ZAMBRANO","03/04/1977","SALERNO"
"CAMPANIA 2","CAMPANIA 2 - P02"," +EUROPA","ALFONSO MARIA GALLO","08/11/1990","ATRIPALDA (AV)"
"CAMPANIA 2","CAMPANIA 2 - P02"," +EUROPA","TOMMASINA FERRENTINO","04/08/1951","CASTELLAMMARE DI STABIA (NA)"
"CAMPANIA 2","CAMPANIA 2 - P02"," +EUROPA","RICCARDO MAGI","07/08/1976","ROMA (RM)"
"CAMPANIA 2","CAMPANIA 2 - P02","MASTELLA NOI DI CENTRO EUROPEISTI","ALESSANDRINA LONARDO MASTELLA DETTA SANDRA","09/03/1953","CEPPALONI (BN)"
"CAMPANIA 2","CAMPANIA 2 - P02","MASTELLA NOI DI CENTRO EUROPEISTI","GUERINO GAZZELLA","19/02/1971","ARIANO IRPINO (AV)"
"CAMPANIA 2","CAMPANIA 2 - P02","MASTELLA NOI DI CENTRO EUROPEISTI","ROBERTA ANDRETTI","28/07/1986","ATRIPALDA (AV)"
"CAMPANIA 2","CAMPANIA 2 - P02","MASTELLA NOI DI CENTRO EUROPEISTI","ORESTE AGOSTO","15/11/1961","MIRABELLA ECLANO (AV)"
"CAMPANIA 2","CAMPANIA 2 - P02","ITALEXIT PER L'ITALIA","ROSARIO ROCCO DEL PRIORE","25/07/1964","SANT'ANGELO DEI LOMBARDI (AV)"
"CAMPANIA 2","CAMPANIA 2 - P02","ITALEXIT PER L'ITALIA","SONIA DI CARLUCCIO","01/02/1974","CASERTA"
"CAMPANIA 2","CAMPANIA 2 - P02","ITALEXIT PER L'ITALIA","FRANCESCO METROPOLI","10/07/1975","CASTEL SAN GIORGIO (SA)"
"CAMPANIA 2","CAMPANIA 2 - P02","ITALEXIT PER L'ITALIA","CRISTINA COCCIA","03/05/1983","AVELLINO"
"CAMPANIA 2","CAMPANIA 2 - P02","MOVIMENTO 5 STELLE","MICHELE GUBITOSA","21/12/1979","ATRIPALDA (AV)"
"CAMPANIA 2","CAMPANIA 2 - P02","MOVIMENTO 5 STELLE","VIRGINIA VILLANI","27/03/1958","ANGRI (SA)"
"CAMPANIA 2","CAMPANIA 2 - P02","MOVIMENTO 5 STELLE","FRANCESCO VIRTUOSO","30/07/1970","SALERNO"
"CAMPANIA 2","CAMPANIA 2 - P02","MOVIMENTO 5 STELLE","ALESSANDRA PETROSINO","16/04/1975","FONDI (LT)"
"CAMPANIA 2","CAMPANIA 2 - P02","PARTITO ANIMALISTA - UCDL - 10 VOLTE MEGLIO","CLEMENTINA  SANSONE","28/06/1982","TORRE DEL GRECO (NA)"
"CAMPANIA 2","CAMPANIA 2 - P02","PARTITO ANIMALISTA - UCDL - 10 VOLTE MEGLIO","GENNARO SAMMARTINO","03/03/1956","SALERNO"
"CAMPANIA 2","CAMPANIA 2 - P02","PARTITO ANIMALISTA - UCDL - 10 VOLTE MEGLIO","ESMERALDA MAMELI","10/03/1971","NAPOLI"
"CAMPANIA 2","CAMPANIA 2 - P02","PARTITO ANIMALISTA - UCDL - 10 VOLTE MEGLIO","VINCENZO BOTTA","24/07/1962","SALERNO"
"CAMPANIA 2","CAMPANIA 2 - P02","AZIONE - ITALIA VIVA - CALENDA","MARIA ROSARIA CARFAGNA","18/12/1975","SALERNO"
"CAMPANIA 2","CAMPANIA 2 - P02","AZIONE - ITALIA VIVA - CALENDA","ANTONIO D'ALESSIO","05/12/1964","SALERNO"
"CAMPANIA 2","CAMPANIA 2 - P02","AZIONE - ITALIA VIVA - CALENDA","FLORA FRATE","03/07/1983","NAPOLI"
"CAMPANIA 2","CAMPANIA 2 - P02","AZIONE - ITALIA VIVA - CALENDA","CATELLO VITIELLO","08/08/1977","VICO EQUENSE (NA)"
"CAMPANIA 2","CAMPANIA 2 - P02","ITALIA SOVRANA E POPOLARE","FRANCESCO TOSCANO","28/05/1979","GIOIA TAURO"
"CAMPANIA 2","CAMPANIA 2 - P02","ITALIA SOVRANA E POPOLARE","LUCIA BARONE","19/09/1980","POLLENA TROCCHIA"
"CAMPANIA 2","CAMPANIA 2 - P02","ITALIA SOVRANA E POPOLARE","ANGELO MORRIELLO","17/08/1993","OLIVETO CITRA (SA)"
"CAMPANIA 2","CAMPANIA 2 - P02","ITALIA SOVRANA E POPOLARE","RAFFAELLA DE FILIPPO","19/01/1970","POMPEI (NA)"
"CAMPANIA 2","CAMPANIA 2 - P02","LEGA PER SALVINI PREMIER","VANNIA GAVA","30/06/1974","SACILE (PN)"
"CAMPANIA 2","CAMPANIA 2 - P02","LEGA PER SALVINI PREMIER","GIANPIERO ZINZI","15/01/1983","CASERTA"
"CAMPANIA 2","CAMPANIA 2 - P02","LEGA PER SALVINI PREMIER","MARICA GRANDE","14/11/1976","ARIANO IRPINO (AV)"
"CAMPANIA 2","CAMPANIA 2 - P02","LEGA PER SALVINI PREMIER","DANTE SANTORO","06/07/1989","BATTIPAGLIA (SA)"
"CAMPANIA 2","CAMPANIA 2 - P02","NOI MODERATI/LUPI - TOTI - BRUGNARO - UDC","MASSIMILIANO MAROTTA","28/02/1978","SALERNO"
"CAMPANIA 2","CAMPANIA 2 - P02","NOI MODERATI/LUPI - TOTI - BRUGNARO - UDC","ELENA OLIVA","02/05/1990","BATTIPAGLIA (SA)"
"CAMPANIA 2","CAMPANIA 2 - P02","NOI MODERATI/LUPI - TOTI - BRUGNARO - UDC","GIAMPAOLO LUPO","24/06/1973","SALERNO"
"CAMPANIA 2","CAMPANIA 2 - P02","NOI MODERATI/LUPI - TOTI - BRUGNARO - UDC","TERESA BASILE","28/01/1972","NAPOLI"
"CAMPANIA 2","CAMPANIA 2 - P02","FRATELLI D'ITALIA CON GIORGIA MELONI","EDMONDO CIRIELLI","22/05/1964","NOCERA INFERIORE (SA)"
"CAMPANIA 2","CAMPANIA 2 - P02","FRATELLI D'ITALIA CON GIORGIA MELONI","ELEONORA PACE","10/12/1980","NARNI (TR)"
"CAMPANIA 2","CAMPANIA 2 - P02","FRATELLI D'ITALIA CON GIORGIA MELONI","NUNZIO CARPENTIERI","15/01/1964","SANT'EGIDIO DEL MONTE ALBINO (SA)"
"CAMPANIA 2","CAMPANIA 2 - P02","FRATELLI D'ITALIA CON GIORGIA MELONI","LUISA MAIURI","12/08/1955","SALERNO"
"CAMPANIA 2","CAMPANIA 2 - P02","FORZA ITALIA","ANTONIO TAJANI","04/08/1953","ROMA"
"CAMPANIA 2","CAMPANIA 2 - P02","FORZA ITALIA","MARTA ANTONIA FASCINA","09/01/1990","MELITO DI PORTO SALVO (RC)"
"CAMPANIA 2","CAMPANIA 2 - P02","FORZA ITALIA","TULLIO FERRANTE","13/01/1989","SAN GIORGIO A CREMANO (NA)"
"CAMPANIA 2","CAMPANIA 2 - P02","FORZA ITALIA","TERESA FORMISANO","28/11/1985","SCAFATI (SA)"
"PUGLIA","PUGLIA - P01","UNIONE POPOLARE CON DE MAGISTRIS","MICHELE DEL SORDO","23/05/1981","SAN GIOVANNI ROTONDO"
"PUGLIA","PUGLIA - P01","UNIONE POPOLARE CON DE MAGISTRIS","IVANA PALIERI","08/04/1975","CANOSA DI PUGLIA"
"PUGLIA","PUGLIA - P01","UNIONE POPOLARE CON DE MAGISTRIS","LUCIANO D'AIELLO","19/02/1983","FOGGIA"
"PUGLIA","PUGLIA - P01","UNIONE POPOLARE CON DE MAGISTRIS","ANNA MARIA STERNATIVO","06/03/1964","FRANCAVILLA FONTANA"
"PUGLIA","PUGLIA - P01","NOI MODERATI/LUPI - TOTI - BRUGNARO - UDC","MARTINA SEMENZATO","09/07/1973","SPINEA (VE)"
"PUGLIA","PUGLIA - P01","NOI MODERATI/LUPI - TOTI - BRUGNARO - UDC","ANTONIO TASSO","18/10/1957","MANFREDONIA"
"PUGLIA","PUGLIA - P01","NOI MODERATI/LUPI - TOTI - BRUGNARO - UDC","ANTONELLA BIANCOFIORE","14/10/1963","ROMA"
"PUGLIA","PUGLIA - P01","NOI MODERATI/LUPI - TOTI - BRUGNARO - UDC","ANTONIO LATTANZIO","17/04/1973","BARLETTA"
"PUGLIA","PUGLIA - P01","LEGA PER SALVINI PREMIER","VANNIA GAVA","30/06/1974","SACILE (PN)"
"PUGLIA","PUGLIA - P01","LEGA PER SALVINI PREMIER","JOSEPH SPLENDIDO","22/07/1968","DRANCY (FRANCIA)"
"PUGLIA","PUGLIA - P01","LEGA PER SALVINI PREMIER","MARIANNA PIA NATALE","21/05/1982","SAN GIOVANNI ROTONDO"
"PUGLIA","PUGLIA - P01","LEGA PER SALVINI PREMIER","GIOVANNI  DI LEO","08/03/1978","TRANI"
"PUGLIA","PUGLIA - P01","FRATELLI D'ITALIA CON GIORGIA MELONI","GIANDONATO LA SALANDRA","29/09/1978","FOGGIA"
"PUGLIA","PUGLIA - P01","FRATELLI D'ITALIA CON GIORGIA MELONI","CHIARA COLOSIMO","02/06/1986","ROMA"
"PUGLIA","PUGLIA - P01","FRATELLI D'ITALIA CON GIORGIA MELONI","DAVIDE GALANTINO","19/01/1979","CANOSA DI PUGLIA"
"PUGLIA","PUGLIA - P01","FRATELLI D'ITALIA CON GIORGIA MELONI","FEDERICA  DE BENEDETTO","22/10/1984","LECCE"
"PUGLIA","PUGLIA - P01","FORZA ITALIA","MARCELLO LANOTTE","14/04/1981","BARLETTA"
"PUGLIA","PUGLIA - P01","FORZA ITALIA","ROSA CAROLINA CAPOSIENA","23/03/1977","SAN SEVERO"
"PUGLIA","PUGLIA - P01","FORZA ITALIA","RAFFAELE DI MAURO","27/08/1982","FOGGIA"
"PUGLIA","PUGLIA - P01","FORZA ITALIA","TONIA PAGLIARO","14/07/1970","ANDRIA"
"PUGLIA","PUGLIA - P01","ITALIA SOVRANA E POPOLARE","MARIO GALLO","08/02/1980","NAPOLI"
"PUGLIA","PUGLIA - P01","ITALIA SOVRANA E POPOLARE","MARIANELLA FIORAVANTI","29/10/1983","CIVITANOVA MARCHE"
"PUGLIA","PUGLIA - P01","ITALIA SOVRANA E POPOLARE","ROBERTO CARDILLI","11/08/1977","GIOIA DEL COLLE "
"PUGLIA","PUGLIA - P01","ITALIA SOVRANA E POPOLARE","ANNA CHIARA FRACCACRETA","09/10/1979","SAN SEVERO"
"PUGLIA","PUGLIA - P01","MOVIMENTO 5 STELLE","GIUSEPPE CONTE","08/08/1964","VOLTURARA APPULA (FG)"
"PUGLIA","PUGLIA - P01","MOVIMENTO 5 STELLE","CARLA GIULIANO","02/04/1983","SAN SEVERO"
"PUGLIA","PUGLIA - P01","MOVIMENTO 5 STELLE","GIORGIO LOVECCHIO","05/03/1978","FOGGIA"
"PUGLIA","PUGLIA - P01","MOVIMENTO 5 STELLE","MARIATERESA BEVILACQUA","02/05/1979","SAN GIOVANNI ROTONDO"
"PUGLIA","PUGLIA - P01","ITALEXIT PER L'ITALIA","CARMELA MARIA ELISABETTA LA NOTTE","31/07/1970","FOGGIA"
"PUGLIA","PUGLIA - P01","ITALEXIT PER L'ITALIA","MARCELLO GIUSEPPE VITO ANTONIO PASQUALE MARIELLA","15/05/1957","FOGGIA"
"PUGLIA","PUGLIA - P01","ITALEXIT PER L'ITALIA","STEFANIA DELL'ORO","07/12/1984","FOGGIA"
"PUGLIA","PUGLIA - P01","ITALEXIT PER L'ITALIA","PAOLO VIVIANO","25/03/1967","BARLETTA"
"PUGLIA","PUGLIA - P01"," +EUROPA","MARCO SILVESTRI","09/01/1990","CANOSA DI PUGLIA"
"PUGLIA","PUGLIA - P01"," +EUROPA","FRANCESCA  DI CHIO","19/04/1983","ANDRIA"
"PUGLIA","PUGLIA - P01"," +EUROPA","LUCA LACERENZA","21/08/1986","CANOSA DI PUGLIA"
"PUGLIA","PUGLIA - P01"," +EUROPA","MARIA CELESTE  CARUSO","02/07/1970","BARI"
"PUGLIA","PUGLIA - P01","ALLEANZA VERDI E SINISTRA","STEFANIA RUSSO","12/06/1977","FOGGIA"
"PUGLIA","PUGLIA - P01","ALLEANZA VERDI E SINISTRA","ROBERTO ALLOGGIO","15/09/1945","NAPOLI"
"PUGLIA","PUGLIA - P01","PARTITO DEMOCRATICO - ITALIA DEMOCRATICA E PROGRESSISTA","RAFFAELE PIEMONTESE","27/04/1981","SAN GIOVANNI ROTONDO"
"PUGLIA","PUGLIA - P01","PARTITO DEMOCRATICO - ITALIA DEMOCRATICA E PROGRESSISTA","DEBORA CILIENTO","01/07/1976","TRANI"
"PUGLIA","PUGLIA - P01","PARTITO DEMOCRATICO - ITALIA DEMOCRATICA E PROGRESSISTA","GIOVANNI VURCHIO","12/07/1971","ANDRIA"
"PUGLIA","PUGLIA - P01","PARTITO DEMOCRATICO - ITALIA DEMOCRATICA E PROGRESSISTA","SHADY  MOHAMMAD ALIZADEH","19/10/1989","TERLIZZI"
"PUGLIA","PUGLIA - P01","IMPEGNO CIVICO LUIGI DI MAIO - CENTRO DEMOCRATICO","MARIALUISA  FARO","12/07/1984","CATANIA "
"PUGLIA","PUGLIA - P01","IMPEGNO CIVICO LUIGI DI MAIO - CENTRO DEMOCRATICO","GIUSEPPE L'ABBATE","13/03/1985","CASTELLANA GROTTE"
"PUGLIA","PUGLIA - P01","IMPEGNO CIVICO LUIGI DI MAIO - CENTRO DEMOCRATICO","ANNA MACINA","20/02/1973","BARI"
"PUGLIA","PUGLIA - P01","IMPEGNO CIVICO LUIGI DI MAIO - CENTRO DEMOCRATICO","EMANUELE SCAGLIUSI","15/02/1984","PUTIGNANO"
"PUGLIA","PUGLIA - P01","AZIONE - ITALIA VIVA - CALENDA","MARIA ROSARIA CARFAGNA","18/12/1975","SALERNO "
"PUGLIA","PUGLIA - P01","AZIONE - ITALIA VIVA - CALENDA","GIOVANNI CASELLA","07/05/1966","BISCEGLIE"
"PUGLIA","PUGLIA - P01","AZIONE - ITALIA VIVA - CALENDA","ROSA PIA ALBA CICOLELLA","23/06/1955","CERIGNOLA"
"PUGLIA","PUGLIA - P01","AZIONE - ITALIA VIVA - CALENDA","RUGGIERO CRUDELE","01/02/1963","BARLETTA"
"PUGLIA","PUGLIA - P02","UNIONE POPOLARE CON DE MAGISTRIS","ANTONIA GUERRA","23/06/1952","BARI"
"PUGLIA","PUGLIA - P02","UNIONE POPOLARE CON DE MAGISTRIS","ELISEO TAMBONE","10/08/1959","QUARTU SANT'ELENA"
"PUGLIA","PUGLIA - P02","UNIONE POPOLARE CON DE MAGISTRIS","IVANA PALIERI","08/04/1975","CANOSA DI PUGLIA"
"PUGLIA","PUGLIA - P02","UNIONE POPOLARE CON DE MAGISTRIS","FELISIANO BRUNI","22/05/1975","ACQUAVIVA DELLE FONTI"
"PUGLIA","PUGLIA - P02","NOI MODERATI/LUPI - TOTI - BRUGNARO - UDC","MARCO RIZZONE","03/04/1983","GENOVA"
"PUGLIA","PUGLIA - P02","NOI MODERATI/LUPI - TOTI - BRUGNARO - UDC","SOCCORSA CHIARAPPA","02/05/1967","SAN SEVERO"
"PUGLIA","PUGLIA - P02","NOI MODERATI/LUPI - TOTI - BRUGNARO - UDC","FRANCO LEONARDO DI COSOLA","24/05/1966","VALENCIA (VENEZUELA)"
"PUGLIA","PUGLIA - P02","NOI MODERATI/LUPI - TOTI - BRUGNARO - UDC","SIMONA DADO","29/12/1971","SAN GIOVANNI ROTONDO"
"PUGLIA","PUGLIA - P02","LEGA PER SALVINI PREMIER","REBECCA FRASSINI","24/11/1988","CALCINATE"
"PUGLIA","PUGLIA - P02","LEGA PER SALVINI PREMIER","ROBERTO MESSINA","12/08/1963","ROMA"
"PUGLIA","PUGLIA - P02","LEGA PER SALVINI PREMIER","ILARIA ANTELMI","30/05/1977","BRINDISI"
"PUGLIA","PUGLIA - P02","LEGA PER SALVINI PREMIER","DAVIDE  VOX","11/02/1977","BARI"
"PUGLIA","PUGLIA - P02","FRATELLI D'ITALIA CON GIORGIA MELONI","GIORGIA MELONI","15/01/1977","ROMA"
"PUGLIA","PUGLIA - P02","FRATELLI D'ITALIA CON GIORGIA MELONI","MARCELLO GEMMATO","21/12/1972","BARI"
"PUGLIA","PUGLIA - P02","FRATELLI D'ITALIA CON GIORGIA MELONI","LAURA DE MARZO","01/06/1983","BARI"
"PUGLIA","PUGLIA - P02","FRATELLI D'ITALIA CON GIORGIA MELONI","MATTEO COLAMUSSI","16/07/1972","BARI"
"PUGLIA","PUGLIA - P02","FORZA ITALIA","RITA DALLA CHIESA","31/08/1947","CASORIA (NA)"
"PUGLIA","PUGLIA - P02","FORZA ITALIA","MICHELE BOCCARDI","30/07/1968","BARI"
"PUGLIA","PUGLIA - P02","FORZA ITALIA","MARIATIZIANA RUTIGLIANI","29/04/1978","TERLIZZI"
"PUGLIA","PUGLIA - P02","FORZA ITALIA","DOMENICO DAMASCELLI","16/06/1973","BARI"
"PUGLIA","PUGLIA - P02","ITALIA SOVRANA E POPOLARE","GIOVANNA CORICCIATI","23/02/1967","MARTANO (LE)"
"PUGLIA","PUGLIA - P02","ITALIA SOVRANA E POPOLARE","ANDREA D'AGOSTO","03/09/1964","SALERNO"
"PUGLIA","PUGLIA - P02","ITALIA SOVRANA E POPOLARE","GIUSEPPINA RENZULLI","05/11/1962","FOGGIA"
"PUGLIA","PUGLIA - P02","ITALIA SOVRANA E POPOLARE","IGNAZIO SCHETTINI","15/05/1978","BARI"
"PUGLIA","PUGLIA - P02","MOVIMENTO 5 STELLE","GIANMAURO DELL'OLIO","07/03/1968","BARI"
"PUGLIA","PUGLIA - P02","MOVIMENTO 5 STELLE","FRANCESCA ANNA RUGGIERO","11/10/1984","BITONTO"
"PUGLIA","PUGLIA - P02","MOVIMENTO 5 STELLE","DARIO LA FORGIA","28/02/1987","MOLFETTA"
"PUGLIA","PUGLIA - P02","MOVIMENTO 5 STELLE","ANGELA ANNA BRUNA PIARULLI","03/08/1968","MATERA"
"PUGLIA","PUGLIA - P02","ITALEXIT PER L'ITALIA","MARIA DE GENNARO","29/07/1984","BITONTO"
"PUGLIA","PUGLIA - P02","ITALEXIT PER L'ITALIA","GIUSEPPE MASCIALE","07/10/1982","BITONTO"
"PUGLIA","PUGLIA - P02","ITALEXIT PER L'ITALIA","ANGELA ROSSANO","18/10/1986","ALTAMURA"
"PUGLIA","PUGLIA - P02","ITALEXIT PER L'ITALIA","DOMENICO ALESSANDRO MASCIALINO","04/01/1982","PUTIGNANO"
"PUGLIA","PUGLIA - P02"," +EUROPA","ILARIA DONATIO","13/04/1974","LECCE"
"PUGLIA","PUGLIA - P02"," +EUROPA","LUCA LACERENZA","21/08/1986","CANOSA DI PUGLIA"
"PUGLIA","PUGLIA - P02"," +EUROPA","SILVIA DEPALO","08/04/1968","BARI"
"PUGLIA","PUGLIA - P02"," +EUROPA","MARCO SILVESTRI","09/01/1990","CANOSA DI PUGLIA"
"PUGLIA","PUGLIA - P02","ALLEANZA VERDI E SINISTRA","ABOUBAKAR SOUMAHORO","06/06/1980","BETROULILIE  LAKOTA (COSTA D'AVORIO)"
"PUGLIA","PUGLIA - P02","ALLEANZA VERDI E SINISTRA","ELISABETTA PICCOLOTTI","10/02/1982","CAMERINO "
"PUGLIA","PUGLIA - P02","ALLEANZA VERDI E SINISTRA","ANTONIO BRAMANTE","06/07/1964","SAN GIOVANNI ROTONDO"
"PUGLIA","PUGLIA - P02","ALLEANZA VERDI E SINISTRA","BARBARA RICCI","28/06/1988","TRANI"
"PUGLIA","PUGLIA - P02","PARTITO DEMOCRATICO - ITALIA DEMOCRATICA E PROGRESSISTA","MARCO LACARRA","04/08/1962","BARI"
"PUGLIA","PUGLIA - P02","PARTITO DEMOCRATICO - ITALIA DEMOCRATICA E PROGRESSISTA","ANNA MAURODINOIA DETTA ANITA","26/09/1975","HAMILTON (CANADA)"
"PUGLIA","PUGLIA - P02","PARTITO DEMOCRATICO - ITALIA DEMOCRATICA E PROGRESSISTA","PAOLO LATTANZIO","30/05/1979","BARI"
"PUGLIA","PUGLIA - P02","PARTITO DEMOCRATICO - ITALIA DEMOCRATICA E PROGRESSISTA","MARIA CHIARA ADDABBO","11/10/1993","BARI"
"PUGLIA","PUGLIA - P02","IMPEGNO CIVICO LUIGI DI MAIO - CENTRO DEMOCRATICO","GIUSEPPE L'ABBATE","13/03/1985","CASTELLANA GROTTE"
"PUGLIA","PUGLIA - P02","IMPEGNO CIVICO LUIGI DI MAIO - CENTRO DEMOCRATICO","MARIALUISA FARO","12/07/1984","CATANIA"
"PUGLIA","PUGLIA - P02","IMPEGNO CIVICO LUIGI DI MAIO - CENTRO DEMOCRATICO","EMANUELE  SCAGLIUSI","15/02/1984","PUTIGNANO"
"PUGLIA","PUGLIA - P02","IMPEGNO CIVICO LUIGI DI MAIO - CENTRO DEMOCRATICO","DALILA NESCI","23/09/1986","TROPEA (VV)"
"PUGLIA","PUGLIA - P02","AZIONE - ITALIA VIVA - CALENDA","MARIA ROSARIA CARFAGNA","18/12/1975","SALERNO"
"PUGLIA","PUGLIA - P02","AZIONE - ITALIA VIVA - CALENDA","MASSIMO CASSANO","03/02/1965","BARI"
"PUGLIA","PUGLIA - P02","AZIONE - ITALIA VIVA - CALENDA","PATRIZIA DELL'ACQUA","16/10/1960","BARI"
"PUGLIA","PUGLIA - P02","AZIONE - ITALIA VIVA - CALENDA","PASQUALE  DEL VECCHIO","15/05/1979","SAN GIOVANNI ROTONDO"
"PUGLIA","PUGLIA - P03","UNIONE POPOLARE CON DE MAGISTRIS","LAURA MARCHETTI","08/06/1957","BARI"
"PUGLIA","PUGLIA - P03","UNIONE POPOLARE CON DE MAGISTRIS","GIANCARLO DI STADIO","11/06/1991","NAPOLI"
"PUGLIA","PUGLIA - P03","UNIONE POPOLARE CON DE MAGISTRIS","ALESSANDRA D'AVOLIO","14/07/1986","TORINO"
"PUGLIA","PUGLIA - P03","UNIONE POPOLARE CON DE MAGISTRIS","MATTEO SPADARO","28/01/1978","GROTTAGLIE"
"PUGLIA","PUGLIA - P03","NOI MODERATI/LUPI - TOTI - BRUGNARO - UDC","GIUSEPPE TARANTINO","21/12/1959","TARANTO"
"PUGLIA","PUGLIA - P03","NOI MODERATI/LUPI - TOTI - BRUGNARO - UDC","GIOVANNA TOMAI","27/01/1985","TARANTO"
"PUGLIA","PUGLIA - P03","NOI MODERATI/LUPI - TOTI - BRUGNARO - UDC","PIERFILIPPO MARCOLEONI","17/08/1975","TARANTO"
"PUGLIA","PUGLIA - P03","NOI MODERATI/LUPI - TOTI - BRUGNARO - UDC","PASQUA LUPOLI","02/03/1981","GROTTAGLIE"
"PUGLIA","PUGLIA - P03","LEGA PER SALVINI PREMIER","GIACOMO CONSERVA","15/03/1976","MARTINA FRANCA"
"PUGLIA","PUGLIA - P03","LEGA PER SALVINI PREMIER","ILARIA ANTELMI","30/05/1977","BRINDISI"
"PUGLIA","PUGLIA - P03","LEGA PER SALVINI PREMIER","LUIGI MASTRANGELO","17/08/1975","MOTTOLA"
"PUGLIA","PUGLIA - P03","LEGA PER SALVINI PREMIER","ADRIANA  BALESTRA","02/03/1987","MESAGNE"
"PUGLIA","PUGLIA - P03","FRATELLI D'ITALIA CON GIORGIA MELONI","MARCELLO GEMMATO","21/12/1972","BARI"
"PUGLIA","PUGLIA - P03","FRATELLI D'ITALIA CON GIORGIA MELONI","LUCREZIA MARIA BENEDETTA MANTOVANI","20/05/1984","MILANO"
"PUGLIA","PUGLIA - P03","FRATELLI D'ITALIA CON GIORGIA MELONI","LUIGI GIOVANNI MAIORANO","26/09/1974","MANDURIA"
"PUGLIA","PUGLIA - P03","FRATELLI D'ITALIA CON GIORGIA MELONI","FEDERICA DE BENEDETTO","22/10/1984","LECCE"
"PUGLIA","PUGLIA - P03","FORZA ITALIA","VITO DE PALMA","13/11/1966","GINOSA"
"PUGLIA","PUGLIA - P03","FORZA ITALIA","MICHELA GABRIELLA NOCCO","17/03/1972","SANTERAMO IN COLLE"
"PUGLIA","PUGLIA - P03","FORZA ITALIA","MASSIMILIANO DI CUIA","06/11/1979","TARANTO"
"PUGLIA","PUGLIA - P03","FORZA ITALIA","LUCREZIA VINCI","13/04/1964","MARTINA FRANCA"
"PUGLIA","PUGLIA - P03","ITALIA SOVRANA E POPOLARE","DOMENICO CONVERSA","06/01/1976","ACQUAVIVA DELLE FONTI"
"PUGLIA","PUGLIA - P03","ITALIA SOVRANA E POPOLARE","SERENA DONNINI","21/05/1975","LECCE"
"PUGLIA","PUGLIA - P03","ITALIA SOVRANA E POPOLARE","VINCENZO STELLACCIO","19/06/1959","PALAGIANO"
"PUGLIA","PUGLIA - P03","ITALIA SOVRANA E POPOLARE","SILVANA BARBIERI","03/08/1965","BARI"
"PUGLIA","PUGLIA - P03","MOVIMENTO 5 STELLE","PASQUA L'ABBATE","02/05/1966","POLIGNANO A MARE"
"PUGLIA","PUGLIA - P03","MOVIMENTO 5 STELLE","IUNIO VALERIO ROMANO","29/01/1971","LECCE"
"PUGLIA","PUGLIA - P03","MOVIMENTO 5 STELLE","ANGELA MASI","10/01/1987","BARI"
"PUGLIA","PUGLIA - P03","MOVIMENTO 5 STELLE","GIORGIO LACASELLA","14/06/1979","ACQUAVIVA DELLE FONTI"
"PUGLIA","PUGLIA - P03","ITALEXIT PER L'ITALIA","MARIANTONELLA  RIZZO","18/02/1977","CAMPI SALENTINA"
"PUGLIA","PUGLIA - P03","ITALEXIT PER L'ITALIA","COSIMO BRECCIA","16/10/1975","MANDURIA"
"PUGLIA","PUGLIA - P03","ITALEXIT PER L'ITALIA","MARGHERITA SAMMARCO","05/08/1979","GROTTAGLIE"
"PUGLIA","PUGLIA - P03","ITALEXIT PER L'ITALIA","FABIO COLUCCI","01/06/1980","TARANTO"
"PUGLIA","PUGLIA - P03"," +EUROPA","COSIMO CARRIERO","07/04/1977","MESAGNE"
"PUGLIA","PUGLIA - P03"," +EUROPA","RITA DI SANO","21/02/1980","BARI"
"PUGLIA","PUGLIA - P03"," +EUROPA","GIORDANO MASINI","19/01/1971","ROMA"
"PUGLIA","PUGLIA - P03"," +EUROPA","ILARIA DONATIO","13/04/1974","LECCE"
"PUGLIA","PUGLIA - P03","ALLEANZA VERDI E SINISTRA","ANGELO BONELLI","30/07/1962","ROMA (RM)"
"PUGLIA","PUGLIA - P03","ALLEANZA VERDI E SINISTRA","ELISABETTA PICCOLOTTI","10/02/1982","CAMERINO "
"PUGLIA","PUGLIA - P03","ALLEANZA VERDI E SINISTRA","GIOVANNI MICHELE CARBOTTI","13/07/1960","CRISPIANO"
"PUGLIA","PUGLIA - P03","ALLEANZA VERDI E SINISTRA","SONIA FORNARO","29/11/1990","GROTTAGLIE"
"PUGLIA","PUGLIA - P03","PARTITO DEMOCRATICO - ITALIA DEMOCRATICA E PROGRESSISTA","UBALDO PAGANO","16/05/1979","BARI"
"PUGLIA","PUGLIA - P03","PARTITO DEMOCRATICO - ITALIA DEMOCRATICA E PROGRESSISTA","FRANCESCA VIGGIANO DETTA VIGGIANI","25/03/1981","TARANTO"
"PUGLIA","PUGLIA - P03","PARTITO DEMOCRATICO - ITALIA DEMOCRATICA E PROGRESSISTA","SEBASTIANO STANO","26/11/1966","LATERZA"
"PUGLIA","PUGLIA - P03","PARTITO DEMOCRATICO - ITALIA DEMOCRATICA E PROGRESSISTA","BARBARA PANUNZIO","21/03/1974","TARANTO"
"PUGLIA","PUGLIA - P03","IMPEGNO CIVICO LUIGI DI MAIO - CENTRO DEMOCRATICO","DANIELA DONNO","11/01/1960","LECCE"
"PUGLIA","PUGLIA - P03","IMPEGNO CIVICO LUIGI DI MAIO - CENTRO DEMOCRATICO","EMANUELE SCAGLIUSI","15/02/1984","PUTIGNANO"
"PUGLIA","PUGLIA - P03","IMPEGNO CIVICO LUIGI DI MAIO - CENTRO DEMOCRATICO","MARIALUISA FARO","12/07/1984","CATANIA"
"PUGLIA","PUGLIA - P03","IMPEGNO CIVICO LUIGI DI MAIO - CENTRO DEMOCRATICO","GIUSEPPE L'ABBATE","13/03/1985","CASTELLANA GROTTE"
"PUGLIA","PUGLIA - P03","AZIONE - ITALIA VIVA - CALENDA","MARIA ROSARIA CARFAGNA","18/12/1975","SALERNO"
"PUGLIA","PUGLIA - P03","AZIONE - ITALIA VIVA - CALENDA","MASSIMILIANO STELLATO","06/12/1973","CAPUA"
"PUGLIA","PUGLIA - P03","AZIONE - ITALIA VIVA - CALENDA","ANNA  MARIA  GENTILE","07/03/1966","NOCI"
"PUGLIA","PUGLIA - P03","AZIONE - ITALIA VIVA - CALENDA","NICOLA LAGRECA","05/04/1963","GRAVINA IN PUGLIA"
"PUGLIA","PUGLIA - P04","UNIONE POPOLARE CON DE MAGISTRIS","FABIO DE NARDIS","19/01/1977","ROMA"
"PUGLIA","PUGLIA - P04","UNIONE POPOLARE CON DE MAGISTRIS","MARIANNA LENTINI","23/08/1980","COPERTINO"
"PUGLIA","PUGLIA - P04","UNIONE POPOLARE CON DE MAGISTRIS","ALESSANDRO DAVERSA","02/09/1995","MANDURIA"
"PUGLIA","PUGLIA - P04","UNIONE POPOLARE CON DE MAGISTRIS","JULIETTE FRANCO","17/06/1985","ROMA"
"PUGLIA","PUGLIA - P04","NOI MODERATI/LUPI - TOTI - BRUGNARO - UDC","NUNZIO FRANCESCO TESTA","08/02/1956","POMIGLIANO D'ARCO"
"PUGLIA","PUGLIA - P04","NOI MODERATI/LUPI - TOTI - BRUGNARO - UDC","GIUSY SCORRANO","19/09/1976","LECCE"
"PUGLIA","PUGLIA - P04","NOI MODERATI/LUPI - TOTI - BRUGNARO - UDC","ANDREA CORONESE","22/05/1976","GALLIPOLI"
"PUGLIA","PUGLIA - P04","NOI MODERATI/LUPI - TOTI - BRUGNARO - UDC","SILVANA MASTROVITO","28/11/1985","OSTUNI"
"PUGLIA","PUGLIA - P04","LEGA PER SALVINI PREMIER","SALVATORE MARCELLO DI MATTINA","05/01/1970","TAVIANO"
"PUGLIA","PUGLIA - P04","LEGA PER SALVINI PREMIER","VANNIA GAVA","30/06/1974","SACILE (PN)"
"PUGLIA","PUGLIA - P04","LEGA PER SALVINI PREMIER","VITTORIO ZIZZA","27/01/1967","OSTUNI"
"PUGLIA","PUGLIA - P04","LEGA PER SALVINI PREMIER","ILARIA ANTELMI","30/05/1977","BRINDISI"
"PUGLIA","PUGLIA - P04","FRATELLI D'ITALIA CON GIORGIA MELONI","RAFFAELE FITTO","28/08/1969","MAGLIE"
"PUGLIA","PUGLIA - P04","FRATELLI D'ITALIA CON GIORGIA MELONI","LUCREZIA MARIA BENEDETTA MANTOVANI","20/05/1984","MILANO"
"PUGLIA","PUGLIA - P04","FRATELLI D'ITALIA CON GIORGIA MELONI","ANTONIO MARIA GABELLONE","16/09/1959","GALLIPOLI"
"PUGLIA","PUGLIA - P04","FRATELLI D'ITALIA CON GIORGIA MELONI","CHIARA SARACINO","16/07/1982","TROISDORF (GERMANIA)"
"PUGLIA","PUGLIA - P04","FORZA ITALIA","MAURO D'ATTIS","30/07/1973","GALATINA"
"PUGLIA","PUGLIA - P04","FORZA ITALIA","MATILDE SIRACUSANO","26/04/1985","MESSINA"
"PUGLIA","PUGLIA - P04","FORZA ITALIA","ANDREA CAROPPO","26/06/1979","POGGIARDO"
"PUGLIA","PUGLIA - P04","FORZA ITALIA","FILOMENA D'ANTINI","23/02/1971","FOGGIA"
"PUGLIA","PUGLIA - P04","ITALIA SOVRANA E POPOLARE","ANTONELLA D'ANGELI","03/08/1965","ANAGNI (FR)"
"PUGLIA","PUGLIA - P04","ITALIA SOVRANA E POPOLARE","ROBERTO CARDILLI","11/08/1977","GIOIA DEL COLLE"
"PUGLIA","PUGLIA - P04","ITALIA SOVRANA E POPOLARE","ALICE CARRER","04/08/1997","MILANO"
"PUGLIA","PUGLIA - P04","ITALIA SOVRANA E POPOLARE","GIUSEPPE LARICCIA","29/04/1977","POTENZA (PZ)"
"PUGLIA","PUGLIA - P04","MOVIMENTO 5 STELLE","LEONARDO DONNO","21/07/1985","GALATINA"
"PUGLIA","PUGLIA - P04","MOVIMENTO 5 STELLE","VALENTINA PALMISANO","24/01/1983","BRINDISI"
"PUGLIA","PUGLIA - P04","MOVIMENTO 5 STELLE","LUCA  MACAVERO","23/04/1981","POGGIARDO"
"PUGLIA","PUGLIA - P04","MOVIMENTO 5 STELLE","ANNALISA URSO","18/04/1983","GALLIPOLI"
"PUGLIA","PUGLIA - P04","ITALEXIT PER L'ITALIA","GIANLUIGI PARAGONE","07/08/1971","VARESE"
"PUGLIA","PUGLIA - P04","ITALEXIT PER L'ITALIA","RAFFAELLA REGOLI","21/01/1970","BENEVENTO"
"PUGLIA","PUGLIA - P04","ITALEXIT PER L'ITALIA","CATALDO MININNO","30/06/1975","BARI"
"PUGLIA","PUGLIA - P04","ITALEXIT PER L'ITALIA","CRISTINA PAOLINO","26/06/1973","HOCKENHEIM (GERMANIA)"
"PUGLIA","PUGLIA - P04"," +EUROPA","COSIMO  CARRIERO","07/04/1977","MESAGNE"
"PUGLIA","PUGLIA - P04"," +EUROPA","ILARIA DONATIO","13/04/1974","LECCE"
"PUGLIA","PUGLIA - P04"," +EUROPA","ALBERTO VANNETTI","10/08/1958","ROMA"
"PUGLIA","PUGLIA - P04"," +EUROPA","RITA  DI SANO","21/02/1980","BARI"
"PUGLIA","PUGLIA - P04","ALLEANZA VERDI E SINISTRA","ANGELO BONELLI","30/07/1962","ROMA (RM)"
"PUGLIA","PUGLIA - P04","ALLEANZA VERDI E SINISTRA","ELISABETTA PICCOLOTTI","10/02/1982","CAMERINO "
"PUGLIA","PUGLIA - P04","ALLEANZA VERDI E SINISTRA","PIERPAOLO PATTI","19/07/1978","LECCE"
"PUGLIA","PUGLIA - P04","ALLEANZA VERDI E SINISTRA","LUANA MIA PIRELLI","22/08/1978","BRINDISI"
"PUGLIA","PUGLIA - P04","PARTITO DEMOCRATICO - ITALIA DEMOCRATICA E PROGRESSISTA","CLAUDIO MICHELE STEFANAZZI","08/05/1970","TRICASE"
"PUGLIA","PUGLIA - P04","PARTITO DEMOCRATICO - ITALIA DEMOCRATICA E PROGRESSISTA","ELISA MARIANO","16/06/1977","SAN PIETRO VERNOTICO"
"PUGLIA","PUGLIA - P04","PARTITO DEMOCRATICO - ITALIA DEMOCRATICA E PROGRESSISTA","FRANCESCO MICHELE ROGOLI","17/02/1991","MESAGNE"
"PUGLIA","PUGLIA - P04","PARTITO DEMOCRATICO - ITALIA DEMOCRATICA E PROGRESSISTA","ANNA TOMA","14/07/1971","GALLIPOLI"
"PUGLIA","PUGLIA - P04","IMPEGNO CIVICO LUIGI DI MAIO - CENTRO DEMOCRATICO","ANNA MACINA","20/02/1973","BARI"
"PUGLIA","PUGLIA - P04","IMPEGNO CIVICO LUIGI DI MAIO - CENTRO DEMOCRATICO","GIUSEPPE L'ABBATE","13/03/1985","CASTELLANA GROTTE"
"PUGLIA","PUGLIA - P04","IMPEGNO CIVICO LUIGI DI MAIO - CENTRO DEMOCRATICO","EMANUAELA PAOLA VITALI","30/03/1975","CASARANO  (LE)"
"PUGLIA","PUGLIA - P04","IMPEGNO CIVICO LUIGI DI MAIO - CENTRO DEMOCRATICO","EMANUELE SCAGLIUSI","15/02/1984","PUTIGNANO"
"PUGLIA","PUGLIA - P04","AZIONE - ITALIA VIVA - CALENDA","MARIA ROSARIA CARFAGNA","18/12/1975","SALERNO"
"PUGLIA","PUGLIA - P04","AZIONE - ITALIA VIVA - CALENDA","ANTONIO BUCCOLIERO","10/02/1962","SAVA"
"PUGLIA","PUGLIA - P04","AZIONE - ITALIA VIVA - CALENDA","MARIA ADDOLORATA FIORE","24/10/1966","CORIGLIANO D'OTRANTO"
"PUGLIA","PUGLIA - P04","AZIONE - ITALIA VIVA - CALENDA","MASSIMILIANO SANTORO","26/01/1972","BRINDISI"
"BASILICATA","BASILICATA - P01","NOI MODERATI/LUPI - TOTI - BRUGNARO - UDC","FRANCESCO CANNIZZARO","29/06/1979","POTENZA"
"BASILICATA","BASILICATA - P01","NOI MODERATI/LUPI - TOTI - BRUGNARO - UDC","VITTORIA TIZIANA ROTUNNO","28/06/1973","TOLVE (PZ)"
"BASILICATA","BASILICATA - P01","NOI MODERATI/LUPI - TOTI - BRUGNARO - UDC","GIOVANNI MIETITORE","06/07/1966","POTENZA "
"BASILICATA","BASILICATA - P01","LEGA PER SALVINI PREMIER","PASQUALE PEPE","04/02/1975","TOLVE (PZ)"
"BASILICATA","BASILICATA - P01","LEGA PER SALVINI PREMIER","DONATELLA MERRA","28/03/1986","MELFI (PZ)"
"BASILICATA","BASILICATA - P01","LEGA PER SALVINI PREMIER","PASQUALE CARIELLO","25/09/1991","POLICORO (MT)"
"BASILICATA","BASILICATA - P01","FORZA ITALIA","MICHELE CASINO","24/09/1960","IRSINA (MT)"
"BASILICATA","BASILICATA - P01","FORZA ITALIA","ROSANNA GRUOSSO","07/05/1980","POTENZA "
"BASILICATA","BASILICATA - P01","FORZA ITALIA","GERARDO BELLETTIERI","23/07/1971","POTENZA"
"BASILICATA","BASILICATA - P01","FRATELLI D'ITALIA CON GIORGIA MELONI","ALDO MATTIA","11/01/1956","FROSINONE"
"BASILICATA","BASILICATA - P01","FRATELLI D'ITALIA CON GIORGIA MELONI","MARIA SMALDINI","14/11/1978","POTENZA"
"BASILICATA","BASILICATA - P01","FRATELLI D'ITALIA CON GIORGIA MELONI","TOMMASO COVIELLO","14/09/1973","POTENZA"
"BASILICATA","BASILICATA - P01","MOVIMENTO 5 STELLE","ARNALDO LOMUTI","14/02/1975","VENOSA (PZ)"
"BASILICATA","BASILICATA - P01","MOVIMENTO 5 STELLE","ARJANA BECHERE","02/10/1983","SCUTARI (ALBANIA)"
"BASILICATA","BASILICATA - P01","MOVIMENTO 5 STELLE","EUSTACCHIO RUGGIERI","10/06/1975","TRICARICO (MT)"
"BASILICATA","BASILICATA - P01","PARTITO COMUNISTA ITALIANO","GIUSEPPE AMODEO","06/11/1948","SANT'ANGELO LE FRATTE (PZ)"
"BASILICATA","BASILICATA - P01","PARTITO COMUNISTA ITALIANO","CARMELA SANTALUCE","06/10/1948"," BALVANO (PZ)"
"BASILICATA","BASILICATA - P01","AZIONE - ITALIA VIVA - CALENDA","MARIO POLESE","21/11/1982","POTENZA "
"BASILICATA","BASILICATA - P01","AZIONE - ITALIA VIVA - CALENDA","ANTONELLA ZAMBRINO","08/11/1971","POLLA (SA)"
"BASILICATA","BASILICATA - P01","AZIONE - ITALIA VIVA - CALENDA","ANTONIO DIBIASE ","17/05/1971","MONTESCAGLIOSO (MT)"
"BASILICATA","BASILICATA - P01","ITALEXIT PER L'ITALIA","ROMINA PALUDI","08/09/1982","ROMA "
"BASILICATA","BASILICATA - P01","ITALEXIT PER L'ITALIA","GIORGIO SANTORIELLO","18/12/1983","POLICORO (MT)"
"BASILICATA","BASILICATA - P01","ITALEXIT PER L'ITALIA","ROSALINDA PISCHETOLA","27/10/1974","CERIGNOLA (FG)"
"BASILICATA","BASILICATA - P01"," +EUROPA","SERGIO FORTE","23/01/1974","  MATERA"
"BASILICATA","BASILICATA - P01"," +EUROPA","CATERINA SCARCIOLLA","28/01/1974","  MATERA"
"BASILICATA","BASILICATA - P01"," +EUROPA","FRANCESCO AMBROSINO","06/11/1966","  MATERA "
"BASILICATA","BASILICATA - P01","IMPEGNO CIVICO LUIGI DI MAIO - CENTRO DEMOCRATICO","LUIGI DI MAIO","06/07/1986"," AVELLINO"
"BASILICATA","BASILICATA - P01","IMPEGNO CIVICO LUIGI DI MAIO - CENTRO DEMOCRATICO","CONCETTA GIORDANO","06/12/1983"," NAPOLI"
"BASILICATA","BASILICATA - P01","IMPEGNO CIVICO LUIGI DI MAIO - CENTRO DEMOCRATICO","ALESSANDRO AMITRANO","07/07/1989"," NAPOLI "
"BASILICATA","BASILICATA - P01","ALLEANZA VERDI E SINISTRA","DONATO LETTIERI ","31/07/1972","NAPOLI"
"BASILICATA","BASILICATA - P01","ALLEANZA VERDI E SINISTRA","MARINA BIANCHI","26/07/1993","MATERA "
"BASILICATA","BASILICATA - P01","ALLEANZA VERDI E SINISTRA","MANUEL CHIAPPETTA","02/11/1982","MARATEA (PZ)"
"BASILICATA","BASILICATA - P01","PARTITO DEMOCRATICO - ITALIA DEMOCRATICA E PROGRESSISTA","VINCENZO AMENDOLA","22/12/1973","NAPOLI "
"BASILICATA","BASILICATA - P01","PARTITO DEMOCRATICO - ITALIA DEMOCRATICA E PROGRESSISTA","BEATRICE ILARIA DIFESCA","26/04/1982","ROMA"
"BASILICATA","BASILICATA - P01","PARTITO DEMOCRATICO - ITALIA DEMOCRATICA E PROGRESSISTA","ROCCO PERGOLA","13/08/1983","POTENZA"
"BASILICATA","BASILICATA - P01","UNIONE POPOLARE CON DE MAGISTRIS","VINCENZO RITUNNANO","20/11/1965","POTENZA "
"BASILICATA","BASILICATA - P01","UNIONE POPOLARE CON DE MAGISTRIS","FELICETTA RENNA","19/04/1974","LAVELLO (PZ)"
"BASILICATA","BASILICATA - P01","UNIONE POPOLARE CON DE MAGISTRIS","GIUSEPPE DUBLA","22/05/1968","FERRANDINA (MT)"
"BASILICATA","BASILICATA - P01","ITALIA SOVRANA E POPOLARE","GIOVANNA CORICCIATI","23/02/1967","MARTANO (LE)"
"BASILICATA","BASILICATA - P01","ITALIA SOVRANA E POPOLARE","SALVATORE SCRASCIA","12/03/1969","SCORRANO (LE)"
"BASILICATA","BASILICATA - P01","ITALIA SOVRANA E POPOLARE","SABINA AUSTERI","19/05/1968","PALERMO"
"BASILICATA","BASILICATA - P01","MASTELLA NOI DI CENTRO EUROPEISTI","MARIA ANTONELLA MINARDI","09/06/1963","MATERA "
"BASILICATA","BASILICATA - P01","MASTELLA NOI DI CENTRO EUROPEISTI","FRANCESCO MARIO PAPALEO","17/11/1965","MARATEA (PZ)"
"BASILICATA","BASILICATA - P01","MASTELLA NOI DI CENTRO EUROPEISTI","ASSUNTA VICERE'","30/05/1966","BENEVENTO"
"CALABRIA","CALABRIA - P01","SUD CHIAMA NORD","FRANCESCO PASSAFARO","12/09/1991","CATANZARO"
"CALABRIA","CALABRIA - P01","SUD CHIAMA NORD","MARIA TERESA FEMIA","09/06/1989","LOCRI (RC)"
"CALABRIA","CALABRIA - P01","SUD CHIAMA NORD","ALESSANDRO BASILE","24/08/1979","ACRI (CS)"
"CALABRIA","CALABRIA - P01","SUD CHIAMA NORD","IMMACOLATA CERIELLO","26/02/1966","SANT'ANASTASIA (NA)"
"CALABRIA","CALABRIA - P01","PARTITO ANIMALISTA - UCDL - 10 VOLTE MEGLIO","CRISTINA CAMPOLO","11/01/1977","REGGIO CALABRIA"
"CALABRIA","CALABRIA - P01","PARTITO ANIMALISTA - UCDL - 10 VOLTE MEGLIO","ENRICO MARIA BOZZA","07/11/1976","BENEVENTO"
"CALABRIA","CALABRIA - P01","PARTITO ANIMALISTA - UCDL - 10 VOLTE MEGLIO","ANNA LATELLA","30/06/1964","REGGIO CALABRIA"
"CALABRIA","CALABRIA - P01","PARTITO ANIMALISTA - UCDL - 10 VOLTE MEGLIO","ANTONIO TALARICO","10/10/1979","LAMEZIA TERME (CZ)"
"CALABRIA","CALABRIA - P01","PARTITO COMUNISTA ITALIANO","DINA ALBERTINA BALSAMO","17/10/1963","MILANO"
"CALABRIA","CALABRIA - P01","PARTITO COMUNISTA ITALIANO","UGO MORO","27/09/1962","ROMA"
"CALABRIA","CALABRIA - P01","PARTITO COMUNISTA ITALIANO","ANGELA RAVO","10/04/1955","CASALNUOVO DI NAPOLI"
"CALABRIA","CALABRIA - P01","PARTITO COMUNISTA ITALIANO","MATTEO BELLEGONI","01/02/1980","SARZANA (SP)"
"CALABRIA","CALABRIA - P01","AZIONE - ITALIA VIVA - CALENDA","MARIA ELENA BOSCHI","24/01/1981","MONTEVARCHI (AR)"
"CALABRIA","CALABRIA - P01","AZIONE - ITALIA VIVA - CALENDA","ERNESTO MAGORNO","21/06/1961","DIAMANTE (CS)"
"CALABRIA","CALABRIA - P01","AZIONE - ITALIA VIVA - CALENDA","CARLA CAPOCASALE","22/12/1978","SALERNO"
"CALABRIA","CALABRIA - P01","AZIONE - ITALIA VIVA - CALENDA","SALVATORE FRANCESCO SAMMARRO","28/12/1991","ROSSANO (CS)"
"CALABRIA","CALABRIA - P01","LEGA PER SALVINI PREMIER","SIMONA LOIZZO","20/02/1965","COSENZA"
"CALABRIA","CALABRIA - P01","LEGA PER SALVINI PREMIER","GIACOMO FRANCESCO SACCOMANNO","23/01/1955","VIBO VALENTIA"
"CALABRIA","CALABRIA - P01","LEGA PER SALVINI PREMIER","GRAZIA MARIA CARMELA IANNINI","05/05/1976","CORIGLIANO CALABRO (CS)"
"CALABRIA","CALABRIA - P01","LEGA PER SALVINI PREMIER","NICOLA DANIELE","30/10/1958","PETILIA POLICASTRO (KR)"
"CALABRIA","CALABRIA - P01","FRATELLI D'ITALIA CON GIORGIA MELONI","WANDA FERRO","24/03/1968","CATANZARO"
"CALABRIA","CALABRIA - P01","FRATELLI D'ITALIA CON GIORGIA MELONI","ALFREDO ANTONIOZZI","18/03/1956","COSENZA"
"CALABRIA","CALABRIA - P01","FRATELLI D'ITALIA CON GIORGIA MELONI","EUGENIA MARIA ROCCELLA","15/11/1953","BOLOGNA"
"CALABRIA","CALABRIA - P01","FRATELLI D'ITALIA CON GIORGIA MELONI","GIOVANNI CALABRESE","08/08/1969","LOCRI (RC)"
"CALABRIA","CALABRIA - P01","FORZA ITALIA","GIUSEPPE TOMMASO VINCENZO MANGIALAVORI","11/02/1975","MERANO (BZ)"
"CALABRIA","CALABRIA - P01","FORZA ITALIA","FULVIA MICHELA CALIGIURI","01/07/1973","COSENZA"
"CALABRIA","CALABRIA - P01","FORZA ITALIA","SERGIO TORROMINO","18/10/1965","CROTONE"
"CALABRIA","CALABRIA - P01","FORZA ITALIA","GELSOMINA VONO","14/03/1969","CATANZARO"
"CALABRIA","CALABRIA - P01","NOI MODERATI/LUPI - TOTI - BRUGNARO - UDC","ANTONINO FOTI","08/07/1958","REGGIO CALABRIA"
"CALABRIA","CALABRIA - P01","NOI MODERATI/LUPI - TOTI - BRUGNARO - UDC","SERENA ANGHELONE","30/05/1983","REGGIO CALABRIA"
"CALABRIA","CALABRIA - P01","NOI MODERATI/LUPI - TOTI - BRUGNARO - UDC","ENNIO FALVO","09/11/1972","SETTINGIANO (CZ)"
"CALABRIA","CALABRIA - P01","NOI MODERATI/LUPI - TOTI - BRUGNARO - UDC","GIOVANNA BUCCAFUSCA","02/11/1977","PALMI (RC)"
"CALABRIA","CALABRIA - P01","UNIONE POPOLARE CON DE MAGISTRIS","LUIGI DE MAGISTRIS","20/06/1967","NAPOLI"
"CALABRIA","CALABRIA - P01","UNIONE POPOLARE CON DE MAGISTRIS","ELEONORA FORENZA","10/11/1976","BARI"
"CALABRIA","CALABRIA - P01","UNIONE POPOLARE CON DE MAGISTRIS","MICHELE CONIA","04/08/1976","TAURIANOVA (RC)"
"CALABRIA","CALABRIA - P01","UNIONE POPOLARE CON DE MAGISTRIS","INES CALIO'","06/12/1982","CATANZARO"
"CALABRIA","CALABRIA - P01","ITALEXIT PER L'ITALIA","MASSIMO CRISTIANO","08/06/1980","LAMEZIA TERME (CZ)"
"CALABRIA","CALABRIA - P01","ITALEXIT PER L'ITALIA","ANGELA BARRESI","05/01/1952","CASTELVETRANO (TP)"
"CALABRIA","CALABRIA - P01","ITALEXIT PER L'ITALIA","GIUSEPPE ANTONIO GERMANO'","03/10/1978","PALMI (RC)"
"CALABRIA","CALABRIA - P01","ITALEXIT PER L'ITALIA","MARIA PANGALLO","09/08/1975","MELITO DI PORTO SALVO (RC)"
"CALABRIA","CALABRIA - P01","ALLEANZA VERDI E SINISTRA","FILIPPO SESTITO","13/09/1967","CATANZARO"
"CALABRIA","CALABRIA - P01","ALLEANZA VERDI E SINISTRA","GIUSY ELISA ROMANO","08/03/1985","ROSSANO (CS)"
"CALABRIA","CALABRIA - P01","ALLEANZA VERDI E SINISTRA","ROBERTO CALIGIURI","02/02/1973","PETRONA' (CZ)"
"CALABRIA","CALABRIA - P01","ALLEANZA VERDI E SINISTRA","ELISABETTA TRECCOZZI","15/08/1971","CROTONE"
"CALABRIA","CALABRIA - P01","PARTITO DEMOCRATICO - ITALIA DEMOCRATICA E PROGRESSISTA","NICOLA STUMPO","20/08/1969","CATANZARO"
"CALABRIA","CALABRIA - P01","PARTITO DEMOCRATICO - ITALIA DEMOCRATICA E PROGRESSISTA","VINCENZA BRUNO BOSSIO","15/04/1957","GRIMALDI (CS)"
"CALABRIA","CALABRIA - P01","PARTITO DEMOCRATICO - ITALIA DEMOCRATICA E PROGRESSISTA","CARLO GUCCIONE","13/03/1960","RENDE (CS)"
"CALABRIA","CALABRIA - P01","PARTITO DEMOCRATICO - ITALIA DEMOCRATICA E PROGRESSISTA","LIDIA VESCIO","18/08/1990","LAMEZIA TERME (CZ)"
"CALABRIA","CALABRIA - P01","IMPEGNO CIVICO LUIGI DI MAIO - CENTRO DEMOCRATICO","LUIGI DI MAIO","06/07/1986","AVELLINO"
"CALABRIA","CALABRIA - P01","IMPEGNO CIVICO LUIGI DI MAIO - CENTRO DEMOCRATICO","DALILA NESCI","23/09/1986","TROPEA (VV)"
"CALABRIA","CALABRIA - P01","IMPEGNO CIVICO LUIGI DI MAIO - CENTRO DEMOCRATICO","ANTONIO LOMBARDO","14/07/1982","ALCAMO (TP)"
"CALABRIA","CALABRIA - P01","IMPEGNO CIVICO LUIGI DI MAIO - CENTRO DEMOCRATICO","CATERINA LICATINI","01/10/1979","MAZARA DEL VALLO (TP)"
"CALABRIA","CALABRIA - P01"," +EUROPA","DORINA BIANCHI","03/06/1966","PISA"
"CALABRIA","CALABRIA - P01"," +EUROPA","GIANFRANCO LIBRANDI","03/08/1954","SARONNO (VA)"
"CALABRIA","CALABRIA - P01"," +EUROPA","ILARIA DONATIO","13/04/1974","LECCE"
"CALABRIA","CALABRIA - P01"," +EUROPA","ANTONIO NUCERA","28/01/1986","MELITO DI PORTO SALVO (RC)"
"CALABRIA","CALABRIA - P01","VITA","ZAIRA VIVIANA LENZI","12/02/1976","REGGIO CALABRIA"
"CALABRIA","CALABRIA - P01","VITA","EDOARDO POLACCO","18/11/1956","TARANTO"
"CALABRIA","CALABRIA - P01","VITA","ADELE LAMONICA","09/04/1959","CATANZARO"
"CALABRIA","CALABRIA - P01","VITA","MAURIZIO MARTUCCI","25/07/1973","ROMA"
"CALABRIA","CALABRIA - P01","FORZA DEL POPOLO","ALESSANDRO BUCCIERI","21/11/1971","COSENZA"
"CALABRIA","CALABRIA - P01","FORZA DEL POPOLO","LAURA CARERI","18/03/1976","ROSSANO (CS)"
"CALABRIA","CALABRIA - P01","MASTELLA NOI DI CENTRO EUROPEISTI","MICHELE GUERRIERI","08/09/1991","CASSANO ALL'IONIO (CS)"
"CALABRIA","CALABRIA - P01","MASTELLA NOI DI CENTRO EUROPEISTI","CATERINA VESCI","22/06/1978","SOVERIA MANNELLI (CZ)"
"CALABRIA","CALABRIA - P01","MASTELLA NOI DI CENTRO EUROPEISTI","LUIGI CATALANO","26/11/1967","REGGIO CALABRIA"
"CALABRIA","CALABRIA - P01","MASTELLA NOI DI CENTRO EUROPEISTI","MARIA ASSUNTA LATTUCA","19/08/1978","PAOLA (CS)"
"CALABRIA","CALABRIA - P01","ITALIA SOVRANA E POPOLARE","ANTONIO INGROIA","31/03/1959","PALERMO"
"CALABRIA","CALABRIA - P01","ITALIA SOVRANA E POPOLARE","ROSA SPADAFORA","09/05/1968","COSENZA"
"CALABRIA","CALABRIA - P01","ITALIA SOVRANA E POPOLARE","ANTONIO FERRAIOLO","16/03/1976","POTENZA"
"CALABRIA","CALABRIA - P01","ITALIA SOVRANA E POPOLARE","ROSARIA COLOMBO","12/07/1984","CASTROVILLARI (CS)"
"CALABRIA","CALABRIA - P01","ALTERNATIVA PER L'ITALIA - NO GREEN PASS","ERALDO RIZZUTI","16/08/1948","SAN VINCENZO LA COSTA (CS)"
"CALABRIA","CALABRIA - P01","ALTERNATIVA PER L'ITALIA - NO GREEN PASS","CONCETTA MARIA FRASCATI","08/02/1995","REGGIO CALABRIA"
"CALABRIA","CALABRIA - P01","ALTERNATIVA PER L'ITALIA - NO GREEN PASS","GIOVANNI TROMBINO","21/06/1961","COSENZA"
"CALABRIA","CALABRIA - P01","ALTERNATIVA PER L'ITALIA - NO GREEN PASS","NATALINA LATORRE","17/09/1974","MELITO DI PORTO SALVO (RC)"
"CALABRIA","CALABRIA - P01","MOVIMENTO 5 STELLE","FEDERICO CAFIERO DE RAHO","18/02/1952","NAPOLI "
"CALABRIA","CALABRIA - P01","MOVIMENTO 5 STELLE","VITTORIA BALDINO","28/05/1988","ROSSANO (CS)"
"CALABRIA","CALABRIA - P01","MOVIMENTO 5 STELLE","RICCARDO TUCCI","08/05/1986","BAD SODEN AM TAUNUS (GERMANIA)"
"CALABRIA","CALABRIA - P01","MOVIMENTO 5 STELLE","ANNA LAURA ORRICO","29/12/1980","COSENZA"
"SICILIA 1","SICILIA 1 - P01","ITALEXIT PER L'ITALIA","GIUSEPPE DE SANTIS DETTO BEPPE","19/05/1952","PALATA (CB)"
"SICILIA 1","SICILIA 1 - P01","ITALEXIT PER L'ITALIA","VALENTINA SERRANO'","25/06/1977","MESSINA"
"SICILIA 1","SICILIA 1 - P01","ITALEXIT PER L'ITALIA","SALVATORE LONGO","26/09/1976","PALERMO"
"SICILIA 1","SICILIA 1 - P01","ITALEXIT PER L'ITALIA","CORINNE LATTEUR","04/06/1964","BINCHE (BELGIO)"
"SICILIA 1","SICILIA 1 - P01","UNIONE POPOLARE CON DE MAGISTRIS","SIMONA SURIANO","01/07/1978","CATANIA"
"SICILIA 1","SICILIA 1 - P01","UNIONE POPOLARE CON DE MAGISTRIS","RAMON LA TORRE","10/07/1969","CAPO D'ORLANDO (ME)"
"SICILIA 1","SICILIA 1 - P01","UNIONE POPOLARE CON DE MAGISTRIS","ROSA GUAGLIARDO","08/07/1954","CHIUSA SCLAFANI (PA)"
"SICILIA 1","SICILIA 1 - P01","UNIONE POPOLARE CON DE MAGISTRIS","DAVIDE MINIO","13/05/1979","PALERMO"
"SICILIA 1","SICILIA 1 - P01","SUD CHIAMA NORD","SALVATORE GERACI","08/03/1969","CERDA (PA)"
"SICILIA 1","SICILIA 1 - P01","SUD CHIAMA NORD","PAOLA MORREALE","24/04/1993","MILANO"
"SICILIA 1","SICILIA 1 - P01","SUD CHIAMA NORD","PIO SIRAGUSA","05/08/1968","CORLEONE (PA)"
"SICILIA 1","SICILIA 1 - P01","SUD CHIAMA NORD","GIUSEPPA COPPOLA","24/09/1949","CASTELVETRANO (TP)"
"SICILIA 1","SICILIA 1 - P01","MOVIMENTO 5 STELLE","GIUSEPPE CONTE","08/08/1964","VOLTURARA APPULA (FG)"
"SICILIA 1","SICILIA 1 - P01","MOVIMENTO 5 STELLE","VALENTINA D'ORSO","29/07/1980","PALERMO"
"SICILIA 1","SICILIA 1 - P01","MOVIMENTO 5 STELLE","DAVIDE AIELLO","31/10/1985","PALERMO"
"SICILIA 1","SICILIA 1 - P01","MOVIMENTO 5 STELLE","DANIELA MORFINO","14/05/1974","PALERMO"
"SICILIA 1","SICILIA 1 - P01","ITALIA SOVRANA E POPOLARE","VINCENZO SPARTI","09/11/1976","PALERMO"
"SICILIA 1","SICILIA 1 - P01","ITALIA SOVRANA E POPOLARE","ROSARIA INDELICATO","01/07/1980","CASTELVETRANO (TP)"
"SICILIA 1","SICILIA 1 - P01","ITALIA SOVRANA E POPOLARE","FABIO MAGGIORE","22/08/1986","PALERMO"
"SICILIA 1","SICILIA 1 - P01","ITALIA SOVRANA E POPOLARE","DEBORA DE RAZZA","29/10/1980","CASTELVETRANO (TP)"
"SICILIA 1","SICILIA 1 - P01","AZIONE - ITALIA VIVA - CALENDA","DAVIDE FARAONE","19/07/1975","PALERMO"
"SICILIA 1","SICILIA 1 - P01","AZIONE - ITALIA VIVA - CALENDA","LUISA LA COLLA","04/03/1974","PALERMO"
"SICILIA 1","SICILIA 1 - P01","AZIONE - ITALIA VIVA - CALENDA","ALESSANDRO CUCCHIARA","21/01/1993","PALERMO"
"SICILIA 1","SICILIA 1 - P01","AZIONE - ITALIA VIVA - CALENDA","CHIARA DI LORENZO","01/11/1986","PALERMO"
"SICILIA 1","SICILIA 1 - P01"," +EUROPA","FABRIZIO FERRANDELLI","15/09/1980","PALERMO"
"SICILIA 1","SICILIA 1 - P01"," +EUROPA","MARIA SAELI","29/04/1988","PALERMO (PA)"
"SICILIA 1","SICILIA 1 - P01"," +EUROPA","DARIO LIOTTA","25/01/1970","PALERMO"
"SICILIA 1","SICILIA 1 - P01"," +EUROPA","ALESSANDRA MASTROGIOVANNI TASCA","16/03/1991","PALERMO"
"SICILIA 1","SICILIA 1 - P01","IMPEGNO CIVICO LUIGI DI MAIO - CENTRO DEMOCRATICO","CATERINA LICATINI","01/10/1979","MAZARA DEL VALLO (TP)"
"SICILIA 1","SICILIA 1 - P01","IMPEGNO CIVICO LUIGI DI MAIO - CENTRO DEMOCRATICO","ANDREA GIARRIZZO","01/12/1992","VITTORIA (RG)"
"SICILIA 1","SICILIA 1 - P01","IMPEGNO CIVICO LUIGI DI MAIO - CENTRO DEMOCRATICO","DALILA NESCI","23/09/1986","TROPEA (VV)"
"SICILIA 1","SICILIA 1 - P01","IMPEGNO CIVICO LUIGI DI MAIO - CENTRO DEMOCRATICO","FRANCESCO D'UVA","25/09/1987","MESSINA"
"SICILIA 1","SICILIA 1 - P01","ALLEANZA VERDI E SINISTRA","MARILENA GRASSADONIA","06/10/1970","PALERMO"
"SICILIA 1","SICILIA 1 - P01","ALLEANZA VERDI E SINISTRA","FABRIZIO BOCCHINO","26/11/1968","ERICE (TP)"
"SICILIA 1","SICILIA 1 - P01","ALLEANZA VERDI E SINISTRA","MARTA LA ROSA","06/02/1994","PALERMO"
"SICILIA 1","SICILIA 1 - P01","ALLEANZA VERDI E SINISTRA","GAETANO PACE DETTO TANO","12/02/1966","CALTAGIRONE (CT)"
"SICILIA 1","SICILIA 1 - P01","PARTITO DEMOCRATICO - ITALIA DEMOCRATICA E PROGRESSISTA","GIUSEPPE LUCIANO CALOGERO PROVENZANO","23/07/1982","SAN CATALDO (CL)"
"SICILIA 1","SICILIA 1 - P01","PARTITO DEMOCRATICO - ITALIA DEMOCRATICA E PROGRESSISTA","TERESA PICCIONE","12/04/1955","PALERMO"
"SICILIA 1","SICILIA 1 - P01","PARTITO DEMOCRATICO - ITALIA DEMOCRATICA E PROGRESSISTA","CARMELO MICELI","05/09/1977","RIBERA (AG)"
"SICILIA 1","SICILIA 1 - P01","PARTITO DEMOCRATICO - ITALIA DEMOCRATICA E PROGRESSISTA","MILENA GENTILE","24/04/1967","PALERMO"
"SICILIA 1","SICILIA 1 - P01","FORZA ITALIA","GIORGIO MULE'","25/04/1968","CALTANISSETTA"
"SICILIA 1","SICILIA 1 - P01","FORZA ITALIA","ADA TERENGHI","07/09/1970","PALERMO"
"SICILIA 1","SICILIA 1 - P01","FORZA ITALIA","MARCELLO GUALDANI","30/07/1960","PALERMO"
"SICILIA 1","SICILIA 1 - P01","FORZA ITALIA","ANNA MARIA CROCCHIOLO","16/01/1959","SALAPARUTA (TP)"
"SICILIA 1","SICILIA 1 - P01","LEGA PER SALVINI PREMIER","ANTONINO MINARDO","05/02/1978","MODICA (RG)"
"SICILIA 1","SICILIA 1 - P01","LEGA PER SALVINI PREMIER","VALERIA CARMELA MARIA SUDANO","26/09/1975","CATANIA"
"SICILIA 1","SICILIA 1 - P01","LEGA PER SALVINI PREMIER","ALESSANDRO SARO ALFONSO PAGANO","12/06/1959","SAN CATALDO (CL)"
"SICILIA 1","SICILIA 1 - P01","LEGA PER SALVINI PREMIER","TERESA ALISENA","03/12/1969","PALERMO"
"SICILIA 1","SICILIA 1 - P01","FRATELLI D'ITALIA CON GIORGIA MELONI","GIORGIA MELONI","15/01/1977","ROMA"
"SICILIA 1","SICILIA 1 - P01","FRATELLI D'ITALIA CON GIORGIA MELONI","GIANLUCA CARAMANNA","25/07/1975","FLORSCHEIM (D)"
"SICILIA 1","SICILIA 1 - P01","FRATELLI D'ITALIA CON GIORGIA MELONI","MARIA CAROLINA VARCHI","14/10/1983","PALERMO"
"SICILIA 1","SICILIA 1 - P01","FRATELLI D'ITALIA CON GIORGIA MELONI","PIETRO CANNELLA","24/06/1965","PALERMO"
"SICILIA 1","SICILIA 1 - P01","NOI MODERATI/LUPI - TOTI - BRUGNARO - UDC","FRANCESCO SAVERIO ROMANO","24/12/1964","PALERMO"
"SICILIA 1","SICILIA 1 - P01","NOI MODERATI/LUPI - TOTI - BRUGNARO - UDC","ILARIA CAVO","11/10/1973","GENOVA"
"SICILIA 1","SICILIA 1 - P01","NOI MODERATI/LUPI - TOTI - BRUGNARO - UDC","FRANCESCO MANNIELLO","18/02/1955","CASTELLAMMARE DI STABIA (NA)"
"SICILIA 1","SICILIA 1 - P01","NOI MODERATI/LUPI - TOTI - BRUGNARO - UDC","FEDERICA MARIA SALERNO","14/05/1989","PALERMO"
"SICILIA 1","SICILIA 1 - P02","ITALEXIT PER L'ITALIA","ADRIANA CAVASINO","25/02/1981","MAZARA DEL VALLO (TP)"
"SICILIA 1","SICILIA 1 - P02","ITALEXIT PER L'ITALIA","MAURIZIO MICHELE BLO'","22/09/1960","PALERMO"
"SICILIA 1","SICILIA 1 - P02","ITALEXIT PER L'ITALIA","ROSSELLA ALFIERI","25/05/1966","MAZARA DEL VALLO"
"SICILIA 1","SICILIA 1 - P02","ITALEXIT PER L'ITALIA","PAOLO MORSELLINO","21/11/1981","PALERMO"
"SICILIA 1","SICILIA 1 - P02","UNIONE POPOLARE CON DE MAGISTRIS","PIERA AIELLO","02/07/1967","PARTANNA (TP)"
"SICILIA 1","SICILIA 1 - P02","UNIONE POPOLARE CON DE MAGISTRIS","GABRIELE ROSARIO SORCE","15/05/1993","AGRIGENTO"
"SICILIA 1","SICILIA 1 - P02","UNIONE POPOLARE CON DE MAGISTRIS","ILENIA RINOLDO","23/11/1995","AGRIGENTO"
"SICILIA 1","SICILIA 1 - P02","UNIONE POPOLARE CON DE MAGISTRIS","NICOLA CLEMENZA","19/01/1969","PALERMO"
"SICILIA 1","SICILIA 1 - P02","SUD CHIAMA NORD","SALVUCCIO PIERO BELLANCA","29/06/1972","MUSSOMELI"
"SICILIA 1","SICILIA 1 - P02","SUD CHIAMA NORD","JESSICA FICI","20/11/1991","ERICE"
"SICILIA 1","SICILIA 1 - P02","SUD CHIAMA NORD","SALVATORE MALLUZZO","11/07/1994","AGRIGENTO"
"SICILIA 1","SICILIA 1 - P02","SUD CHIAMA NORD","MARIA DALLI CARDILLO","26/02/1966","AGRIGENTO"
"SICILIA 1","SICILIA 1 - P02","MOVIMENTO 5 STELLE","IDA CARMINA","16/11/1963","PALERMO"
"SICILIA 1","SICILIA 1 - P02","MOVIMENTO 5 STELLE","FILIPPO GIUSEPPE PERCONTI","10/07/1987","PALERMO"
"SICILIA 1","SICILIA 1 - P02","MOVIMENTO 5 STELLE","VITA MARTINCIGLIO","17/09/1980","MAZARA DEL VALLO (TP)"
"SICILIA 1","SICILIA 1 - P02","MOVIMENTO 5 STELLE","DEDALO COSIMO GAETANO PIGNATONE","11/10/1980","SAN CATALDO"
"SICILIA 1","SICILIA 1 - P02","ITALIA SOVRANA E POPOLARE","ANTONIO INGROIA","31/03/1959","PALERMO"
"SICILIA 1","SICILIA 1 - P02","ITALIA SOVRANA E POPOLARE","MARIANELLA FIORAVANTI","29/10/1983","CIVITANOVA MARCHE"
"SICILIA 1","SICILIA 1 - P02","ITALIA SOVRANA E POPOLARE","ALESSANDRO D'ALESSANDRO","21/07/1977","MESSINA"
"SICILIA 1","SICILIA 1 - P02","ITALIA SOVRANA E POPOLARE","ROSARIA INDELICATO","01/07/1980","CASTELVETRANO (TP)"
"SICILIA 1","SICILIA 1 - P02","AZIONE - ITALIA VIVA - CALENDA","DAVIDE FARAONE","19/07/1975","PALERMO"
"SICILIA 1","SICILIA 1 - P02","AZIONE - ITALIA VIVA - CALENDA","CRISTINA SCACCIA","16/05/1991","SANTO STEFANO QUISQUINA"
"SICILIA 1","SICILIA 1 - P02","AZIONE - ITALIA VIVA - CALENDA","LUIGI DE VINCENZI","28/07/1971","ERICE"
"SICILIA 1","SICILIA 1 - P02","AZIONE - ITALIA VIVA - CALENDA","MARIA BARRACO","06/07/1985","ERICE"
"SICILIA 1","SICILIA 1 - P02"," +EUROPA","FEDERICA GIORGIO","02/09/1984","CALTANISSETTA"
"SICILIA 1","SICILIA 1 - P02"," +EUROPA","DARIO LIOTTA","25/01/1970","PALERMO"
"SICILIA 1","SICILIA 1 - P02"," +EUROPA","ALESSANDRA MASTROGIOVANNI TASCA","16/03/1991","PALERMO"
"SICILIA 1","SICILIA 1 - P02"," +EUROPA","GIOVANNI PRATILLO","24/06/1981","CASERTA"
"SICILIA 1","SICILIA 1 - P02","IMPEGNO CIVICO LUIGI DI MAIO - CENTRO DEMOCRATICO","LUCIA AZZOLINA","25/08/1982","SIRACUSA"
"SICILIA 1","SICILIA 1 - P02","IMPEGNO CIVICO LUIGI DI MAIO - CENTRO DEMOCRATICO","ANDREA GIARRIZZO","01/12/1992","VITTORIA (RG)"
"SICILIA 1","SICILIA 1 - P02","IMPEGNO CIVICO LUIGI DI MAIO - CENTRO DEMOCRATICO","ROBERTA ALAIMO","01/04/1979","CORLEONE (PA)"
"SICILIA 1","SICILIA 1 - P02","ALLEANZA VERDI E SINISTRA","ANTONELLA INGIANNI","22/04/1960","MARSALA"
"SICILIA 1","SICILIA 1 - P02","ALLEANZA VERDI E SINISTRA","ALESSANDRO EVOLA","07/10/1973","MAZARA DEL VALLO"
"SICILIA 1","SICILIA 1 - P02","ALLEANZA VERDI E SINISTRA","MARIA GRAZIA GIOVANNA RIGGI","11/10/1963","CALTANISSETTA"
"SICILIA 1","SICILIA 1 - P02","ALLEANZA VERDI E SINISTRA","BRUNO MASSA","07/04/1948","MILANO"
"SICILIA 1","SICILIA 1 - P02","PARTITO DEMOCRATICO - ITALIA DEMOCRATICA E PROGRESSISTA","GIUSEPPE LUCIANO CALOGERO PROVENZANO","23/07/1982","SAN CATALDO (CL)"
"SICILIA 1","SICILIA 1 - P02","PARTITO DEMOCRATICO - ITALIA DEMOCRATICA E PROGRESSISTA","GIOVANNA IACONO","14/06/1983","AGRIGENTO"
"SICILIA 1","SICILIA 1 - P02","PARTITO DEMOCRATICO - ITALIA DEMOCRATICA E PROGRESSISTA","GIANLUCA NUCCIO","23/07/1987","MAGENTA"
"SICILIA 1","SICILIA 1 - P02","PARTITO DEMOCRATICO - ITALIA DEMOCRATICA E PROGRESSISTA","MARTINA RIGGI","30/10/1989","SAN CATALDO"
"SICILIA 1","SICILIA 1 - P02","FORZA ITALIA","MARGHERITA LA ROCCA","30/12/1961","MONTEVAGO"
"SICILIA 1","SICILIA 1 - P02","FORZA ITALIA","MICHELE MANCUSO","15/12/1968","MILENA"
"SICILIA 1","SICILIA 1 - P02","FORZA ITALIA","ELIA FRANCESCA MARTINICO","17/10/1974","MAZARA DEL VALLO"
"SICILIA 1","SICILIA 1 - P02","FORZA ITALIA","LEONARDO BURGIO","30/11/1983","PALERMO"
"SICILIA 1","SICILIA 1 - P02","LEGA PER SALVINI PREMIER","ANNALISA TARDINO","30/04/1979","LICATA (AG)"
"SICILIA 1","SICILIA 1 - P02","LEGA PER SALVINI PREMIER","ANTONIO MAZZEO","12/03/1989","BRONTE"
"SICILIA 1","SICILIA 1 - P02","LEGA PER SALVINI PREMIER","GERA DESTRO","15/11/1964","NARO"
"SICILIA 1","SICILIA 1 - P02","LEGA PER SALVINI PREMIER","CARMELO PULLARA","06/10/1972","LICATA"
"SICILIA 1","SICILIA 1 - P02","FRATELLI D'ITALIA CON GIORGIA MELONI","MARIA CAROLINA VARCHI","14/10/1983","PALERMO"
"SICILIA 1","SICILIA 1 - P02","FRATELLI D'ITALIA CON GIORGIA MELONI","ANTONIO GIORDANO","06/06/1964","NAPOLI"
"SICILIA 1","SICILIA 1 - P02","FRATELLI D'ITALIA CON GIORGIA MELONI","EUGENIA MARIA ROCCELLA","15/11/1953","BOLOGNA"
"SICILIA 1","SICILIA 1 - P02","FRATELLI D'ITALIA CON GIORGIA MELONI","VALFREDO POREGA","17/11/1942","ROMA"
"SICILIA 1","SICILIA 1 - P02","NOI MODERATI/LUPI - TOTI - BRUGNARO - UDC","ANTONELLA VECCHIO","26/10/1971","SANTA ELISABETTA"
"SICILIA 1","SICILIA 1 - P02","NOI MODERATI/LUPI - TOTI - BRUGNARO - UDC","DOMENICO SCILIPOTI ISGRO'","26/08/1957","BARCELLONA POZZO DI GOTTO"
"SICILIA 1","SICILIA 1 - P02","NOI MODERATI/LUPI - TOTI - BRUGNARO - UDC","MANUELA RANERI","06/07/1982","AGRIGENTO"
"SICILIA 1","SICILIA 1 - P02","NOI MODERATI/LUPI - TOTI - BRUGNARO - UDC","CALOGERO MARIA RUDY PALERMO","11/10/1986","CALTANISSETTA"
"SICILIA 2","SICILIA 2 - P01","AZIONE - ITALIA VIVA - CALENDA","GIANNI  PALAZZOLO","02/04/1972","PALERMO"
"SICILIA 2","SICILIA 2 - P01","AZIONE - ITALIA VIVA - CALENDA","ROSARIA MOSCHELLA","15/04/1970","MESSINA"
"SICILIA 2","SICILIA 2 - P01","AZIONE - ITALIA VIVA - CALENDA","ANDREA FERRARA","20/08/1990","MESSINA"
"SICILIA 2","SICILIA 2 - P01","UNIONE POPOLARE CON DE MAGISTRIS","FRANCESCO MUCCIARDI","25/07/1983","MONTEBELLUNA"
"SICILIA 2","SICILIA 2 - P01","UNIONE POPOLARE CON DE MAGISTRIS","SIMONA STRACUZZI","19/03/1994","MESSINA"
"SICILIA 2","SICILIA 2 - P01","UNIONE POPOLARE CON DE MAGISTRIS","IVAN CALI'","25/11/1994","MESSINA"
"SICILIA 2","SICILIA 2 - P01","ITALEXIT PER L'ITALIA","VALENTINA SERRANO'","25/06/1977","MESSINA"
"SICILIA 2","SICILIA 2 - P01","ITALEXIT PER L'ITALIA","MARCELLO DONATO LEMMA","25/10/1970","PALERMO"
"SICILIA 2","SICILIA 2 - P01","ITALEXIT PER L'ITALIA","VINCENZA BONASERA","02/08/1986","MESSINA"
"SICILIA 2","SICILIA 2 - P01","SUD CHIAMA NORD","VALENTINA COSTANTINO","18/10/1986","BRONTE (CT)"
"SICILIA 2","SICILIA 2 - P01","SUD CHIAMA NORD","LUCIANO FUMIA","31/07/1982","MESSINA"
"SICILIA 2","SICILIA 2 - P01","SUD CHIAMA NORD","FRANCESCA DRAIA'","09/07/1983","ENNA"
"SICILIA 2","SICILIA 2 - P01","VITA","FRANCO D'URSO","04/01/1949","ACIREALE (CT)"
"SICILIA 2","SICILIA 2 - P01","VITA","PATRIZIA LA MONICA","13/11/1959","PIAZZA ARMERINA (EN)"
"SICILIA 2","SICILIA 2 - P01","VITA","GIUSEPPE FARINA","03/12/1953","ENNA"
"SICILIA 2","SICILIA 2 - P01","MOVIMENTO 5 STELLE","ANGELA RAFFA","26/01/1993","MESSINA"
"SICILIA 2","SICILIA 2 - P01","MOVIMENTO 5 STELLE","SALVATORE GRANATA","06/08/1985","MESSINA"
"SICILIA 2","SICILIA 2 - P01","MOVIMENTO 5 STELLE","GRAZIA D'ANGELO","19/07/1975","MESSINA"
"SICILIA 2","SICILIA 2 - P01","FRATELLI D'ITALIA CON GIORGIA MELONI","MAURIZIO LEO","25/07/1955","ROMA"
"SICILIA 2","SICILIA 2 - P01","FRATELLI D'ITALIA CON GIORGIA MELONI","MARIA CAROLINA VARCHI","14/10/1983","PALERMO "
"SICILIA 2","SICILIA 2 - P01","FRATELLI D'ITALIA CON GIORGIA MELONI","FRANCESCO RIZZO","27/09/1974","ROMA"
"SICILIA 2","SICILIA 2 - P01","FORZA ITALIA","BERNARDETTE FELICE GRASSO","09/08/1959","CAPRI LEONE (ME)"
"SICILIA 2","SICILIA 2 - P01","FORZA ITALIA","GIOVANNI  MAURO","22/06/1962","RAGUSA"
"SICILIA 2","SICILIA 2 - P01","FORZA ITALIA","MARIADELE PASSALACQUA","07/10/1976","MESSINA"
"SICILIA 2","SICILIA 2 - P01","LEGA PER SALVINI PREMIER","VALERIA CARMELA MARIA SUDANO","26/09/1975","CATANIA"
"SICILIA 2","SICILIA 2 - P01","LEGA PER SALVINI PREMIER","MATTEO GIUSEPPE FRANCILIA","09/12/1979","VANCOUVER (CANADA)"
"SICILIA 2","SICILIA 2 - P01","LEGA PER SALVINI PREMIER","ANNALISA TARDINO","30/04/1979","LICATA (AG)"
"SICILIA 2","SICILIA 2 - P01","NOI MODERATI/LUPI - TOTI - BRUGNARO - UDC","ILARIA CAVO","11/10/1973","GENOVA"
"SICILIA 2","SICILIA 2 - P01","NOI MODERATI/LUPI - TOTI - BRUGNARO - UDC","MARCELLO GRECO","16/01/1958","MESSINA"
"SICILIA 2","SICILIA 2 - P01","NOI MODERATI/LUPI - TOTI - BRUGNARO - UDC","ANTONELLA BIANCOFIORE","14/10/1963","ROMA"
"SICILIA 2","SICILIA 2 - P01","ALLEANZA VERDI E SINISTRA","MARILENA GRASSADONIA","06/10/1970","PALERMO"
"SICILIA 2","SICILIA 2 - P01","ALLEANZA VERDI E SINISTRA","ANDREA CARBONE","16/08/1965","MESSINA"
"SICILIA 2","SICILIA 2 - P01","ALLEANZA VERDI E SINISTRA","FULVIA PRIVITERA","14/08/1955","CATANIA"
"SICILIA 2","SICILIA 2 - P01"," +EUROPA","PALMIRA MANCUSO","10/12/1975","MESSINA"
"SICILIA 2","SICILIA 2 - P01"," +EUROPA","ANTONIO LO RE","29/11/1994","PATTI (ME)"
"SICILIA 2","SICILIA 2 - P01"," +EUROPA","CHIARA GUGLIELMINO","05/03/1989","PALERMO"
"SICILIA 2","SICILIA 2 - P01","PARTITO DEMOCRATICO - ITALIA DEMOCRATICA E PROGRESSISTA","MARIA STEFANIA MARINO","05/01/1969","ENNA"
"SICILIA 2","SICILIA 2 - P01","PARTITO DEMOCRATICO - ITALIA DEMOCRATICA E PROGRESSISTA","GIACOMO D'ARRIGO","01/03/1976","MESSINA"
"SICILIA 2","SICILIA 2 - P01","PARTITO DEMOCRATICO - ITALIA DEMOCRATICA E PROGRESSISTA","LAURA GIUFFRIDA","04/01/1964","MESSINA"
"SICILIA 2","SICILIA 2 - P01","IMPEGNO CIVICO LUIGI DI MAIO - CENTRO DEMOCRATICO","FRANCESCO D'UVA","25/09/1987","MESSINA"
"SICILIA 2","SICILIA 2 - P01","IMPEGNO CIVICO LUIGI DI MAIO - CENTRO DEMOCRATICO","ROBERTA ALAIMO","01/04/1979","CORLEONE (PA)"
"SICILIA 2","SICILIA 2 - P01","IMPEGNO CIVICO LUIGI DI MAIO - CENTRO DEMOCRATICO","ANDREA GIARRIZZO","01/12/1992","VITTORIA (RG)"
"SICILIA 2","SICILIA 2 - P01","ITALIA SOVRANA E POPOLARE","ANTONIO INGROIA","31/03/1959","PALERMO"
"SICILIA 2","SICILIA 2 - P01","ITALIA SOVRANA E POPOLARE","MARIANELLA FIORAVANTI","29/10/1983","CIVITANOVA MARCHE"
"SICILIA 2","SICILIA 2 - P01","ITALIA SOVRANA E POPOLARE","ALESSANDRO D'ALESSANDRO","21/07/1977","MESSINA"
"SICILIA 2","SICILIA 2 - P02","AZIONE - ITALIA VIVA - CALENDA","GIUSEPPE CASTIGLIONE","05/10/1963","BRONTE (CT)"
"SICILIA 2","SICILIA 2 - P02","AZIONE - ITALIA VIVA - CALENDA","LUCIA TUCCITTO","07/04/1969","SIRACUSA"
"SICILIA 2","SICILIA 2 - P02","AZIONE - ITALIA VIVA - CALENDA","ELIA TORRISI","24/03/1994","CATANIA"
"SICILIA 2","SICILIA 2 - P02","AZIONE - ITALIA VIVA - CALENDA","CARLOTTA COSTANZO","30/12/1996","CATANIA"
"SICILIA 2","SICILIA 2 - P02","UNIONE POPOLARE CON DE MAGISTRIS","SIMONA SURIANO","01/07/1978","CATANIA"
"SICILIA 2","SICILIA 2 - P02","UNIONE POPOLARE CON DE MAGISTRIS","DOMENICO GIOVANNI  COSENTINO","31/03/1950","SCORDIA (CT)"
"SICILIA 2","SICILIA 2 - P02","UNIONE POPOLARE CON DE MAGISTRIS","INES SALPIETRO","15/11/1996","CATANIA"
"SICILIA 2","SICILIA 2 - P02","UNIONE POPOLARE CON DE MAGISTRIS","ARTURO  PELLEGRINO ","11/02/1950","TRIPOLI (LIBIA)"
"SICILIA 2","SICILIA 2 - P02","ITALEXIT PER L'ITALIA","LUIGI SAVOCA","02/06/1955","GRAMMICHELE (CT)"
"SICILIA 2","SICILIA 2 - P02","ITALEXIT PER L'ITALIA","LORIANA ANNAMARIA GATTO ROTONDO","11/08/1976","CATANIA"
"SICILIA 2","SICILIA 2 - P02","ITALEXIT PER L'ITALIA","SANTO MUSUMECI","04/09/1961","CATANIA"
"SICILIA 2","SICILIA 2 - P02","ITALEXIT PER L'ITALIA","ELENA AGATA MALAFARINA","04/02/1984","GENOVA"
"SICILIA 2","SICILIA 2 - P02","SUD CHIAMA NORD","FRANCESCA DRAIA'","09/07/1983","ENNA"
"SICILIA 2","SICILIA 2 - P02","SUD CHIAMA NORD","DAVIDE MARIA VASTA","13/01/1981","CATANIA"
"SICILIA 2","SICILIA 2 - P02","SUD CHIAMA NORD","CONCETTA RAPISARDA","23/06/1973","CATANIA"
"SICILIA 2","SICILIA 2 - P02","SUD CHIAMA NORD","ANTONIO DANUBIO","30/06/1970","ACI CASTELLO (CT)"
"SICILIA 2","SICILIA 2 - P02","VITA","ANDREA GIUFFRIDA","14/04/1968","CATANIA"
"SICILIA 2","SICILIA 2 - P02","VITA","CATERINA CHIARENZA","18/11/1966","CATANIA"
"SICILIA 2","SICILIA 2 - P02","VITA","FRANCO D'URSO","04/01/1949","ACIREALE (CT)"
"SICILIA 2","SICILIA 2 - P02","VITA","ANNA GAETANA STRANO","26/07/1963","CATANIA"
"SICILIA 2","SICILIA 2 - P02","MOVIMENTO 5 STELLE","LUCIANO  CANTONE","24/05/1987","CATANIA"
"SICILIA 2","SICILIA 2 - P02","MOVIMENTO 5 STELLE","MATILDE MONTAUDO","05/02/1972","CATANIA"
"SICILIA 2","SICILIA 2 - P02","MOVIMENTO 5 STELLE","GABRIELE GIUSEPPE LIUZZO","08/08/1989","CATANIA"
"SICILIA 2","SICILIA 2 - P02","MOVIMENTO 5 STELLE","CARMELA SCUDERI","07/08/1971","VIAGRANDE (CT)"
"SICILIA 2","SICILIA 2 - P02","FRATELLI D'ITALIA CON GIORGIA MELONI","GIORGIA MELONI","15/01/1977","ROMA"
"SICILIA 2","SICILIA 2 - P02","FRATELLI D'ITALIA CON GIORGIA MELONI","MANLIO MESSINA","12/11/1973","CATANIA"
"SICILIA 2","SICILIA 2 - P02","FRATELLI D'ITALIA CON GIORGIA MELONI","ROSANNA NATOLI","25/07/1966","PATERNO' (CT)"
"SICILIA 2","SICILIA 2 - P02","FRATELLI D'ITALIA CON GIORGIA MELONI","GAETANO ALBERTO SEBY CARDILLO","19/06/1990","CATANIA"
"SICILIA 2","SICILIA 2 - P02","FORZA ITALIA","MATILDE SIRACUSANO","26/04/1985","MESSINA"
"SICILIA 2","SICILIA 2 - P02","FORZA ITALIA","PAOLO EMILIO  RUSSO","06/06/1977","COMO "
"SICILIA 2","SICILIA 2 - P02","FORZA ITALIA","URANIA GIULIA ROSINA  PAPATHEU","25/07/1965","CATANIA"
"SICILIA 2","SICILIA 2 - P02","FORZA ITALIA","GIOVANNI  MESSINA","30/11/1962","PALERMO"
"SICILIA 2","SICILIA 2 - P02","LEGA PER SALVINI PREMIER","ANTONINO MINARDO","05/02/1978","MODICA (RG)"
"SICILIA 2","SICILIA 2 - P02","LEGA PER SALVINI PREMIER","VALERIA CARMELA MARIA SUDANO","26/09/1975","CATANIA"
"SICILIA 2","SICILIA 2 - P02","LEGA PER SALVINI PREMIER","ANASTASIO CARRA'","30/03/1964","MOTTA SANT'ANASTASIA (CT)"
"SICILIA 2","SICILIA 2 - P02","LEGA PER SALVINI PREMIER","ANGELA DAMIGELLA","05/09/1975","CALTAGIRONE (CT)"
"SICILIA 2","SICILIA 2 - P02","NOI MODERATI/LUPI - TOTI - BRUGNARO - UDC","DAVIDE GIUSEPPE GULLOTTA","30/05/1979","CATANIA"
"SICILIA 2","SICILIA 2 - P02","NOI MODERATI/LUPI - TOTI - BRUGNARO - UDC","FRANCESCA PENNISI","28/09/1977","CATANIA"
"SICILIA 2","SICILIA 2 - P02","NOI MODERATI/LUPI - TOTI - BRUGNARO - UDC","PIETRO FILIPPO CANZONERI","08/07/1983","PALERMO"
"SICILIA 2","SICILIA 2 - P02","NOI MODERATI/LUPI - TOTI - BRUGNARO - UDC","SERENA GUBERNALE","04/07/1992","CATANIA"
"SICILIA 2","SICILIA 2 - P02","ALLEANZA VERDI E SINISTRA","PIERPAOLO PLACIDO SALVATORE MONTALTO","25/03/1974","CATANIA"
"SICILIA 2","SICILIA 2 - P02","ALLEANZA VERDI E SINISTRA","MARIA PALAZZOLO","03/11/1977","PATERNO' (CT)"
"SICILIA 2","SICILIA 2 - P02","ALLEANZA VERDI E SINISTRA","PIETRO CALDERARO","04/07/1975","RAMACCA (CT)"
"SICILIA 2","SICILIA 2 - P02","ALLEANZA VERDI E SINISTRA","CHIARA NASTASI","10/04/1976","LUGO (RA)"
"SICILIA 2","SICILIA 2 - P02"," +EUROPA","CHIARA GUGLIELMINO","05/03/1989","PALERMO"
"SICILIA 2","SICILIA 2 - P02"," +EUROPA","MARCELLO  CARAMMIA","01/02/1976","CATANIA"
"SICILIA 2","SICILIA 2 - P02"," +EUROPA","ALESSANDRA MASTROGIOVANNI TASCA","16/03/1991","PALERMO"
"SICILIA 2","SICILIA 2 - P02"," +EUROPA","GIUSEPPE BRANCATELLI","29/12/1957","CATANIA"
"SICILIA 2","SICILIA 2 - P02","PARTITO DEMOCRATICO - ITALIA DEMOCRATICA E PROGRESSISTA","VALENTINA ODETTE SCIALFA CHINNICI","14/01/1975","SAN CATALDO (CL)"
"SICILIA 2","SICILIA 2 - P02","PARTITO DEMOCRATICO - ITALIA DEMOCRATICA E PROGRESSISTA","FRANCESCO LEONARDO GIOVANNI LAUDANI","31/01/1974","CATANIA"
"SICILIA 2","SICILIA 2 - P02","PARTITO DEMOCRATICO - ITALIA DEMOCRATICA E PROGRESSISTA","ROSA CRISTINA BUFFA","09/07/1976","SMITHTOWN (US)"
"SICILIA 2","SICILIA 2 - P02","PARTITO DEMOCRATICO - ITALIA DEMOCRATICA E PROGRESSISTA","GIUSEPPE GIOVANNI FISICHELLA","24/06/1990","CATANIA"
"SICILIA 2","SICILIA 2 - P02","IMPEGNO CIVICO LUIGI DI MAIO - CENTRO DEMOCRATICO","LUCIA AZZOLINA","25/08/1982","SIRACUSA"
"SICILIA 2","SICILIA 2 - P02","IMPEGNO CIVICO LUIGI DI MAIO - CENTRO DEMOCRATICO","ANDREA GIARRIZZO","01/12/1992","VITTORIA (RG)"
"SICILIA 2","SICILIA 2 - P02","IMPEGNO CIVICO LUIGI DI MAIO - CENTRO DEMOCRATICO","ROBERTA ALAIMO","01/04/1979","CORLEONE (PA)"
"SICILIA 2","SICILIA 2 - P02","ITALIA SOVRANA E POPOLARE","ALBERTO LOMBARDO","22/04/1958","CALTANISSETTA (CL)"
"SICILIA 2","SICILIA 2 - P02","ITALIA SOVRANA E POPOLARE","DANIELA MOSCA","21/02/1959","ROMA"
"SICILIA 2","SICILIA 2 - P02","ITALIA SOVRANA E POPOLARE","GIUSEPPE VIRGINIA","20/02/1952","CALTAGIRONE (CT)"
"SICILIA 2","SICILIA 2 - P02","ITALIA SOVRANA E POPOLARE","ANNA MARIA BUONAVENTURA","28/07/1974","CATANIA"
"SICILIA 2","SICILIA 2 - P03","AZIONE - ITALIA VIVA - CALENDA","PIETRO COPPA","22/02/1968","SIRACUSA"
"SICILIA 2","SICILIA 2 - P03","AZIONE - ITALIA VIVA - CALENDA","BERNADETTE  LO BIANCO ","28/07/1973","CATANIA"
"SICILIA 2","SICILIA 2 - P03","AZIONE - ITALIA VIVA - CALENDA","ALBERTO  SPITALE","23/02/1979","CALTAGIRONE"
"SICILIA 2","SICILIA 2 - P03","AZIONE - ITALIA VIVA - CALENDA","TERESA URSO","08/08/1983","ENNA"
"SICILIA 2","SICILIA 2 - P03","UNIONE POPOLARE CON DE MAGISTRIS","DOMENICO GIOVANNI  COSENTINO","31/03/1950","SCORDIA"
"SICILIA 2","SICILIA 2 - P03","UNIONE POPOLARE CON DE MAGISTRIS","MILENA ANGILETTI ","19/03/1963","CALTAGIRONE"
"SICILIA 2","SICILIA 2 - P03","UNIONE POPOLARE CON DE MAGISTRIS","FILIPPO SCHIFANO","02/10/1991","SCIACCA"
"SICILIA 2","SICILIA 2 - P03","UNIONE POPOLARE CON DE MAGISTRIS","GINA TUZZA","06/12/1957","FRANCOFONTE"
"SICILIA 2","SICILIA 2 - P03","ITALEXIT PER L'ITALIA","MARIO MICHELE GIARRUSSO","25/02/1965","CATANIA"
"SICILIA 2","SICILIA 2 - P03","ITALEXIT PER L'ITALIA","LORIANA ANNAMARIA GATTO ROTONDO","11/08/1976","CATANIA"
"SICILIA 2","SICILIA 2 - P03","ITALEXIT PER L'ITALIA","FEDERICO MARIA GIUSEPPE DONZELLI","27/01/1961","COMISO"
"SICILIA 2","SICILIA 2 - P03","ITALEXIT PER L'ITALIA","SABRINA ZACCARIA","07/11/1983","CATANIA"
"SICILIA 2","SICILIA 2 - P03","MOVIMENTO 5 STELLE","FILIPPO SCERRA","25/03/1978","CATANIA"
"SICILIA 2","SICILIA 2 - P03","MOVIMENTO 5 STELLE","VANESSA FERRERI","02/08/1972","VITTORIA"
"SICILIA 2","SICILIA 2 - P03","MOVIMENTO 5 STELLE","EUGENIO  SAITTA","09/05/1988","CATANIA"
"SICILIA 2","SICILIA 2 - P03","MOVIMENTO 5 STELLE","PAOLA  BRULLO","07/10/1980","RAGUSA"
"SICILIA 2","SICILIA 2 - P03","FRATELLI D'ITALIA CON GIORGIA MELONI","GIOVANNI LUCA CANNATA","17/05/1979","SIRACUSA"
"SICILIA 2","SICILIA 2 - P03","FRATELLI D'ITALIA CON GIORGIA MELONI","WANDA FERRO","24/03/1968","CATANZARO"
"SICILIA 2","SICILIA 2 - P03","FRATELLI D'ITALIA CON GIORGIA MELONI","GIANFRANCO ROTONDI ","25/07/1960","AVELLINO"
"SICILIA 2","SICILIA 2 - P03","FRATELLI D'ITALIA CON GIORGIA MELONI","ELIANA LONGI","13/09/1978","CATANIA"
"SICILIA 2","SICILIA 2 - P03","FORZA ITALIA","PAOLO EMILIO  RUSSO","06/06/1977","COMO "
"SICILIA 2","SICILIA 2 - P03","FORZA ITALIA","BERNARDETTE FELICE GRASSO","09/08/1959","CAPRI LEONE (ME)"
"SICILIA 2","SICILIA 2 - P03","FORZA ITALIA","GIOVANNI  MAURO","22/06/1962","RAGUSA"
"SICILIA 2","SICILIA 2 - P03","FORZA ITALIA","CHIARA QUARANTA","07/11/1987","CALTAGIRONE"
"SICILIA 2","SICILIA 2 - P03","LEGA PER SALVINI PREMIER","VALERIA CARMELA MARIA SUDANO","26/09/1975","CATANIA"
"SICILIA 2","SICILIA 2 - P03","LEGA PER SALVINI PREMIER","ANTONINO MINARDO","05/02/1978","MODICA"
"SICILIA 2","SICILIA 2 - P03","LEGA PER SALVINI PREMIER","ANNALISA TARDINO","30/04/1979","LICATA (AG)"
"SICILIA 2","SICILIA 2 - P03","LEGA PER SALVINI PREMIER","FABIO CANTARELLA","07/12/1973","CATANIA"
"SICILIA 2","SICILIA 2 - P03","NOI MODERATI/LUPI - TOTI - BRUGNARO - UDC","DANIELE NUNZIO LENTINI","20/11/1963","CATANIA"
"SICILIA 2","SICILIA 2 - P03","NOI MODERATI/LUPI - TOTI - BRUGNARO - UDC","ANNA MARIA AIELLO","05/04/1956","PALERMO"
"SICILIA 2","SICILIA 2 - P03","NOI MODERATI/LUPI - TOTI - BRUGNARO - UDC","GIUSEPPE FRASI","22/09/1965","TORONTO (CANADA)"
"SICILIA 2","SICILIA 2 - P03","NOI MODERATI/LUPI - TOTI - BRUGNARO - UDC","ALESSIA MARISCHI","07/06/1970","SIRACUSA"
"SICILIA 2","SICILIA 2 - P03","ALLEANZA VERDI E SINISTRA","MARIA TERESA IURATO DETTA RESI","03/05/1963","SCICLI"
"SICILIA 2","SICILIA 2 - P03","ALLEANZA VERDI E SINISTRA","MAURIZIO NICOLOSI","22/12/1964","CATANIA"
"SICILIA 2","SICILIA 2 - P03","ALLEANZA VERDI E SINISTRA","MICOL LIARDO","14/04/1980","CALTAGIRONE"
"SICILIA 2","SICILIA 2 - P03","ALLEANZA VERDI E SINISTRA","SALVATORE MINGIARDI","05/05/1968","CALTAGIRONE"
"SICILIA 2","SICILIA 2 - P03"," +EUROPA","DARIO LIOTTA","25/01/1970","PALERMO"
"SICILIA 2","SICILIA 2 - P03"," +EUROPA","ALESSANDRA MASTROGIOVANNI TASCA","16/03/1991","PALERMO"
"SICILIA 2","SICILIA 2 - P03"," +EUROPA","GIUSEPPE BRANCATELLI","29/12/1957","CATANIA"
"SICILIA 2","SICILIA 2 - P03"," +EUROPA","CHIARA GUGLIELMINO","05/03/1989","PALERMO"
"SICILIA 2","SICILIA 2 - P03","PARTITO DEMOCRATICO - ITALIA DEMOCRATICA E PROGRESSISTA","ANTHONY EMANUELE BARBAGALLO","24/12/1975","CATANIA"
"SICILIA 2","SICILIA 2 - P03","PARTITO DEMOCRATICO - ITALIA DEMOCRATICA E PROGRESSISTA","GLENDA RAITI","04/12/1980","LENTINI"
"SICILIA 2","SICILIA 2 - P03","PARTITO DEMOCRATICO - ITALIA DEMOCRATICA E PROGRESSISTA","GIOVANNI SPADARO","22/01/1970","MODICA"
"SICILIA 2","SICILIA 2 - P03","PARTITO DEMOCRATICO - ITALIA DEMOCRATICA E PROGRESSISTA","VALENTINA APARO","14/11/1985","CATANIA"
"SICILIA 2","SICILIA 2 - P03","IMPEGNO CIVICO LUIGI DI MAIO - CENTRO DEMOCRATICO","LUCIA AZZOLINA","25/08/1982","SIRACUSA"
"SICILIA 2","SICILIA 2 - P03","IMPEGNO CIVICO LUIGI DI MAIO - CENTRO DEMOCRATICO","FRANCESCO D'UVA","25/09/1987","MESSINA"
"SICILIA 2","SICILIA 2 - P03","IMPEGNO CIVICO LUIGI DI MAIO - CENTRO DEMOCRATICO","ROBERTA ALAIMO","01/04/1979","CORLEONE (PA)"
"SICILIA 2","SICILIA 2 - P03","IMPEGNO CIVICO LUIGI DI MAIO - CENTRO DEMOCRATICO","ANDREA GIARRIZZO","01/12/1992","VITTORIA (RG)"
"SICILIA 2","SICILIA 2 - P03","ITALIA SOVRANA E POPOLARE","BIANCA LAURA GRANATO","31/08/1970","CATANZARO"
"SICILIA 2","SICILIA 2 - P03","ITALIA SOVRANA E POPOLARE","ANTONELLO CRESTI","30/04/1980","FIRENZE"
"SICILIA 2","SICILIA 2 - P03","ITALIA SOVRANA E POPOLARE","MICHELA CLAUDIA GIARRUSSO","22/01/1963","CALTANISSETTA"
"SICILIA 2","SICILIA 2 - P03","ITALIA SOVRANA E POPOLARE","GIOVANNI PITARRESI","18/11/1980","SIRACUSA"
"SARDEGNA","SARDEGNA - P01","UNIONE POPOLARE CON DE MAGISTRIS","GIULIA SUELLA","29/04/1961","CAGLIARI"
"SARDEGNA","SARDEGNA - P01","UNIONE POPOLARE CON DE MAGISTRIS","PIERO MURA","22/01/1967","NUORO"
"SARDEGNA","SARDEGNA - P01","UNIONE POPOLARE CON DE MAGISTRIS","VERONICA SECCI","14/09/1993","CAGLIARI"
"SARDEGNA","SARDEGNA - P01","UNIONE POPOLARE CON DE MAGISTRIS","SILVIO KEIVAN NEMATI FARD","22/02/1995","SASSARI"
"SARDEGNA","SARDEGNA - P01","AZIONE - ITALIA VIVA - CALENDA","ELENA BONETTI","12/04/1974","ASOLA (MN)"
"SARDEGNA","SARDEGNA - P01","AZIONE - ITALIA VIVA - CALENDA","GIUSEPPE LUIGI  SALVATORE CUCCA","30/07/1957","BOSA"
"SARDEGNA","SARDEGNA - P01","AZIONE - ITALIA VIVA - CALENDA","LAURA PINNA","20/03/1983","ROMA"
"SARDEGNA","SARDEGNA - P01","AZIONE - ITALIA VIVA - CALENDA","FRANCESCO CHESSA","20/11/1991","SASSARI"
"SARDEGNA","SARDEGNA - P01","ITALEXIT PER L'ITALIA","GIANMARIO MUGGIRI","07/09/1983","LANUSEI"
"SARDEGNA","SARDEGNA - P01","ITALEXIT PER L'ITALIA","SHAILA CAPPUCCIO","09/01/1979","SASSARI"
"SARDEGNA","SARDEGNA - P01","ITALEXIT PER L'ITALIA","JONATA CANCEDDA","21/10/1988","ORISTANO"
"SARDEGNA","SARDEGNA - P01","ITALEXIT PER L'ITALIA","MARINA TOLU","14/01/1981","SAN GAVINO MONREALE"
"SARDEGNA","SARDEGNA - P01","MOVIMENTO 5 STELLE","ALESSANDRA  TODDE","06/02/1969","NUORO"
"SARDEGNA","SARDEGNA - P01","MOVIMENTO 5 STELLE","EMILIANO FENU","29/01/1977","SINISCOLA"
"SARDEGNA","SARDEGNA - P01","MOVIMENTO 5 STELLE","SUSANNA CHERCHI","23/12/1955","IGLESIAS"
"SARDEGNA","SARDEGNA - P01","MOVIMENTO 5 STELLE","MARIO PERANTONI","06/03/1964","SASSARI"
"SARDEGNA","SARDEGNA - P01","FRATELLI D'ITALIA CON GIORGIA MELONI","SALVATORE DEIDDA","07/10/1976","CAGLIARI"
"SARDEGNA","SARDEGNA - P01","FRATELLI D'ITALIA CON GIORGIA MELONI","PAOLA FRASSINETTI","02/05/1956","GENOVA"
"SARDEGNA","SARDEGNA - P01","FRATELLI D'ITALIA CON GIORGIA MELONI","FRANCESCO MURA","20/09/1983","GHILARZA"
"SARDEGNA","SARDEGNA - P01","FRATELLI D'ITALIA CON GIORGIA MELONI","MANUELA LAI","25/05/1979","CAGLIARI"
"SARDEGNA","SARDEGNA - P01","NOI MODERATI/LUPI - TOTI - BRUGNARO - UDC","STEFANO TUNIS","28/07/1972","CAGLIARI"
"SARDEGNA","SARDEGNA - P01","NOI MODERATI/LUPI - TOTI - BRUGNARO - UDC","RENATA MURA","03/02/1970","CAGLIARI"
"SARDEGNA","SARDEGNA - P01","NOI MODERATI/LUPI - TOTI - BRUGNARO - UDC","FRANCESCO QUARGNENTI","25/12/1964","SASSARI"
"SARDEGNA","SARDEGNA - P01","NOI MODERATI/LUPI - TOTI - BRUGNARO - UDC","LUCIA SCANU","01/03/1979","ORISTANO"
"SARDEGNA","SARDEGNA - P01","LEGA PER SALVINI PREMIER","MICHELINA  LUNESU","25/07/1954","NUORO"
"SARDEGNA","SARDEGNA - P01","LEGA PER SALVINI PREMIER","GIANFRANCO MARIANO LANCIONI","02/02/1966","CAPOTERRA "
"SARDEGNA","SARDEGNA - P01","LEGA PER SALVINI PREMIER","GIULIA SOLINAS","23/11/1994","ORISTANO"
"SARDEGNA","SARDEGNA - P01","LEGA PER SALVINI PREMIER","IVAN GIOVANNI CERMELLI","26/12/1971","SASSARI"
"SARDEGNA","SARDEGNA - P01","FORZA ITALIA","PIETRO PITTALIS","30/04/1958","CHARLEROI"
"SARDEGNA","SARDEGNA - P01","FORZA ITALIA","ADA LAI","24/11/1950","ORISTANO"
"SARDEGNA","SARDEGNA - P01","FORZA ITALIA","UGO CAPPELLACCI","27/11/1960","CAGLIARI"
"SARDEGNA","SARDEGNA - P01","FORZA ITALIA","PASQUALINA BARDINO","22/08/1963","ALGHERO"
"SARDEGNA","SARDEGNA - P01","VITA","MARIO ARESU","20/01/1964","CAGLIARI"
"SARDEGNA","SARDEGNA - P01","VITA","MICHELA BENATI","24/01/1974","MIRANDOLA"
"SARDEGNA","SARDEGNA - P01","VITA","STEFANO PELLEGRINO","13/12/1965","CAGLIARI"
"SARDEGNA","SARDEGNA - P01","VITA","ANNALISA PORRU","20/03/1970","CAGLIARI"
"SARDEGNA","SARDEGNA - P01","ITALIA SOVRANA E POPOLARE","STEFANO D'ANDREA","14/01/1970","AVEZZANO (AQ)"
"SARDEGNA","SARDEGNA - P01","ITALIA SOVRANA E POPOLARE","VALERIA SORU","17/12/1966","TERRALBA"
"SARDEGNA","SARDEGNA - P01","ITALIA SOVRANA E POPOLARE","CLAUDIO SEDA","18/06/1986","SAN GAVINO MONREALE "
"SARDEGNA","SARDEGNA - P01","ITALIA SOVRANA E POPOLARE","ANNARELLA CASU","03/06/1964","GESTURI"
"SARDEGNA","SARDEGNA - P01","IMPEGNO CIVICO LUIGI DI MAIO - CENTRO DEMOCRATICO","LUIGI DI MAIO","06/07/1986","AVELLINO"
"SARDEGNA","SARDEGNA - P01","IMPEGNO CIVICO LUIGI DI MAIO - CENTRO DEMOCRATICO","ROSA MARIA ARGIOLAS","30/07/1964","CAGLIARI"
"SARDEGNA","SARDEGNA - P01","IMPEGNO CIVICO LUIGI DI MAIO - CENTRO DEMOCRATICO","FRANCESCO  D'UVA","25/09/1987","MESSINA"
"SARDEGNA","SARDEGNA - P01","IMPEGNO CIVICO LUIGI DI MAIO - CENTRO DEMOCRATICO","DALILA NESCI","23/09/1986","TROPEA (VV)"
"SARDEGNA","SARDEGNA - P01","PARTITO DEMOCRATICO - ITALIA DEMOCRATICA E PROGRESSISTA","BACHISIO SILVIO LAI","20/07/1966","SASSARI"
"SARDEGNA","SARDEGNA - P01","PARTITO DEMOCRATICO - ITALIA DEMOCRATICA E PROGRESSISTA","ROMINA MURA","21/05/1970","SADALI"
"SARDEGNA","SARDEGNA - P01","PARTITO DEMOCRATICO - ITALIA DEMOCRATICA E PROGRESSISTA","FRANCESCO LILLIU","11/06/1981","CAGLIARI"
"SARDEGNA","SARDEGNA - P01","PARTITO DEMOCRATICO - ITALIA DEMOCRATICA E PROGRESSISTA","PATRIZIA DESOLE","02/07/1965","OLBIA"
"SARDEGNA","SARDEGNA - P01","ALLEANZA VERDI E SINISTRA","FRANCESCA  GHIRRA","25/07/1978","CAGLIARI"
"SARDEGNA","SARDEGNA - P01","ALLEANZA VERDI E SINISTRA","ALESSANDRO MARIO GIUSEPPE MARCELLINO","24/10/1988","OZIERI"
"SARDEGNA","SARDEGNA - P01","ALLEANZA VERDI E SINISTRA","GIULIA ANDREOZZI","21/06/1983","CAGLIARI"
"SARDEGNA","SARDEGNA - P01","ALLEANZA VERDI E SINISTRA","ROBERTO UZZAU","27/10/1961","TEMPIO PAUSANIA"
"SARDEGNA","SARDEGNA - P01"," +EUROPA","PIETRINA PUTZOLU","23/01/1965","MILIS"
"SARDEGNA","SARDEGNA - P01"," +EUROPA","ANDREA BONI","23/07/1978","CAGLIARI"
"SARDEGNA","SARDEGNA - P01"," +EUROPA","VALERIA LAI","13/05/1960","LANUSEI"
"SARDEGNA","SARDEGNA - P01"," +EUROPA","ROBERTO BALDI","04/12/1974","SAVONA"
"TRENTINO-ALTO ADIGE/S?DTIROL","TRENTINO-ALTO ADIGE/S?DTIROL - P01","AZIONE - ITALIA VIVA - CALENDA","MASSIMILIANO MAZZARELLA","20/11/1977","TRENTO"
"TRENTINO-ALTO ADIGE/S?DTIROL","TRENTINO-ALTO ADIGE/S?DTIROL - P01","AZIONE - ITALIA VIVA - CALENDA","RITA ZAMBANINI","17/06/1949","TAIO"
"TRENTINO-ALTO ADIGE/S?DTIROL","TRENTINO-ALTO ADIGE/S?DTIROL - P01","AZIONE - ITALIA VIVA - CALENDA","DORIANO VALER","07/03/1972","TRENTO"
"TRENTINO-ALTO ADIGE/S?DTIROL","TRENTINO-ALTO ADIGE/S?DTIROL - P01","ITALIA SOVRANA E POPOLARE","MARIA CRISTIANO","07/11/1948","COSENZA"
"TRENTINO-ALTO ADIGE/S?DTIROL","TRENTINO-ALTO ADIGE/S?DTIROL - P01","ITALIA SOVRANA E POPOLARE","FEDERICO MONEGAGLIA","11/01/1989","TRENTO"
"TRENTINO-ALTO ADIGE/S?DTIROL","TRENTINO-ALTO ADIGE/S?DTIROL - P01","ITALIA SOVRANA E POPOLARE","MARIA ROSA AVELLINO","23/06/1976","CAMBRIDGE (REGNO UNITO)"
"TRENTINO-ALTO ADIGE/S?DTIROL","TRENTINO-ALTO ADIGE/S?DTIROL - P01","MOVIMENTO 5 STELLE","RUDI TRANQUILLINI","19/12/1966","ROVERETO"
"TRENTINO-ALTO ADIGE/S?DTIROL","TRENTINO-ALTO ADIGE/S?DTIROL - P01","MOVIMENTO 5 STELLE","MONICA PIZZUTO","23/05/1963","CONTARINA"
"TRENTINO-ALTO ADIGE/S?DTIROL","TRENTINO-ALTO ADIGE/S?DTIROL - P01","MOVIMENTO 5 STELLE","MAURIZIO DAL BIANCO","22/10/1964","BOLOGNA"
"TRENTINO-ALTO ADIGE/S?DTIROL","TRENTINO-ALTO ADIGE/S?DTIROL - P01","LEGA PER SALVINI PREMIER","DIEGO BINELLI","20/12/1972","TIONE DI TRENTO"
"TRENTINO-ALTO ADIGE/S?DTIROL","TRENTINO-ALTO ADIGE/S?DTIROL - P01","LEGA PER SALVINI PREMIER","VANESSA CATTOI","12/07/1980","ROVERETO"
"TRENTINO-ALTO ADIGE/S?DTIROL","TRENTINO-ALTO ADIGE/S?DTIROL - P01","LEGA PER SALVINI PREMIER","FILIPPO MATURI","21/07/1984","BOLZANO"
"TRENTINO-ALTO ADIGE/S?DTIROL","TRENTINO-ALTO ADIGE/S?DTIROL - P01","FRATELLI D'ITALIA CON GIORGIA MELONI","ALESSIA AMBROSI","14/04/1982","NEGRAR"
"TRENTINO-ALTO ADIGE/S?DTIROL","TRENTINO-ALTO ADIGE/S?DTIROL - P01","FRATELLI D'ITALIA CON GIORGIA MELONI","MARCO GALATEO","29/10/1979","MERANO"
"TRENTINO-ALTO ADIGE/S?DTIROL","TRENTINO-ALTO ADIGE/S?DTIROL - P01","FRATELLI D'ITALIA CON GIORGIA MELONI","FRANCESCA GEROSA","03/03/1976","TRENTO"
"TRENTINO-ALTO ADIGE/S?DTIROL","TRENTINO-ALTO ADIGE/S?DTIROL - P01","NOI MODERATI/LUPI - TOTI - BRUGNARO - UDC","ANTONELLA BIANCOFIORE","14/10/1963","ROMA"
"TRENTINO-ALTO ADIGE/S?DTIROL","TRENTINO-ALTO ADIGE/S?DTIROL - P01","NOI MODERATI/LUPI - TOTI - BRUGNARO - UDC","MAURIZIO PEREGO","22/05/1962","TRENTO"
"TRENTINO-ALTO ADIGE/S?DTIROL","TRENTINO-ALTO ADIGE/S?DTIROL - P01","NOI MODERATI/LUPI - TOTI - BRUGNARO - UDC","TIZIANA PICCOLO","07/06/1956","VALDOBBIADENE (TV)"
"TRENTINO-ALTO ADIGE/S?DTIROL","TRENTINO-ALTO ADIGE/S?DTIROL - P01","FORZA ITALIA","MARIA VALENTINA VEZZALI","14/02/1974","JESI"
"TRENTINO-ALTO ADIGE/S?DTIROL","TRENTINO-ALTO ADIGE/S?DTIROL - P01","FORZA ITALIA","LUIGI MASATO","20/01/1961","BADIA POLESINE"
"TRENTINO-ALTO ADIGE/S?DTIROL","TRENTINO-ALTO ADIGE/S?DTIROL - P01","FORZA ITALIA","BRUNA CUNACCIA","25/02/1967","TIONE DI TRENTO"
"TRENTINO-ALTO ADIGE/S?DTIROL","TRENTINO-ALTO ADIGE/S?DTIROL - P01","S?DTIROLER VOLKSPARTEI (SVP) - PATT","DIETER STEGER","24/06/1964","BRUNICO"
"TRENTINO-ALTO ADIGE/S?DTIROL","TRENTINO-ALTO ADIGE/S?DTIROL - P01","S?DTIROLER VOLKSPARTEI (SVP) - PATT","DAIANA BOLLER","06/12/1981","TRENTO"
"TRENTINO-ALTO ADIGE/S?DTIROL","TRENTINO-ALTO ADIGE/S?DTIROL - P01","S?DTIROLER VOLKSPARTEI (SVP) - PATT","MAURO AGOSTI","12/01/1991","TRENTO"
"TRENTINO-ALTO ADIGE/S?DTIROL","TRENTINO-ALTO ADIGE/S?DTIROL - P01","VITA","RENATE HOLZEISEN","10/09/1966","BOLZANO"
"TRENTINO-ALTO ADIGE/S?DTIROL","TRENTINO-ALTO ADIGE/S?DTIROL - P01","VITA","FRANCESCO CESARI","28/04/1979","ARGENTA"
"TRENTINO-ALTO ADIGE/S?DTIROL","TRENTINO-ALTO ADIGE/S?DTIROL - P01","VITA","ELIANA PECORARI","02/07/1977","PADOVA"
"TRENTINO-ALTO ADIGE/S?DTIROL","TRENTINO-ALTO ADIGE/S?DTIROL - P01","IMPEGNO CIVICO LUIGI DI MAIO - CENTRO DEMOCRATICO","VINCENZO D'OTTAVIO","01/09/1953","ORTONA (CH)"
"TRENTINO-ALTO ADIGE/S?DTIROL","TRENTINO-ALTO ADIGE/S?DTIROL - P01","IMPEGNO CIVICO LUIGI DI MAIO - CENTRO DEMOCRATICO","GIULIA ZENNI","01/10/1955","CASTELLAMMARE DI STABIA"
"TRENTINO-ALTO ADIGE/S?DTIROL","TRENTINO-ALTO ADIGE/S?DTIROL - P01","IMPEGNO CIVICO LUIGI DI MAIO - CENTRO DEMOCRATICO","MARCO RICUCCI","19/07/1977","MILANO"
"TRENTINO-ALTO ADIGE/S?DTIROL","TRENTINO-ALTO ADIGE/S?DTIROL - P01","PARTITO DEMOCRATICO - ITALIA DEMOCRATICA E PROGRESSISTA","SARA FERRARI","05/01/1971","ROVERETO"
"TRENTINO-ALTO ADIGE/S?DTIROL","TRENTINO-ALTO ADIGE/S?DTIROL - P01","PARTITO DEMOCRATICO - ITALIA DEMOCRATICA E PROGRESSISTA","LUCA ZENI","11/04/1979","TRENTO"
"TRENTINO-ALTO ADIGE/S?DTIROL","TRENTINO-ALTO ADIGE/S?DTIROL - P01","PARTITO DEMOCRATICO - ITALIA DEMOCRATICA E PROGRESSISTA","SARA ENDRIZZI","20/09/1969","BOLZANO"
"TRENTINO-ALTO ADIGE/S?DTIROL","TRENTINO-ALTO ADIGE/S?DTIROL - P01","ALLEANZA VERDI E SINISTRA","ROBERTA RIGAMONTI","11/03/1973","BOLZANO"
"TRENTINO-ALTO ADIGE/S?DTIROL","TRENTINO-ALTO ADIGE/S?DTIROL - P01","ALLEANZA VERDI E SINISTRA","MIRKO CAROTTA","21/01/1957","BRESSANONE"
"TRENTINO-ALTO ADIGE/S?DTIROL","TRENTINO-ALTO ADIGE/S?DTIROL - P01","ALLEANZA VERDI E SINISTRA","RENZA BOLLETTIN","16/04/1959","PADOVA"
"TRENTINO-ALTO ADIGE/S?DTIROL","TRENTINO-ALTO ADIGE/S?DTIROL - P01"," +EUROPA","FABIO VALCANOVER","30/06/1956","TRENTO"
"TRENTINO-ALTO ADIGE/S?DTIROL","TRENTINO-ALTO ADIGE/S?DTIROL - P01"," +EUROPA","UTA RADAKOVICH","16/02/1959","BOLZANO"
"TRENTINO-ALTO ADIGE/S?DTIROL","TRENTINO-ALTO ADIGE/S?DTIROL - P01"," +EUROPA","MATTHIAS COLOGNA","15/08/1992","BOLZANO"
"TRENTINO-ALTO ADIGE/S?DTIROL","TRENTINO-ALTO ADIGE/S?DTIROL - P01","UNIONE POPOLARE CON DE MAGISTRIS","GRAZIA FRANCESCATTI","26/09/1956","ROVERETO"
"TRENTINO-ALTO ADIGE/S?DTIROL","TRENTINO-ALTO ADIGE/S?DTIROL - P01","UNIONE POPOLARE CON DE MAGISTRIS","FRANCESCO ALBERTI","17/12/1958","BOLZANO"
"TRENTINO-ALTO ADIGE/S?DTIROL","TRENTINO-ALTO ADIGE/S?DTIROL - P01","UNIONE POPOLARE CON DE MAGISTRIS","PATRIZIA RIGOTTI","17/05/1960","CLES"
"TRENTINO-ALTO ADIGE/S?DTIROL","TRENTINO-ALTO ADIGE/S?DTIROL - P01","ITALEXIT PER L'ITALIA","STEFANO PUZZER","18/01/1976","TRIESTE"
"TRENTINO-ALTO ADIGE/S?DTIROL","TRENTINO-ALTO ADIGE/S?DTIROL - P01","ITALEXIT PER L'ITALIA","CONCETTA CASCHETTO","14/02/1969","VITTORIA"
"TRENTINO-ALTO ADIGE/S?DTIROL","TRENTINO-ALTO ADIGE/S?DTIROL - P01","ITALEXIT PER L'ITALIA","GENNARO BRANCACCIO","02/02/1954","NAPOLI"
