"CIRCOSCRIZIONE","COLLEGIO_PLURINOMINALE","DESCR_LISTA","CANDIDATO","DATA_NASCITA","LUOGO_NASCITA"
"PIEMONTE","PIEMONTE - P01","MASTELLA NOI DI CENTRO EUROPEISTI","MAURO CASSI","10/02/1950","PIANELLO VAL TIDONE (PC)"
"PIEMONTE","PIEMONTE - P01","MASTELLA NOI DI CENTRO EUROPEISTI","PAOLA SPINOSA","03/05/1972","VENARIA REALE (TO)"
"PIEMONTE","PIEMONTE - P01","ITALEXIT PER L'ITALIA","NUNZIA ALESSANDRA SCHILIRO'","02/01/1978","CATANIA"
"PIEMONTE","PIEMONTE - P01","ITALEXIT PER L'ITALIA","CARLO MARTELLI","23/05/1966","NOVARA"
"PIEMONTE","PIEMONTE - P01","ITALEXIT PER L'ITALIA","SILVIA MARTINI","18/01/1974","VENARIA REALE (TO)"
"PIEMONTE","PIEMONTE - P01","ITALEXIT PER L'ITALIA","MARCO GALIZIA","27/08/1959","TORINO"
"PIEMONTE","PIEMONTE - P01","FRATELLI D'ITALIA CON GIORGIA MELONI","DANIELA GARNERO SANTANCHE'","07/04/1961","CUNEO"
"PIEMONTE","PIEMONTE - P01","FRATELLI D'ITALIA CON GIORGIA MELONI","LUCIO MALAN","30/07/1960","LUSERNA SAN GIOVANNI (TO)"
"PIEMONTE","PIEMONTE - P01","FRATELLI D'ITALIA CON GIORGIA MELONI","PAOLA AMBROGIO","02/12/1970","TORINO"
"PIEMONTE","PIEMONTE - P01","FRATELLI D'ITALIA CON GIORGIA MELONI","ETTORE PUGLISI","17/08/1978","TORINO"
"PIEMONTE","PIEMONTE - P01","LEGA PER SALVINI PREMIER","MARZIA CASOLATI","16/07/1970","TORINO"
"PIEMONTE","PIEMONTE - P01","LEGA PER SALVINI PREMIER","CESARE PIANASSO","23/01/1966","CUORGNE' (TO)"
"PIEMONTE","PIEMONTE - P01","LEGA PER SALVINI PREMIER","DENISE BURDET","05/07/1969","MONCALIERI (TO)"
"PIEMONTE","PIEMONTE - P01","LEGA PER SALVINI PREMIER","ROBERTO PILONE","06/05/1964","TORINO"
"PIEMONTE","PIEMONTE - P01","NOI MODERATI/LUPI - TOTI - BRUGNARO - UDC","CARLOTTA BOFFA","07/09/1971","CARIGNANO (TO)"
"PIEMONTE","PIEMONTE - P01","NOI MODERATI/LUPI - TOTI - BRUGNARO - UDC","LUCIO SCARPINATO","07/03/1961","PALERMO"
"PIEMONTE","PIEMONTE - P01","NOI MODERATI/LUPI - TOTI - BRUGNARO - UDC","VALERIA FURNO'","18/10/1964","LENTINI (SR)"
"PIEMONTE","PIEMONTE - P01","NOI MODERATI/LUPI - TOTI - BRUGNARO - UDC","ROSSANO GIORELLO","13/09/1963","TROFARELLO (TO)"
"PIEMONTE","PIEMONTE - P01","FORZA ITALIA","MARIA RIZZOTTI","08/11/1953","FIRENZE"
"PIEMONTE","PIEMONTE - P01","FORZA ITALIA","ANDREA TRONZANO","13/02/1967","TORINO"
"PIEMONTE","PIEMONTE - P01","FORZA ITALIA","CLARA MARTA","09/12/1968","TORINO"
"PIEMONTE","PIEMONTE - P01","FORZA ITALIA","MAURO FAVA","08/06/1970","CUORGNE' (TO)"
"PIEMONTE","PIEMONTE - P01","IMPEGNO CIVICO LUIGI DI MAIO - CENTRO DEMOCRATICO","ANDREA SALVATI","27/11/1974","UGENTO (LE)"
"PIEMONTE","PIEMONTE - P01","IMPEGNO CIVICO LUIGI DI MAIO - CENTRO DEMOCRATICO","SILVIA CARBONE","24/05/1969","MILANO"
"PIEMONTE","PIEMONTE - P01","IMPEGNO CIVICO LUIGI DI MAIO - CENTRO DEMOCRATICO","DANIELE DEL GROSSO","21/03/1981","CHIETI"
"PIEMONTE","PIEMONTE - P01","IMPEGNO CIVICO LUIGI DI MAIO - CENTRO DEMOCRATICO","SIMONA BRUSCHI","17/09/1968","ROMA"
"PIEMONTE","PIEMONTE - P01","PARTITO DEMOCRATICO - ITALIA DEMOCRATICA E PROGRESSISTA","ANNA ROSSOMANDO","30/06/1963","TORINO"
"PIEMONTE","PIEMONTE - P01","PARTITO DEMOCRATICO - ITALIA DEMOCRATICA E PROGRESSISTA","ANDREA GIORGIS","12/04/1965","TORINO"
"PIEMONTE","PIEMONTE - P01","PARTITO DEMOCRATICO - ITALIA DEMOCRATICA E PROGRESSISTA","BEATRICE LORENZIN","14/10/1971","ROMA"
"PIEMONTE","PIEMONTE - P01","PARTITO DEMOCRATICO - ITALIA DEMOCRATICA E PROGRESSISTA","FRANCESCO VERDUCCI","05/10/1972","FERMO "
"PIEMONTE","PIEMONTE - P01"," +EUROPA","EMMA BONINO","09/03/1948","BRA (CN)"
"PIEMONTE","PIEMONTE - P01"," +EUROPA","MARCO TARADASH","19/05/1950","LIVORNO"
"PIEMONTE","PIEMONTE - P01"," +EUROPA","MARINA DEGRASSI","16/04/1968","TORINO"
"PIEMONTE","PIEMONTE - P01"," +EUROPA","SILVIO VIALE","02/06/1957","CUNEO"
"PIEMONTE","PIEMONTE - P01","ALLEANZA VERDI E SINISTRA","VALENTINA CERA","28/10/1981","MONCALIERI (TO)"
"PIEMONTE","PIEMONTE - P01","ALLEANZA VERDI E SINISTRA","ENRICO MANFREDI","15/01/1982","TORINO"
"PIEMONTE","PIEMONTE - P01","ALLEANZA VERDI E SINISTRA","CONCETTA INCRETA DETTA KETTY","19/03/1962","GELA (CL)"
"PIEMONTE","PIEMONTE - P01","ALLEANZA VERDI E SINISTRA","FABRIZIO FROSINA","12/08/1975","TORINO"
"PIEMONTE","PIEMONTE - P01","MOVIMENTO 5 STELLE","ELISA PIRRO","15/07/1973","TORINO"
"PIEMONTE","PIEMONTE - P01","MOVIMENTO 5 STELLE","ALBERTO UNIA","09/08/1966","TORINO"
"PIEMONTE","PIEMONTE - P01","MOVIMENTO 5 STELLE","BARBARA AZZARA'","24/02/1973","TORINO"
"PIEMONTE","PIEMONTE - P01","MOVIMENTO 5 STELLE","ROBERTO FALCONE","17/05/1966","TORINO"
"PIEMONTE","PIEMONTE - P01","AZIONE - ITALIA VIVA - CALENDA","BARBARA MASINI","22/01/1974","PISTOIA"
"PIEMONTE","PIEMONTE - P01","AZIONE - ITALIA VIVA - CALENDA","LUCIANO NOBILI","23/09/1977","ROMA"
"PIEMONTE","PIEMONTE - P01","AZIONE - ITALIA VIVA - CALENDA","SILVIA FREGOLENT","25/01/1972","TORINO"
"PIEMONTE","PIEMONTE - P01","AZIONE - ITALIA VIVA - CALENDA","ROBERTO CATALDO FAGGIANO","08/12/1976","BORGOMANERO (NO)"
"PIEMONTE","PIEMONTE - P01","VITA","STEFANO MONTANARI","07/06/1949","BOLOGNA"
"PIEMONTE","PIEMONTE - P01","VITA","ANGELA FRA","31/12/1966","TORINO"
"PIEMONTE","PIEMONTE - P01","VITA","GALGANO PALAFERRI","06/04/1962","TORINO"
"PIEMONTE","PIEMONTE - P01","VITA","GIUSEPPA COSTANTINO","09/04/1952","CATANIA"
"PIEMONTE","PIEMONTE - P01","ALTERNATIVA PER L'ITALIA - NO GREEN PASS","CARLO BRAVI","04/11/1964","IMOLA (BO)"
"PIEMONTE","PIEMONTE - P01","ALTERNATIVA PER L'ITALIA - NO GREEN PASS","LUCIANELLA PRESTA","05/07/1968","SAN PIETRO VERNOTICO (BR)"
"PIEMONTE","PIEMONTE - P01","ALTERNATIVA PER L'ITALIA - NO GREEN PASS","ALESSANDRO SPORTIELLO","08/02/1959","MELFI (PZ)"
"PIEMONTE","PIEMONTE - P01","ALTERNATIVA PER L'ITALIA - NO GREEN PASS","TERESA TRITTO","13/05/1955","SANTERAMO IN COLLE"
"PIEMONTE","PIEMONTE - P01","ITALIA SOVRANA E POPOLARE","SIMONA MANGIANTE","29/01/1981","CASERTA"
"PIEMONTE","PIEMONTE - P01","ITALIA SOVRANA E POPOLARE","LUCIANO FOLCO","10/08/1958","TRIPOLI (LIBIA)"
"PIEMONTE","PIEMONTE - P01","ITALIA SOVRANA E POPOLARE","ROSSELLA MARRA","04/11/1972","TORINO"
"PIEMONTE","PIEMONTE - P01","ITALIA SOVRANA E POPOLARE","DIEGO SILVIO NOVO","27/10/1967","AVIGLIANA (TO)"
"PIEMONTE","PIEMONTE - P01","UNIONE POPOLARE CON DE MAGISTRIS","EMANUELE NEGRO","30/06/1960","TORINO"
"PIEMONTE","PIEMONTE - P01","UNIONE POPOLARE CON DE MAGISTRIS","MARIA TERESA SILVESTRINI DETTA TERRY","04/11/1957","TORINO"
"PIEMONTE","PIEMONTE - P01","UNIONE POPOLARE CON DE MAGISTRIS","LUIGI SARAGNESE","05/12/1953","TORREMAGGIORE (FG)"
"PIEMONTE","PIEMONTE - P01","UNIONE POPOLARE CON DE MAGISTRIS","ISABELLA LIGUORI","30/08/1979","VENTIMIGLIA (IM)"
"PIEMONTE","PIEMONTE - P02","MASTELLA NOI DI CENTRO EUROPEISTI","GIOVANNI FREZZATO","20/09/1953","ROSOLINA (RO)"
"PIEMONTE","PIEMONTE - P02","MASTELLA NOI DI CENTRO EUROPEISTI","DELIA LUISELLA FERRARESE","16/03/1956","TORINO"
"PIEMONTE","PIEMONTE - P02","MASTELLA NOI DI CENTRO EUROPEISTI","SERGIO BELTRAME","09/12/1952","TORINO"
"PIEMONTE","PIEMONTE - P02","ITALEXIT PER L'ITALIA","FRANCO QUAGLIA","24/12/1950","ASTI"
"PIEMONTE","PIEMONTE - P02","ITALEXIT PER L'ITALIA","CHIARA CHIRIO","03/03/1980","TORINO"
"PIEMONTE","PIEMONTE - P02","ITALEXIT PER L'ITALIA","MAURIZIO SCALABRIN","09/04/1966","ALESSANDRIA"
"PIEMONTE","PIEMONTE - P02","ITALEXIT PER L'ITALIA","SILVIA MARTINI","18/01/1974","VENARIA REALE (TO)"
"PIEMONTE","PIEMONTE - P02","FRATELLI D'ITALIA CON GIORGIA MELONI","LUCIO MALAN","30/07/1960","LUSERNA SAN GIOVANNI (TO)"
"PIEMONTE","PIEMONTE - P02","FRATELLI D'ITALIA CON GIORGIA MELONI","PAOLA AMBROGIO","02/12/1970","TORINO"
"PIEMONTE","PIEMONTE - P02","FRATELLI D'ITALIA CON GIORGIA MELONI","GIORGIO SALVITTI","10/02/1968","COLLEFERRO (RM)"
"PIEMONTE","PIEMONTE - P02","FRATELLI D'ITALIA CON GIORGIA MELONI","GIOVANNA PELLANDA","18/04/1965","DOMODOSSOLA (VB)"
"PIEMONTE","PIEMONTE - P02","LEGA PER SALVINI PREMIER","MASSIMO GARAVAGLIA","08/04/1968","CUGGIONO (MI)"
"PIEMONTE","PIEMONTE - P02","LEGA PER SALVINI PREMIER","MARZIA CASOLATI","16/07/1970","TORINO"
"PIEMONTE","PIEMONTE - P02","LEGA PER SALVINI PREMIER","ERALDO BOTTA","09/01/1968","BASILEA (SVIZZERA)"
"PIEMONTE","PIEMONTE - P02","LEGA PER SALVINI PREMIER","GIOVANNA QUAGLIA","30/05/1966","ASTI"
"PIEMONTE","PIEMONTE - P02","NOI MODERATI/LUPI - TOTI - BRUGNARO - UDC","NATALE UBALDO CACCIOLA","01/07/1982","LAMEZIA TERME (CZ)"
"PIEMONTE","PIEMONTE - P02","NOI MODERATI/LUPI - TOTI - BRUGNARO - UDC","FLORIANA FACCARO","14/07/1972","ALESSANDRIA"
"PIEMONTE","PIEMONTE - P02","NOI MODERATI/LUPI - TOTI - BRUGNARO - UDC","ALDO MARIO ROSA","22/08/1965","MILANO"
"PIEMONTE","PIEMONTE - P02","NOI MODERATI/LUPI - TOTI - BRUGNARO - UDC","SABRINA GAMBA","21/06/1972","ASTI"
"PIEMONTE","PIEMONTE - P02","FORZA ITALIA","SILVIO BERLUSCONI","29/09/1936","MILANO"
"PIEMONTE","PIEMONTE - P02","FORZA ITALIA","LICIA RONZULLI","14/09/1975","MILANO"
"PIEMONTE","PIEMONTE - P02","FORZA ITALIA","ROBERTO ROSSO","16/08/1967","TORINO"
"PIEMONTE","PIEMONTE - P02","FORZA ITALIA","FRANCA ROSO","13/03/1968","ACQUI TERME (AL)"
"PIEMONTE","PIEMONTE - P02","IMPEGNO CIVICO LUIGI DI MAIO - CENTRO DEMOCRATICO","STEFANIA RECAGNO","03/01/1968","AURONZO DI CADORE (BL)"
"PIEMONTE","PIEMONTE - P02","IMPEGNO CIVICO LUIGI DI MAIO - CENTRO DEMOCRATICO","CARLO FRUMENTO","15/04/1949","SAVONA"
"PIEMONTE","PIEMONTE - P02","IMPEGNO CIVICO LUIGI DI MAIO - CENTRO DEMOCRATICO","SILVIA CARBONE","24/05/1969","MILANO"
"PIEMONTE","PIEMONTE - P02","IMPEGNO CIVICO LUIGI DI MAIO - CENTRO DEMOCRATICO","FABRIZIO BIALE","09/10/1971","GENOVA"
"PIEMONTE","PIEMONTE - P02","PARTITO DEMOCRATICO - ITALIA DEMOCRATICA E PROGRESSISTA","ENRICO BORGHI","06/08/1967","PREMOSELLO-CHIOVENDA (VB)"
"PIEMONTE","PIEMONTE - P02","PARTITO DEMOCRATICO - ITALIA DEMOCRATICA E PROGRESSISTA","MARIA RITA ROSSA","19/04/1966","ALESSANDRIA"
"PIEMONTE","PIEMONTE - P02","PARTITO DEMOCRATICO - ITALIA DEMOCRATICA E PROGRESSISTA","ROSSANO PIROVANO","07/02/1969","RUVIANO (CE)"
"PIEMONTE","PIEMONTE - P02","PARTITO DEMOCRATICO - ITALIA DEMOCRATICA E PROGRESSISTA","BRUNA SIBILLE","27/11/1950","BRA (CN)"
"PIEMONTE","PIEMONTE - P02"," +EUROPA","MARCO TARADASH","19/05/1950","LIVORNO"
"PIEMONTE","PIEMONTE - P02"," +EUROPA","SIMONA EMANUELA ANNA CAROLINA VIOLA","15/09/1962","MILANO"
"PIEMONTE","PIEMONTE - P02"," +EUROPA","MARCO FILIPPA","22/11/1962","VILLAFRANCA PIEMONTE (TO)"
"PIEMONTE","PIEMONTE - P02"," +EUROPA","MARINA DEGRASSI","16/04/1968","TORINO"
"PIEMONTE","PIEMONTE - P02","ALLEANZA VERDI E SINISTRA","GIANNI COVATTA DETTO GIOBBE","11/06/1956","TARANTO"
"PIEMONTE","PIEMONTE - P02","ALLEANZA VERDI E SINISTRA","ELENA EVA MARIA GRANDI","08/02/1960","MILANO"
"PIEMONTE","PIEMONTE - P02","ALLEANZA VERDI E SINISTRA","GIUSEPPE SAMMATRICE","27/10/1959","ACATE (RG)"
"PIEMONTE","PIEMONTE - P02","ALLEANZA VERDI E SINISTRA","FIAMMETTA ROSSO","21/10/1971","SALUZZO (CN)"
"PIEMONTE","PIEMONTE - P02","MOVIMENTO 5 STELLE","ETTORE ANTONIO LICHERI","11/10/1963","SASSARI"
"PIEMONTE","PIEMONTE - P02","MOVIMENTO 5 STELLE","MARIASSUNTA MATRISCIANO DETTA SUSY","30/08/1975","POMIGLIANO D'ARCO (NA)"
"PIEMONTE","PIEMONTE - P02","MOVIMENTO 5 STELLE","LUCA ZACCHERO","04/11/1969","TORINO"
"PIEMONTE","PIEMONTE - P02","MOVIMENTO 5 STELLE","MARA GANDOLA","06/12/1961","MILANO"
"PIEMONTE","PIEMONTE - P02","AZIONE - ITALIA VIVA - CALENDA","IVAN SCALFAROTTO","16/08/1965","PESCARA"
"PIEMONTE","PIEMONTE - P02","AZIONE - ITALIA VIVA - CALENDA","CRISTINA PEDDIS","26/04/1967","TORINO"
"PIEMONTE","PIEMONTE - P02","AZIONE - ITALIA VIVA - CALENDA","VINCENZO PELLEGRINO","06/11/1964","CUNEO"
"PIEMONTE","PIEMONTE - P02","AZIONE - ITALIA VIVA - CALENDA","ANNA BRACCO","10/01/1954","CLAVESANA (CN)"
"PIEMONTE","PIEMONTE - P02","VITA","MARIA LUISA TOMA","06/07/1972","TORINO"
"PIEMONTE","PIEMONTE - P02","VITA","GALGANO PALAFERRI","06/04/1962","TORINO"
"PIEMONTE","PIEMONTE - P02","VITA","ANGELA FRA","31/12/1966","TORINO"
"PIEMONTE","PIEMONTE - P02","VITA","ALESSANDRO GUASTELLA","01/07/1980","TORINO"
"PIEMONTE","PIEMONTE - P02","ALTERNATIVA PER L'ITALIA - NO GREEN PASS","MARGHERITA RUFFINO","02/08/1948","CANALE (CN)"
"PIEMONTE","PIEMONTE - P02","ALTERNATIVA PER L'ITALIA - NO GREEN PASS","MARKO RUS","09/10/1942","LUBIANA (SLOVENIA)"
"PIEMONTE","PIEMONTE - P02","ALTERNATIVA PER L'ITALIA - NO GREEN PASS","ILARIA MASINI","04/07/1973","ALESSANDRIA"
"PIEMONTE","PIEMONTE - P02","ALTERNATIVA PER L'ITALIA - NO GREEN PASS","OTTAVIO OLLIVERI SICCARDI","27/04/1979","TORINO"
"PIEMONTE","PIEMONTE - P02","ITALIA SOVRANA E POPOLARE","CANZIO GIUSEPPE VISENTIN","23/04/1957","PADERNO DUGNANO (MI)"
"PIEMONTE","PIEMONTE - P02","ITALIA SOVRANA E POPOLARE","MARZIA MANUELA BAUCO","04/10/1977","TORINO"
"PIEMONTE","PIEMONTE - P02","ITALIA SOVRANA E POPOLARE","RENATO KOVACIC","16/07/1951","PARENZO (CROAZIA)"
"PIEMONTE","PIEMONTE - P02","ITALIA SOVRANA E POPOLARE","FRANCESCA BUCINO","02/11/1976","BIELLA"
"PIEMONTE","PIEMONTE - P02","UNIONE POPOLARE CON DE MAGISTRIS","LUCIETTA BELLOMO","08/03/1956","COSSATO (BI)"
"PIEMONTE","PIEMONTE - P02","UNIONE POPOLARE CON DE MAGISTRIS","MICHELE BARACCO","11/08/1949","PIANA CRIXIA (SV)"
"PIEMONTE","PIEMONTE - P02","UNIONE POPOLARE CON DE MAGISTRIS","ANNALISA ANZIVINO","10/03/1954","FOGGIA"
"PIEMONTE","PIEMONTE - P02","UNIONE POPOLARE CON DE MAGISTRIS","CLAUDIO CESARONI","09/09/1954","PISA"
"LOMBARDIA","LOMBARDIA - P01"," +EUROPA","VALERIO FEDERICO","10/02/1967","VARESE"
"LOMBARDIA","LOMBARDIA - P01"," +EUROPA","SIMONA EMANUELA ANNA CAROLINA VIOLA","15/09/1962","MILANO"
"LOMBARDIA","LOMBARDIA - P01"," +EUROPA","MICHELE ANDREA ALFREDO USUELLI","25/09/1974","MILANO"
"LOMBARDIA","LOMBARDIA - P01"," +EUROPA","DONATA GARRASI","04/01/1971","MILANO"
"LOMBARDIA","LOMBARDIA - P01","IMPEGNO CIVICO LUIGI DI MAIO - CENTRO DEMOCRATICO","GREGORIO DONNARUMMA","10/04/1965","NAPOLI"
"LOMBARDIA","LOMBARDIA - P01","IMPEGNO CIVICO LUIGI DI MAIO - CENTRO DEMOCRATICO","SILVIA CARBONE","24/05/1969","MILANO"
"LOMBARDIA","LOMBARDIA - P01","IMPEGNO CIVICO LUIGI DI MAIO - CENTRO DEMOCRATICO","PIERCARLO BORGOGELLI OTTAVIANI","27/07/1948","TIVOLI (RM)"
"LOMBARDIA","LOMBARDIA - P01","IMPEGNO CIVICO LUIGI DI MAIO - CENTRO DEMOCRATICO","SIMONA BRUSCHI","17/09/1968","ROMA"
"LOMBARDIA","LOMBARDIA - P01","ALLEANZA VERDI E SINISTRA","MAURIZIA PUNGINELLI","17/08/1964","VENEZIA"
"LOMBARDIA","LOMBARDIA - P01","ALLEANZA VERDI E SINISTRA","PAOLO LANFRANCHI ","16/06/1975","LECCO"
"LOMBARDIA","LOMBARDIA - P01","ALLEANZA VERDI E SINISTRA","SIMONA ANNA TOFFOLETTI","01/07/1958","MILANO"
"LOMBARDIA","LOMBARDIA - P01","ALLEANZA VERDI E SINISTRA","MAURIZIO ANTONIO CREMASCOLI","22/06/1961","MILANO"
"LOMBARDIA","LOMBARDIA - P01","PARTITO DEMOCRATICO - ITALIA DEMOCRATICA E PROGRESSISTA","ALESSANDRO ALFIERI","02/02/1972","VARESE"
"LOMBARDIA","LOMBARDIA - P01","PARTITO DEMOCRATICO - ITALIA DEMOCRATICA E PROGRESSISTA","ROBERTA SONGINI","17/10/1969","SONDRIO"
"LOMBARDIA","LOMBARDIA - P01","PARTITO DEMOCRATICO - ITALIA DEMOCRATICA E PROGRESSISTA","MARCO MARIA RIBOLDI","23/06/1954","MONZA"
"LOMBARDIA","LOMBARDIA - P01","PARTITO DEMOCRATICO - ITALIA DEMOCRATICA E PROGRESSISTA","ROSANNA LEOTTA","26/09/1950","BOLLATE"
"LOMBARDIA","LOMBARDIA - P01","MASTELLA NOI DI CENTRO EUROPEISTI","LISA MOLTENI","03/05/1978","SARONNO"
"LOMBARDIA","LOMBARDIA - P01","MASTELLA NOI DI CENTRO EUROPEISTI","FABRIZIO CALEFFI","17/03/1952","MILANO"
"LOMBARDIA","LOMBARDIA - P01","MASTELLA NOI DI CENTRO EUROPEISTI","MARIA VIVOLO","19/12/1970","SARONNO"
"LOMBARDIA","LOMBARDIA - P01","MASTELLA NOI DI CENTRO EUROPEISTI","ANDREA MICHELE ARCANGELO VIVOLO","22/07/1969","SARONNO"
"LOMBARDIA","LOMBARDIA - P01","NOI MODERATI/LUPI - TOTI - BRUGNARO - UDC","RAFFAELE CATTANEO","15/09/1962","SARONNO"
"LOMBARDIA","LOMBARDIA - P01","NOI MODERATI/LUPI - TOTI - BRUGNARO - UDC","MAURA MAGNI","14/01/1975","ANGERA"
"LOMBARDIA","LOMBARDIA - P01","NOI MODERATI/LUPI - TOTI - BRUGNARO - UDC","ANTONIO SAGGESE","26/07/1967","MILANO"
"LOMBARDIA","LOMBARDIA - P01","NOI MODERATI/LUPI - TOTI - BRUGNARO - UDC","JOSEPHINE PASCO","25/12/1959","MONCADA (FILIPPINE)"
"LOMBARDIA","LOMBARDIA - P01","LEGA PER SALVINI PREMIER","MARIA CRISTINA CANTU'","21/12/1964","VARESE"
"LOMBARDIA","LOMBARDIA - P01","LEGA PER SALVINI PREMIER","PAOLO ARRIGONI","14/06/1964","LECCO"
"LOMBARDIA","LOMBARDIA - P01","LEGA PER SALVINI PREMIER","DAISY PIROVANO","19/12/1977","ROMANO DI LOMBARDIA"
"LOMBARDIA","LOMBARDIA - P01","LEGA PER SALVINI PREMIER","GIUSEPPE VALDITARA","12/01/1961","MILANO"
"LOMBARDIA","LOMBARDIA - P01","FRATELLI D'ITALIA CON GIORGIA MELONI","ALESSIO BUTTI","15/10/1964","COMO"
"LOMBARDIA","LOMBARDIA - P01","FRATELLI D'ITALIA CON GIORGIA MELONI","FRANCESCA  CARUSO","11/04/1980","VARESE"
"LOMBARDIA","LOMBARDIA - P01","FRATELLI D'ITALIA CON GIORGIA MELONI","ROSARIO ANTONIO MANCINO","24/12/1980","CERNUSCO SUL NAVIGLIO"
"LOMBARDIA","LOMBARDIA - P01","FRATELLI D'ITALIA CON GIORGIA MELONI","CRISTINA CATTANEO","03/09/1964","PAVIA"
"LOMBARDIA","LOMBARDIA - P01","FORZA ITALIA","LICIA RONZULLI","14/09/1975","MILANO"
"LOMBARDIA","LOMBARDIA - P01","FORZA ITALIA","ALBERTO BARACHINI","21/08/1972","PISA"
"LOMBARDIA","LOMBARDIA - P01","FORZA ITALIA","STEFANIA GABRIELLA ANASTASIA CRAXI","25/10/1960","MILANO"
"LOMBARDIA","LOMBARDIA - P01","FORZA ITALIA","ADRIANO PAROLI ","30/03/1962","BRESCIA"
"LOMBARDIA","LOMBARDIA - P01","ITALIA SOVRANA E POPOLARE","ANDREA FRANCESCHELLI","16/09/1976","PESCARA"
"LOMBARDIA","LOMBARDIA - P01","ITALIA SOVRANA E POPOLARE","LEONARDA MARIA BARBAROTTA","09/05/1971","OAK LAWN (USA)"
"LOMBARDIA","LOMBARDIA - P01","ITALIA SOVRANA E POPOLARE","RICCARDO PAOLO TILOTTA","16/06/1971","PARTANNA"
"LOMBARDIA","LOMBARDIA - P01","ITALIA SOVRANA E POPOLARE","EMANUELA BRUNA GUGGIOLA PASOLINI","14/06/1959","MILANO"
"LOMBARDIA","LOMBARDIA - P01","MOVIMENTO 5 STELLE","BRUNO MARTON","28/09/1969","VAREDO"
"LOMBARDIA","LOMBARDIA - P01","MOVIMENTO 5 STELLE","FRANCESCA BONOLDI","07/12/1974","VARESE"
"LOMBARDIA","LOMBARDIA - P01","MOVIMENTO 5 STELLE","CLAUDIO ZOCCO","14/04/1969","TRICASE"
"LOMBARDIA","LOMBARDIA - P01","MOVIMENTO 5 STELLE","LUZ MARTA DE POLI","14/07/1978","BOGOTA' (COLOMBIA)"
"LOMBARDIA","LOMBARDIA - P01","ITALEXIT PER L'ITALIA","MASSIMO ZANELLO","14/09/1965","MILANO"
"LOMBARDIA","LOMBARDIA - P01","ITALEXIT PER L'ITALIA","MARINA FUMAGALLI","19/03/1976","MILANO"
"LOMBARDIA","LOMBARDIA - P01","ITALEXIT PER L'ITALIA","FABIO MERONI","30/04/1957","LISSONE"
"LOMBARDIA","LOMBARDIA - P01","ITALEXIT PER L'ITALIA","MARA BAILA","02/06/1966","LOCARNO (SVIZZERA)"
"LOMBARDIA","LOMBARDIA - P01","AZIONE - ITALIA VIVA - CALENDA","GIUSEPPINA VERSACE DETTA GIUSY","20/05/1977","REGGIO DI CALABRIA"
"LOMBARDIA","LOMBARDIA - P01","AZIONE - ITALIA VIVA - CALENDA","IVAN SCALFAROTTO ","16/08/1965","PESCARA "
"LOMBARDIA","LOMBARDIA - P01","AZIONE - ITALIA VIVA - CALENDA","MONICA COLOMBO","22/08/1971","BUSTO ARSIZIO"
"LOMBARDIA","LOMBARDIA - P01","AZIONE - ITALIA VIVA - CALENDA","ANGELO LEVA","28/09/1961","UBOLDO"
"LOMBARDIA","LOMBARDIA - P01","UNIONE POPOLARE CON DE MAGISTRIS","MARIO STANO BRUNO BELSITO","27/05/1963","FIUMEFREDDO BRUZIO"
"LOMBARDIA","LOMBARDIA - P01","UNIONE POPOLARE CON DE MAGISTRIS","MARIA DOMENICA BRACCIO","29/04/1956","CORTALE"
"LOMBARDIA","LOMBARDIA - P01","UNIONE POPOLARE CON DE MAGISTRIS","LUIGI PANZERI","08/02/1948","CERNUSCO MONTEVECCHIA"
"LOMBARDIA","LOMBARDIA - P01","UNIONE POPOLARE CON DE MAGISTRIS","ANNA MARIA LURIDIANA","28/01/1963","MILANO"
"LOMBARDIA","LOMBARDIA - P01","VITA","STEFANO MONTANARI","07/06/1949","BOLOGNA"
"LOMBARDIA","LOMBARDIA - P01","VITA","FULVIA PEZZINI","15/08/1970","MILANO"
"LOMBARDIA","LOMBARDIA - P01","VITA","ANDREA TRONCONI","17/05/1982","LUGO"
"LOMBARDIA","LOMBARDIA - P01","VITA","LORENA POLONINI","11/08/1971","ROVATO"
"LOMBARDIA","LOMBARDIA - P02"," +EUROPA","EMMA BONINO","09/03/1948","BRA (CN)"
"LOMBARDIA","LOMBARDIA - P02"," +EUROPA","VALERIO FEDERICO","10/02/1967","VARESE"
"LOMBARDIA","LOMBARDIA - P02"," +EUROPA","SIMONA EMANUELA ANNA CAROLINA VIOLA","15/09/1962","MILANO"
"LOMBARDIA","LOMBARDIA - P02"," +EUROPA","LORENZO STRIK-LIEVERS","30/01/1944","SCIAFFUSA (SVIZZERA)"
"LOMBARDIA","LOMBARDIA - P02","IMPEGNO CIVICO LUIGI DI MAIO - CENTRO DEMOCRATICO","ANTONIETTA MARGHERITA REBUFFONI","08/11/1960","CERVENO (BS)"
"LOMBARDIA","LOMBARDIA - P02","IMPEGNO CIVICO LUIGI DI MAIO - CENTRO DEMOCRATICO","GIUSEPPE CIACCIO","05/02/1955","COSENZA"
"LOMBARDIA","LOMBARDIA - P02","IMPEGNO CIVICO LUIGI DI MAIO - CENTRO DEMOCRATICO","SILVIA CARBONE","24/05/1969","MILANO"
"LOMBARDIA","LOMBARDIA - P02","IMPEGNO CIVICO LUIGI DI MAIO - CENTRO DEMOCRATICO","GIUSEPPE DE PASCALI PEPE DETTO PEPE","30/04/1969","VIBO VALENTIA"
"LOMBARDIA","LOMBARDIA - P02","ALLEANZA VERDI E SINISTRA","ILARIA CUCCHI","22/06/1974","ROMA"
"LOMBARDIA","LOMBARDIA - P02","ALLEANZA VERDI E SINISTRA","CELESTINO MAGNI DETTO TINO","29/06/1947","BARZAGO"
"LOMBARDIA","LOMBARDIA - P02","ALLEANZA VERDI E SINISTRA","ELENA COMELLI ","22/04/1973","LEGNANO"
"LOMBARDIA","LOMBARDIA - P02","ALLEANZA VERDI E SINISTRA","GIANCARLO APREA","28/03/1956","MILANO"
"LOMBARDIA","LOMBARDIA - P02","PARTITO DEMOCRATICO - ITALIA DEMOCRATICA E PROGRESSISTA","CARLO COTTARELLI","18/08/1954","CREMONA"
"LOMBARDIA","LOMBARDIA - P02","PARTITO DEMOCRATICO - ITALIA DEMOCRATICA E PROGRESSISTA","SIMONA FLAVIA MALPEZZI","22/08/1972","CERNUSCO SUL NAVIGLIO"
"LOMBARDIA","LOMBARDIA - P02","PARTITO DEMOCRATICO - ITALIA DEMOCRATICA E PROGRESSISTA","FRANCO MIRABELLI","09/02/1960","MILANO"
"LOMBARDIA","LOMBARDIA - P02","PARTITO DEMOCRATICO - ITALIA DEMOCRATICA E PROGRESSISTA","CRISTINA TAJANI","28/11/1978","TERLIZZI"
"LOMBARDIA","LOMBARDIA - P02","MASTELLA NOI DI CENTRO EUROPEISTI","MASSIMO PICOZZI","07/04/1966","MILANO"
"LOMBARDIA","LOMBARDIA - P02","MASTELLA NOI DI CENTRO EUROPEISTI","SAMANTHA  DEPONTI","22/10/1977","MELZO"
"LOMBARDIA","LOMBARDIA - P02","MASTELLA NOI DI CENTRO EUROPEISTI","GIUSEPPE COSTANZO","28/05/1970","MONZA"
"LOMBARDIA","LOMBARDIA - P02","MASTELLA NOI DI CENTRO EUROPEISTI","FEDERICA FRANCESCA  BONVINI","20/05/1969","PONTEVICO"
"LOMBARDIA","LOMBARDIA - P02","NOI MODERATI/LUPI - TOTI - BRUGNARO - UDC","VITTORIO SGARBI","08/05/1952","FERRARA"
"LOMBARDIA","LOMBARDIA - P02","NOI MODERATI/LUPI - TOTI - BRUGNARO - UDC","MICHAELA  BIANCOFIORE","28/12/1970","BOLZANO"
"LOMBARDIA","LOMBARDIA - P02","NOI MODERATI/LUPI - TOTI - BRUGNARO - UDC","MARCO ROCCO DI STASIO","18/05/1976","MILANO"
"LOMBARDIA","LOMBARDIA - P02","NOI MODERATI/LUPI - TOTI - BRUGNARO - UDC","ANNA MARIA FRANCA MAGRO","18/02/1963","MILANO"
"LOMBARDIA","LOMBARDIA - P02","LEGA PER SALVINI PREMIER","MATTEO SALVINI","09/03/1973","MILANO"
"LOMBARDIA","LOMBARDIA - P02","LEGA PER SALVINI PREMIER","GIULIA BONGIORNO","22/03/1966","PALERMO"
"LOMBARDIA","LOMBARDIA - P02","LEGA PER SALVINI PREMIER","ALESSANDRO MORELLI","09/05/1977","VIZZOLO PREDABISSI"
"LOMBARDIA","LOMBARDIA - P02","LEGA PER SALVINI PREMIER","ANTONELLA FAGGI","20/09/1961","LECCO"
"LOMBARDIA","LOMBARDIA - P02","FRATELLI D'ITALIA CON GIORGIA MELONI","IGNAZIO BENITO MARIA LA RUSSA","18/07/1947","PATERNO'"
"LOMBARDIA","LOMBARDIA - P02","FRATELLI D'ITALIA CON GIORGIA MELONI","DANIELA GARNERO SANTANCHE'","07/04/1961","CUNEO"
"LOMBARDIA","LOMBARDIA - P02","FRATELLI D'ITALIA CON GIORGIA MELONI","SANDRO SISLER","12/04/1968","BOLLATE"
"LOMBARDIA","LOMBARDIA - P02","FRATELLI D'ITALIA CON GIORGIA MELONI","PAOLA MANCINI","04/11/1973","ASOLA"
"LOMBARDIA","LOMBARDIA - P02","FORZA ITALIA","SILVIO BERLUSCONI","29/09/1936","MILANO"
"LOMBARDIA","LOMBARDIA - P02","FORZA ITALIA","LICIA RONZULLI","14/09/1975","MILANO"
"LOMBARDIA","LOMBARDIA - P02","FORZA ITALIA","ALBERTO BARACHINI","21/08/1972","PISA"
"LOMBARDIA","LOMBARDIA - P02","FORZA ITALIA","STEFANIA GABRIELLA ANASTASIA CRAXI","25/10/1960","MILANO"
"LOMBARDIA","LOMBARDIA - P02","ITALIA SOVRANA E POPOLARE","EMANUELE DESS?","30/03/1964","ROMA"
"LOMBARDIA","LOMBARDIA - P02","ITALIA SOVRANA E POPOLARE","GIOVANNA COLONE","29/08/1972","ROMA"
"LOMBARDIA","LOMBARDIA - P02","ITALIA SOVRANA E POPOLARE","GIANLUCA DA BASSO","27/06/1977","CREMONA"
"LOMBARDIA","LOMBARDIA - P02","ITALIA SOVRANA E POPOLARE","SARA TODESCHINI","19/07/1976","CITTIGLIO"
"LOMBARDIA","LOMBARDIA - P02","MOVIMENTO 5 STELLE","ELENA SIRONI","18/02/1961","MILANO"
"LOMBARDIA","LOMBARDIA - P02","MOVIMENTO 5 STELLE","EUGENIO CASALINO","11/04/1964","SONDRIO"
"LOMBARDIA","LOMBARDIA - P02","MOVIMENTO 5 STELLE","SILVIA BALDINA","18/07/1968","VIGEVANO"
"LOMBARDIA","LOMBARDIA - P02","MOVIMENTO 5 STELLE","MATTEO CATTANEO ","04/12/1962","MILANO"
"LOMBARDIA","LOMBARDIA - P02","ITALEXIT PER L'ITALIA","GIANLUCA LUCIANO","27/07/1969","CATANZARO"
"LOMBARDIA","LOMBARDIA - P02","ITALEXIT PER L'ITALIA","ELEONORA TEMPESTA","25/10/1975","SESTO SAN GIOVANNI"
"LOMBARDIA","LOMBARDIA - P02","ITALEXIT PER L'ITALIA","PAOLO CAGNONI","27/03/1967","MILANO"
"LOMBARDIA","LOMBARDIA - P02","ITALEXIT PER L'ITALIA","GIULIA GHETTI","14/01/1972","FAENZA"
"LOMBARDIA","LOMBARDIA - P02","AZIONE - ITALIA VIVA - CALENDA","MATTEO RENZI","11/01/1975","FIRENZE"
"LOMBARDIA","LOMBARDIA - P02","AZIONE - ITALIA VIVA - CALENDA","MARIASTELLA GELMINI","01/07/1973","LENO"
"LOMBARDIA","LOMBARDIA - P02","AZIONE - ITALIA VIVA - CALENDA","MARCO LOMBARDO","02/01/1981","LOCRI (RC)"
"LOMBARDIA","LOMBARDIA - P02","AZIONE - ITALIA VIVA - CALENDA","LISA NOJA","15/03/1974","PALERMO"
"LOMBARDIA","LOMBARDIA - P02","UNIONE POPOLARE CON DE MAGISTRIS","DOMENICO FINIGUERRA","03/09/1971","MILANO"
"LOMBARDIA","LOMBARDIA - P02","UNIONE POPOLARE CON DE MAGISTRIS","GIOVANNA CARDARELLI","20/02/1956","LODI"
"LOMBARDIA","LOMBARDIA - P02","UNIONE POPOLARE CON DE MAGISTRIS","NICOLA VOX","24/03/1953","BARI"
"LOMBARDIA","LOMBARDIA - P02","UNIONE POPOLARE CON DE MAGISTRIS","RITA SANTA ADRIANA CAMPIONI","08/07/1957","GENOVA"
"LOMBARDIA","LOMBARDIA - P02","VITA","STEFANO MONTANARI","07/06/1949","BOLOGNA"
"LOMBARDIA","LOMBARDIA - P02","VITA","LORENA POLONINI","11/08/1971","ROVATO"
"LOMBARDIA","LOMBARDIA - P02","VITA","GIANCARLO INCERRANO","25/02/1967","PALERMO"
"LOMBARDIA","LOMBARDIA - P02","VITA","FULVIA PEZZINI","15/08/1970","MILANO"
"LOMBARDIA","LOMBARDIA - P03"," +EUROPA","SIMONA EMANUELA ANNA CAROLINA VIOLA","15/09/1962","MILANO"
"LOMBARDIA","LOMBARDIA - P03"," +EUROPA","VALERIO FEDERICO","10/02/1967","VARESE"
"LOMBARDIA","LOMBARDIA - P03"," +EUROPA","DONATA GARRASI","04/01/1971","MILANO"
"LOMBARDIA","LOMBARDIA - P03"," +EUROPA","LORENZO STRIK-LIEVERS","30/01/1944","SCIAFFUSA (SVIZZERA)"
"LOMBARDIA","LOMBARDIA - P03","IMPEGNO CIVICO LUIGI DI MAIO - CENTRO DEMOCRATICO","SIMONA NUNZIA NOCERINO","07/07/1968","MILANO"
"LOMBARDIA","LOMBARDIA - P03","IMPEGNO CIVICO LUIGI DI MAIO - CENTRO DEMOCRATICO","GIUSEPPE CIACCIO","05/02/1955","COSENZA"
"LOMBARDIA","LOMBARDIA - P03","IMPEGNO CIVICO LUIGI DI MAIO - CENTRO DEMOCRATICO","CINZIA LEONE","24/10/1976","PALERMO"
"LOMBARDIA","LOMBARDIA - P03","IMPEGNO CIVICO LUIGI DI MAIO - CENTRO DEMOCRATICO","CARLO LAVATELLI","04/08/1943","TRENTO"
"LOMBARDIA","LOMBARDIA - P03","ALLEANZA VERDI E SINISTRA","DARIO BALOTTA","12/08/1953","GRONTARDO"
"LOMBARDIA","LOMBARDIA - P03","ALLEANZA VERDI E SINISTRA","CRISTINA GANINI","11/07/1964","MILANO"
"LOMBARDIA","LOMBARDIA - P03","ALLEANZA VERDI E SINISTRA","ANDREA LADINA","27/02/1951","VAIANO CREMASCO"
"LOMBARDIA","LOMBARDIA - P03","ALLEANZA VERDI E SINISTRA","CRISTIANA MANENTI ","01/07/1965","PARMA"
"LOMBARDIA","LOMBARDIA - P03","PARTITO DEMOCRATICO - ITALIA DEMOCRATICA E PROGRESSISTA","SIMONA FLAVIA MALPEZZI","22/08/1972","CERNUSCO SUL NAVIGLIO"
"LOMBARDIA","LOMBARDIA - P03","PARTITO DEMOCRATICO - ITALIA DEMOCRATICA E PROGRESSISTA","ALFREDO BAZOLI","15/12/1969","BRESCIA"
"LOMBARDIA","LOMBARDIA - P03","PARTITO DEMOCRATICO - ITALIA DEMOCRATICA E PROGRESSISTA","STEFANIA BONALDI","10/12/1970","MILANO"
"LOMBARDIA","LOMBARDIA - P03","PARTITO DEMOCRATICO - ITALIA DEMOCRATICA E PROGRESSISTA","GIACOMO ANGELONI","31/10/1981","BERGAMO"
"LOMBARDIA","LOMBARDIA - P03","MASTELLA NOI DI CENTRO EUROPEISTI","FEDERICA FRANCESCA BONVINI","20/05/1969","PONTEVICO"
"LOMBARDIA","LOMBARDIA - P03","MASTELLA NOI DI CENTRO EUROPEISTI","GIANCARLO NOLLI","23/04/1957","REDONDESCO"
"LOMBARDIA","LOMBARDIA - P03","MASTELLA NOI DI CENTRO EUROPEISTI","SAMANTHA DEPONTI","22/10/1977","MELZO"
"LOMBARDIA","LOMBARDIA - P03","MASTELLA NOI DI CENTRO EUROPEISTI","MAURIZIO  CORRENTI","06/10/1970","PINEROLO"
"LOMBARDIA","LOMBARDIA - P03","NOI MODERATI/LUPI - TOTI - BRUGNARO - UDC","MARIATERESA VIVALDINI","22/11/1967","BRESCIA"
"LOMBARDIA","LOMBARDIA - P03","NOI MODERATI/LUPI - TOTI - BRUGNARO - UDC","ALESSANDRO SALA","28/02/1953","COLOGNE"
"LOMBARDIA","LOMBARDIA - P03","NOI MODERATI/LUPI - TOTI - BRUGNARO - UDC","STEFANIA ROSSETTI","16/02/1967","GHEDI"
"LOMBARDIA","LOMBARDIA - P03","NOI MODERATI/LUPI - TOTI - BRUGNARO - UDC","MARCO TOZZO","03/06/1967","ASOLA"
"LOMBARDIA","LOMBARDIA - P03","LEGA PER SALVINI PREMIER","ROBERTO CALDEROLI","18/04/1956","BERGAMO"
"LOMBARDIA","LOMBARDIA - P03","LEGA PER SALVINI PREMIER","DAISY PIROVANO","19/12/1977","ROMANO DI LOMBARDIA"
"LOMBARDIA","LOMBARDIA - P03","LEGA PER SALVINI PREMIER","CRISTIAN INVERNIZZI","17/06/1977","TREVIGLIO"
"LOMBARDIA","LOMBARDIA - P03","LEGA PER SALVINI PREMIER","ANTONELLA FAGGI","20/09/1961","LECCO"
"LOMBARDIA","LOMBARDIA - P03","FRATELLI D'ITALIA CON GIORGIA MELONI","DANIELA GARNERO SANTANCHE'","07/04/1961","CUNEO"
"LOMBARDIA","LOMBARDIA - P03","FRATELLI D'ITALIA CON GIORGIA MELONI","RENATO ANCOROTTI","19/03/1956","CREMA"
"LOMBARDIA","LOMBARDIA - P03","FRATELLI D'ITALIA CON GIORGIA MELONI","PAOLA MANCINI","04/11/1973","ASOLA"
"LOMBARDIA","LOMBARDIA - P03","FRATELLI D'ITALIA CON GIORGIA MELONI","GIANPIETRO MAFFONI","02/11/1951","ORZINUOVI"
"LOMBARDIA","LOMBARDIA - P03","FORZA ITALIA","SILVIO BERLUSCONI","29/09/1936","MILANO"
"LOMBARDIA","LOMBARDIA - P03","FORZA ITALIA","MARIA ALESSANDRA GALLONE","02/09/1966","BERGAMO"
"LOMBARDIA","LOMBARDIA - P03","FORZA ITALIA","ANTONIO PALMIERI","14/02/1961","MILANO"
"LOMBARDIA","LOMBARDIA - P03","FORZA ITALIA","NERELLA ZENONI","07/04/1960","SERIATE"
"LOMBARDIA","LOMBARDIA - P03","ITALIA SOVRANA E POPOLARE","MONICA PERUGINI","05/12/1958","MANTOVA"
"LOMBARDIA","LOMBARDIA - P03","ITALIA SOVRANA E POPOLARE","EMANUELE RIBATTI","24/09/1960","ANDRIA"
"LOMBARDIA","LOMBARDIA - P03","ITALIA SOVRANA E POPOLARE","ALDA MARINI","06/04/1956","ROMA"
"LOMBARDIA","LOMBARDIA - P03","ITALIA SOVRANA E POPOLARE","PIETRO  MARTINELLI","18/03/1961","BRESCIA"
"LOMBARDIA","LOMBARDIA - P03","MOVIMENTO 5 STELLE","ANNA MARIA BONETTINI","21/03/1971","BRENO"
"LOMBARDIA","LOMBARDIA - P03","MOVIMENTO 5 STELLE","MATTEO DELLA NOCE ","19/03/1982","SORESINA"
"LOMBARDIA","LOMBARDIA - P03","MOVIMENTO 5 STELLE","MARIAROSA GHITTI","07/10/1964","ISEO"
"LOMBARDIA","LOMBARDIA - P03","MOVIMENTO 5 STELLE","GIANCARLO BARESI","05/09/1966","BRESCIA"
"LOMBARDIA","LOMBARDIA - P03","ITALEXIT PER L'ITALIA","LORENZA RIZZI","09/08/1965","CREMONA"
"LOMBARDIA","LOMBARDIA - P03","ITALEXIT PER L'ITALIA","ROBERTO MAGGI","20/07/1968","MONZA"
"LOMBARDIA","LOMBARDIA - P03","ITALEXIT PER L'ITALIA","SIMONA MATULICH","11/05/1975","BERGAMO"
"LOMBARDIA","LOMBARDIA - P03","ITALEXIT PER L'ITALIA","MAURIZIO  ZANOLINI","23/03/1961","BRESCIA "
"LOMBARDIA","LOMBARDIA - P03","AZIONE - ITALIA VIVA - CALENDA","MATTEO RENZI","11/01/1975","FIRENZE"
"LOMBARDIA","LOMBARDIA - P03","AZIONE - ITALIA VIVA - CALENDA","MARIASTELLA GELMINI","01/07/1973","LENO"
"LOMBARDIA","LOMBARDIA - P03","AZIONE - ITALIA VIVA - CALENDA","PAOLO RUSSO ","22/01/1960","MARIGLIANO"
"LOMBARDIA","LOMBARDIA - P03","AZIONE - ITALIA VIVA - CALENDA","DONATELLA CONZATTI","20/02/1974","ROVERETO "
"LOMBARDIA","LOMBARDIA - P03","UNIONE POPOLARE CON DE MAGISTRIS","FRANCESCA BERARDI","26/01/1968","FANO"
"LOMBARDIA","LOMBARDIA - P03","UNIONE POPOLARE CON DE MAGISTRIS","GIUSEPPE DUGHI","22/08/1954","BRANDICO"
"LOMBARDIA","LOMBARDIA - P03","UNIONE POPOLARE CON DE MAGISTRIS","CATERINA DI FRANCESCO","09/03/1958","PESCARA"
"LOMBARDIA","LOMBARDIA - P03","UNIONE POPOLARE CON DE MAGISTRIS","DARIO FILIPPINI","08/07/1953","BAGNOLO MELLA"
"LOMBARDIA","LOMBARDIA - P03","VITA","ANTONIETTA GATTI","05/04/1949","FAENZA (RA)"
"LOMBARDIA","LOMBARDIA - P03","VITA","FLAMINIO MAFFETTINI","16/01/1961","BERGAMO"
"LOMBARDIA","LOMBARDIA - P03","VITA","LORENA POLONINI","11/08/1971","ROVATO"
"LOMBARDIA","LOMBARDIA - P03","VITA","GIUSEPPE MARZAGALLI","16/08/1947","GENOVA"
"VENETO","VENETO - P01","ALLEANZA VERDI E SINISTRA","PAOLO PERENZIN","27/09/1978","FELTRE BL"
"VENETO","VENETO - P01","ALLEANZA VERDI E SINISTRA","RENATA MANNISE","08/04/1960","VENEZIA"
"VENETO","VENETO - P01","ALLEANZA VERDI E SINISTRA","STEFANO DALL'AGATA","06/12/1960","TREVISO"
"VENETO","VENETO - P01","ALLEANZA VERDI E SINISTRA","CHIARA ZANETTI","16/08/1974","DOLO VE"
"VENETO","VENETO - P01"," +EUROPA","EMMA BONINO","09/03/1948","BRA (CN)"
"VENETO","VENETO - P01"," +EUROPA","MICHELE SCIBELLI","02/09/1964","VENEZIA"
"VENETO","VENETO - P01"," +EUROPA","ANNE MARGARET PARRY","09/08/1950","LIVERPOOL - REGNO UNITO"
"VENETO","VENETO - P01"," +EUROPA","CARMINE MAZZOLA","18/01/1961","MANFREDONIA FG"
"VENETO","VENETO - P01","PARTITO DEMOCRATICO - ITALIA DEMOCRATICA E PROGRESSISTA","ANDREA MARTELLA","27/08/1968","PORTOGRUARO VE"
"VENETO","VENETO - P01","PARTITO DEMOCRATICO - ITALIA DEMOCRATICA E PROGRESSISTA","ANNA SOZZA","08/01/1975","TREVISO"
"VENETO","VENETO - P01","PARTITO DEMOCRATICO - ITALIA DEMOCRATICA E PROGRESSISTA","RADAMES FAVARO","20/03/1976","VENEZIA"
"VENETO","VENETO - P01","PARTITO DEMOCRATICO - ITALIA DEMOCRATICA E PROGRESSISTA","VANIA MALACARNE","18/06/1968","LAMON BL"
"VENETO","VENETO - P01","IMPEGNO CIVICO LUIGI DI MAIO - CENTRO DEMOCRATICO","MARIA GRAZIA BARTOLOMEI","13/02/1959","CESENA"
"VENETO","VENETO - P01","IMPEGNO CIVICO LUIGI DI MAIO - CENTRO DEMOCRATICO","GREGORIO DONNARUMMA","10/04/1965","NAPOLI"
"VENETO","VENETO - P01","IMPEGNO CIVICO LUIGI DI MAIO - CENTRO DEMOCRATICO","STEFANIA RECAGNO","03/01/1968","AURONZO DI CADORE BL"
"VENETO","VENETO - P01","IMPEGNO CIVICO LUIGI DI MAIO - CENTRO DEMOCRATICO","CARLO LAVATELLI","04/08/1943","TRENTO"
"VENETO","VENETO - P01","NOI MODERATI/LUPI - TOTI - BRUGNARO - UDC","ANDREA CAUSIN","13/09/1972","VENEZIA"
"VENETO","VENETO - P01","NOI MODERATI/LUPI - TOTI - BRUGNARO - UDC","EGLE TONION","05/09/1967","TREVISO"
"VENETO","VENETO - P01","NOI MODERATI/LUPI - TOTI - BRUGNARO - UDC","NICOLA FRAGOMENI","25/11/1961","SIDERNO RC"
"VENETO","VENETO - P01","NOI MODERATI/LUPI - TOTI - BRUGNARO - UDC","MICHELA TURCO","09/11/1980","BADIA POLESINE RO"
"VENETO","VENETO - P01","LEGA PER SALVINI PREMIER","ERIKA STEFANI","18/07/1971","VALDAGNO VI"
"VENETO","VENETO - P01","LEGA PER SALVINI PREMIER","GIUSEPPE PAOLIN","23/11/1966","TREVISO"
"VENETO","VENETO - P01","LEGA PER SALVINI PREMIER","ANGELA COLMELLERE","20/09/1976","VALDOBBIADENE (TV)"
"VENETO","VENETO - P01","LEGA PER SALVINI PREMIER","GERMANO RACCHELLA","13/05/1968","BASSANO DEL GRAPPA VI"
"VENETO","VENETO - P01","FORZA ITALIA","ROBERTA TOFFANIN","29/04/1968","PADOVA"
"VENETO","VENETO - P01","FORZA ITALIA","ANDREA BIMBATTI","28/07/1978","LEGNAGO VR"
"VENETO","VENETO - P01","FORZA ITALIA","DEBORA VARASCHIN","14/08/1970","MONTEBELLUNA TV"
"VENETO","VENETO - P01","FORZA ITALIA","GIANFRANCO GIOVINE","28/07/1949","CASTELFRANCO VENETO TV"
"VENETO","VENETO - P01","FRATELLI D'ITALIA CON GIORGIA MELONI","ADOLFO URSO","12/07/1957","PADOVA"
"VENETO","VENETO - P01","FRATELLI D'ITALIA CON GIORGIA MELONI","GIULIA COSENZA","25/01/1968","NAPOLI"
"VENETO","VENETO - P01","FRATELLI D'ITALIA CON GIORGIA MELONI","BARTOLOMEO AMIDEI","23/05/1961","ROVIGO"
"VENETO","VENETO - P01","FRATELLI D'ITALIA CON GIORGIA MELONI","HELENIA BARBAN","12/07/1971","VENEZIA"
"VENETO","VENETO - P01","ITALEXIT PER L'ITALIA","NUNZIA ALESSANDRA SCHILIRO'","02/01/1978","CATANIA"
"VENETO","VENETO - P01","ITALEXIT PER L'ITALIA","ROBERTO LEVI","13/09/1959","FERRARA"
"VENETO","VENETO - P01","ITALEXIT PER L'ITALIA","NICOLETTA  CIRIELLO","14/12/1960","VENEZIA"
"VENETO","VENETO - P01","ITALEXIT PER L'ITALIA","DARIO MASSIMILIANO LUONGO","20/11/1969","MILANO"
"VENETO","VENETO - P01","VITA","ANTONIETTA GATTI","05/04/1949","FAENZA (RA)"
"VENETO","VENETO - P01","VITA","ALBERTO POLI","14/02/1967","NOVARA"
"VENETO","VENETO - P01","VITA","LINA SPINELLI","02/10/1947","CAMPODORO PD"
"VENETO","VENETO - P01","VITA","LUCA TEODORI","10/11/1968","BADEN (SVIZZERA)"
"VENETO","VENETO - P01","MOVIMENTO 5 STELLE","FLAVIO BALDAN","21/06/1967","VENEZIA"
"VENETO","VENETO - P01","MOVIMENTO 5 STELLE","ORIETTA VANIN","24/05/1959","MIRANO VE"
"VENETO","VENETO - P01","MOVIMENTO 5 STELLE","ANDREA GRIGOLETTO","11/12/1967","VENEZIA"
"VENETO","VENETO - P01","MOVIMENTO 5 STELLE","MANUELA CALZAVARA","19/12/1964","VENEZIA"
"VENETO","VENETO - P01","AZIONE - ITALIA VIVA - CALENDA","SARA MORETTO","28/09/1980","PORTOGRUARO VE"
"VENETO","VENETO - P01","AZIONE - ITALIA VIVA - CALENDA","GABRIELE GALIAZZO","05/12/1953","PADOVA"
"VENETO","VENETO - P01","AZIONE - ITALIA VIVA - CALENDA","PAOLA TIZIANA FRANCESCA BERGAMO","18/05/1963","SAN MARINO RSM"
"VENETO","VENETO - P01","AZIONE - ITALIA VIVA - CALENDA","GIUSEPPE ANTONELLO","01/01/1955","TREVISO"
"VENETO","VENETO - P01","ITALIA SOVRANA E POPOLARE","GILBERTO TROMBETTA","05/04/1977","ROMA"
"VENETO","VENETO - P01","ITALIA SOVRANA E POPOLARE","LOREDANA VERONESE","11/11/1965","SCHAFFHAUSEN SVIZZERA"
"VENETO","VENETO - P01","ITALIA SOVRANA E POPOLARE","ROBERTO PASQUETTIN","02/08/1953","VENEZIA"
"VENETO","VENETO - P01","ITALIA SOVRANA E POPOLARE","CRISTINA BOMITALI","25/08/1969","MONTECCHIO MAGGIORE VI"
"VENETO","VENETO - P01","UNIONE POPOLARE CON DE MAGISTRIS","GIANLUCA SCHIAVON","03/02/1974","VENEZIA"
"VENETO","VENETO - P01","UNIONE POPOLARE CON DE MAGISTRIS","GABRIELLA CASSOL","10/09/1960","FELTRE (BL)"
"VENETO","VENETO - P01","UNIONE POPOLARE CON DE MAGISTRIS","DIEGO FORESTI","23/03/1957","ROVIGO"
"VENETO","VENETO - P01","UNIONE POPOLARE CON DE MAGISTRIS","DANIELA SESSOLO","13/09/1962","ODERZO TV"
"VENETO","VENETO - P01","ALTERNATIVA PER L'ITALIA - NO GREEN PASS","MASSIMILIANO ZANNINI","04/01/1972","TRIESTE"
"VENETO","VENETO - P01","ALTERNATIVA PER L'ITALIA - NO GREEN PASS","PAOLA GANZ","18/07/1964","AGORDO BL"
"VENETO","VENETO - P01","ALTERNATIVA PER L'ITALIA - NO GREEN PASS","FABIO CASSINI","29/11/1955","ALBIGNASEGO PD"
"VENETO","VENETO - P01","ALTERNATIVA PER L'ITALIA - NO GREEN PASS","CARLA CONDURSO","15/02/1971","VICENZA"
"VENETO","VENETO - P02","ALLEANZA VERDI E SINISTRA","AURORA FLORIDIA","06/05/1967","VERONA"
"VENETO","VENETO - P02","ALLEANZA VERDI E SINISTRA","ENRICO BRUTTOMESSO","12/08/1981","ARZIGNANO VI"
"VENETO","VENETO - P02","ALLEANZA VERDI E SINISTRA","BEATRICE PERUFFO","01/03/1964","ARBOREA CA"
"VENETO","VENETO - P02","ALLEANZA VERDI E SINISTRA","CARMINE MORENO CONTE DETTO MINO","13/08/1961","PORTICI NA"
"VENETO","VENETO - P02"," +EUROPA","GIORGIO PASETTO","06/10/1967","VERONA"
"VENETO","VENETO - P02"," +EUROPA","ANNE MARGARET PARRY","09/08/1950","LIVERPOOL - REGNO UNITO"
"VENETO","VENETO - P02"," +EUROPA","MAURO ANGELO SPECIALE","26/08/1968","BASILEA SVIZZERA"
"VENETO","VENETO - P02"," +EUROPA","MONICA BRACCO","25/08/1977","PALERMO"
"VENETO","VENETO - P02","PARTITO DEMOCRATICO - ITALIA DEMOCRATICA E PROGRESSISTA","BEATRICE LORENZIN","14/10/1971","ROMA"
"VENETO","VENETO - P02","PARTITO DEMOCRATICO - ITALIA DEMOCRATICA E PROGRESSISTA","SANDRO MACULAN","06/07/1966","THIENE VI"
"VENETO","VENETO - P02","PARTITO DEMOCRATICO - ITALIA DEMOCRATICA E PROGRESSISTA","ALESSANDRA SALARDI","23/03/1961","VERONA"
"VENETO","VENETO - P02","PARTITO DEMOCRATICO - ITALIA DEMOCRATICA E PROGRESSISTA","DAVIDE MORO","05/07/1977","MONSELICE PD"
"VENETO","VENETO - P02","IMPEGNO CIVICO LUIGI DI MAIO - CENTRO DEMOCRATICO","GREGORIO DONNARUMMA","10/04/1965","NAPOLI"
"VENETO","VENETO - P02","IMPEGNO CIVICO LUIGI DI MAIO - CENTRO DEMOCRATICO","MARIA GRAZIA BARTOLOMEI","13/02/1959","CESENA"
"VENETO","VENETO - P02","IMPEGNO CIVICO LUIGI DI MAIO - CENTRO DEMOCRATICO","PIERCARLO BORGOGELLI OTTAVIANI","27/07/1948","TIVOLI (RM)"
"VENETO","VENETO - P02","IMPEGNO CIVICO LUIGI DI MAIO - CENTRO DEMOCRATICO","LUCIANA NERVEGNA","11/01/1955","ORTONA (CH)"
"VENETO","VENETO - P02","NOI MODERATI/LUPI - TOTI - BRUGNARO - UDC","STEFANIA FOCHESATO","19/09/1964","VICENZA"
"VENETO","VENETO - P02","NOI MODERATI/LUPI - TOTI - BRUGNARO - UDC","ANTONIO DE POLI","04/10/1960","VICENZA"
"VENETO","VENETO - P02","NOI MODERATI/LUPI - TOTI - BRUGNARO - UDC","ORNELLA LEONARDI","16/11/1965","VICENZA"
"VENETO","VENETO - P02","NOI MODERATI/LUPI - TOTI - BRUGNARO - UDC","MASSIMO CAVAZZANA","20/08/1965","CONSELVE PD"
"VENETO","VENETO - P02","LEGA PER SALVINI PREMIER","ANDREA OSTELLARI","17/03/1974","CAMPO SAN MARTINO PD"
"VENETO","VENETO - P02","LEGA PER SALVINI PREMIER","MARA BIZZOTTO","03/06/1972","BASSANO DEL GRAPPA VI"
"VENETO","VENETO - P02","LEGA PER SALVINI PREMIER","ROBERTO MANTOVANELLI","16/02/1980","VERONA"
"VENETO","VENETO - P02","LEGA PER SALVINI PREMIER","ANGELA COLMELLERE","20/09/1976","VALDOBBIADENE (TV)"
"VENETO","VENETO - P02","FORZA ITALIA","PIERANTONIO ZANETTIN","13/07/1961","VICENZA"
"VENETO","VENETO - P02","FORZA ITALIA","ROBERTA TOFFANIN","29/04/1968","PADOVA"
"VENETO","VENETO - P02","FORZA ITALIA","GIAMPIERO AVRUSCIO","14/03/1956","COSENZA"
"VENETO","VENETO - P02","FORZA ITALIA","ELISA ROSSETTO","18/11/1981","NOVENTA VICENTINA VI"
"VENETO","VENETO - P02","FRATELLI D'ITALIA CON GIORGIA MELONI","ISABELLA RAUTI","17/11/1962","ROMA"
"VENETO","VENETO - P02","FRATELLI D'ITALIA CON GIORGIA MELONI","ADOLFO URSO","12/07/1957","PADOVA"
"VENETO","VENETO - P02","FRATELLI D'ITALIA CON GIORGIA MELONI","GIULIA COSENZA","25/01/1968","NAPOLI"
"VENETO","VENETO - P02","FRATELLI D'ITALIA CON GIORGIA MELONI","MATTEO GELMETTI","12/06/1975","VERONA"
"VENETO","VENETO - P02","ITALEXIT PER L'ITALIA","ROBERTO LEVI","13/09/1959","FERRARA"
"VENETO","VENETO - P02","ITALEXIT PER L'ITALIA","MARIA-LETIZIA ALBANESE","06/09/1965","PADOVA"
"VENETO","VENETO - P02","ITALEXIT PER L'ITALIA","STEFANO COBELLO","09/08/1961","VERONA"
"VENETO","VENETO - P02","ITALEXIT PER L'ITALIA","NUNZIA MELCHIORRE","01/12/1947","BUSSI SUL TIRINO PE"
"VENETO","VENETO - P02","VITA","LUCA TEODORI","10/11/1968","BADEN (SVIZZERA)"
"VENETO","VENETO - P02","VITA","LINA SPINELLI","02/10/1947","CAMPODORO PD"
"VENETO","VENETO - P02","VITA","ALBERTO POLI","14/02/1967","NOVARA"
"VENETO","VENETO - P02","VITA","VANESSA ZUPPA","11/11/1977","ESTE PD"
"VENETO","VENETO - P02","MOVIMENTO 5 STELLE","BARBARA GUIDOLIN","21/09/1975","BASSANO DEL GRAPPA VI"
"VENETO","VENETO - P02","MOVIMENTO 5 STELLE","GIORGIO BURLINI","11/12/1968","PADOVA"
"VENETO","VENETO - P02","MOVIMENTO 5 STELLE","CATERINA SCAPIN","01/04/1970","SCHIO VI"
"VENETO","VENETO - P02","MOVIMENTO 5 STELLE","ROBERTO TONIOLO","28/04/1967","MONSELICE PD"
"VENETO","VENETO - P02","AZIONE - ITALIA VIVA - CALENDA","CARLO CALENDA","09/04/1973","ROMA"
"VENETO","VENETO - P02","AZIONE - ITALIA VIVA - CALENDA","DANIELA SBROLLINI","30/09/1971","LATIANO BR"
"VENETO","VENETO - P02","AZIONE - ITALIA VIVA - CALENDA","LUCIANO NOBILI","23/09/1977","ROMA"
"VENETO","VENETO - P02","AZIONE - ITALIA VIVA - CALENDA","MANUELA NICOLETTI","15/01/1957","FICAROLO RO"
"VENETO","VENETO - P02","ITALIA SOVRANA E POPOLARE","LUIGIA LOLLOBRIGIDA DETTA GINA","04/07/1927","SUBIACO (RM)"
"VENETO","VENETO - P02","ITALIA SOVRANA E POPOLARE","SIMONE DALLA VECCHIA","05/02/1974","ADRIA RO"
"VENETO","VENETO - P02","ITALIA SOVRANA E POPOLARE","CRISTINA BOMITALI","25/08/1969","MONTECCHIO MAGGIORE VI"
"VENETO","VENETO - P02","ITALIA SOVRANA E POPOLARE","CRISTIAN SCAPIN","16/04/1974","CITTADELLA PD"
"VENETO","VENETO - P02","UNIONE POPOLARE CON DE MAGISTRIS","ILARIA BONIBURINI","27/05/1968","SANT'ILARIO D'ENZA RE"
"VENETO","VENETO - P02","UNIONE POPOLARE CON DE MAGISTRIS","LUCA CECCHI","18/08/1956","VERONA"
"VENETO","VENETO - P02","UNIONE POPOLARE CON DE MAGISTRIS","DEBORA LANDI","03/03/1968","VENEZIA"
"VENETO","VENETO - P02","UNIONE POPOLARE CON DE MAGISTRIS","GIUSEPPE PALOMBA","21/03/1963","TORRE DEL GRECO NA"
"VENETO","VENETO - P02","ALTERNATIVA PER L'ITALIA - NO GREEN PASS","TANIA TORRESI","17/05/1971","CIVITANOVA MARCHE MC"
"VENETO","VENETO - P02","ALTERNATIVA PER L'ITALIA - NO GREEN PASS","FILIPPO SCIORTINO","22/10/1962","SANTA MARIA DEL CEDRO CS"
"VENETO","VENETO - P02","ALTERNATIVA PER L'ITALIA - NO GREEN PASS","SILVANA DE BIASI","07/03/1943","VILLA DEL CONTE PD"
"VENETO","VENETO - P02","ALTERNATIVA PER L'ITALIA - NO GREEN PASS","NICOLO' ZAMBERLAN","16/06/1982","PADOVA"
"FRIULI-VENEZIA GIULIA","FRIULI-VENEZIA GIULIA - P01","VITA","MARCO BERTALI","02/10/1955","GENOVA"
"FRIULI-VENEZIA GIULIA","FRIULI-VENEZIA GIULIA - P01","VITA","ILDA IADANZA","15/03/1963","TRIESTE"
"FRIULI-VENEZIA GIULIA","FRIULI-VENEZIA GIULIA - P01","VITA","RENATO DE SIMONE","21/12/1949","UDINE"
"FRIULI-VENEZIA GIULIA","FRIULI-VENEZIA GIULIA - P01","UNIONE POPOLARE CON DE MAGISTRIS","GREGORIO PICCIN","23/06/1974","SACILE"
"FRIULI-VENEZIA GIULIA","FRIULI-VENEZIA GIULIA - P01","UNIONE POPOLARE CON DE MAGISTRIS","MARIA TERESA DEL NINO JESUS FERNANDEZ","04/03/1945","ARGENTINA"
"FRIULI-VENEZIA GIULIA","FRIULI-VENEZIA GIULIA - P01","UNIONE POPOLARE CON DE MAGISTRIS","NORBERTO FRAGIACOMO","23/03/1972","TRIESTE"
"FRIULI-VENEZIA GIULIA","FRIULI-VENEZIA GIULIA - P01","ALTERNATIVA PER L'ITALIA - NO GREEN PASS","ANDREA CAPUTO","19/12/1970","NAPOLI"
"FRIULI-VENEZIA GIULIA","FRIULI-VENEZIA GIULIA - P01","ALTERNATIVA PER L'ITALIA - NO GREEN PASS","VALENTINA BALDACCI","15/06/1971","TRIESTE"
"FRIULI-VENEZIA GIULIA","FRIULI-VENEZIA GIULIA - P01","ALLEANZA VERDI E SINISTRA","TIZIANA CIMOLINO","17/05/1960","TRIESTE"
"FRIULI-VENEZIA GIULIA","FRIULI-VENEZIA GIULIA - P01","ALLEANZA VERDI E SINISTRA","MICHELE CIOL","28/06/1976","SAN VITO AL TAGLIAMENTO"
"FRIULI-VENEZIA GIULIA","FRIULI-VENEZIA GIULIA - P01","ALLEANZA VERDI E SINISTRA","GIULIA GIORGI","03/04/1972","MONFALCONE"
"FRIULI-VENEZIA GIULIA","FRIULI-VENEZIA GIULIA - P01"," +EUROPA","STEFANO SANTAROSSA","26/04/1970","PORDENONE"
"FRIULI-VENEZIA GIULIA","FRIULI-VENEZIA GIULIA - P01"," +EUROPA","FRANCESCA BONEMAZZI","20/02/1967","ROMA"
"FRIULI-VENEZIA GIULIA","FRIULI-VENEZIA GIULIA - P01"," +EUROPA","ROBERTO ZUCCONI","10/11/1954","GENOVA"
"FRIULI-VENEZIA GIULIA","FRIULI-VENEZIA GIULIA - P01","IMPEGNO CIVICO LUIGI DI MAIO - CENTRO DEMOCRATICO","SIMONA BRUSCHI","17/09/1968","ROMA"
"FRIULI-VENEZIA GIULIA","FRIULI-VENEZIA GIULIA - P01","IMPEGNO CIVICO LUIGI DI MAIO - CENTRO DEMOCRATICO","PIERCARLO BORGOGELLI OTTAVIANI","27/07/1948","TIVOLI (RM)"
"FRIULI-VENEZIA GIULIA","FRIULI-VENEZIA GIULIA - P01","IMPEGNO CIVICO LUIGI DI MAIO - CENTRO DEMOCRATICO","ANTONELLA GIORDANO","27/09/1961","BARLETTA"
"FRIULI-VENEZIA GIULIA","FRIULI-VENEZIA GIULIA - P01","PARTITO DEMOCRATICO - ITALIA DEMOCRATICA E PROGRESSISTA","TATIANA ROJC","26/10/1961","TRIESTE"
"FRIULI-VENEZIA GIULIA","FRIULI-VENEZIA GIULIA - P01","PARTITO DEMOCRATICO - ITALIA DEMOCRATICA E PROGRESSISTA","PAOLO COPPOLA","04/11/1973","ROMA"
"FRIULI-VENEZIA GIULIA","FRIULI-VENEZIA GIULIA - P01","PARTITO DEMOCRATICO - ITALIA DEMOCRATICA E PROGRESSISTA","ROBERTA RUSSI","06/03/1974","GORIZIA"
"FRIULI-VENEZIA GIULIA","FRIULI-VENEZIA GIULIA - P01","ITALEXIT PER L'ITALIA","ANTONINO IRACA'","11/02/1975","REGGIO CALABRIA"
"FRIULI-VENEZIA GIULIA","FRIULI-VENEZIA GIULIA - P01","ITALEXIT PER L'ITALIA","CRISTINA BERTONI","15/12/1971","PADOVA"
"FRIULI-VENEZIA GIULIA","FRIULI-VENEZIA GIULIA - P01","ITALEXIT PER L'ITALIA","ROBERTO JORY","24/06/1954","TRIESTE"
"FRIULI-VENEZIA GIULIA","FRIULI-VENEZIA GIULIA - P01","NOI MODERATI/LUPI - TOTI - BRUGNARO - UDC","ENZO BORTOLOTTI","26/03/1957","MODENA"
"FRIULI-VENEZIA GIULIA","FRIULI-VENEZIA GIULIA - P01","NOI MODERATI/LUPI - TOTI - BRUGNARO - UDC","LAURA BASEGGIO","11/12/1957","MARACAY (VENEZUELA)"
"FRIULI-VENEZIA GIULIA","FRIULI-VENEZIA GIULIA - P01","NOI MODERATI/LUPI - TOTI - BRUGNARO - UDC","MIRKO BORTOLIN","13/10/1972","PORDENONE"
"FRIULI-VENEZIA GIULIA","FRIULI-VENEZIA GIULIA - P01","LEGA PER SALVINI PREMIER","MARCO DREOSTO","18/03/1969","SPILIMBERGO"
"FRIULI-VENEZIA GIULIA","FRIULI-VENEZIA GIULIA - P01","LEGA PER SALVINI PREMIER","RAFFAELLA FIORMARIA MARIN","19/12/1960","GRADO"
"FRIULI-VENEZIA GIULIA","FRIULI-VENEZIA GIULIA - P01","LEGA PER SALVINI PREMIER","DANIELE MOSCHIONI","22/07/1967","UDINE"
"FRIULI-VENEZIA GIULIA","FRIULI-VENEZIA GIULIA - P01","FORZA ITALIA","FRANCO DAL MAS","15/07/1964","PORDENONE"
"FRIULI-VENEZIA GIULIA","FRIULI-VENEZIA GIULIA - P01","FORZA ITALIA","ELEONORA VISCARDIS","22/02/1967","BERTIOLO"
"FRIULI-VENEZIA GIULIA","FRIULI-VENEZIA GIULIA - P01","FORZA ITALIA","DARIO OBIZZI","08/10/1972","GORIZIA"
"FRIULI-VENEZIA GIULIA","FRIULI-VENEZIA GIULIA - P01","FRATELLI D'ITALIA CON GIORGIA MELONI","LUCA CIRIANI","26/01/1967","PORDENONE"
"FRIULI-VENEZIA GIULIA","FRIULI-VENEZIA GIULIA - P01","FRATELLI D'ITALIA CON GIORGIA MELONI","FRANCESCA TUBETTI","06/08/1982","MONFALCONE"
"FRIULI-VENEZIA GIULIA","FRIULI-VENEZIA GIULIA - P01","FRATELLI D'ITALIA CON GIORGIA MELONI","GIAMBATTISTA TURRIDANO","28/11/1963","SPILIMBERGO"
"FRIULI-VENEZIA GIULIA","FRIULI-VENEZIA GIULIA - P01","MOVIMENTO 5 STELLE","STEFANO PATUANELLI","08/06/1974","TRIESTE"
"FRIULI-VENEZIA GIULIA","FRIULI-VENEZIA GIULIA - P01","MOVIMENTO 5 STELLE","ELENA DANIELIS","17/06/1969","TRIESTE"
"FRIULI-VENEZIA GIULIA","FRIULI-VENEZIA GIULIA - P01","MOVIMENTO 5 STELLE","BRUNO LORENZINI","13/10/1959","SPILIMBERGO"
"FRIULI-VENEZIA GIULIA","FRIULI-VENEZIA GIULIA - P01","MASTELLA NOI DI CENTRO EUROPEISTI","ENRICO MASIERO","03/01/1969","ESTE"
"FRIULI-VENEZIA GIULIA","FRIULI-VENEZIA GIULIA - P01","MASTELLA NOI DI CENTRO EUROPEISTI","IRENE GIUROVICH","10/12/1979","UDINE"
"FRIULI-VENEZIA GIULIA","FRIULI-VENEZIA GIULIA - P01","AZIONE - ITALIA VIVA - CALENDA","NICOLA TURELLO","26/06/1968","UDINE"
"FRIULI-VENEZIA GIULIA","FRIULI-VENEZIA GIULIA - P01","AZIONE - ITALIA VIVA - CALENDA","ANTONELLA GRIM","07/05/1973","TRIESTE"
"FRIULI-VENEZIA GIULIA","FRIULI-VENEZIA GIULIA - P01","AZIONE - ITALIA VIVA - CALENDA","FRANCESCO BROLLO","04/11/1972","UDINE"
"FRIULI-VENEZIA GIULIA","FRIULI-VENEZIA GIULIA - P01","ITALIA SOVRANA E POPOLARE","ANDREA ZHOK","12/04/1967","TRIESTE"
"FRIULI-VENEZIA GIULIA","FRIULI-VENEZIA GIULIA - P01","ITALIA SOVRANA E POPOLARE","LAURA DI BELLA","27/06/1970","UDINE"
"FRIULI-VENEZIA GIULIA","FRIULI-VENEZIA GIULIA - P01","ITALIA SOVRANA E POPOLARE","LIVIO PADOVAN","30/01/1958","FIUMICELLO"
"LIGURIA","LIGURIA - P01","MOVIMENTO 5 STELLE","LUCA PIRONDINI","08/06/1981","GENOVA"
"LIGURIA","LIGURIA - P01","MOVIMENTO 5 STELLE","BARBARA TRONCHI","28/07/1973","GENOVA"
"LIGURIA","LIGURIA - P01","MOVIMENTO 5 STELLE","ANTONINO BARBERA","22/03/1968","IMPERIA"
"LIGURIA","LIGURIA - P01","UNIONE POPOLARE CON DE MAGISTRIS","ANTONELLA MARRAS","06/01/1967","GENOVA"
"LIGURIA","LIGURIA - P01","UNIONE POPOLARE CON DE MAGISTRIS","DANIELE CINTI","25/09/1976","GENOVA"
"LIGURIA","LIGURIA - P01","UNIONE POPOLARE CON DE MAGISTRIS","VERUSCHKA FEDI","10/08/1970","LERICI (SP)"
"LIGURIA","LIGURIA - P01","FRATELLI D'ITALIA CON GIORGIA MELONI","ROBERTO MENIA","03/12/1961","PIEVE DI CADORE (BL)"
"LIGURIA","LIGURIA - P01","FRATELLI D'ITALIA CON GIORGIA MELONI","SIMONA FERRO","28/07/1969","GENOVA"
"LIGURIA","LIGURIA - P01","FRATELLI D'ITALIA CON GIORGIA MELONI","ALBERTO CAMPANELLA","19/09/1976","GENOVA"
"LIGURIA","LIGURIA - P01","FORZA ITALIA","CLAUDIO MUZIO","24/08/1954","CASARZA LIGURE (GE)"
"LIGURIA","LIGURIA - P01","FORZA ITALIA","DINA NOBILI","22/04/1970","LA SPEZIA"
"LIGURIA","LIGURIA - P01","FORZA ITALIA","GIORGIO COZZANI","31/01/1965","FOLLO (SP)"
"LIGURIA","LIGURIA - P01","NOI MODERATI/LUPI - TOTI - BRUGNARO - UDC","MARCO SCAJOLA","24/04/1970","IMPERIA"
"LIGURIA","LIGURIA - P01","NOI MODERATI/LUPI - TOTI - BRUGNARO - UDC","MANUELA GAGLIARDI","18/01/1973","LA SPEZIA"
"LIGURIA","LIGURIA - P01","NOI MODERATI/LUPI - TOTI - BRUGNARO - UDC","UMBERTO CALCAGNO","18/05/1947","GENOVA"
"LIGURIA","LIGURIA - P01","LEGA PER SALVINI PREMIER","ALESSANDRO PIANA","09/05/1972","IMPERIA"
"LIGURIA","LIGURIA - P01","LEGA PER SALVINI PREMIER","STEFANIA PUCCIARELLI","06/03/1967","SARZANA (SP)"
"LIGURIA","LIGURIA - P01","LEGA PER SALVINI PREMIER","PAOLO RIPAMONTI","26/04/1969","LOANO (SV)"
"LIGURIA","LIGURIA - P01","VITA","RICCARDO FORTIN","25/09/1970","FINALE LIGURE (SV)"
"LIGURIA","LIGURIA - P01","VITA","ELISA TOGNOCCHI","18/08/1982","PIETRASANTA (LU)"
"LIGURIA","LIGURIA - P01","PARTITO COMUNISTA DEI LAVORATORI","MARCO GIUSEPPE FERRANDO","18/07/1954","GENOVA"
"LIGURIA","LIGURIA - P01","PARTITO COMUNISTA DEI LAVORATORI","CINZIA RONZITTI","30/12/1962","GENOVA"
"LIGURIA","LIGURIA - P01","AZIONE - ITALIA VIVA - CALENDA","RAFFAELLA PAITA","23/11/1974","LA SPEZIA"
"LIGURIA","LIGURIA - P01","AZIONE - ITALIA VIVA - CALENDA","GABRIELE PISANI","28/02/1976","SESTRI LEVANTE (GE)"
"LIGURIA","LIGURIA - P01","AZIONE - ITALIA VIVA - CALENDA","MANUELA ARATA","05/10/1956","ASMARA (ETIOPIA)"
"LIGURIA","LIGURIA - P01","ITALEXIT PER L'ITALIA","MARCO MORI","29/09/1978","RAPALLO (GE)"
"LIGURIA","LIGURIA - P01","ITALEXIT PER L'ITALIA","FRANCESCA BARBATO","15/08/1981","GENOVA"
"LIGURIA","LIGURIA - P01","ITALEXIT PER L'ITALIA","ILARIO CHIERA","17/07/1968","VERCELLI"
"LIGURIA","LIGURIA - P01"," +EUROPA","FRANCO VAIRA","10/08/1957","LA SPEZIA"
"LIGURIA","LIGURIA - P01"," +EUROPA","GIOVANNA BASILE","14/11/1975","GENOVA"
"LIGURIA","LIGURIA - P01"," +EUROPA","GIUSEPPE MAURO FERRARI","06/03/1953","GENOVA"
"LIGURIA","LIGURIA - P01","PARTITO DEMOCRATICO - ITALIA DEMOCRATICA E PROGRESSISTA","LORENZO BASSO","19/02/1976","GENOVA"
"LIGURIA","LIGURIA - P01","PARTITO DEMOCRATICO - ITALIA DEMOCRATICA E PROGRESSISTA","CRISTINA LODI","12/02/1970","GENOVA"
"LIGURIA","LIGURIA - P01","PARTITO DEMOCRATICO - ITALIA DEMOCRATICA E PROGRESSISTA","DOMENICO FURFARO DETTO GIAN","12/04/1964","GENOVA"
"LIGURIA","LIGURIA - P01","IMPEGNO CIVICO LUIGI DI MAIO - CENTRO DEMOCRATICO","CARLO FRUMENTO","15/04/1949","SAVONA"
"LIGURIA","LIGURIA - P01","IMPEGNO CIVICO LUIGI DI MAIO - CENTRO DEMOCRATICO","STEFANIA RECAGNO","03/01/1968","AURONZO DI CADORE (BL)"
"LIGURIA","LIGURIA - P01","IMPEGNO CIVICO LUIGI DI MAIO - CENTRO DEMOCRATICO","FABRIZIO BIALE","09/10/1971","GENOVA"
"LIGURIA","LIGURIA - P01","ALLEANZA VERDI E SINISTRA","SIMONA COSSO","05/06/1971","GENOVA"
"LIGURIA","LIGURIA - P01","ALLEANZA VERDI E SINISTRA","ROBERTO AMORETTI","06/04/1960","IMPERIA"
"LIGURIA","LIGURIA - P01","ALLEANZA VERDI E SINISTRA","ERSILIA FERRANTE","23/07/1959","PALMA CAMPANIA (NA)"
"LIGURIA","LIGURIA - P01","MASTELLA NOI DI CENTRO EUROPEISTI","SABRINA MORANTE","19/06/1971","BENEVENTO"
"LIGURIA","LIGURIA - P01","MASTELLA NOI DI CENTRO EUROPEISTI","RAFFAELE DE ANGELIS","30/05/1963","BADEN  SVIZZERA"
"LIGURIA","LIGURIA - P01","ITALIA SOVRANA E POPOLARE","FULVIO GRIMALDI","12/05/1934","FIRENZE"
"LIGURIA","LIGURIA - P01","ITALIA SOVRANA E POPOLARE","VALENTINA PANNO","19/09/1974","GENOVA"
"LIGURIA","LIGURIA - P01","ITALIA SOVRANA E POPOLARE","GIANVITTORIO DOMINI","14/11/1975","GENOVA"
"EMILIA-ROMAGNA","EMILIA-ROMAGNA - P01","ALTERNATIVA PER L'ITALIA - NO GREEN PASS","FLAVIO MORANI","02/03/1979","NAPOLI (NA)"
"EMILIA-ROMAGNA","EMILIA-ROMAGNA - P01","ALTERNATIVA PER L'ITALIA - NO GREEN PASS","IRENE BARTOLAMASI","28/01/1956","NONANTOLA (MO)"
"EMILIA-ROMAGNA","EMILIA-ROMAGNA - P01","ALTERNATIVA PER L'ITALIA - NO GREEN PASS","MARCELLO BALDINI","18/11/1970","RAVENNA (RA)"
"EMILIA-ROMAGNA","EMILIA-ROMAGNA - P01","ALTERNATIVA PER L'ITALIA - NO GREEN PASS","MONICA CHENAL","06/11/1974","TORINO (TO)"
"EMILIA-ROMAGNA","EMILIA-ROMAGNA - P01","PARTITO ANIMALISTA - UCDL - 10 VOLTE MEGLIO","ALESSANDRO CAPUCCI","07/11/1948","FAENZA (RA)"
"EMILIA-ROMAGNA","EMILIA-ROMAGNA - P01","PARTITO ANIMALISTA - UCDL - 10 VOLTE MEGLIO","ANNA CASABURI","02/02/1972","CAVA DE' TIRRENI (SA)"
"EMILIA-ROMAGNA","EMILIA-ROMAGNA - P01","PARTITO ANIMALISTA - UCDL - 10 VOLTE MEGLIO","CARMINE MUNNO","11/08/1974","SANTA MARIA CAPUA VETERE (CE)"
"EMILIA-ROMAGNA","EMILIA-ROMAGNA - P01","PARTITO DEMOCRATICO - ITALIA DEMOCRATICA E PROGRESSISTA","GRAZIANO DELRIO","27/04/1960","REGGIO NELL'EMILIA (RE)"
"EMILIA-ROMAGNA","EMILIA-ROMAGNA - P01","PARTITO DEMOCRATICO - ITALIA DEMOCRATICA E PROGRESSISTA","BARBARA LORI","30/06/1968","PARMA (PR)"
"EMILIA-ROMAGNA","EMILIA-ROMAGNA - P01","PARTITO DEMOCRATICO - ITALIA DEMOCRATICA E PROGRESSISTA","NICCOLO' RINALDI","03/12/1962","FIRENZE (FI)"
"EMILIA-ROMAGNA","EMILIA-ROMAGNA - P01","PARTITO DEMOCRATICO - ITALIA DEMOCRATICA E PROGRESSISTA","DARIA DE LUCA","29/02/1980","SAVONA (SV)"
"EMILIA-ROMAGNA","EMILIA-ROMAGNA - P01"," +EUROPA","ANNA MARIA CORAZZA","10/03/1963","ROMA"
"EMILIA-ROMAGNA","EMILIA-ROMAGNA - P01"," +EUROPA","SANTIAGO ARGUELLO","18/08/1970","BOLOGNA (BO)"
"EMILIA-ROMAGNA","EMILIA-ROMAGNA - P01"," +EUROPA","BEATRICE DE VIRGILIIS","25/12/1968","BOLOGNA (BO)"
"EMILIA-ROMAGNA","EMILIA-ROMAGNA - P01"," +EUROPA","EUGENIO ORSI","04/07/1979","BOLOGNA (BO)"
"EMILIA-ROMAGNA","EMILIA-ROMAGNA - P01","ALLEANZA VERDI E SINISTRA","BEATRICE BRIGNONE","31/01/1978","SENIGALLIA (AN)"
"EMILIA-ROMAGNA","EMILIA-ROMAGNA - P01","ALLEANZA VERDI E SINISTRA","GIUSEPPE CIVATI DETTO PIPPO","04/08/1975","MONZA (MB)"
"EMILIA-ROMAGNA","EMILIA-ROMAGNA - P01","ALLEANZA VERDI E SINISTRA","LICIA VERONESI","12/11/1966","ROMA (RM)"
"EMILIA-ROMAGNA","EMILIA-ROMAGNA - P01","ALLEANZA VERDI E SINISTRA","ANTONIO LO FIEGO","26/09/1957","EPISCOPIA (PZ)"
"EMILIA-ROMAGNA","EMILIA-ROMAGNA - P01","IMPEGNO CIVICO LUIGI DI MAIO - CENTRO DEMOCRATICO","DANIELE DEL GROSSO","21/03/1981","CHIETI"
"EMILIA-ROMAGNA","EMILIA-ROMAGNA - P01","IMPEGNO CIVICO LUIGI DI MAIO - CENTRO DEMOCRATICO","MARIA GRAZIA BARTOLOMEI","13/02/1959","CESENA"
"EMILIA-ROMAGNA","EMILIA-ROMAGNA - P01","IMPEGNO CIVICO LUIGI DI MAIO - CENTRO DEMOCRATICO","GREGORIO DONNARUMMA","10/04/1965","NAPOLI"
"EMILIA-ROMAGNA","EMILIA-ROMAGNA - P01","IMPEGNO CIVICO LUIGI DI MAIO - CENTRO DEMOCRATICO","LUCIANA NERVEGNA","11/01/1955","ORTONA (CH)"
"EMILIA-ROMAGNA","EMILIA-ROMAGNA - P01","DESTRE UNITE","DIVO PIRINI","16/07/1940","CESENATICO (FC)"
"EMILIA-ROMAGNA","EMILIA-ROMAGNA - P01","DESTRE UNITE","YOLANDA ANNA CHRISTINA BRIGHI","17/05/1964","VEYRIER (SVIZZERA)"
"EMILIA-ROMAGNA","EMILIA-ROMAGNA - P01","DESTRE UNITE","BRUNO SAVINI","09/07/1953","GATTEO (FC)"
"EMILIA-ROMAGNA","EMILIA-ROMAGNA - P01","DESTRE UNITE","ROMINA SANZANI","29/03/1982","CESENA (FC)"
"EMILIA-ROMAGNA","EMILIA-ROMAGNA - P01","FRATELLI D'ITALIA CON GIORGIA MELONI","ELENA LEONARDI","03/05/1975","RECANATI"
"EMILIA-ROMAGNA","EMILIA-ROMAGNA - P01","FRATELLI D'ITALIA CON GIORGIA MELONI","MICHELE BARCAIUOLO","07/02/1979","MODENA (MO)"
"EMILIA-ROMAGNA","EMILIA-ROMAGNA - P01","FRATELLI D'ITALIA CON GIORGIA MELONI","CARMELA BUCALO","27/06/1963","BARCELLONA POZZO DI GOTTO"
"EMILIA-ROMAGNA","EMILIA-ROMAGNA - P01","FRATELLI D'ITALIA CON GIORGIA MELONI","ALESSANDRO ARAGONA","07/12/1977","CETRARO (CS)"
"EMILIA-ROMAGNA","EMILIA-ROMAGNA - P01","LEGA PER SALVINI PREMIER","STEFANO CORTI","16/07/1975","CARPI (MO)"
"EMILIA-ROMAGNA","EMILIA-ROMAGNA - P01","LEGA PER SALVINI PREMIER","ELENA MURELLI","29/07/1975","PIACENZA (PC)"
"EMILIA-ROMAGNA","EMILIA-ROMAGNA - P01","LEGA PER SALVINI PREMIER","MAURIZIO CAMPARI","18/09/1974","PARMA (PR)"
"EMILIA-ROMAGNA","EMILIA-ROMAGNA - P01","LEGA PER SALVINI PREMIER","LUIGIA SANTORO","16/04/1957","MODENA (MO)"
"EMILIA-ROMAGNA","EMILIA-ROMAGNA - P01","NOI MODERATI/LUPI - TOTI - BRUGNARO - UDC","SIMONA VIETINA","30/10/1970","VIAREGGIO (LU)"
"EMILIA-ROMAGNA","EMILIA-ROMAGNA - P01","NOI MODERATI/LUPI - TOTI - BRUGNARO - UDC","FRANCESCO COPPI","31/12/1968","MODENA (MO)"
"EMILIA-ROMAGNA","EMILIA-ROMAGNA - P01","NOI MODERATI/LUPI - TOTI - BRUGNARO - UDC","GRAZIA RUINI","15/04/1961","MODENA (MO)"
"EMILIA-ROMAGNA","EMILIA-ROMAGNA - P01","NOI MODERATI/LUPI - TOTI - BRUGNARO - UDC","IACOPO BURIANI","07/04/1981","ARGENTA (FE)"
"EMILIA-ROMAGNA","EMILIA-ROMAGNA - P01","FORZA ITALIA","ANTONIO BARBONI","02/05/1959","TERAMO (TE)"
"EMILIA-ROMAGNA","EMILIA-ROMAGNA - P01","FORZA ITALIA","LAURA SCHIANCHI","11/03/1956","PARMA (PR)"
"EMILIA-ROMAGNA","EMILIA-ROMAGNA - P01","FORZA ITALIA","CLAUDIO BASSI","24/09/1950","REGGIO NELL'EMILIA (RE)"
"EMILIA-ROMAGNA","EMILIA-ROMAGNA - P01","FORZA ITALIA","PAOLA PIZZELLI","03/09/1956","FIORENZUOLA D'ARDA (PC)"
"EMILIA-ROMAGNA","EMILIA-ROMAGNA - P01","UNIONE POPOLARE CON DE MAGISTRIS","PAOLA VARESI","27/06/1963","PARMA (PR)"
"EMILIA-ROMAGNA","EMILIA-ROMAGNA - P01","UNIONE POPOLARE CON DE MAGISTRIS","STEFANO LUGLI","11/10/1974","SAN GIOVANNI IN PERSICETO (BO)"
"EMILIA-ROMAGNA","EMILIA-ROMAGNA - P01","UNIONE POPOLARE CON DE MAGISTRIS","BEATRICE BARUFFINI","12/04/1980","SUZZARA (MN)"
"EMILIA-ROMAGNA","EMILIA-ROMAGNA - P01","UNIONE POPOLARE CON DE MAGISTRIS","LUIGI ORRU'","09/09/1965","MONZA (MB)"
"EMILIA-ROMAGNA","EMILIA-ROMAGNA - P01","ITALIA SOVRANA E POPOLARE","GIOVANNA COLONE","29/08/1972","ROMA"
"EMILIA-ROMAGNA","EMILIA-ROMAGNA - P01","ITALIA SOVRANA E POPOLARE","EMANUELE DESSI'","30/03/1964","ROMA"
"EMILIA-ROMAGNA","EMILIA-ROMAGNA - P01","ITALIA SOVRANA E POPOLARE","ELISA SALA","18/01/1967","BERGAMO (BG)"
"EMILIA-ROMAGNA","EMILIA-ROMAGNA - P01","ITALIA SOVRANA E POPOLARE","STEFANO LONGAGNANI","02/04/1968","MODENA (MO)"
"EMILIA-ROMAGNA","EMILIA-ROMAGNA - P01","AZIONE - ITALIA VIVA - CALENDA","SILVIA FREGOLENT","25/01/1972","TORINO"
"EMILIA-ROMAGNA","EMILIA-ROMAGNA - P01","AZIONE - ITALIA VIVA - CALENDA","ANDREA CANGINI","05/03/1969","ROMA (RM)"
"EMILIA-ROMAGNA","EMILIA-ROMAGNA - P01","AZIONE - ITALIA VIVA - CALENDA","CARLOTTA RICCHETTI","02/04/1972","PARMA (PR)"
"EMILIA-ROMAGNA","EMILIA-ROMAGNA - P01","AZIONE - ITALIA VIVA - CALENDA","CLAUDIO PRANDI","09/02/1962","MODENA (MO)"
"EMILIA-ROMAGNA","EMILIA-ROMAGNA - P01","MOVIMENTO 5 STELLE","MARIA LAURA MANTOVANI","11/08/1965","CARPI (MO)"
"EMILIA-ROMAGNA","EMILIA-ROMAGNA - P01","MOVIMENTO 5 STELLE","STEFANO ZAMBONINI","07/05/1967","BORGOFORTE (MN)"
"EMILIA-ROMAGNA","EMILIA-ROMAGNA - P01","MOVIMENTO 5 STELLE","ELISABETTA CANOVI","31/12/1964","MODENA (MO)"
"EMILIA-ROMAGNA","EMILIA-ROMAGNA - P01","MOVIMENTO 5 STELLE","GIUSEPPE CAPPA","12/01/1962","MODENA (MO)"
"EMILIA-ROMAGNA","EMILIA-ROMAGNA - P01","VITA","ANTONIETTA GATTI","05/04/1949","FAENZA (RA)"
"EMILIA-ROMAGNA","EMILIA-ROMAGNA - P01","VITA","LUCA TEODORI","10/11/1968","BADEN (SVIZZERA)"
"EMILIA-ROMAGNA","EMILIA-ROMAGNA - P01","VITA","MARIANGELA SASSI","09/11/1980","PARMA"
"EMILIA-ROMAGNA","EMILIA-ROMAGNA - P01","VITA","MARCO MESCHIARI","30/11/1962","MODENA (MO)"
"EMILIA-ROMAGNA","EMILIA-ROMAGNA - P01","ITALEXIT PER L'ITALIA","ERICA ROMANI","11/03/1974","SCANDIANO (RE)"
"EMILIA-ROMAGNA","EMILIA-ROMAGNA - P01","ITALEXIT PER L'ITALIA","MICHELE  CAMPARI","31/12/1968","REGGIO NELL'EMILIA (RE)"
"EMILIA-ROMAGNA","EMILIA-ROMAGNA - P01","ITALEXIT PER L'ITALIA","ROSA ZITO DETTA SIMONA","08/07/1971","REGGIO NELL'EMILIA (RE)"
"EMILIA-ROMAGNA","EMILIA-ROMAGNA - P01","ITALEXIT PER L'ITALIA","PAOLO NICOLINI","13/06/1966","MILANO (MI)"
"EMILIA-ROMAGNA","EMILIA-ROMAGNA - P01","MASTELLA NOI DI CENTRO EUROPEISTI","GABRIELLA BUSSOLATI","09/12/1951","FIDENZA (PR)"
"EMILIA-ROMAGNA","EMILIA-ROMAGNA - P01","MASTELLA NOI DI CENTRO EUROPEISTI","BRUNO GALLI","18/07/1948","VIGEVANO (PV)"
"EMILIA-ROMAGNA","EMILIA-ROMAGNA - P01","MASTELLA NOI DI CENTRO EUROPEISTI","ALBERTA AZZALI","21/07/1954","PARMA (PR)"
"EMILIA-ROMAGNA","EMILIA-ROMAGNA - P01","MASTELLA NOI DI CENTRO EUROPEISTI","SILVANO ZIVERI","16/09/1959","PARMA (PR)"
"EMILIA-ROMAGNA","EMILIA-ROMAGNA - P02","ALTERNATIVA PER L'ITALIA - NO GREEN PASS","CARLA LODI","04/03/1969","FORLI' (FC)"
"EMILIA-ROMAGNA","EMILIA-ROMAGNA - P02","ALTERNATIVA PER L'ITALIA - NO GREEN PASS","EUGENIO DIMA","01/08/1968","RAVENNA (RA)"
"EMILIA-ROMAGNA","EMILIA-ROMAGNA - P02","ALTERNATIVA PER L'ITALIA - NO GREEN PASS","PAOLA BELTRAMI","19/10/1968","RAVENNA (RA)"
"EMILIA-ROMAGNA","EMILIA-ROMAGNA - P02","ALTERNATIVA PER L'ITALIA - NO GREEN PASS","MAURIZIO BALDACCI","26/06/1949","RICCIONE (RN)"
"EMILIA-ROMAGNA","EMILIA-ROMAGNA - P02","PARTITO ANIMALISTA - UCDL - 10 VOLTE MEGLIO","CRISTIANO CERIELLO","04/07/1974","NAPOLI (NA)"
"EMILIA-ROMAGNA","EMILIA-ROMAGNA - P02","PARTITO ANIMALISTA - UCDL - 10 VOLTE MEGLIO","MELISSA MONTANARI","21/12/1971","RIMINI (RN)"
"EMILIA-ROMAGNA","EMILIA-ROMAGNA - P02","PARTITO ANIMALISTA - UCDL - 10 VOLTE MEGLIO","ALESSANDRO CAPUCCI","07/11/1948","FAENZA (RA)"
"EMILIA-ROMAGNA","EMILIA-ROMAGNA - P02","PARTITO DEMOCRATICO - ITALIA DEMOCRATICA E PROGRESSISTA","SANDRA ZAMPA","16/05/1956","MERCATO SARACENO (FC)"
"EMILIA-ROMAGNA","EMILIA-ROMAGNA - P02","PARTITO DEMOCRATICO - ITALIA DEMOCRATICA E PROGRESSISTA","DANIELE MANCA","16/05/1969","IMOLA (BO)"
"EMILIA-ROMAGNA","EMILIA-ROMAGNA - P02","PARTITO DEMOCRATICO - ITALIA DEMOCRATICA E PROGRESSISTA","ELEONORA PRONI","26/01/1970","BAGNACAVALLO (RA)"
"EMILIA-ROMAGNA","EMILIA-ROMAGNA - P02","PARTITO DEMOCRATICO - ITALIA DEMOCRATICA E PROGRESSISTA","ANTONIO FIORENTINI","17/11/1970","ARGENTA (FE)"
"EMILIA-ROMAGNA","EMILIA-ROMAGNA - P02"," +EUROPA","VALERIO FEDERICO","10/02/1967","VARESE"
"EMILIA-ROMAGNA","EMILIA-ROMAGNA - P02"," +EUROPA","ANNA MARIA CORAZZA","10/03/1963","ROMA"
"EMILIA-ROMAGNA","EMILIA-ROMAGNA - P02"," +EUROPA","SANTIAGO ARGUELLO","18/08/1970","BOLOGNA (BO)"
"EMILIA-ROMAGNA","EMILIA-ROMAGNA - P02"," +EUROPA","MATILDE MARLETTA","04/05/1959","GORIZIA (GO)"
"EMILIA-ROMAGNA","EMILIA-ROMAGNA - P02","ALLEANZA VERDI E SINISTRA","GIUSEPPE CIVATI DETTO PIPPO","04/08/1975","MONZA (MB)"
"EMILIA-ROMAGNA","EMILIA-ROMAGNA - P02","ALLEANZA VERDI E SINISTRA","BEATRICE BRIGNONE","31/01/1978","SENIGALLIA (AN)"
"EMILIA-ROMAGNA","EMILIA-ROMAGNA - P02","ALLEANZA VERDI E SINISTRA","FAUSTO TOMEI","29/12/1972","CESENA (FC)"
"EMILIA-ROMAGNA","EMILIA-ROMAGNA - P02","ALLEANZA VERDI E SINISTRA","FIORELLA BELPOGGI","01/10/1952","BOLOGNA (BO)"
"EMILIA-ROMAGNA","EMILIA-ROMAGNA - P02","IMPEGNO CIVICO LUIGI DI MAIO - CENTRO DEMOCRATICO","ANTONIETTA MARGHERITA REBUFFONI","08/11/1960","CERVENO (BS)"
"EMILIA-ROMAGNA","EMILIA-ROMAGNA - P02","IMPEGNO CIVICO LUIGI DI MAIO - CENTRO DEMOCRATICO","SERGIO VACCARO","20/06/1974","NAPOLI"
"EMILIA-ROMAGNA","EMILIA-ROMAGNA - P02","IMPEGNO CIVICO LUIGI DI MAIO - CENTRO DEMOCRATICO","MARIA GRAZIA BARTOLOMEI","13/02/1959","CESENA"
"EMILIA-ROMAGNA","EMILIA-ROMAGNA - P02","IMPEGNO CIVICO LUIGI DI MAIO - CENTRO DEMOCRATICO","GIUSEPPE CIACCIO","05/02/1955","COSENZA"
"EMILIA-ROMAGNA","EMILIA-ROMAGNA - P02","DESTRE UNITE","YOLANDA ANNA CHRISTINA BRIGHI","17/05/1964","VEYRIER (SVIZZERA)"
"EMILIA-ROMAGNA","EMILIA-ROMAGNA - P02","DESTRE UNITE","ROBERTO SANZANI","12/09/1957","POGGIO BERNI (RN)"
"EMILIA-ROMAGNA","EMILIA-ROMAGNA - P02","DESTRE UNITE","ROMINA SANZANI","29/03/1982","CESENA (FC)"
"EMILIA-ROMAGNA","EMILIA-ROMAGNA - P02","DESTRE UNITE","DIVO PIRINI","16/07/1940","CESENATICO (FC)"
"EMILIA-ROMAGNA","EMILIA-ROMAGNA - P02","FRATELLI D'ITALIA CON GIORGIA MELONI","ALBERTO BALBONI","19/06/1959","FERRARA (FE)"
"EMILIA-ROMAGNA","EMILIA-ROMAGNA - P02","FRATELLI D'ITALIA CON GIORGIA MELONI","MARTA FAROLFI","01/01/1962","BRISIGHELLA (RA)"
"EMILIA-ROMAGNA","EMILIA-ROMAGNA - P02","FRATELLI D'ITALIA CON GIORGIA MELONI","MARCO LISEI","15/03/1977","BOLOGNA (BO)"
"EMILIA-ROMAGNA","EMILIA-ROMAGNA - P02","FRATELLI D'ITALIA CON GIORGIA MELONI","DOMENICA  SPINELLI","08/01/1969","SAMMICHELE DI BARI (BA)"
"EMILIA-ROMAGNA","EMILIA-ROMAGNA - P02","LEGA PER SALVINI PREMIER","LUCIA BORGONZONI","18/09/1976","BOLOGNA (BO)"
"EMILIA-ROMAGNA","EMILIA-ROMAGNA - P02","LEGA PER SALVINI PREMIER","CRISTIANO MAURI","26/05/1970","RIMINI (RN)"
"EMILIA-ROMAGNA","EMILIA-ROMAGNA - P02","LEGA PER SALVINI PREMIER","VERONICA PONTIS","23/05/1976","RIMINI (RN)"
"EMILIA-ROMAGNA","EMILIA-ROMAGNA - P02","LEGA PER SALVINI PREMIER","MICHELE FACCI","30/01/1966","BOLOGNA (BO)"
"EMILIA-ROMAGNA","EMILIA-ROMAGNA - P02","NOI MODERATI/LUPI - TOTI - BRUGNARO - UDC","MARCO LOMBARDI","06/06/1956","RIMINI (RN)"
"EMILIA-ROMAGNA","EMILIA-ROMAGNA - P02","NOI MODERATI/LUPI - TOTI - BRUGNARO - UDC","SOFIA LUCIA MARTIGNANI","16/11/1966","BOLOGNA (BO)"
"EMILIA-ROMAGNA","EMILIA-ROMAGNA - P02","NOI MODERATI/LUPI - TOTI - BRUGNARO - UDC","DAVIDE ZAMAGNI","20/12/1966","RIMINI (RN)"
"EMILIA-ROMAGNA","EMILIA-ROMAGNA - P02","NOI MODERATI/LUPI - TOTI - BRUGNARO - UDC","FEDERICA CALVI","18/02/1975","MODENA (MO)"
"EMILIA-ROMAGNA","EMILIA-ROMAGNA - P02","FORZA ITALIA","ANNA MARIA BERNINI","17/08/1965","BOLOGNA"
"EMILIA-ROMAGNA","EMILIA-ROMAGNA - P02","FORZA ITALIA","ENRICO AIMI","10/03/1960","MODENA (MO)"
"EMILIA-ROMAGNA","EMILIA-ROMAGNA - P02","FORZA ITALIA","ELENA VANNONI","25/06/1974","NOVAFELTRIA (RN)"
"EMILIA-ROMAGNA","EMILIA-ROMAGNA - P02","FORZA ITALIA","ANGELO SCAVONE","20/11/1956","ROMA (RM)"
"EMILIA-ROMAGNA","EMILIA-ROMAGNA - P02","UNIONE POPOLARE CON DE MAGISTRIS","PIER-GIORGIO  ARDENI","03/07/1959","ROMA (RM)"
"EMILIA-ROMAGNA","EMILIA-ROMAGNA - P02","UNIONE POPOLARE CON DE MAGISTRIS","MARIA LONGO","20/01/1950","ROMA (RM)"
"EMILIA-ROMAGNA","EMILIA-ROMAGNA - P02","UNIONE POPOLARE CON DE MAGISTRIS","MAURO COLLINA","07/04/1955","BOLOGNA (BO)"
"EMILIA-ROMAGNA","EMILIA-ROMAGNA - P02","UNIONE POPOLARE CON DE MAGISTRIS","FRANCESCA FORTUZZI","13/04/1969","ROMA (RM)"
"EMILIA-ROMAGNA","EMILIA-ROMAGNA - P02","ITALIA SOVRANA E POPOLARE","DANIELE GIOVANARDI","15/01/1950","MODENA (MO)"
"EMILIA-ROMAGNA","EMILIA-ROMAGNA - P02","ITALIA SOVRANA E POPOLARE","LINDA VILLANI","07/12/1977","BUDRIO (BO)"
"EMILIA-ROMAGNA","EMILIA-ROMAGNA - P02","ITALIA SOVRANA E POPOLARE","ALESSANRO SISALLI","12/08/1969","TERNI (TR)"
"EMILIA-ROMAGNA","EMILIA-ROMAGNA - P02","ITALIA SOVRANA E POPOLARE","MARINA VENTURA","25/06/1956","BOLOGNA (BO)"
"EMILIA-ROMAGNA","EMILIA-ROMAGNA - P02","AZIONE - ITALIA VIVA - CALENDA","CARLO CALENDA","09/04/1973","ROMA"
"EMILIA-ROMAGNA","EMILIA-ROMAGNA - P02","AZIONE - ITALIA VIVA - CALENDA","LISA NOJA","15/03/1974","PALERMO"
"EMILIA-ROMAGNA","EMILIA-ROMAGNA - P02","AZIONE - ITALIA VIVA - CALENDA","LUCIANO NOBILI","23/09/1977","ROMA"
"EMILIA-ROMAGNA","EMILIA-ROMAGNA - P02","AZIONE - ITALIA VIVA - CALENDA","SYLVIA KRANZ","24/11/1959","LUGO (RA)"
"EMILIA-ROMAGNA","EMILIA-ROMAGNA - P02","MOVIMENTO 5 STELLE","MARCO CROATTI","17/09/1972","RIMINI (RN)"
"EMILIA-ROMAGNA","EMILIA-ROMAGNA - P02","MOVIMENTO 5 STELLE","ANASTASIA RUGGERI","04/03/1961","GENGA (AN)"
"EMILIA-ROMAGNA","EMILIA-ROMAGNA - P02","MOVIMENTO 5 STELLE","FABIO SELLERI","03/06/1958","BOLOGNA (BO)"
"EMILIA-ROMAGNA","EMILIA-ROMAGNA - P02","MOVIMENTO 5 STELLE","SIMONA DOMENICONI","01/11/1970","RIMINI (RN)"
"EMILIA-ROMAGNA","EMILIA-ROMAGNA - P02","VITA","LUCA TEODORI","10/11/1968","BADEN (SVIZZERA)"
"EMILIA-ROMAGNA","EMILIA-ROMAGNA - P02","VITA","NOEMI ZUCCHI","01/09/1979","MIRANDOLA (MO)"
"EMILIA-ROMAGNA","EMILIA-ROMAGNA - P02","VITA","ANDREA TRONCONI","17/05/1982","LUGO"
"EMILIA-ROMAGNA","EMILIA-ROMAGNA - P02","VITA","STEFANIA SINICROPI","29/09/1967","BOLOGNA (BO)"
"EMILIA-ROMAGNA","EMILIA-ROMAGNA - P02","ITALEXIT PER L'ITALIA","DANIELE MATTEI","24/07/1977","BOLOGNA"
"EMILIA-ROMAGNA","EMILIA-ROMAGNA - P02","ITALEXIT PER L'ITALIA","PAOLA  FUSCHINI","09/12/1967","RAVENNA (RA)"
"EMILIA-ROMAGNA","EMILIA-ROMAGNA - P02","ITALEXIT PER L'ITALIA","MASSIMILIANO LIGUORI","18/01/1970","MILANO (MI)"
"EMILIA-ROMAGNA","EMILIA-ROMAGNA - P02","ITALEXIT PER L'ITALIA","ELEONORA BARRECA","12/02/1974","BOLOGNA (BO)"
"EMILIA-ROMAGNA","EMILIA-ROMAGNA - P02","MASTELLA NOI DI CENTRO EUROPEISTI","GABRIELLA BUSSOLATI","09/12/1951","FIDENZA (PR)"
"EMILIA-ROMAGNA","EMILIA-ROMAGNA - P02","MASTELLA NOI DI CENTRO EUROPEISTI","SILVANO ZIVERI","16/09/1959","PARMA (PR)"
"EMILIA-ROMAGNA","EMILIA-ROMAGNA - P02","MASTELLA NOI DI CENTRO EUROPEISTI","ELENA ZOPPI","25/05/1965","FIDENZA (PR)"
"EMILIA-ROMAGNA","EMILIA-ROMAGNA - P02","MASTELLA NOI DI CENTRO EUROPEISTI","BRUNO GALLI","18/07/1948","VIGEVANO (PV)"
"TOSCANA","TOSCANA - P01","MOVIMENTO 5 STELLE","ETTORE ANTONIO LICHERI","11/10/1963","SASSARI"
"TOSCANA","TOSCANA - P01","MOVIMENTO 5 STELLE","MANUELA BELLANDI","03/10/1963","LUCCA"
"TOSCANA","TOSCANA - P01","MOVIMENTO 5 STELLE","GIANLUCA FERRARA","16/08/1972","PORTICI"
"TOSCANA","TOSCANA - P01","MOVIMENTO 5 STELLE","DONELLA  BONCIANI","10/07/1961","MONTEVARCHI"
"TOSCANA","TOSCANA - P01","AZIONE - ITALIA VIVA - CALENDA","MATTEO RENZI","11/01/1975","FIRENZE "
"TOSCANA","TOSCANA - P01","AZIONE - ITALIA VIVA - CALENDA","MARIASTELLA GELMINI","01/07/1973","LENO"
"TOSCANA","TOSCANA - P01","AZIONE - ITALIA VIVA - CALENDA","PAOLO RUSSO","22/01/1960","MARIGLIANO (NA)"
"TOSCANA","TOSCANA - P01","AZIONE - ITALIA VIVA - CALENDA","STEFANIA  SACCARDI","05/11/1960","FIRENZE "
"TOSCANA","TOSCANA - P01","ALLEANZA VERDI E SINISTRA","EROS TETTI","21/05/1977","MILANO"
"TOSCANA","TOSCANA - P01","ALLEANZA VERDI E SINISTRA","CECILIA BASSI","07/08/1970","SAN GIMIGNANO"
"TOSCANA","TOSCANA - P01","ALLEANZA VERDI E SINISTRA","MARCO GUERCIO","05/04/1971","LIVORNO"
"TOSCANA","TOSCANA - P01","ALLEANZA VERDI E SINISTRA","ELENA DONATI","16/05/1967","TARANTO"
"TOSCANA","TOSCANA - P01","IMPEGNO CIVICO LUIGI DI MAIO - CENTRO DEMOCRATICO","ANTONIETTA MARGHERITA REBUFFONI","08/11/1960","CERVENO (BS)"
"TOSCANA","TOSCANA - P01","IMPEGNO CIVICO LUIGI DI MAIO - CENTRO DEMOCRATICO","NICOLA GRIMALDI","20/11/1980","AVERSA (CE)"
"TOSCANA","TOSCANA - P01","IMPEGNO CIVICO LUIGI DI MAIO - CENTRO DEMOCRATICO","SIMONA BRUSCHI","17/09/1968","ROMA"
"TOSCANA","TOSCANA - P01","IMPEGNO CIVICO LUIGI DI MAIO - CENTRO DEMOCRATICO","RICCARDO PARISI","08/06/1978","MESSINA"
"TOSCANA","TOSCANA - P01","PARTITO DEMOCRATICO - ITALIA DEMOCRATICA E PROGRESSISTA","DARIO PARRINI","17/10/1973","VINCI"
"TOSCANA","TOSCANA - P01","PARTITO DEMOCRATICO - ITALIA DEMOCRATICA E PROGRESSISTA","YLENIA ZAMBITO","27/06/1974","PISA"
"TOSCANA","TOSCANA - P01","PARTITO DEMOCRATICO - ITALIA DEMOCRATICA E PROGRESSISTA","SILVIO FRANCESCHELLI","16/08/1970","PISTOIA"
"TOSCANA","TOSCANA - P01","PARTITO DEMOCRATICO - ITALIA DEMOCRATICA E PROGRESSISTA","CATERINA BITI","27/09/1976","FIRENZE"
"TOSCANA","TOSCANA - P01"," +EUROPA","MARCO TARADASH","19/05/1950","LIVORNO"
"TOSCANA","TOSCANA - P01"," +EUROPA","FABIOLA TRIVELLA","21/02/1968","LIVORNO"
"TOSCANA","TOSCANA - P01"," +EUROPA","DAVIDE  BACARELLA","22/09/1974","PRATO"
"TOSCANA","TOSCANA - P01"," +EUROPA","VALENTINA  COSIMATI","03/08/1974","ROMA"
"TOSCANA","TOSCANA - P01","UNIONE POPOLARE CON DE MAGISTRIS","FABRIZIO CALLAIOLI","07/08/1962","PIOMBINO "
"TOSCANA","TOSCANA - P01","UNIONE POPOLARE CON DE MAGISTRIS","FRANCESCA CONTI","06/09/1973","FIRENZE "
"TOSCANA","TOSCANA - P01","UNIONE POPOLARE CON DE MAGISTRIS","ANGELO BARACCA","25/06/1939","LUGO "
"TOSCANA","TOSCANA - P01","UNIONE POPOLARE CON DE MAGISTRIS","DANIELLA DOMINICA  VANGIERI","01/11/1962","HUNTINGTON (USA)"
"TOSCANA","TOSCANA - P01","VITA","ANTONIETTA GATTI","05/04/1949","FAENZA (RA)"
"TOSCANA","TOSCANA - P01","VITA","MARCO SANTERO","03/10/1965","IMPERIA"
"TOSCANA","TOSCANA - P01","VITA","VANDA CIAIOLA","26/09/1965","KETTERING (REGNO UNITO)"
"TOSCANA","TOSCANA - P01","VITA","TOMMASO AGOSTINI","30/03/1977","PISTOIA"
"TOSCANA","TOSCANA - P01","PARTITO COMUNISTA ITALIANO","PAOLO MANUELO ZARA","26/07/1950","PISTOIA"
"TOSCANA","TOSCANA - P01","PARTITO COMUNISTA ITALIANO","STEFANIA TONINI","13/06/1980","CIRIE'"
"TOSCANA","TOSCANA - P01","PARTITO COMUNISTA ITALIANO","MARCO POMPEO","03/05/1964","FIRENZE "
"TOSCANA","TOSCANA - P01","PARTITO COMUNISTA ITALIANO","FRANCESCA BRUNI","26/03/1960","ROMA"
"TOSCANA","TOSCANA - P01","ITALEXIT PER L'ITALIA","MARCO  MORI","29/09/1978","RAPALLO (GE)"
"TOSCANA","TOSCANA - P01","ITALEXIT PER L'ITALIA","CINZIA  DEL BIGALLO","07/08/1965","ROSIGNANO MARITTIMO"
"TOSCANA","TOSCANA - P01","ITALEXIT PER L'ITALIA","GUGLIELMO MOSSUTO","17/07/1967","AGRIGENTO"
"TOSCANA","TOSCANA - P01","ITALEXIT PER L'ITALIA","CLAUDIA BERNABEI","19/09/1969","FIRENZE "
"TOSCANA","TOSCANA - P01","FRATELLI D'ITALIA CON GIORGIA MELONI","PATRIZIO GIACOMO LA PIETRA","10/04/1961","PISTOIA"
"TOSCANA","TOSCANA - P01","FRATELLI D'ITALIA CON GIORGIA MELONI","DANIELA  GARNERO SANTANCHE'","07/04/1961","CUNEO"
"TOSCANA","TOSCANA - P01","FRATELLI D'ITALIA CON GIORGIA MELONI","PAOLO MARCHESCHI","23/03/1961","FIRENZE "
"TOSCANA","TOSCANA - P01","FRATELLI D'ITALIA CON GIORGIA MELONI","SUSANNA DONATELLA CAMPIONE","03/02/1966","TRIPOLI (LIBIA)"
"TOSCANA","TOSCANA - P01","FORZA ITALIA","MASSIMO MALLEGNI","28/11/1968","PIETRASANTA"
"TOSCANA","TOSCANA - P01","FORZA ITALIA","RITA PIERI","11/06/1959","PRATO"
"TOSCANA","TOSCANA - P01","FORZA ITALIA","BERNARDO MENNINI","15/12/1968","CASTIGLION FIORENTINO"
"TOSCANA","TOSCANA - P01","FORZA ITALIA","LORENZA BONDI","07/02/1978","SIENA"
"TOSCANA","TOSCANA - P01","NOI MODERATI/LUPI - TOTI - BRUGNARO - UDC","SANDRO DINI","08/05/1975","USTER (SVIZZERA)"
"TOSCANA","TOSCANA - P01","NOI MODERATI/LUPI - TOTI - BRUGNARO - UDC","MARIA CRISTINA BARDONI","09/01/1950","VAIANO"
"TOSCANA","TOSCANA - P01","NOI MODERATI/LUPI - TOTI - BRUGNARO - UDC","ENRICO MENCATTINI","08/07/1948","FIRENZE "
"TOSCANA","TOSCANA - P01","NOI MODERATI/LUPI - TOTI - BRUGNARO - UDC","CLARA TRAMA","22/09/1972","PRATO"
"TOSCANA","TOSCANA - P01","LEGA PER SALVINI PREMIER","CLAUDIO BORGHI","06/06/1970","MILANO"
"TOSCANA","TOSCANA - P01","LEGA PER SALVINI PREMIER","DONATELLA LEGNAIOLI","04/01/1960","SAN GIULIANO TERME"
"TOSCANA","TOSCANA - P01","LEGA PER SALVINI PREMIER","MARIO AGNELLI","16/01/1970","CASTIGLION FIORENTINO"
"TOSCANA","TOSCANA - P01","LEGA PER SALVINI PREMIER","CECILIA CAPPELLETTI","27/02/1974","PELAGO"
"TOSCANA","TOSCANA - P01","ITALIA SOVRANA E POPOLARE","SALVATORE CATELLO","08/02/1980","NAPOLI"
"TOSCANA","TOSCANA - P01","ITALIA SOVRANA E POPOLARE","CLAUDIA PLACANICA","13/11/1962","CATANZARO"
"TOSCANA","TOSCANA - P01","ITALIA SOVRANA E POPOLARE","ANTONIO MARTELLO","23/02/1974","NAPOLI"
"TOSCANA","TOSCANA - P01","ITALIA SOVRANA E POPOLARE","ALESSANDRA ANGELONI","17/08/1958","BRESCIA"
"UMBRIA","UMBRIA - P01","ALLEANZA VERDI E SINISTRA","ALFONSO MORELLI","09/11/1979","NARNI (TR)"
"UMBRIA","UMBRIA - P01","ALLEANZA VERDI E SINISTRA","FRANCESCA ARCA","29/08/1968","TERNI"
"UMBRIA","UMBRIA - P01","IMPEGNO CIVICO LUIGI DI MAIO - CENTRO DEMOCRATICO","SERGIO VACCARO","20/06/1974","NAPOLI"
"UMBRIA","UMBRIA - P01","IMPEGNO CIVICO LUIGI DI MAIO - CENTRO DEMOCRATICO","LUCIANA NERVEGNA","11/01/1955","ORTONA (CH)"
"UMBRIA","UMBRIA - P01","PARTITO DEMOCRATICO - ITALIA DEMOCRATICA E PROGRESSISTA","WALTER VERINI","17/01/1956","CITT? DI CASTELLO (PG)"
"UMBRIA","UMBRIA - P01","PARTITO DEMOCRATICO - ITALIA DEMOCRATICA E PROGRESSISTA","MANUELA PASQUINO","21/09/1973","PERUGIA"
"UMBRIA","UMBRIA - P01"," +EUROPA","ANNA MARIA CORAZZA","10/03/1963","ROMA"
"UMBRIA","UMBRIA - P01"," +EUROPA","ADRIANO MENCARELLI","21/10/1963","CASTEL VISCARDO (TR)"
"UMBRIA","UMBRIA - P01","MOVIMENTO 5 STELLE","RAFFAELLA BRUNOZZI","09/02/1972","FOLIGNO (PG)"
"UMBRIA","UMBRIA - P01","MOVIMENTO 5 STELLE","RODOLFO RUGHI","08/06/1965","UMBERTIDE (PG)"
"UMBRIA","UMBRIA - P01","AZIONE - ITALIA VIVA - CALENDA","LEONARDO GRIMANI","03/10/1972","TERNI"
"UMBRIA","UMBRIA - P01","AZIONE - ITALIA VIVA - CALENDA","VITTORIA GARIBALDI","05/02/1950","ROMA"
"UMBRIA","UMBRIA - P01","PARTITO COMUNISTA ITALIANO","FABIO SEBASTIANI","12/09/1968","GUBBIO (PG)"
"UMBRIA","UMBRIA - P01","PARTITO COMUNISTA ITALIANO","SERENA MARCHEGIANI","13/02/1979","RECANATI (MC)"
"UMBRIA","UMBRIA - P01","ITALEXIT PER L'ITALIA","BARBARA TRINCIA","03/04/1970","ROMA"
"UMBRIA","UMBRIA - P01","ITALEXIT PER L'ITALIA","CLAUDIO BATINI","21/03/1967","TERNI"
"UMBRIA","UMBRIA - P01","ITALIA SOVRANA E POPOLARE","NICOLA LANZA","22/02/1960","RIPABOTTONI (CB)"
"UMBRIA","UMBRIA - P01","ITALIA SOVRANA E POPOLARE","ANNA MARIA MALTEMPI","17/01/1953","ROMA"
"UMBRIA","UMBRIA - P01","NOI MODERATI/LUPI - TOTI - BRUGNARO - UDC","GIANNI DIONIGI","15/09/1961","BASTIA UMBRA (PG)"
"UMBRIA","UMBRIA - P01","NOI MODERATI/LUPI - TOTI - BRUGNARO - UDC","MARGHERITA CIRILLO","03/04/1962","TERNI"
"UMBRIA","UMBRIA - P01","FRATELLI D'ITALIA CON GIORGIA MELONI","ANTONIO GUIDI","13/06/1945","ROMA"
"UMBRIA","UMBRIA - P01","FRATELLI D'ITALIA CON GIORGIA MELONI","MARGHERITA SCOCCIA","17/01/1979","UMBERTIDE (PG)"
"UMBRIA","UMBRIA - P01","FORZA ITALIA","FIAMMETTA  MODENA","20/06/1965","PERUGIA"
"UMBRIA","UMBRIA - P01","FORZA ITALIA","RICCARDO MELONI","02/04/1972","FOLIGNO (PG)"
"UMBRIA","UMBRIA - P01","LEGA PER SALVINI PREMIER","LUCA BRIZIARELLI","11/02/1976","PERUGIA"
"UMBRIA","UMBRIA - P01","LEGA PER SALVINI PREMIER","FRANCESCA MELE","18/08/1972","TODI (PG)"
"UMBRIA","UMBRIA - P01","UNIONE POPOLARE CON DE MAGISTRIS","MICHELE PATTOIA","07/09/1971","PERUGIA"
"UMBRIA","UMBRIA - P01","UNIONE POPOLARE CON DE MAGISTRIS","SAMANTHA PESCARI","22/11/1981","CITT? DI CASTELLO (PG)"
"UMBRIA","UMBRIA - P01","VITA","MARINELLA GIULIETTI","31/01/1955","PERUGIA"
"UMBRIA","UMBRIA - P01","VITA","ALESSANDRO TULLI","11/01/1975","ANCONA"
"MARCHE","MARCHE - P01","ITALIA SOVRANA E POPOLARE","FABIO PASQUINELLI","10/01/1981","OSIMO"
"MARCHE","MARCHE - P01","ITALIA SOVRANA E POPOLARE","PAOLA RAPONI","04/02/1964","SAN GINESIO"
"MARCHE","MARCHE - P01","ITALIA SOVRANA E POPOLARE","LUCIANO MECONI","15/12/1964","SANT'ELPIDIO A MARE"
"MARCHE","MARCHE - P01","NOI MODERATI/LUPI - TOTI - BRUGNARO - UDC","TABLINO CAMPANELLI","29/07/1976","SAN BENEDETTO DEL TRONTO"
"MARCHE","MARCHE - P01","NOI MODERATI/LUPI - TOTI - BRUGNARO - UDC","TIZIANA RISERVATI","03/09/1979","URBINO"
"MARCHE","MARCHE - P01","NOI MODERATI/LUPI - TOTI - BRUGNARO - UDC","GIROLAMO MARTINO","15/08/1961","SALERNO"
"MARCHE","MARCHE - P01","FORZA ITALIA","JESSICA MARCOZZI","28/11/1969","FERMO"
"MARCHE","MARCHE - P01","FORZA ITALIA","GIANLUIGI TOMBOLINI","12/09/1967","ANCONA"
"MARCHE","MARCHE - P01","FORZA ITALIA","ALESSANDRA DI EMIDIO","29/11/1975","ASCOLI PICENO"
"MARCHE","MARCHE - P01","FRATELLI D'ITALIA CON GIORGIA MELONI","GUIDO CASTELLI","30/11/1965","SIENA"
"MARCHE","MARCHE - P01","FRATELLI D'ITALIA CON GIORGIA MELONI","ROMINA GUALTIERI","06/12/1973","MONTEGIORGIO"
"MARCHE","MARCHE - P01","FRATELLI D'ITALIA CON GIORGIA MELONI","PASQUALE RICCHIUTI","13/06/1966","BISCEGLIE"
"MARCHE","MARCHE - P01","LEGA PER SALVINI PREMIER","MAURO LUCENTINI","03/04/1973","MONTEGRANARO"
"MARCHE","MARCHE - P01","LEGA PER SALVINI PREMIER","LAURA LAVIANO","19/12/1971","MACERATA"
"MARCHE","MARCHE - P01","LEGA PER SALVINI PREMIER","ALESSANDRO AMADIO","03/07/1969","JESI"
"MARCHE","MARCHE - P01","ITALEXIT PER L'ITALIA","ENZO PALLADINO","27/01/1969","MONTECALVO IRPINO"
"MARCHE","MARCHE - P01","ITALEXIT PER L'ITALIA","EMANUELA MERLI","06/06/1975","JESI"
"MARCHE","MARCHE - P01","ITALEXIT PER L'ITALIA","ANDREA SPALLETTI","18/11/1956","MACERATA"
"MARCHE","MARCHE - P01","MOVIMENTO 5 STELLE","ROBERTO CATALDI","15/04/1960","ASCOLI PICENO"
"MARCHE","MARCHE - P01","MOVIMENTO 5 STELLE","VERUSCHKA D'ASCENZO","23/08/1971","FERMO"
"MARCHE","MARCHE - P01","MOVIMENTO 5 STELLE","SERGIO ROMAGNOLI","16/08/1969","FABRIANO"
"MARCHE","MARCHE - P01","UNIONE POPOLARE CON DE MAGISTRIS","DAVIDE FIORDELMONDO","07/03/1973","ANCONA"
"MARCHE","MARCHE - P01","UNIONE POPOLARE CON DE MAGISTRIS","ALEJANDRA PATRICIA ARENA","10/12/1965","LA PLATA (ARGENTINA)"
"MARCHE","MARCHE - P01","UNIONE POPOLARE CON DE MAGISTRIS","RAFFAELINO TUMINO","25/05/1959","ACARIGUA (VENEZUELA)"
"MARCHE","MARCHE - P01","PARTITO COMUNISTA ITALIANO","PATRIZIA SERAFINI","05/08/1956","SANT'ELPIDIO A MARE"
"MARCHE","MARCHE - P01","PARTITO COMUNISTA ITALIANO","GIANFRANCO MANCINI","14/11/1939","MONTE PORZIO"
"MARCHE","MARCHE - P01","VITA","CHIARA FALCIONI","22/09/1972","FANO"
"MARCHE","MARCHE - P01","VITA","ALESSANDRO TULLI","11/01/1975","ANCONA"
"MARCHE","MARCHE - P01","VITA","GIULIANA VENTURINI","09/01/1953","FABRIANO"
"MARCHE","MARCHE - P01"," +EUROPA","PIERPAOLO LOFFREDA","08/07/1959","PESARO"
"MARCHE","MARCHE - P01"," +EUROPA","STEFANIA ONORATO","09/02/1966","CHIARAVALLE"
"MARCHE","MARCHE - P01"," +EUROPA","PAOLO LUZIETTI","20/03/1974","SENIGALLIA"
"MARCHE","MARCHE - P01","ALLEANZA VERDI E SINISTRA","CATERINA DI BITONTO","20/10/1962","ANCONA"
"MARCHE","MARCHE - P01","ALLEANZA VERDI E SINISTRA","SIMONE LUCHETTI","16/02/1977","JESI"
"MARCHE","MARCHE - P01","ALLEANZA VERDI E SINISTRA","MARIA ROSA CONTI","07/02/1972","BOLOGNA"
"MARCHE","MARCHE - P01","IMPEGNO CIVICO LUIGI DI MAIO - CENTRO DEMOCRATICO","PRIMO DI NICOLA","18/10/1952","CASTELLAFIUME (AQ)"
"MARCHE","MARCHE - P01","IMPEGNO CIVICO LUIGI DI MAIO - CENTRO DEMOCRATICO","ANTONELLA GIORDANO","27/09/1961","BARLETTA"
"MARCHE","MARCHE - P01","IMPEGNO CIVICO LUIGI DI MAIO - CENTRO DEMOCRATICO","PIERCARLO BORGOGELLI OTTAVIANI","27/07/1948","TIVOLI (RM)"
"MARCHE","MARCHE - P01","PARTITO DEMOCRATICO - ITALIA DEMOCRATICA E PROGRESSISTA","ALBERTO LOSACCO","01/07/1970","BRINDISI"
"MARCHE","MARCHE - P01","PARTITO DEMOCRATICO - ITALIA DEMOCRATICA E PROGRESSISTA","ROSETTA FULVI","05/05/1964","PESARO"
"MARCHE","MARCHE - P01","PARTITO DEMOCRATICO - ITALIA DEMOCRATICA E PROGRESSISTA","DANIELE VIMINI","26/09/1978","PESARO"
"MARCHE","MARCHE - P01","AZIONE - ITALIA VIVA - CALENDA","FABIO URBINATI","23/09/1968","SAN BENEDETTO DEL TRONTO"
"MARCHE","MARCHE - P01","AZIONE - ITALIA VIVA - CALENDA","ROSITA PLATINETTI","02/01/1971","MACERATA"
"MARCHE","MARCHE - P01","AZIONE - ITALIA VIVA - CALENDA","ALESSANDRO BARGONI","02/08/1961","FERMO"
"MARCHE","MARCHE - P01","ALTERNATIVA PER L'ITALIA - NO GREEN PASS","CRISTIANA DI STEFANO","03/08/1962","PORTO SAN GIORGIO"
"MARCHE","MARCHE - P01","ALTERNATIVA PER L'ITALIA - NO GREEN PASS","GABRIELE CINTI","04/07/1954","JESI"
"MARCHE","MARCHE - P01","ALTERNATIVA PER L'ITALIA - NO GREEN PASS","RITA BOCCIA","07/05/1978","ROMA"
"LAZIO","LAZIO - P01","ITALIA SOVRANA E POPOLARE","GIOVANNA COLONE","29/08/1972","ROMA"
"LAZIO","LAZIO - P01","ITALIA SOVRANA E POPOLARE","EMANUELE DESSI'","30/03/1964","ROMA"
"LAZIO","LAZIO - P01","ITALIA SOVRANA E POPOLARE","ELISABETTA LANZELLOTTO","01/07/1964","ROMA"
"LAZIO","LAZIO - P01","ITALIA SOVRANA E POPOLARE","ENZO PENNETTA","10/11/1960","ROMA"
"LAZIO","LAZIO - P01","FRATELLI D'ITALIA CON GIORGIA MELONI","DANIELA GARNERO SANTANCHE'","07/04/1961","CUNEO"
"LAZIO","LAZIO - P01","FRATELLI D'ITALIA CON GIORGIA MELONI","ANDREA DE PRIAMO","24/05/1971","ROMA"
"LAZIO","LAZIO - P01","FRATELLI D'ITALIA CON GIORGIA MELONI","ESTER MIELI","22/04/1976","ROMA"
"LAZIO","LAZIO - P01","FRATELLI D'ITALIA CON GIORGIA MELONI","MARCO SCURRIA","18/05/1967","ROMA"
"LAZIO","LAZIO - P01","FORZA ITALIA","ANNAGRAZIA  CALABRIA","06/05/1982","NEW YORK (USA)"
"LAZIO","LAZIO - P01","FORZA ITALIA","PASQUALE CALZETTA","27/02/1961","ROMA"
"LAZIO","LAZIO - P01","FORZA ITALIA","PAOLA MUSITANO","12/07/1977","REGGIO DI CALABRIA"
"LAZIO","LAZIO - P01","FORZA ITALIA","SIMONE FOGLIO","10/04/1978","ROMA"
"LAZIO","LAZIO - P01","LEGA PER SALVINI PREMIER","GIULIA BONGIORNO","22/03/1966","PALERMO"
"LAZIO","LAZIO - P01","LEGA PER SALVINI PREMIER","DAVIDE BORDONI","13/09/1973","ROMA"
"LAZIO","LAZIO - P01","LEGA PER SALVINI PREMIER","SOUAD SBAI","05/02/1961","SETTAT (MAROCCO)"
"LAZIO","LAZIO - P01","LEGA PER SALVINI PREMIER","GIUSEPPE BASINI","10/02/1947","REGGIO EMILIA "
"LAZIO","LAZIO - P01","NOI MODERATI/LUPI - TOTI - BRUGNARO - UDC","SERGIO SANTORO","22/04/1951","ROMA"
"LAZIO","LAZIO - P01","NOI MODERATI/LUPI - TOTI - BRUGNARO - UDC","CAROLINA DI NAPOLI","26/09/1971","ROMA"
"LAZIO","LAZIO - P01","NOI MODERATI/LUPI - TOTI - BRUGNARO - UDC","MASSIMILIANO FASOLI","28/11/1967","ROMA"
"LAZIO","LAZIO - P01","ITALEXIT PER L'ITALIA","WILLIAM DE VECCHIS","28/05/1971","ROMA"
"LAZIO","LAZIO - P01","ITALEXIT PER L'ITALIA","ANGELA MARIA ZANELLA","05/01/1973","COTIPORA (BRASILE)"
"LAZIO","LAZIO - P01","ITALEXIT PER L'ITALIA","LORENZO  DI BIAGIO","30/07/1964","ROMA"
"LAZIO","LAZIO - P01","ITALEXIT PER L'ITALIA","BRUNA  MALASCHINI","17/12/1963","ROMA"
"LAZIO","LAZIO - P01","UNIONE POPOLARE CON DE MAGISTRIS","GIUSEPPINA MONTANARI DETTA PINUCCIA","01/11/1956","REGGIO NELL'EMILIA"
"LAZIO","LAZIO - P01","UNIONE POPOLARE CON DE MAGISTRIS","ENRICO CALAMAI","24/06/1945","ROMA "
"LAZIO","LAZIO - P01","UNIONE POPOLARE CON DE MAGISTRIS","MICHELA ARRICALE","07/10/1980","AVELLINO "
"LAZIO","LAZIO - P01","UNIONE POPOLARE CON DE MAGISTRIS","MASSIMO PRUDENTE","06/08/1962","ROMA "
"LAZIO","LAZIO - P01","VITA","ANTONIETTA GATTI","05/04/1949","FAENZA (RA)"
"LAZIO","LAZIO - P01","VITA","CRISTIANO FUDULI","31/05/1973","NAPOLI"
"LAZIO","LAZIO - P01","VITA","MARCELLA MASTRILLI","12/12/1972","ROMA"
"LAZIO","LAZIO - P01","VITA","CESARE FRENI","12/05/1976","GENOVA"
"LAZIO","LAZIO - P01","AZIONE - ITALIA VIVA - CALENDA","CARLO CALENDA","09/04/1973","ROMA"
"LAZIO","LAZIO - P01","AZIONE - ITALIA VIVA - CALENDA","RAFFAELLA PAITA","23/11/1974","LA SPEZIA"
"LAZIO","LAZIO - P01","AZIONE - ITALIA VIVA - CALENDA","LUCIANO NOBILI","23/09/1977","ROMA"
"LAZIO","LAZIO - P01","AZIONE - ITALIA VIVA - CALENDA","MAURIZIA CICCONI","01/06/1973","ROMA"
"LAZIO","LAZIO - P01","MOVIMENTO 5 STELLE","ALESSANDRA MAIORINO","24/07/1974","ROMA"
"LAZIO","LAZIO - P01","MOVIMENTO 5 STELLE","ROBERTO MONALDI","02/08/1973","ROMA"
"LAZIO","LAZIO - P01","MOVIMENTO 5 STELLE","GIULIA LUPO","19/08/1977","RAGUSA"
"LAZIO","LAZIO - P01","MOVIMENTO 5 STELLE","MARCO MARTENS","18/07/1971","VENEZIA"
"LAZIO","LAZIO - P01","PARTITO COMUNISTA ITALIANO","WALTER MARIO TUCCI","21/09/1947","CROTONE "
"LAZIO","LAZIO - P01","PARTITO COMUNISTA ITALIANO","FRANCESCA TURCO","07/03/1972","COLLEFERRO (RM)"
"LAZIO","LAZIO - P01","PARTITO COMUNISTA ITALIANO","STEFANO ENDERLE","24/12/1967","POMEZIA (RM)"
"LAZIO","LAZIO - P01","PARTITO COMUNISTA ITALIANO","LAURA BORGARUCCI","04/10/1963","ROMA"
"LAZIO","LAZIO - P01"," +EUROPA","EMMA BONINO","09/03/1948","BRA (CN)"
"LAZIO","LAZIO - P01"," +EUROPA","MARCO TARADASH","19/05/1950","LIVORNO"
"LAZIO","LAZIO - P01"," +EUROPA","ANNA MARIA CORAZZA","10/03/1963","ROMA"
"LAZIO","LAZIO - P01"," +EUROPA","FRANCO CAROCCI","25/01/1955","SAN GREGORIO DA SASSOLA (RM)"
"LAZIO","LAZIO - P01","PARTITO DEMOCRATICO - ITALIA DEMOCRATICA E PROGRESSISTA","CECILIA D'ELIA","31/07/1963","POTENZA"
"LAZIO","LAZIO - P01","PARTITO DEMOCRATICO - ITALIA DEMOCRATICA E PROGRESSISTA","VINCENZO MARAIO","28/10/1978","POLLA (SA)"
"LAZIO","LAZIO - P01","PARTITO DEMOCRATICO - ITALIA DEMOCRATICA E PROGRESSISTA","MARTA LEONORI","23/11/1977","ROMA"
"LAZIO","LAZIO - P01","PARTITO DEMOCRATICO - ITALIA DEMOCRATICA E PROGRESSISTA","SIBI MANI KUMARAMANGALAM","02/10/1966","KURUMULLOOR (INDIA)"
"LAZIO","LAZIO - P01","IMPEGNO CIVICO LUIGI DI MAIO - CENTRO DEMOCRATICO","PRIMO DI NICOLA","18/10/1952","CASTELLAFIUME (AQ)"
"LAZIO","LAZIO - P01","IMPEGNO CIVICO LUIGI DI MAIO - CENTRO DEMOCRATICO","SIMONA NUNZIA NOCERINO","07/07/1968","MILANO"
"LAZIO","LAZIO - P01","IMPEGNO CIVICO LUIGI DI MAIO - CENTRO DEMOCRATICO","GAETANO GIUDICE","19/05/1968","NAPOLI"
"LAZIO","LAZIO - P01","IMPEGNO CIVICO LUIGI DI MAIO - CENTRO DEMOCRATICO","RAMONA MIRELA ILAU","12/07/1979","BRAILA (ROMANIA)"
"LAZIO","LAZIO - P01","ALLEANZA VERDI E SINISTRA","ILARIA CUCCHI","22/06/1974","ROMA"
"LAZIO","LAZIO - P01","ALLEANZA VERDI E SINISTRA","GIUSEPPE DE CRISTOFARO","26/06/1971","NAPOLI"
"LAZIO","LAZIO - P01","ALLEANZA VERDI E SINISTRA","SIMONA BOTTONI","16/08/1969","ROMA"
"LAZIO","LAZIO - P01","ALLEANZA VERDI E SINISTRA","FRANCESCO MARIA ALEMANNI","02/10/1972","VIBO VALENTIA"
"LAZIO","LAZIO - P01","ALTERNATIVA PER L'ITALIA - NO GREEN PASS","MARIO ADINOLFI","15/08/1971","ROMA"
"LAZIO","LAZIO - P01","ALTERNATIVA PER L'ITALIA - NO GREEN PASS","MARIA RITA MARINETTI","10/02/1964","AVEZZANO (AQ)"
"LAZIO","LAZIO - P01","ALTERNATIVA PER L'ITALIA - NO GREEN PASS","GERMANO MARCHITTI","18/08/1963","PICO (FR)"
"LAZIO","LAZIO - P01","ALTERNATIVA PER L'ITALIA - NO GREEN PASS","ELEONORA ANTONUCCI","03/09/1955","ROMA"
"LAZIO","LAZIO - P02","ITALIA SOVRANA E POPOLARE","EMANUELE DESSI'","30/03/1964","ROMA"
"LAZIO","LAZIO - P02","ITALIA SOVRANA E POPOLARE","GIOVANNA COLONE","29/08/1972","ROMA"
"LAZIO","LAZIO - P02","ITALIA SOVRANA E POPOLARE","EFREM ROMAGNOLI","24/10/1969","LATINA"
"LAZIO","LAZIO - P02","ITALIA SOVRANA E POPOLARE","SONIA MUZZI","22/11/1951","ARICCIA (RM)"
"LAZIO","LAZIO - P02","FRATELLI D'ITALIA CON GIORGIA MELONI","ANDREA AUGELLO","24/02/1961","NOVARA"
"LAZIO","LAZIO - P02","FRATELLI D'ITALIA CON GIORGIA MELONI","ISABELLA RAUTI","17/11/1962","ROMA"
"LAZIO","LAZIO - P02","FRATELLI D'ITALIA CON GIORGIA MELONI","NICOLA CALANDRINI","05/11/1966","LATINA"
"LAZIO","LAZIO - P02","FRATELLI D'ITALIA CON GIORGIA MELONI","CINZIA PELLEGRINO","17/07/1975","POGGIARDO (LE)"
"LAZIO","LAZIO - P02","FORZA ITALIA","SILVIO BERLUSCONI","29/09/1936","MILANO"
"LAZIO","LAZIO - P02","FORZA ITALIA","ANNA MARIA BERNINI","17/08/1965","BOLOGNA"
"LAZIO","LAZIO - P02","FORZA ITALIA","MAURIZIO GASPARRI","18/07/1956","ROMA"
"LAZIO","LAZIO - P02","FORZA ITALIA","EMANUELA MARI","11/12/1978","ROMA"
"LAZIO","LAZIO - P02","LEGA PER SALVINI PREMIER","CLAUDIO DURIGON","10/09/1971","LATINA"
"LAZIO","LAZIO - P02","LEGA PER SALVINI PREMIER","GIULIA BONGIORNO","22/03/1966","PALERMO"
"LAZIO","LAZIO - P02","LEGA PER SALVINI PREMIER","ANDREA PAGANELLA","03/12/1974","RONCOFERRARO (MN)"
"LAZIO","LAZIO - P02","LEGA PER SALVINI PREMIER","BARBARA LA ROSA","16/01/1978","CIVITAVECCHIA (RM)"
"LAZIO","LAZIO - P02","NOI MODERATI/LUPI - TOTI - BRUGNARO - UDC","MARINELLA PACIFICO","06/03/1962","LATINA"
"LAZIO","LAZIO - P02","NOI MODERATI/LUPI - TOTI - BRUGNARO - UDC","VINCENZO RINALDI","13/09/1953","FIAMIGNANO (RI)"
"LAZIO","LAZIO - P02","NOI MODERATI/LUPI - TOTI - BRUGNARO - UDC","SIMONA ROCCHINA MASTROIANNI","16/08/1973","SORA (FR)"
"LAZIO","LAZIO - P02","NOI MODERATI/LUPI - TOTI - BRUGNARO - UDC","MASSIMILIANO FASOLI","28/11/1967","ROMA"
"LAZIO","LAZIO - P02","ITALEXIT PER L'ITALIA","NUNZIA ALESSANDRA SCHILIR?","02/01/1978","CATANIA"
"LAZIO","LAZIO - P02","ITALEXIT PER L'ITALIA","WILLIAM DE VECCHIS","28/05/1971","ROMA"
"LAZIO","LAZIO - P02","ITALEXIT PER L'ITALIA","BRUNA  MALASCHINI","17/12/1963","ROMA"
"LAZIO","LAZIO - P02","ITALEXIT PER L'ITALIA","VINCENZO D'INTINO","16/04/1974","ROMA"
"LAZIO","LAZIO - P02","UNIONE POPOLARE CON DE MAGISTRIS","PAOLO BERDINI","16/12/1948","ROMA"
"LAZIO","LAZIO - P02","UNIONE POPOLARE CON DE MAGISTRIS","ROSA RINALDI","04/01/1955","MONTE SANT'ANGELO (FG)"
"LAZIO","LAZIO - P02","UNIONE POPOLARE CON DE MAGISTRIS","ANTONIO DE PAOLI","14/12/1947","CIVITAVECCHIA (RM)"
"LAZIO","LAZIO - P02","UNIONE POPOLARE CON DE MAGISTRIS","FRANCESCA ANNA PERRI","07/10/1954","CHICAGO (USA)"
"LAZIO","LAZIO - P02","VITA","MASSIMO CAPITELLI","31/12/1972","MARINO (RM)"
"LAZIO","LAZIO - P02","VITA","OMBRETTA DEL MONTE","04/08/1966","CIVITAVECCHIA (RM)"
"LAZIO","LAZIO - P02","VITA","GUERRINO FAIETA","02/04/1963","ROMA"
"LAZIO","LAZIO - P02","VITA","CLAUDIA PAGANELLI","12/07/1977","ROMA"
"LAZIO","LAZIO - P02","AZIONE - ITALIA VIVA - CALENDA","ANNAMARIA PARENTE","17/09/1960","NAPOLI"
"LAZIO","LAZIO - P02","AZIONE - ITALIA VIVA - CALENDA","FILIPPO ROSSI","16/07/1965","TRIESTE"
"LAZIO","LAZIO - P02","AZIONE - ITALIA VIVA - CALENDA","ILEANA CATHIA PIAZZONI","22/11/1972","OGGIONO (CO)"
"LAZIO","LAZIO - P02","AZIONE - ITALIA VIVA - CALENDA","MASSIMO RUGGERI","01/03/1960","RIETI"
"LAZIO","LAZIO - P02","MOVIMENTO 5 STELLE","STEFANO PATUANELLI","08/06/1974","TRIESTE"
"LAZIO","LAZIO - P02","MOVIMENTO 5 STELLE","ADRIANA CALI'","08/02/1963","ROMA"
"LAZIO","LAZIO - P02","MOVIMENTO 5 STELLE","MASSIMO ERBETTI","12/05/1965","VITERBO"
"LAZIO","LAZIO - P02","MOVIMENTO 5 STELLE","LAURA  GABRIELLI","22/08/1967","ROMA"
"LAZIO","LAZIO - P02","PARTITO COMUNISTA ITALIANO","MAURIZIO FEDERICO","14/09/1943","FROSINONE"
"LAZIO","LAZIO - P02","PARTITO COMUNISTA ITALIANO","LUCIA ADDARIO","19/07/1963","ROMA"
"LAZIO","LAZIO - P02","PARTITO COMUNISTA ITALIANO","ROBERTO PALLINI","19/03/1949","ROMA"
"LAZIO","LAZIO - P02","PARTITO COMUNISTA ITALIANO","LAURA BORGARUCCI","04/10/1963","ROMA"
"LAZIO","LAZIO - P02"," +EUROPA","MARCO TARADASH","19/05/1950","LIVORNO"
"LAZIO","LAZIO - P02"," +EUROPA","ANNA MARIA CORAZZA","10/03/1963","ROMA"
"LAZIO","LAZIO - P02"," +EUROPA","FRANCO CAROCCI","25/01/1955","SAN GREGORIO DA SASSOLA (RM)"
"LAZIO","LAZIO - P02"," +EUROPA","MANUELA  QUADRANTE","07/05/1980","PALERMO"
"LAZIO","LAZIO - P02","PARTITO DEMOCRATICO - ITALIA DEMOCRATICA E PROGRESSISTA","BRUNO ASTORRE","11/03/1963","ROMA"
"LAZIO","LAZIO - P02","PARTITO DEMOCRATICO - ITALIA DEMOCRATICA E PROGRESSISTA","ANNAMARIA FURLAN","24/04/1958","GENOVA"
"LAZIO","LAZIO - P02","PARTITO DEMOCRATICO - ITALIA DEMOCRATICA E PROGRESSISTA","FILIPPO SENSI","04/03/1968","ROMA"
"LAZIO","LAZIO - P02","PARTITO DEMOCRATICO - ITALIA DEMOCRATICA E PROGRESSISTA","SILVIA BOCCINI","17/07/1979","RIETI"
"LAZIO","LAZIO - P02","IMPEGNO CIVICO LUIGI DI MAIO - CENTRO DEMOCRATICO","CINZIA LEONE","24/10/1976","PALERMO"
"LAZIO","LAZIO - P02","IMPEGNO CIVICO LUIGI DI MAIO - CENTRO DEMOCRATICO","PIETRO PACITTI","21/06/1975","CASSINO (FR)"
"LAZIO","LAZIO - P02","IMPEGNO CIVICO LUIGI DI MAIO - CENTRO DEMOCRATICO","SIMONA NUNZIA NOCERINO","07/07/1968","MILANO"
"LAZIO","LAZIO - P02","IMPEGNO CIVICO LUIGI DI MAIO - CENTRO DEMOCRATICO","NICOLA GRIMALDI","20/11/1980","AVERSA (CE)"
"LAZIO","LAZIO - P02","ALLEANZA VERDI E SINISTRA","GIAN PIERO MARRONI","18/04/1965","RIETI"
"LAZIO","LAZIO - P02","ALLEANZA VERDI E SINISTRA","FEDERICA GUGLIELMI","21/02/1980","ROMA"
"LAZIO","LAZIO - P02","ALLEANZA VERDI E SINISTRA","SALVATORE RAONI","12/06/1956","CECCANO (FR)"
"LAZIO","LAZIO - P02","ALLEANZA VERDI E SINISTRA","PAOLA MARCHETTI","02/01/1972","BASSANO ROMANO (VT)"
"LAZIO","LAZIO - P02","ALTERNATIVA PER L'ITALIA - NO GREEN PASS","ELEONORA ANTONUCCI","03/09/1955","ROMA"
"LAZIO","LAZIO - P02","ALTERNATIVA PER L'ITALIA - NO GREEN PASS","GERMANO MARCHITTI","18/08/1963","PICO (FR)"
"LAZIO","LAZIO - P02","ALTERNATIVA PER L'ITALIA - NO GREEN PASS","MARIA RITA MARINETTI","10/02/1964","AVEZZANO (AQ)"
"LAZIO","LAZIO - P02","ALTERNATIVA PER L'ITALIA - NO GREEN PASS","PAOLO DE GREGORI","19/11/1953","ROMA"
"ABRUZZO","ABRUZZO - P01","IMPEGNO CIVICO LUIGI DI MAIO - CENTRO DEMOCRATICO","PRIMO DI NICOLA","18/10/1952","CASTELLAFIUME (AQ)"
"ABRUZZO","ABRUZZO - P01","IMPEGNO CIVICO LUIGI DI MAIO - CENTRO DEMOCRATICO","SIMONA NUNZIA NOCERINO","07/07/1968","MILANO"
"ABRUZZO","ABRUZZO - P01","IMPEGNO CIVICO LUIGI DI MAIO - CENTRO DEMOCRATICO","DANIELE DEL GROSSO","21/03/1981","CHIETI"
"ABRUZZO","ABRUZZO - P01","ALLEANZA VERDI E SINISTRA","PIERLUIGI IANNARELLI","25/07/1973","L'AQUILA  (AQ)"
"ABRUZZO","ABRUZZO - P01","ALLEANZA VERDI E SINISTRA","KATIA ROMANO","01/02/1971","L'AQUILA  (AQ)"
"ABRUZZO","ABRUZZO - P01","ALLEANZA VERDI E SINISTRA","ARCANGELO  DI BERARDINO","31/03/1958","PENNE (PE)"
"ABRUZZO","ABRUZZO - P01","PARTITO DEMOCRATICO - ITALIA DEMOCRATICA E PROGRESSISTA","MICHELE FINA","30/09/1978","AVEZZANO (AQ)"
"ABRUZZO","ABRUZZO - P01","PARTITO DEMOCRATICO - ITALIA DEMOCRATICA E PROGRESSISTA","STEFANIA CATALANO","26/04/1970","BENEVENTO"
"ABRUZZO","ABRUZZO - P01","PARTITO DEMOCRATICO - ITALIA DEMOCRATICA E PROGRESSISTA","ERNESTO GRAZIANI","19/01/1965","PARMA"
"ABRUZZO","ABRUZZO - P01"," +EUROPA","MICHELE ANDREA ALFREDO USUELLI","25/09/1974","MILANO"
"ABRUZZO","ABRUZZO - P01"," +EUROPA","VALENTINA COSIMATI","03/08/1974","ROMA"
"ABRUZZO","ABRUZZO - P01"," +EUROPA","DAVIDE BACARELLA","22/09/1974","PRATO"
"ABRUZZO","ABRUZZO - P01","MOVIMENTO 5 STELLE","GABRIELLA DI GIROLAMO","15/05/1977","SULMONA"
"ABRUZZO","ABRUZZO - P01","MOVIMENTO 5 STELLE","FABIO STELLA","30/07/1972","CHIETI (CH)"
"ABRUZZO","ABRUZZO - P01","MOVIMENTO 5 STELLE","FRANCA ORSINI","17/01/1966","TORONTO (CANADA)"
"ABRUZZO","ABRUZZO - P01","ITALIA SOVRANA E POPOLARE","ANTONIO FELICE","18/06/1962","ORTONA (CH)"
"ABRUZZO","ABRUZZO - P01","ITALIA SOVRANA E POPOLARE","STEFANIA DE LEONIBUS","05/02/1977","ATRI (TE)"
"ABRUZZO","ABRUZZO - P01","ITALIA SOVRANA E POPOLARE","GIUSEPPE REDONDI","12/06/1973","VIZZOLO PREDABISSI (MI)"
"ABRUZZO","ABRUZZO - P01","ITALEXIT PER L'ITALIA","MASSIMO PIETRANGELI","11/01/1959","NOCCIANO (PE)"
"ABRUZZO","ABRUZZO - P01","ITALEXIT PER L'ITALIA","ROSETTA ENZA BLUNDO","26/06/1964","CASTEL DI SANGRO (AQ)"
"ABRUZZO","ABRUZZO - P01","ITALEXIT PER L'ITALIA","LORENZO VALLOREIA","22/07/1975","PESCARA (PE)"
"ABRUZZO","ABRUZZO - P01","UNIONE POPOLARE CON DE MAGISTRIS","CLAUDIA MARIA ROSELLI","28/06/1976","CARACAS (VENEZUELA)"
"ABRUZZO","ABRUZZO - P01","UNIONE POPOLARE CON DE MAGISTRIS","FRANCO MAGGI","04/10/1967","ORTONA DEI MARSI (AQ)"
"ABRUZZO","ABRUZZO - P01","UNIONE POPOLARE CON DE MAGISTRIS","ANNA MARRAMA","04/07/1954","SULMONA (AQ)"
"ABRUZZO","ABRUZZO - P01","ALTERNATIVA PER L'ITALIA - NO GREEN PASS","MARIO ADINOLFI","15/08/1971","ROMA"
"ABRUZZO","ABRUZZO - P01","ALTERNATIVA PER L'ITALIA - NO GREEN PASS","FEDERICA LUPI","11/08/1970","TERAMO"
"ABRUZZO","ABRUZZO - P01","ALTERNATIVA PER L'ITALIA - NO GREEN PASS","GIANFRANCO VESTUTO","11/02/1960","NAPOLI"
"ABRUZZO","ABRUZZO - P01","FORZA ITALIA","LORENZO SOSPIRI","20/03/1975","PESCARA (PE)"
"ABRUZZO","ABRUZZO - P01","FORZA ITALIA","MARIA LUISA  IANNI","22/02/1969","L'AQUILA (AQ)"
"ABRUZZO","ABRUZZO - P01","FORZA ITALIA","DANIELE D'AMARIO","28/11/1967","FRANCAVILLA AL MARE (CH)"
"ABRUZZO","ABRUZZO - P01","NOI MODERATI/LUPI - TOTI - BRUGNARO - UDC","ANDREA MARIA COLALONGO","17/11/1971","PESCARA"
"ABRUZZO","ABRUZZO - P01","NOI MODERATI/LUPI - TOTI - BRUGNARO - UDC","CHIARA MANCINELLI","15/04/1981","L'AQUILA"
"ABRUZZO","ABRUZZO - P01","NOI MODERATI/LUPI - TOTI - BRUGNARO - UDC","FRANCESCO SATURNI","04/01/1968","AVEZZANO (AQ)"
"ABRUZZO","ABRUZZO - P01","FRATELLI D'ITALIA CON GIORGIA MELONI","ETELWARDO SIGISMONDI","29/09/1974","VASTO (CH)"
"ABRUZZO","ABRUZZO - P01","FRATELLI D'ITALIA CON GIORGIA MELONI","MARILENA ROSSI","11/02/1970","BELLANTE (TE)"
"ABRUZZO","ABRUZZO - P01","FRATELLI D'ITALIA CON GIORGIA MELONI","MATTEO PERAZZETTI","05/06/1981","PESCARA (PE)"
"ABRUZZO","ABRUZZO - P01","LEGA PER SALVINI PREMIER","VINCENZO D'INCECCO","10/03/1979","PESCARA"
"ABRUZZO","ABRUZZO - P01","LEGA PER SALVINI PREMIER","SABRINA BOCCHINO","16/12/1970","SAVONA"
"ABRUZZO","ABRUZZO - P01","LEGA PER SALVINI PREMIER","ANTONIO MORGANTE","02/06/1971","AVEZZANO (AQ)"
"ABRUZZO","ABRUZZO - P01","AZIONE - ITALIA VIVA - CALENDA","CAMILLO D'ALESSANDRO","09/05/1976","ORTONA (CH)"
"ABRUZZO","ABRUZZO - P01","AZIONE - ITALIA VIVA - CALENDA","NAUSICAA CAMELI","17/06/1973","GIULIANOVA (TE)"
"ABRUZZO","ABRUZZO - P01","AZIONE - ITALIA VIVA - CALENDA","ALFREDO CHIANTINI","08/01/1972","AVEZZANO (CH)"
"ABRUZZO","ABRUZZO - P01","VITA","GISELLA JOELLE PASCALE","01/06/1961","LUCERA (FG)"
"ABRUZZO","ABRUZZO - P01","VITA","NINO BRUNO","07/10/1971","L'AQUILA  (AQ)"
"ABRUZZO","ABRUZZO - P01","VITA","ANNA MARIA PARLANTI","19/02/1961","ROMA"
"MOLISE","MOLISE - P01","MOVIMENTO 5 STELLE","MARIA DEL MIRTO","01/02/1961","ISERNIA"
"MOLISE","MOLISE - P01","PARTITO DEMOCRATICO - ITALIA DEMOCRATICA E PROGRESSISTA","GIUSEPPE CECERE","11/03/1956","MACCHIAGODENA"
"MOLISE","MOLISE - P01","IMPEGNO CIVICO LUIGI DI MAIO - CENTRO DEMOCRATICO","GAETANO GIUDICE","19/05/1968","NAPOLI"
"MOLISE","MOLISE - P01"," +EUROPA","GIUSEPPINA DI STASI","10/03/1979","EBOLI"
"MOLISE","MOLISE - P01","ALLEANZA VERDI E SINISTRA","BARTOLOMEO TERZANO","25/10/1956","CAMPOBASSO"
"MOLISE","MOLISE - P01","FRATELLI D'ITALIA CON GIORGIA MELONI","COSTANZO DELLA PORTA","29/10/1975","TERMOLI"
"MOLISE","MOLISE - P01","FORZA ITALIA","NICOLA CAVALIERE","28/01/1964","CAMPOBASSO"
"MOLISE","MOLISE - P01","NOI MODERATI/LUPI - TOTI - BRUGNARO - UDC","DOMENICO IZZI DETTO MIMMO","12/10/1955","SCAPOLI"
"MOLISE","MOLISE - P01","LEGA PER SALVINI PREMIER","ALBERTO TRAMONTANO","28/04/1975","CAMPOBASSO"
"MOLISE","MOLISE - P01","ITALIA SOVRANA E POPOLARE","NICOLA FRENZA","07/09/1957","SANT'ELIA A  PIANISI"
"MOLISE","MOLISE - P01","AZIONE - ITALIA VIVA - CALENDA","LUIGI VALENTE","16/07/1964","VINCHIATURO"
"MOLISE","MOLISE - P01","UNIONE POPOLARE CON DE MAGISTRIS","ROSSANO PAZZAGLI","20/10/1958","SUVERETO"
"MOLISE","MOLISE - P01","MASTELLA NOI DI CENTRO EUROPEISTI","GIANLUCA DI PASQUALE","30/05/1974","ISERNIA"
"CAMPANIA","CAMPANIA - P01","UNIONE POPOLARE CON DE MAGISTRIS","GIANPIERO LAURENZANO","25/01/1980","NAPOLI"
"CAMPANIA","CAMPANIA - P01","UNIONE POPOLARE CON DE MAGISTRIS","VALERIA SPINELLI","29/04/1974","NAPOLI"
"CAMPANIA","CAMPANIA - P01","UNIONE POPOLARE CON DE MAGISTRIS","SALVATORE PACE","09/04/1957","NAPOLI"
"CAMPANIA","CAMPANIA - P01","UNIONE POPOLARE CON DE MAGISTRIS","GABRIELLA LUISE","14/04/1975","NAPOLI"
"CAMPANIA","CAMPANIA - P01"," +EUROPA","EMMA BONINO","09/03/1948","BRA  (CN)"
"CAMPANIA","CAMPANIA - P01"," +EUROPA","BRUNO GAMBARDELLA","22/12/1968","AVELLINO"
"CAMPANIA","CAMPANIA - P01"," +EUROPA","MARIA IMMACOLATA IACCARINO","18/06/1968","NAPOLI"
"CAMPANIA","CAMPANIA - P01"," +EUROPA","ROSARIO COSIMO","25/09/1977","NAPOLI"
"CAMPANIA","CAMPANIA - P01","ALLEANZA VERDI E SINISTRA","ILARIA CUCCHI","22/06/1974","ROMA"
"CAMPANIA","CAMPANIA - P01","ALLEANZA VERDI E SINISTRA","FRANCESCO MARIA ALEMANNI","02/10/1972","VIBO VALENTIA"
"CAMPANIA","CAMPANIA - P01","ALLEANZA VERDI E SINISTRA","ISABELLA  DE LUCA","19/10/1957","NAPOLI"
"CAMPANIA","CAMPANIA - P01","ALLEANZA VERDI E SINISTRA","GIUSEPPE DE CRISTOFARO","26/06/1971","NAPOLI"
"CAMPANIA","CAMPANIA - P01","IMPEGNO CIVICO LUIGI DI MAIO - CENTRO DEMOCRATICO","VINCENZO PRESUTTO","14/01/1967","NAPOLI"
"CAMPANIA","CAMPANIA - P01","IMPEGNO CIVICO LUIGI DI MAIO - CENTRO DEMOCRATICO","RAMONA MIRELA  ILAU","12/07/1979","BRAILA (ROMANIA)"
"CAMPANIA","CAMPANIA - P01","IMPEGNO CIVICO LUIGI DI MAIO - CENTRO DEMOCRATICO","SERGIO VACCARO","20/06/1974","NAPOLI"
"CAMPANIA","CAMPANIA - P01","IMPEGNO CIVICO LUIGI DI MAIO - CENTRO DEMOCRATICO","LOREDANA RUSSO","07/03/1962","PALERMO"
"CAMPANIA","CAMPANIA - P01","PARTITO DEMOCRATICO - ITALIA DEMOCRATICA E PROGRESSISTA","DARIO FRANCESCHINI","19/10/1958","FERRARA"
"CAMPANIA","CAMPANIA - P01","PARTITO DEMOCRATICO - ITALIA DEMOCRATICA E PROGRESSISTA","VALERIA VALENTE","16/09/1976","NAPOLI"
"CAMPANIA","CAMPANIA - P01","PARTITO DEMOCRATICO - ITALIA DEMOCRATICA E PROGRESSISTA","FILIPPO SENSI","04/03/1968","ROMA"
"CAMPANIA","CAMPANIA - P01","PARTITO DEMOCRATICO - ITALIA DEMOCRATICA E PROGRESSISTA","GIULIANA  DI FIORE","04/02/1962","NAPOLI"
"CAMPANIA","CAMPANIA - P01","ITALEXIT PER L'ITALIA","GIAMPAOLO BOCCI","19/04/1970","ROMA"
"CAMPANIA","CAMPANIA - P01","ITALEXIT PER L'ITALIA","MARIA ABATE","18/11/1981","ARZANO (NA)"
"CAMPANIA","CAMPANIA - P01","ITALEXIT PER L'ITALIA","DOMENICO VOZZA","23/11/1966","CASTELLAMMARE DI STABIA (NA)"
"CAMPANIA","CAMPANIA - P01","ITALEXIT PER L'ITALIA","TERESA CAPUTO","14/07/1978","AVELLINO"
"CAMPANIA","CAMPANIA - P01","MOVIMENTO 5 STELLE","MARIA DOMENICA CASTELLONE","03/04/1975","VILLARICCA"
"CAMPANIA","CAMPANIA - P01","MOVIMENTO 5 STELLE","LUIGI NAVE","13/05/1970","VILLARICCA"
"CAMPANIA","CAMPANIA - P01","MOVIMENTO 5 STELLE","VINCENZA ALOISIO","15/12/1946","MURO LUCANO"
"CAMPANIA","CAMPANIA - P01","MOVIMENTO 5 STELLE","ORFEO MAZZELLA","30/09/1965","CERCOLA"
"CAMPANIA","CAMPANIA - P01","FORZA ITALIA","SILVIO BERLUSCONI","29/09/1936","MILANO"
"CAMPANIA","CAMPANIA - P01","FORZA ITALIA","ANNA MARIA BERNINI","17/08/1965","BOLOGNA"
"CAMPANIA","CAMPANIA - P01","FORZA ITALIA","FRANCESCO SILVESTRO","22/10/1971","ARZANO (NA)"
"CAMPANIA","CAMPANIA - P01","FORZA ITALIA","GIULIANA FRANCIOSA","03/12/1975","AVELLINO"
"CAMPANIA","CAMPANIA - P01","LEGA PER SALVINI PREMIER","GIUSEPPINA CASTIELLO","30/01/1971","AFRAGOLA (NA)"
"CAMPANIA","CAMPANIA - P01","LEGA PER SALVINI PREMIER","VINCENZO PEPE","03/02/1958","TORCHIARA (SA)"
"CAMPANIA","CAMPANIA - P01","LEGA PER SALVINI PREMIER","ANGELA RUSSO","27/11/1971","NAPOLI"
"CAMPANIA","CAMPANIA - P01","LEGA PER SALVINI PREMIER","DOMENICO BELLOBUONO","14/08/1973","NOLA (NA)"
"CAMPANIA","CAMPANIA - P01","FRATELLI D'ITALIA CON GIORGIA MELONI","MARCELLO PERA","28/01/1943","LUCCA"
"CAMPANIA","CAMPANIA - P01","FRATELLI D'ITALIA CON GIORGIA MELONI","GIOVANNA PETRENGA","06/07/1956","CASAL DI PRINCIPE (CE)"
"CAMPANIA","CAMPANIA - P01","FRATELLI D'ITALIA CON GIORGIA MELONI","SERGIO RASTRELLI","17/01/1966","NAPOLI"
"CAMPANIA","CAMPANIA - P01","FRATELLI D'ITALIA CON GIORGIA MELONI","GABRIELLA PELUSO","24/02/1974","NAPOLI"
"CAMPANIA","CAMPANIA - P01","NOI MODERATI/LUPI - TOTI - BRUGNARO - UDC","ANTONIO DELL'AQUILA","04/10/1964","GIUGLIANO IN CAMPANIA (CE)"
"CAMPANIA","CAMPANIA - P01","NOI MODERATI/LUPI - TOTI - BRUGNARO - UDC","MARIANNA QUARANTA","08/04/1972","NAPOLI"
"CAMPANIA","CAMPANIA - P01","NOI MODERATI/LUPI - TOTI - BRUGNARO - UDC","SALVATORE ARIONTE","19/06/1950","POZZUOLI  (NA)"
"CAMPANIA","CAMPANIA - P01","NOI MODERATI/LUPI - TOTI - BRUGNARO - UDC","ANNALISA  IACCARINO","03/06/1978","LACCO AMENO (NA)"
"CAMPANIA","CAMPANIA - P01","MASTELLA NOI DI CENTRO EUROPEISTI","MARIA GRAZIA CAMMAROTA","04/05/1962","VALLO DELLA LUCANIA (SA)"
"CAMPANIA","CAMPANIA - P01","MASTELLA NOI DI CENTRO EUROPEISTI","GIOVANNI GALANO","16/02/1969","NAPOLI"
"CAMPANIA","CAMPANIA - P01","MASTELLA NOI DI CENTRO EUROPEISTI","STEFANIA ROSSI","30/12/1974","NAPOLI"
"CAMPANIA","CAMPANIA - P01","MASTELLA NOI DI CENTRO EUROPEISTI","OSVALDO CIRIELLO","03/05/1973","AVELLINO"
"CAMPANIA","CAMPANIA - P01","AZIONE - ITALIA VIVA - CALENDA","MATTEO RENZI","11/01/1975","FIRENZE"
"CAMPANIA","CAMPANIA - P01","AZIONE - ITALIA VIVA - CALENDA","MARIASTELLA GELMINI","01/07/1973","LENO"
"CAMPANIA","CAMPANIA - P01","AZIONE - ITALIA VIVA - CALENDA","PAOLO RUSSO","22/01/1960","MARIGLIANO (NA)"
"CAMPANIA","CAMPANIA - P01","AZIONE - ITALIA VIVA - CALENDA","LUISA LIGUORO","22/10/1970","NAPOLI"
"CAMPANIA","CAMPANIA - P02","UNIONE POPOLARE CON DE MAGISTRIS","GABRIELLA LUISE","14/04/1975","NAPOLI"
"CAMPANIA","CAMPANIA - P02","UNIONE POPOLARE CON DE MAGISTRIS","MASSIMILIANO TRESCA","15/08/1973","RHO"
"CAMPANIA","CAMPANIA - P02","UNIONE POPOLARE CON DE MAGISTRIS","GIULIA PEDOTO","09/07/1970","BENEVENTO"
"CAMPANIA","CAMPANIA - P02","UNIONE POPOLARE CON DE MAGISTRIS","PIO ANTONIO DE FELICE","03/04/1952","POTENZA"
"CAMPANIA","CAMPANIA - P02"," +EUROPA","BRUNO GAMBARDELLA","22/12/1968","AVELLINO"
"CAMPANIA","CAMPANIA - P02"," +EUROPA","DRUSILLA DE NICOLA","18/08/1961","MADDALLONI (CE)"
"CAMPANIA","CAMPANIA - P02"," +EUROPA","VINCENZO PASTENA","02/12/1971","NAPOLI"
"CAMPANIA","CAMPANIA - P02"," +EUROPA","VALENTINA COSIMATI","03/08/1974","ROMA"
"CAMPANIA","CAMPANIA - P02","ALLEANZA VERDI E SINISTRA","AMALIO SANTORO","15/08/1961","CASTELFRANCI (BN)"
"CAMPANIA","CAMPANIA - P02","ALLEANZA VERDI E SINISTRA","ANNA MARIA NADDEO","10/02/1958","SALERNO "
"CAMPANIA","CAMPANIA - P02","ALLEANZA VERDI E SINISTRA","ANTONIO EMILIO CAGGIANO","09/10/1964","MIRABELLA ECLANO (AV)"
"CAMPANIA","CAMPANIA - P02","ALLEANZA VERDI E SINISTRA","MARIA PIA PASOLINI","07/06/1966","NAPOLI"
"CAMPANIA","CAMPANIA - P02","IMPEGNO CIVICO LUIGI DI MAIO - CENTRO DEMOCRATICO","ANTONIETTA MARGHERITA REBUFFONI","08/11/1960","CERVENO (BS)"
"CAMPANIA","CAMPANIA - P02","IMPEGNO CIVICO LUIGI DI MAIO - CENTRO DEMOCRATICO","GAETANO GIUDICE","19/05/1968","NAPOLI"
"CAMPANIA","CAMPANIA - P02","IMPEGNO CIVICO LUIGI DI MAIO - CENTRO DEMOCRATICO","RAMONA MIRELA ILAU","12/07/1979","BRAILA (ROMANIA)"
"CAMPANIA","CAMPANIA - P02","IMPEGNO CIVICO LUIGI DI MAIO - CENTRO DEMOCRATICO","NICOLA GRIMALDI","20/11/1980","AVERSA (CE)"
"CAMPANIA","CAMPANIA - P02","PARTITO DEMOCRATICO - ITALIA DEMOCRATICA E PROGRESSISTA","SUSANNA LINA GIULIA CAMUSSO","14/08/1955","MILANO"
"CAMPANIA","CAMPANIA - P02","PARTITO DEMOCRATICO - ITALIA DEMOCRATICA E PROGRESSISTA","GIANFRANCO VALIANTE","14/01/1955","SALERNO "
"CAMPANIA","CAMPANIA - P02","PARTITO DEMOCRATICO - ITALIA DEMOCRATICA E PROGRESSISTA","EVA AVOSSA","16/05/1952","SALERNO"
"CAMPANIA","CAMPANIA - P02","PARTITO DEMOCRATICO - ITALIA DEMOCRATICA E PROGRESSISTA","ANDREA BOCCAGNA","28/01/1952","CAPODRISE (CE)"
"CAMPANIA","CAMPANIA - P02","ITALEXIT PER L'ITALIA","NUNZIA ALESSANDRA SCHILIRO'","02/01/1978","CATANIA"
"CAMPANIA","CAMPANIA - P02","ITALEXIT PER L'ITALIA","NICOLA MASSIMO","06/10/1969","NAPOLI"
"CAMPANIA","CAMPANIA - P02","ITALEXIT PER L'ITALIA","ANGELA NITTOLO","04/01/1971","VIBO VALENTIA"
"CAMPANIA","CAMPANIA - P02","ITALEXIT PER L'ITALIA","LUIGI MALFETANO","23/05/1972","AFFOLTERN AM ALBIS (SVIZZERA)"
"CAMPANIA","CAMPANIA - P02","MOVIMENTO 5 STELLE","STEFANO PATUANELLI","08/06/1974","TRIESTE"
"CAMPANIA","CAMPANIA - P02","MOVIMENTO 5 STELLE","ANNA BILOTTI","15/06/1982","BATTIPAGLIA (SA)"
"CAMPANIA","CAMPANIA - P02","MOVIMENTO 5 STELLE","FRANCESCO CASTIELLO","13/10/1942","VALLO DELLA LUCANIA (SA)"
"CAMPANIA","CAMPANIA - P02","MOVIMENTO 5 STELLE","FELICIA GAUDIANO","09/01/1966","ALBANELLA (SA)"
"CAMPANIA","CAMPANIA - P02","FORZA ITALIA","ANNA MARIA BERNINI","17/08/1965","BOLOGNA"
"CAMPANIA","CAMPANIA - P02","FORZA ITALIA","FRANCESCO SILVESTRO","22/10/1971","ARZANO (NA)"
"CAMPANIA","CAMPANIA - P02","FORZA ITALIA","GIULIANA FRANCIOSA","03/12/1975","AVELLINO"
"CAMPANIA","CAMPANIA - P02","FORZA ITALIA","CARMINE DE ANGELIS","07/05/1978","AVELLINO"
"CAMPANIA","CAMPANIA - P02","LEGA PER SALVINI PREMIER","GIANLUCA CANTALAMESSA","02/02/1968","NAPOLI"
"CAMPANIA","CAMPANIA - P02","LEGA PER SALVINI PREMIER","MARIA ELENA IAVERONE","04/12/1971","BENEVENTO"
"CAMPANIA","CAMPANIA - P02","LEGA PER SALVINI PREMIER","ALBERTO MIGNONE","30/07/1961","SAN LEUCIO DEL SANNIO (BN)"
"CAMPANIA","CAMPANIA - P02","LEGA PER SALVINI PREMIER","ELENA ANNA GERARDO","01/04/1975","ALFANO  (SA)"
"CAMPANIA","CAMPANIA - P02","FRATELLI D'ITALIA CON GIORGIA MELONI","GIOVANNA PETRENGA","06/07/1956","CASAL DI PRINCIPE (CE)"
"CAMPANIA","CAMPANIA - P02","FRATELLI D'ITALIA CON GIORGIA MELONI","DOMENICO MATERA","19/05/1965","BENEVENTO"
"CAMPANIA","CAMPANIA - P02","FRATELLI D'ITALIA CON GIORGIA MELONI","ELENA SCARLATO","21/07/1966","SANT'EGIDIO DEL MONTE ALBINO (SA)"
"CAMPANIA","CAMPANIA - P02","FRATELLI D'ITALIA CON GIORGIA MELONI","GIUSEPPE FABBRICATORE","03/09/1967","NOCERA INFERIORE (SA)"
"CAMPANIA","CAMPANIA - P02","NOI MODERATI/LUPI - TOTI - BRUGNARO - UDC","ANNALISA IACCARINO","03/06/1978","LACCO AMENO (NA)"
"CAMPANIA","CAMPANIA - P02","NOI MODERATI/LUPI - TOTI - BRUGNARO - UDC","GIUSEPPE LA BROCCA","10/12/1951","EBOLI (SA)"
"CAMPANIA","CAMPANIA - P02","NOI MODERATI/LUPI - TOTI - BRUGNARO - UDC","MARIANNA QUARANTA","08/04/1972","NAPOLI"
"CAMPANIA","CAMPANIA - P02","NOI MODERATI/LUPI - TOTI - BRUGNARO - UDC","LUIGI CERRUTI","28/02/1976","ROMA"
"CAMPANIA","CAMPANIA - P02","MASTELLA NOI DI CENTRO EUROPEISTI","LUIGI ABBATE","25/09/1959","BENEVENTO "
"CAMPANIA","CAMPANIA - P02","MASTELLA NOI DI CENTRO EUROPEISTI","CARMELA COPPOLA","18/03/1964","BENEVENTO"
"CAMPANIA","CAMPANIA - P02","MASTELLA NOI DI CENTRO EUROPEISTI","POMPILIO FORGIONE","07/05/1953","SOLOPACA (BN)"
"CAMPANIA","CAMPANIA - P02","MASTELLA NOI DI CENTRO EUROPEISTI","MARIA CIROCCO","25/11/1963","BENEVENTO"
"CAMPANIA","CAMPANIA - P02","AZIONE - ITALIA VIVA - CALENDA","STEFANIA MODESTINO","05/01/1958","NAPOLI"
"CAMPANIA","CAMPANIA - P02","AZIONE - ITALIA VIVA - CALENDA","GIUSEPPE IZZO DETTO BEPY","25/06/1973","CASERTA"
"CAMPANIA","CAMPANIA - P02","AZIONE - ITALIA VIVA - CALENDA","MARIA ROSA SESSA DETTA ROSSELLA","15/10/1973","SALERNO"
"CAMPANIA","CAMPANIA - P02","AZIONE - ITALIA VIVA - CALENDA","DOMENICO GAMBACORTA","18/04/1961","AVELLINO"
"PUGLIA","PUGLIA - P01","FRATELLI D'ITALIA CON GIORGIA MELONI","GIOVANBATTISTA FAZZOLARI","24/02/1972","MESSINA"
"PUGLIA","PUGLIA - P01","FRATELLI D'ITALIA CON GIORGIA MELONI","ISABELLA RAUTI","17/11/1962","ROMA"
"PUGLIA","PUGLIA - P01","FRATELLI D'ITALIA CON GIORGIA MELONI","IGNAZIO ZULLO","20/08/1959","CASSANO DELLE MURGE "
"PUGLIA","PUGLIA - P01","FRATELLI D'ITALIA CON GIORGIA MELONI","STELLA  MELE","24/03/1982","BARLETTA"
"PUGLIA","PUGLIA - P01","NOI MODERATI/LUPI - TOTI - BRUGNARO - UDC","LUIGI MORGANTE","24/03/1972","MANDURIA"
"PUGLIA","PUGLIA - P01","NOI MODERATI/LUPI - TOTI - BRUGNARO - UDC","ANGELA PENNETTI","03/10/1960","MONOPOLI"
"PUGLIA","PUGLIA - P01","NOI MODERATI/LUPI - TOTI - BRUGNARO - UDC","UMBERTO CANDELA","16/08/1962","FOGGIA"
"PUGLIA","PUGLIA - P01","NOI MODERATI/LUPI - TOTI - BRUGNARO - UDC","TIZIANA DE FEO","26/08/1972","BARLETTA"
"PUGLIA","PUGLIA - P01","LEGA PER SALVINI PREMIER","MATTEO SALVINI","09/03/1973","MILANO"
"PUGLIA","PUGLIA - P01","LEGA PER SALVINI PREMIER","ANNA RITA TATEO","28/07/1975","BARI"
"PUGLIA","PUGLIA - P01","LEGA PER SALVINI PREMIER","COSIMO MICCOLI","01/07/1970","SQUINZANO"
"PUGLIA","PUGLIA - P01","LEGA PER SALVINI PREMIER","FRANCESCA LUBELLI","20/09/1978","LECCE"
"PUGLIA","PUGLIA - P01","FORZA ITALIA","LICIA RONZULLI","14/09/1975","MILANO"
"PUGLIA","PUGLIA - P01","FORZA ITALIA","DARIO DAMIANI","21/06/1974","BARLETTA"
"PUGLIA","PUGLIA - P01","FORZA ITALIA","LAURA DE MOLA","26/01/1970","FASANO"
"PUGLIA","PUGLIA - P01","FORZA ITALIA","MARIO ANTONIO CIARAMBINO","19/07/1962","FOGGIA"
"PUGLIA","PUGLIA - P01","AZIONE - ITALIA VIVA - CALENDA","TERESA BELLANOVA","17/08/1958","CEGLIE MESSAPICA"
"PUGLIA","PUGLIA - P01","AZIONE - ITALIA VIVA - CALENDA","NUNZIO ANGIOLA","29/01/1969","TARANTO"
"PUGLIA","PUGLIA - P01","AZIONE - ITALIA VIVA - CALENDA","NUNZIA CINONE","02/12/1971","BARI"
"PUGLIA","PUGLIA - P01","AZIONE - ITALIA VIVA - CALENDA","LORENZO FRATTAROLO","31/07/1976","FOGGIA"
"PUGLIA","PUGLIA - P01","UNIONE POPOLARE CON DE MAGISTRIS","ANGELO LEO","25/01/1955","CEGLIE MESSAPICA"
"PUGLIA","PUGLIA - P01","UNIONE POPOLARE CON DE MAGISTRIS","ELENA INCORONATA PALLARA","30/11/1975","SAN GIOVANNI ROTONDO"
"PUGLIA","PUGLIA - P01","UNIONE POPOLARE CON DE MAGISTRIS","MICHELE LADISA","14/09/1953","BARI"
"PUGLIA","PUGLIA - P01","UNIONE POPOLARE CON DE MAGISTRIS","PATRIZIA ANGELA ROMANA CARLUCCI","23/03/1961","MOLFETTA"
"PUGLIA","PUGLIA - P01","MOVIMENTO 5 STELLE","MARIO TURCO","14/06/1968","TARANTO"
"PUGLIA","PUGLIA - P01","MOVIMENTO 5 STELLE","GISELLA NATURALE","03/06/1969","SAN GIOVANNI ROTONDO"
"PUGLIA","PUGLIA - P01","MOVIMENTO 5 STELLE","ANTONIO SALVATORE TREVISI","26/01/1976","COPERTINO"
"PUGLIA","PUGLIA - P01","MOVIMENTO 5 STELLE","MARIA LORUSSO","26/05/1980","ALTAMURA"
"PUGLIA","PUGLIA - P01","ITALEXIT PER L'ITALIA","RAFFAELE CESARIO","29/09/1974","BRINDISI"
"PUGLIA","PUGLIA - P01","ITALEXIT PER L'ITALIA","CAMILLA CAMPANELLA","12/03/1977","ACQUAVIVA DELLE FONTI"
"PUGLIA","PUGLIA - P01","ITALEXIT PER L'ITALIA","MASSIMO GARRUTO","02/03/1973","FOGGIA"
"PUGLIA","PUGLIA - P01","ITALEXIT PER L'ITALIA","MICHELA DISTRATIS","02/12/1981","MANDURIA"
"PUGLIA","PUGLIA - P01"," +EUROPA","GIUSEPPE MARIO TOMASELLI","05/03/1963","CANOSA DI PUGLIA"
"PUGLIA","PUGLIA - P01"," +EUROPA","MARIA ROSARIA NICOLETTA LARIZZA","14/05/1961","MOLFETTA"
"PUGLIA","PUGLIA - P01"," +EUROPA","BRUNO GAMBARDELLA","22/12/1968","AVELLINO"
"PUGLIA","PUGLIA - P01"," +EUROPA","MONICA BRACCO","25/08/1977","PALERMO"
"PUGLIA","PUGLIA - P01","PARTITO DEMOCRATICO - ITALIA DEMOCRATICA E PROGRESSISTA","FRANCESCO BOCCIA","18/03/1968","BISCEGLIE"
"PUGLIA","PUGLIA - P01","PARTITO DEMOCRATICO - ITALIA DEMOCRATICA E PROGRESSISTA","VALERIA VALENTE","16/09/1976","NAPOLI"
"PUGLIA","PUGLIA - P01","PARTITO DEMOCRATICO - ITALIA DEMOCRATICA E PROGRESSISTA","ANTONIO MISIANI","04/09/1968","BERGAMO"
"PUGLIA","PUGLIA - P01","PARTITO DEMOCRATICO - ITALIA DEMOCRATICA E PROGRESSISTA","LOREDANA CAPONE","14/02/1964","LECCE"
"PUGLIA","PUGLIA - P01","IMPEGNO CIVICO LUIGI DI MAIO - CENTRO DEMOCRATICO","ANTONIETTA MARGHERITA REBUFFONI","08/11/1960","CERVENO (BS)"
"PUGLIA","PUGLIA - P01","IMPEGNO CIVICO LUIGI DI MAIO - CENTRO DEMOCRATICO","ANGELO BRAMATO","04/03/1981","POGGIARDO"
"PUGLIA","PUGLIA - P01","IMPEGNO CIVICO LUIGI DI MAIO - CENTRO DEMOCRATICO","CINZIA LEONE","24/10/1976","PALERMO"
"PUGLIA","PUGLIA - P01","IMPEGNO CIVICO LUIGI DI MAIO - CENTRO DEMOCRATICO","VINCENZO PRESUTTO","14/01/1967","NAPOLI"
"PUGLIA","PUGLIA - P01","ALLEANZA VERDI E SINISTRA","ILARIA CUCCHI","22/06/1974","ROMA"
"PUGLIA","PUGLIA - P01","ALLEANZA VERDI E SINISTRA","DOMENICO CAPORUSSO DETTO MIMMO","25/11/1967","BARLETTA"
"PUGLIA","PUGLIA - P01","ALLEANZA VERDI E SINISTRA","CATERINA MARINI","10/07/1974","FASANO"
"PUGLIA","PUGLIA - P01","ALLEANZA VERDI E SINISTRA","VINCENZO PUZZOVIO","28/04/1956","MAGLIE"
"PUGLIA","PUGLIA - P01","SUD CHIAMA NORD","LUCIA PARTIPILO","13/07/1976","BARI"
"PUGLIA","PUGLIA - P01","SUD CHIAMA NORD","GIUSEPPE MONTALTO","29/04/1979","TRIGGIANO"
"PUGLIA","PUGLIA - P01","SUD CHIAMA NORD","DEBORA GRAZIANO","02/10/1969","CIVITAVECCHIA"
"PUGLIA","PUGLIA - P01","SUD CHIAMA NORD","GUGLIELMO CARTIA","26/01/1972","SCICLI"
"PUGLIA","PUGLIA - P01","PARTITO COMUNISTA ITALIANO","ADA DONNO","28/12/1947","SURBO"
"PUGLIA","PUGLIA - P01","PARTITO COMUNISTA ITALIANO","GABRIELE ANNESE","24/10/1979","MOLA DI BARI"
"PUGLIA","PUGLIA - P01","PARTITO COMUNISTA ITALIANO","CRISTINA DE VITA","24/06/1970","TARANTO"
"PUGLIA","PUGLIA - P01","PARTITO COMUNISTA ITALIANO","VINCENZO SINISI","16/05/1973","ANDRIA"
"PUGLIA","PUGLIA - P01","VITA","STEFANO MONTANARI","07/06/1949","BOLOGNA"
"PUGLIA","PUGLIA - P01","VITA","GIOVANNA SPINELLI","17/11/1952","LIZZANO"
"PUGLIA","PUGLIA - P01","VITA","GIANCARLO VINCITORIO","05/04/1970","BRINDISI"
"PUGLIA","PUGLIA - P01","VITA","PAOLA  ANGELA PATERA","04/05/1971","NARDO'"
"PUGLIA","PUGLIA - P01","ITALIA SOVRANA E POPOLARE","PALMO ANTONINO MOSAICO","14/04/1957","CAROVIGNO"
"PUGLIA","PUGLIA - P01","ITALIA SOVRANA E POPOLARE","ELISA MELCHIORRE","17/07/1977","CITTA' DELLA PIEVE"
"PUGLIA","PUGLIA - P01","ITALIA SOVRANA E POPOLARE","ANTONIO CATUCCI ","20/04/1964","PALAGIANO"
"PUGLIA","PUGLIA - P01","ITALIA SOVRANA E POPOLARE","ANGELA IUDICI","04/02/1956","MARTINA FRANCA"
"PUGLIA","PUGLIA - P01","ALTERNATIVA PER L'ITALIA - NO GREEN PASS","LUCIANELLA PRESTA","05/07/1968","SAN PIETRO VERNOTICO (BR)"
"PUGLIA","PUGLIA - P01","ALTERNATIVA PER L'ITALIA - NO GREEN PASS","BIAGIO CANTATORE","03/05/1967","RUVO DI PUGLIA"
"PUGLIA","PUGLIA - P01","ALTERNATIVA PER L'ITALIA - NO GREEN PASS","PASQUALINA IMPERIALE","10/08/1966","NEVIANO"
"PUGLIA","PUGLIA - P01","ALTERNATIVA PER L'ITALIA - NO GREEN PASS","ALESSANDRO GENTILE","22/09/1973","TARANTO"
"BASILICATA","BASILICATA - P01","PARTITO DEMOCRATICO - ITALIA DEMOCRATICA E PROGRESSISTA","VITO DE FILIPPO","27/08/1963","SANT'ARCANGELO (PZ)"
"BASILICATA","BASILICATA - P01","PARTITO DEMOCRATICO - ITALIA DEMOCRATICA E PROGRESSISTA","MARIA TERESA PRESTERA","20/09/1972","SAN CHIRICO RAPARO (PZ)"
"BASILICATA","BASILICATA - P01","IMPEGNO CIVICO LUIGI DI MAIO - CENTRO DEMOCRATICO","LUCIANO CILLIS","13/07/1981","POTENZA (PZ)"
"BASILICATA","BASILICATA - P01","IMPEGNO CIVICO LUIGI DI MAIO - CENTRO DEMOCRATICO","LOREDANA RUSSO","07/03/1962","PALERMO"
"BASILICATA","BASILICATA - P01","ALLEANZA VERDI E SINISTRA","DOMENICO MANGIERI","04/05/1950","IRSINA (MT)"
"BASILICATA","BASILICATA - P01","ALLEANZA VERDI E SINISTRA","LIVIA CARELLA","21/04/1964","BALVANO (PZ)"
"BASILICATA","BASILICATA - P01"," +EUROPA","DOMENICO TARATUFOLO","17/10/1965","TARANTO (TA)"
"BASILICATA","BASILICATA - P01"," +EUROPA","ANTONELLA SQUILLACIOTI","13/06/1977","SENISE (PZ)"
"BASILICATA","BASILICATA - P01","PARTITO COMUNISTA ITALIANO","ADRIANA CARDILLICCHIO","21/09/1959","RIONERO IN VULTURE (PZ)"
"BASILICATA","BASILICATA - P01","PARTITO COMUNISTA ITALIANO","ANTONIO PALLOTTINO","08/02/1943","RIONERO IN VULTURE (PZ)"
"BASILICATA","BASILICATA - P01","LEGA PER SALVINI PREMIER","MATTEO SALVINI","09/03/1973","MILANO"
"BASILICATA","BASILICATA - P01","LEGA PER SALVINI PREMIER","STEFANIA POLESE","10/04/1975","POTENZA (PZ)"
"BASILICATA","BASILICATA - P01","FRATELLI D'ITALIA CON GIORGIA MELONI","GIANNI ROSA","27/03/1965","POTENZA (PZ)"
"BASILICATA","BASILICATA - P01","FRATELLI D'ITALIA CON GIORGIA MELONI","ANNAMARIA GUERRICCHIO","08/12/1974","MATERA (MT)"
"BASILICATA","BASILICATA - P01","NOI MODERATI/LUPI - TOTI - BRUGNARO - UDC","SALVATORE TITO DI MAGGIO","28/07/1960","BARCELLONA POZZO DI GOTTO (ME)"
"BASILICATA","BASILICATA - P01","NOI MODERATI/LUPI - TOTI - BRUGNARO - UDC","MARIA ANNA ROSA ASSUNTA CAMARDESE","04/01/1961","POTENZA (PZ)"
"BASILICATA","BASILICATA - P01","FORZA ITALIA","FRANCESCO PIRO","22/01/1976","LAGONEGRO (PZ)"
"BASILICATA","BASILICATA - P01","FORZA ITALIA","RAFFAELLA CALIA","24/02/1976","MATERA (MT)"
"BASILICATA","BASILICATA - P01","UNIONE POPOLARE CON DE MAGISTRIS","DANILO CARBONE","13/08/1965","MELFI (PZ)"
"BASILICATA","BASILICATA - P01","UNIONE POPOLARE CON DE MAGISTRIS","MARGHERITA COSSU","27/01/1977","MILANO (MI)"
"BASILICATA","BASILICATA - P01","AZIONE - ITALIA VIVA - CALENDA","MAURIZIO MARCELLO CLAUDIO PITTELLA","04/06/1962","LAURIA (PZ)"
"BASILICATA","BASILICATA - P01","AZIONE - ITALIA VIVA - CALENDA","ANTONIA MARIA FIDANZA","10/06/1968","OPPIDO LUCANO (PZ)"
"BASILICATA","BASILICATA - P01","ITALIA SOVRANA E POPOLARE","GIUSEPPE DI BELLO","02/01/1963","POTENZA (PZ)"
"BASILICATA","BASILICATA - P01","ITALIA SOVRANA E POPOLARE","ELVIRA DE PAOLA","08/10/1963","MONTECATINI TERME (PT)"
"BASILICATA","BASILICATA - P01","MOVIMENTO 5 STELLE","MARIO TURCO","14/06/1968","TARANTO"
"BASILICATA","BASILICATA - P01","MOVIMENTO 5 STELLE","AGNESE GALLICCHIO","16/08/1965","POTENZA (PZ)"
"BASILICATA","BASILICATA - P01","ITALEXIT PER L'ITALIA","ROBERTO ROBILOTTA","22/01/1967","POTENZA (PZ)"
"BASILICATA","BASILICATA - P01","ITALEXIT PER L'ITALIA","GIACINTA MONTEMURRO","06/02/1968","MATERA (MT)"
"BASILICATA","BASILICATA - P01","MASTELLA NOI DI CENTRO EUROPEISTI","SALVATORE DIBERNARDI","15/11/1966","ROTONDELLA (MT)"
"BASILICATA","BASILICATA - P01","MASTELLA NOI DI CENTRO EUROPEISTI","GIUSEPPINA NICOLETTI IN GIALDINO","22/12/1976","MATERA (MT)"
"CALABRIA","CALABRIA - P01","SUD CHIAMA NORD","ANTONINO BARTUCCIO","07/08/1967","REGGIO CALABRIA"
"CALABRIA","CALABRIA - P01","SUD CHIAMA NORD","ROSSELLA ANDOLFO","29/06/1980","MESSINA"
"CALABRIA","CALABRIA - P01","SUD CHIAMA NORD","CARMELO SATTA","17/06/1963","MESSINA"
"CALABRIA","CALABRIA - P01","SUD CHIAMA NORD","ROSALIA ANDRONACO","13/01/1981","MESSINA"
"CALABRIA","CALABRIA - P01","ITALEXIT PER L'ITALIA","RAFFAELE VENA","06/10/1971","COSENZA"
"CALABRIA","CALABRIA - P01","ITALEXIT PER L'ITALIA","ANTONIETTA IVANA STRANIERI","06/02/1965","SAMBIASE"
"CALABRIA","CALABRIA - P01","ITALEXIT PER L'ITALIA","FRANCESCO FABBIANO","06/11/1962","CROTONE"
"CALABRIA","CALABRIA - P01","ITALEXIT PER L'ITALIA","MAJA SCHIAVONE","06/12/1971","VIBO VALENTIA"
"CALABRIA","CALABRIA - P01","FORZA DEL POPOLO","MORENA DE LUCA","21/10/1975","COSENZA"
"CALABRIA","CALABRIA - P01","FORZA DEL POPOLO","ANTONIO GENNARO LA ROTONDA","05/07/1960","COSENZA"
"CALABRIA","CALABRIA - P01","VITA","MANUELA RADICIONI","31/08/1976","CASTROVILLARI"
"CALABRIA","CALABRIA - P01","VITA","GIOVANNI GIANNUZZI","19/03/1972","CASTROVILLARI"
"CALABRIA","CALABRIA - P01","ITALIA SOVRANA E POPOLARE","GIUSEPPE FRANCESCO MODAFFERI","02/04/1966","REGGIO CALABRIA"
"CALABRIA","CALABRIA - P01","ITALIA SOVRANA E POPOLARE","IMMACOLATA SCRUCI","19/08/1969","CROTONE"
"CALABRIA","CALABRIA - P01","ITALIA SOVRANA E POPOLARE","GIUSEPPE PULVIRENTI","19/05/1964","CROTONE"
"CALABRIA","CALABRIA - P01","ITALIA SOVRANA E POPOLARE","DENISE SERENA ALBANO","10/05/1981","REGGIO CALABRIA"
"CALABRIA","CALABRIA - P01","FRATELLI D'ITALIA CON GIORGIA MELONI","FAUSTO ORSOMARSO","18/08/1971","COSENZA"
"CALABRIA","CALABRIA - P01","FRATELLI D'ITALIA CON GIORGIA MELONI","GIOVANNA MARGHERITA CUSUMANO","24/06/1965","REGGIO CALABRIA"
"CALABRIA","CALABRIA - P01","FRATELLI D'ITALIA CON GIORGIA MELONI","PASQUALE LA GAMBA","27/07/1975","VIBO VALENTIA"
"CALABRIA","CALABRIA - P01","FRATELLI D'ITALIA CON GIORGIA MELONI","MARIA ADELE BOTTARO","29/07/1969","TORINO"
"CALABRIA","CALABRIA - P01","FORZA ITALIA","MARIO OCCHIUTO","06/01/1964","COSENZA"
"CALABRIA","CALABRIA - P01","FORZA ITALIA","MARIA TRIPODI","21/07/1982","MELITO DI PORTO SALVO"
"CALABRIA","CALABRIA - P01","FORZA ITALIA","GIACOMO PIETRO CRINO'","25/01/1980","MELITO DI PORTO SALVO"
"CALABRIA","CALABRIA - P01","FORZA ITALIA","CARMELA PEDA'","21/05/1976","TAURIANOVA"
"CALABRIA","CALABRIA - P01","LEGA PER SALVINI PREMIER","MATTEO SALVINI","09/03/1973","MILANO"
"CALABRIA","CALABRIA - P01","LEGA PER SALVINI PREMIER","CLOTILDE MINASI","24/07/1960","REGGIO CALABRIA"
"CALABRIA","CALABRIA - P01","LEGA PER SALVINI PREMIER","FAUSTO DE ANGELIS","12/08/1973","VIBO VALENTIA"
"CALABRIA","CALABRIA - P01","LEGA PER SALVINI PREMIER","CATERINA MARIA CAPPONI","29/05/1974","MELITO DI PORTO SALVO"
"CALABRIA","CALABRIA - P01","NOI MODERATI/LUPI - TOTI - BRUGNARO - UDC","FRANCESCO BEVILACQUA","21/10/1944","VIBO VALENTIA"
"CALABRIA","CALABRIA - P01","NOI MODERATI/LUPI - TOTI - BRUGNARO - UDC","ADELINA NESCI","18/04/1971","SAN LUCIDO"
"CALABRIA","CALABRIA - P01","NOI MODERATI/LUPI - TOTI - BRUGNARO - UDC","ORESTE GUALTIERI","25/05/1965","CROTONE"
"CALABRIA","CALABRIA - P01","NOI MODERATI/LUPI - TOTI - BRUGNARO - UDC","CATERINA  GARZANITI","25/05/1977","SIDERNO"
"CALABRIA","CALABRIA - P01","UNIONE POPOLARE CON DE MAGISTRIS","UGO VETERE","28/07/1969","BELVEDERE MARITTIMO"
"CALABRIA","CALABRIA - P01","UNIONE POPOLARE CON DE MAGISTRIS","ANNA TERESA GAGLIARDI","03/11/1980","COSENZA"
"CALABRIA","CALABRIA - P01","UNIONE POPOLARE CON DE MAGISTRIS","CARLO PETITTO","26/04/1971","CATANZARO"
"CALABRIA","CALABRIA - P01","UNIONE POPOLARE CON DE MAGISTRIS","SABRINA GATTO","03/12/1971","REGGIO CALABRIA"
"CALABRIA","CALABRIA - P01","PARTITO COMUNISTA ITALIANO","EDOARDO  CASTELLUCCI","16/10/1956","CELANO (AQ)"
"CALABRIA","CALABRIA - P01","PARTITO COMUNISTA ITALIANO","ROSA POLITANO'","03/04/1958","POLISTENA"
"CALABRIA","CALABRIA - P01","MASTELLA NOI DI CENTRO EUROPEISTI","VITA LENTINI","20/07/1957","PALERMO"
"CALABRIA","CALABRIA - P01","MASTELLA NOI DI CENTRO EUROPEISTI","DOMENICO PENDOLINO","02/01/1971","TORINO"
"CALABRIA","CALABRIA - P01","MASTELLA NOI DI CENTRO EUROPEISTI","ASSIA SODANO","22/11/1968","COSENZA"
"CALABRIA","CALABRIA - P01","MASTELLA NOI DI CENTRO EUROPEISTI","MARIO PUGLIESE","27/09/1961","CROTONE"
"CALABRIA","CALABRIA - P01","PARTITO ANIMALISTA - UCDL - 10 VOLTE MEGLIO","MARILENE BONAVITA","25/02/1961","REGGIO CALABRIA"
"CALABRIA","CALABRIA - P01","PARTITO ANIMALISTA - UCDL - 10 VOLTE MEGLIO","CARMELO CARLO CALLEGARI","28/10/1961","STALETTI'"
"CALABRIA","CALABRIA - P01"," +EUROPA","VALERIO FEDERICO","10/02/1967","VARESE"
"CALABRIA","CALABRIA - P01"," +EUROPA","VALENTINA COSIMATI","03/08/1974","ROMA"
"CALABRIA","CALABRIA - P01"," +EUROPA","ANTONIO CASELLA","16/09/1980","TAURIANOVA"
"CALABRIA","CALABRIA - P01","ALLEANZA VERDI E SINISTRA","ORLANDO AMODEO","27/05/1957","VERZINO"
"CALABRIA","CALABRIA - P01","ALLEANZA VERDI E SINISTRA","MARIA FRANCESCA LUCANTO","05/03/1954","PEDACE"
"CALABRIA","CALABRIA - P01","ALLEANZA VERDI E SINISTRA","GERARDO PONTECORVO","18/03/1955","REGGIO CALABRIA"
"CALABRIA","CALABRIA - P01","ALLEANZA VERDI E SINISTRA","FRANCESCA AGATA POLIMENI","22/02/1956","REGGIO CALABRIA"
"CALABRIA","CALABRIA - P01","IMPEGNO CIVICO LUIGI DI MAIO - CENTRO DEMOCRATICO","GIUSEPPE D'IPPOLITO","31/07/1958","NICASTRO"
"CALABRIA","CALABRIA - P01","IMPEGNO CIVICO LUIGI DI MAIO - CENTRO DEMOCRATICO","LOREDANA RUSSO","07/03/1962","PALERMO"
"CALABRIA","CALABRIA - P01","IMPEGNO CIVICO LUIGI DI MAIO - CENTRO DEMOCRATICO","SERGIO RIZZO","15/08/1952","CATANIA"
"CALABRIA","CALABRIA - P01","IMPEGNO CIVICO LUIGI DI MAIO - CENTRO DEMOCRATICO","RAMONA MIRELA ILAU","12/07/1979","BRAILA (ROMANIA)"
"CALABRIA","CALABRIA - P01","PARTITO DEMOCRATICO - ITALIA DEMOCRATICA E PROGRESSISTA","NICOLA IRTO","05/01/1982","REGGIO CALABRIA"
"CALABRIA","CALABRIA - P01","PARTITO DEMOCRATICO - ITALIA DEMOCRATICA E PROGRESSISTA","CAROLINA GIRASOLE","10/07/1963","ISOLA DI CAPO RIZZUTO"
"CALABRIA","CALABRIA - P01","PARTITO DEMOCRATICO - ITALIA DEMOCRATICA E PROGRESSISTA","ITALO REALE","02/05/1954","NICASTRO"
"CALABRIA","CALABRIA - P01","PARTITO DEMOCRATICO - ITALIA DEMOCRATICA E PROGRESSISTA","MARIA TERESA ESPOSITO","20/10/1963","VENTIMIGLIA"
"CALABRIA","CALABRIA - P01","ALTERNATIVA PER L'ITALIA - NO GREEN PASS","VINCENZO CHIARAMONTE","23/06/1967","SARACENA"
"CALABRIA","CALABRIA - P01","ALTERNATIVA PER L'ITALIA - NO GREEN PASS","ADRIANA RAMUNDO","24/03/1975","FUSCALDO"
"CALABRIA","CALABRIA - P01","ALTERNATIVA PER L'ITALIA - NO GREEN PASS","GIUSEPPE ARENA","31/10/1962","ROMBIOLO"
"CALABRIA","CALABRIA - P01","ALTERNATIVA PER L'ITALIA - NO GREEN PASS","ANTONELLA PERISSINOTTI BISONI","13/07/1954","REGGIO CALABRIA"
"CALABRIA","CALABRIA - P01","MOVIMENTO 5 STELLE","ROBERTO MARIA FERDINANDO  SCARPINATO","14/01/1952","CALTANISSETTA"
"CALABRIA","CALABRIA - P01","MOVIMENTO 5 STELLE","ELISABETTA MARIA BARBUTO","14/07/1957","FIRENZE"
"CALABRIA","CALABRIA - P01","MOVIMENTO 5 STELLE","GIUSEPPE AUDDINO","26/04/1971","POLISTENA"
"CALABRIA","CALABRIA - P01","MOVIMENTO 5 STELLE","TERESA SICOLI","19/01/1968","AMANTEA"
"CALABRIA","CALABRIA - P01","AZIONE - ITALIA VIVA - CALENDA","FABIO SCIONTI","18/07/1971","TAURIANOVA"
"CALABRIA","CALABRIA - P01","AZIONE - ITALIA VIVA - CALENDA","DANIELA FLAVIA VENTURA","11/02/1963","ISOLA DI CAPO RIZZUTO"
"CALABRIA","CALABRIA - P01","AZIONE - ITALIA VIVA - CALENDA","GIOVANNI PARISI","04/05/1964","CATANZARO"
"CALABRIA","CALABRIA - P01","AZIONE - ITALIA VIVA - CALENDA","DANIELA  ROTELLA","22/06/1971","CATANZARO"
"SICILIA","SICILIA - P01","LEGA PER SALVINI PREMIER","GIULIA BONGIORNO","22/03/1966","PALERMO"
"SICILIA","SICILIA - P01","LEGA PER SALVINI PREMIER","GIROLAMO TURANO DETTO MIMMO","17/10/1965","ALCAMO"
"SICILIA","SICILIA - P01","LEGA PER SALVINI PREMIER","MARIA CONCETTA HOPPS","23/02/1974","PALERMO"
"SICILIA","SICILIA - P01","LEGA PER SALVINI PREMIER","FRANCESCO DI GIORGIO","11/03/1966","PALERMO"
"SICILIA","SICILIA - P01","FRATELLI D'ITALIA CON GIORGIA MELONI","CARMELA BUCALO","27/06/1963","BARCELLONA POZZO DI GOTTO"
"SICILIA","SICILIA - P01","FRATELLI D'ITALIA CON GIORGIA MELONI","FRANCESCO PAOLO SCARPINATO","06/11/1973","PALERMO"
"SICILIA","SICILIA - P01","FRATELLI D'ITALIA CON GIORGIA MELONI","GIOVANNA PETRENGA","06/07/1956","CASAL DI PRINCIPE (CE)"
"SICILIA","SICILIA - P01","FRATELLI D'ITALIA CON GIORGIA MELONI","MARIO FLUGY RAVETTO","08/11/1959","PALERMO"
"SICILIA","SICILIA - P01","NOI MODERATI/LUPI - TOTI - BRUGNARO - UDC","MARIA GIUSEPPA CASTIGLIONE","10/11/1955","SAN VITO LO CAPO (TP)"
"SICILIA","SICILIA - P01","NOI MODERATI/LUPI - TOTI - BRUGNARO - UDC","SILVANO BONANNO","26/10/1950","MAZARA DEL VALLO"
"SICILIA","SICILIA - P01","NOI MODERATI/LUPI - TOTI - BRUGNARO - UDC","GABRIELLA CAPIZZI","07/04/1973","ENNA"
"SICILIA","SICILIA - P01","NOI MODERATI/LUPI - TOTI - BRUGNARO - UDC","DOMENICO INCARDONA","25/05/1951","AGRIGENTO"
"SICILIA","SICILIA - P01","FORZA ITALIA","GIOVANNI MICCICHE'","01/04/1954","PALERMO"
"SICILIA","SICILIA - P01","FORZA ITALIA","DANIELA  TERNULLO","09/05/1975","SIRACUSA"
"SICILIA","SICILIA - P01","FORZA ITALIA","NICOLA LI CAUSI","27/06/1975","CATANIA"
"SICILIA","SICILIA - P01","FORZA ITALIA","ROSALIA PENNINO","26/04/1978","PALERMO"
"SICILIA","SICILIA - P01","MOVIMENTO 5 STELLE","ROBERTO MARIA FERDINANDO  SCARPINATO","14/01/1952","CALTANISSETTA"
"SICILIA","SICILIA - P01","MOVIMENTO 5 STELLE","CONCETTA DAMANTE","05/02/1972","GELA"
"SICILIA","SICILIA - P01","MOVIMENTO 5 STELLE","PIETRO LOREFICE","18/07/1967","GELA"
"SICILIA","SICILIA - P01","MOVIMENTO 5 STELLE","MARIA BELLAVIA","27/10/1965","AGRIGENTO"
"SICILIA","SICILIA - P01","ALLEANZA VERDI E SINISTRA","MASSIMO FUNDAR?","09/04/1958","ALCAMO"
"SICILIA","SICILIA - P01","ALLEANZA VERDI E SINISTRA","GIUSEPPA BARBERA DETTA RITA","22/03/1954","PALERMO"
"SICILIA","SICILIA - P01","ALLEANZA VERDI E SINISTRA","FABIO RUVOLO","21/06/1977","CALTANISSETTA"
"SICILIA","SICILIA - P01","ALLEANZA VERDI E SINISTRA","ANGELA MARINO","06/06/1962","MAZARA DEL VALLO"
"SICILIA","SICILIA - P01"," +EUROPA","SALVATORE FORELLO","31/07/1976","PALERMO"
"SICILIA","SICILIA - P01"," +EUROPA","MANUELA QUADRANTE","07/05/1980","PALERMO"
"SICILIA","SICILIA - P01"," +EUROPA","GIUSEPPE VALENTI","15/06/1955","PALERMO"
"SICILIA","SICILIA - P01"," +EUROPA","MONICA BRACCO","25/08/1977","PALERMO"
"SICILIA","SICILIA - P01","PARTITO DEMOCRATICO - ITALIA DEMOCRATICA E PROGRESSISTA","ANNAMARIA FURLAN","24/04/1958","GENOVA"
"SICILIA","SICILIA - P01","PARTITO DEMOCRATICO - ITALIA DEMOCRATICA E PROGRESSISTA","ROSARIO FILORAMO","03/06/1963","PALERMO"
"SICILIA","SICILIA - P01","PARTITO DEMOCRATICO - ITALIA DEMOCRATICA E PROGRESSISTA","ADRIANA PALMERI","31/12/1958","CARBONIA (CA)"
"SICILIA","SICILIA - P01","PARTITO DEMOCRATICO - ITALIA DEMOCRATICA E PROGRESSISTA","GANDOLFO LIBRIZZI","09/01/1964","POLIZZI GENEROSA "
"SICILIA","SICILIA - P01","IMPEGNO CIVICO LUIGI DI MAIO - CENTRO DEMOCRATICO","LOREDANA RUSSO","07/03/1962","PALERMO"
"SICILIA","SICILIA - P01","IMPEGNO CIVICO LUIGI DI MAIO - CENTRO DEMOCRATICO","FABRIZIO TRENTACOSTE ","25/02/1975","PALERMO"
"SICILIA","SICILIA - P01","IMPEGNO CIVICO LUIGI DI MAIO - CENTRO DEMOCRATICO","CINZIA LEONE","24/10/1976","PALERMO"
"SICILIA","SICILIA - P01","IMPEGNO CIVICO LUIGI DI MAIO - CENTRO DEMOCRATICO","SERGIO VACCARO","20/06/1974","NAPOLI"
"SICILIA","SICILIA - P01","AZIONE - ITALIA VIVA - CALENDA","CARLO CALENDA","09/04/1973","ROMA"
"SICILIA","SICILIA - P01","AZIONE - ITALIA VIVA - CALENDA","TERESA BELLANOVA","17/08/1958","CEGLIE MESSAPICA"
"SICILIA","SICILIA - P01","AZIONE - ITALIA VIVA - CALENDA","GIANCARLO GAROZZO","04/03/1977","SIRACUSA"
"SICILIA","SICILIA - P01","AZIONE - ITALIA VIVA - CALENDA","CONCETTA DI PASQUALE","30/09/1962","PALERMO"
"SICILIA","SICILIA - P01","SUD CHIAMA NORD","DAFNE MUSOLINO","04/12/1974","MESSINA"
"SICILIA","SICILIA - P01","SUD CHIAMA NORD","CARMELO SATTA","17/06/1963","MESSINA"
"SICILIA","SICILIA - P01","SUD CHIAMA NORD","ANNALISA MIANO","05/04/1982","MESSINA"
"SICILIA","SICILIA - P01","SUD CHIAMA NORD","LUIGI CINO","19/07/1964","CAMPOREALE"
"SICILIA","SICILIA - P01","UNIONE POPOLARE CON DE MAGISTRIS","ALESSANDRA CONTINO","09/10/1971","PALERMO"
"SICILIA","SICILIA - P01","UNIONE POPOLARE CON DE MAGISTRIS","FRANCESCO CAMPANELLA","29/11/1964","PALERMO"
"SICILIA","SICILIA - P01","UNIONE POPOLARE CON DE MAGISTRIS","ANTONIA MORREALE","18/02/1965","FAVARA"
"SICILIA","SICILIA - P01","UNIONE POPOLARE CON DE MAGISTRIS","MARCELLO BARTOLOTTA","22/11/1963","PALERMO"
"SICILIA","SICILIA - P01","VITA","KAREN TONA","20/07/1976","PALERMO"
"SICILIA","SICILIA - P01","VITA","ALESSANDRO BUONOCUNTO","14/04/1976","PALERMO"
"SICILIA","SICILIA - P01","VITA","FRANCA STASSI","04/11/1965","PIANA DEGLI ALBANESI"
"SICILIA","SICILIA - P01","VITA","ROBERTO MANZONE","06/05/1974","PALERMO"
"SICILIA","SICILIA - P01","ITALEXIT PER L'ITALIA","NUNZIA ALESSANDRA SCHILIRO'","02/01/1978","CATANIA"
"SICILIA","SICILIA - P01","ITALEXIT PER L'ITALIA","GIUSEPPE SOTTILE","29/07/1971","BARCELLONA POZZO DI GOTTO"
"SICILIA","SICILIA - P01","ITALEXIT PER L'ITALIA","GIULIANA MARIA FUNDARO'","18/08/1968","ALCAMO"
"SICILIA","SICILIA - P01","ITALEXIT PER L'ITALIA","SALVATORE FERRARA","06/02/1973","PARTINICO"
"SICILIA","SICILIA - P01","ITALIA SOVRANA E POPOLARE","MICHELE MELCHIORRE","23/11/1973","PADERNO DUGNANO"
"SICILIA","SICILIA - P01","ITALIA SOVRANA E POPOLARE","NUNZIATINA DI PAOLA","26/07/1976","LASCARI"
"SICILIA","SICILIA - P01","ITALIA SOVRANA E POPOLARE","CARLO MAZZIOTTA","03/05/1967","ERICE"
"SICILIA","SICILIA - P01","ITALIA SOVRANA E POPOLARE","MARIA FRANCESCA  MOSCA","30/05/1960","PALERMO"
"SICILIA","SICILIA - P02","LEGA PER SALVINI PREMIER","ANTONINO SALVATORE GERMANA'","12/04/1976","MESSINA"
"SICILIA","SICILIA - P02","LEGA PER SALVINI PREMIER","GIULIA BONGIORNO","22/03/1966","PALERMO"
"SICILIA","SICILIA - P02","LEGA PER SALVINI PREMIER","ORAZIO RAGUSA","13/06/1955","SCICLI"
"SICILIA","SICILIA - P02","LEGA PER SALVINI PREMIER","SONIA GRASSO","07/05/1975","CATANIA"
"SICILIA","SICILIA - P02","FRATELLI D'ITALIA CON GIORGIA MELONI","SEBASTIANO MUSUMECI DETTO NELLO","21/01/1955","MILITELLO IN VAL DI CATANIA"
"SICILIA","SICILIA - P02","FRATELLI D'ITALIA CON GIORGIA MELONI","CARMELA BUCALO","27/06/1963","BARCELLONA POZZO DI GOTTO"
"SICILIA","SICILIA - P02","FRATELLI D'ITALIA CON GIORGIA MELONI","SALVATORE DOMENICO ANTONIO  POGLIESE","03/03/1972","CATANIA"
"SICILIA","SICILIA - P02","FRATELLI D'ITALIA CON GIORGIA MELONI","GIOVANNA PETRENGA","06/07/1956","CASAL DI PRINCIPE (CE)"
"SICILIA","SICILIA - P02","NOI MODERATI/LUPI - TOTI - BRUGNARO - UDC","MARIO LUCIANO BRANCATO","02/02/1957","CATANIA"
"SICILIA","SICILIA - P02","NOI MODERATI/LUPI - TOTI - BRUGNARO - UDC","ANTONIETTA POSTORIVO","14/04/1966","ROGGIANO GRAVINA"
"SICILIA","SICILIA - P02","NOI MODERATI/LUPI - TOTI - BRUGNARO - UDC","GIANFRANCO MELILLO","15/02/1948","TRIESTE"
"SICILIA","SICILIA - P02","NOI MODERATI/LUPI - TOTI - BRUGNARO - UDC","DORIANA POLITAN?","12/10/1971","TAURIANOVA"
"SICILIA","SICILIA - P02","FORZA ITALIA","STEFANIA PRESTIGIACOMO","16/12/1966","SIRACUSA"
"SICILIA","SICILIA - P02","FORZA ITALIA","ANTONINO SCILLA","10/05/1968","MAZARA DEL VALLO"
"SICILIA","SICILIA - P02","FORZA ITALIA","LOREDANA MESSINA","05/07/1964","PALERMO"
"SICILIA","SICILIA - P02","FORZA ITALIA","GIOVANNI GIACOBBE GIACOBBE","03/05/1974","PALERMO"
"SICILIA","SICILIA - P02","MOVIMENTO 5 STELLE","BARBARA FLORIDIA","05/02/1977","MESSINA"
"SICILIA","SICILIA - P02","MOVIMENTO 5 STELLE","GIUSEPPE PISANI","26/01/1952","SCICLI"
"SICILIA","SICILIA - P02","MOVIMENTO 5 STELLE","CINZIA AMATO","04/11/1971","ENNA"
"SICILIA","SICILIA - P02","MOVIMENTO 5 STELLE","FEDERICO PICCITTO","30/09/1976","RAGUSA"
"SICILIA","SICILIA - P02","ALLEANZA VERDI E SINISTRA","ALESSANDRA MINNITI","28/07/1964","MESSINA"
"SICILIA","SICILIA - P02","ALLEANZA VERDI E SINISTRA","GIOVANNI VINDIGNI DETTO GIOLI","24/04/1958","ROMA"
"SICILIA","SICILIA - P02","ALLEANZA VERDI E SINISTRA","MARIA GERMAN?","16/06/1954","SCORDIA"
"SICILIA","SICILIA - P02","ALLEANZA VERDI E SINISTRA","FABIO RUVOLO","21/06/1977","CALTANISSETTA"
"SICILIA","SICILIA - P02"," +EUROPA","SIMONA EMANUELA ANNA CAROLINA VIOLA","15/09/1962","MILANO"
"SICILIA","SICILIA - P02"," +EUROPA","FRANCESCO PASSANTINO","29/10/1970","PALERMO"
"SICILIA","SICILIA - P02"," +EUROPA","MANUELA QUADRANTE","07/05/1980","PALERMO"
"SICILIA","SICILIA - P02"," +EUROPA","GIUSEPPE VALENTI","15/06/1955","PALERMO"
"SICILIA","SICILIA - P02","PARTITO DEMOCRATICO - ITALIA DEMOCRATICA E PROGRESSISTA","ANTONIO NICITA","10/02/1968","SIRACUSA"
"SICILIA","SICILIA - P02","PARTITO DEMOCRATICO - ITALIA DEMOCRATICA E PROGRESSISTA","AGATA IACONO","09/03/1961","RAGUSA"
"SICILIA","SICILIA - P02","PARTITO DEMOCRATICO - ITALIA DEMOCRATICA E PROGRESSISTA","SALVATORE BRANCIFORTE","14/09/1974","CALTAGIRONE"
"SICILIA","SICILIA - P02","PARTITO DEMOCRATICO - ITALIA DEMOCRATICA E PROGRESSISTA","ANTONIA RUSSO","12/10/1969","MESSINA"
"SICILIA","SICILIA - P02","IMPEGNO CIVICO LUIGI DI MAIO - CENTRO DEMOCRATICO","FABRIZIO TRENTACOSTE ","25/02/1975","PALERMO"
"SICILIA","SICILIA - P02","IMPEGNO CIVICO LUIGI DI MAIO - CENTRO DEMOCRATICO","CINZIA LEONE","24/10/1976","PALERMO"
"SICILIA","SICILIA - P02","IMPEGNO CIVICO LUIGI DI MAIO - CENTRO DEMOCRATICO","VINCENZO DRAGO","10/07/1965","BASILEA (SVIZZERA)"
"SICILIA","SICILIA - P02","IMPEGNO CIVICO LUIGI DI MAIO - CENTRO DEMOCRATICO","LOREDANA RUSSO","07/03/1962","PALERMO"
"SICILIA","SICILIA - P02","AZIONE - ITALIA VIVA - CALENDA","ANNAMARIA PARENTE","17/09/1960","NAPOLI"
"SICILIA","SICILIA - P02","AZIONE - ITALIA VIVA - CALENDA","GAETANO ARMAO","14/01/1962","PALERMO"
"SICILIA","SICILIA - P02","AZIONE - ITALIA VIVA - CALENDA","GIUSEPPA PROVINO","27/05/1960","BAGHERIA"
"SICILIA","SICILIA - P02","AZIONE - ITALIA VIVA - CALENDA","PIERFRANCESCO TORRISI","27/05/1982","PATERNO'"
"SICILIA","SICILIA - P02","SUD CHIAMA NORD","CATENO DE LUCA","18/03/1972","FIUMEDINISI"
"SICILIA","SICILIA - P02","SUD CHIAMA NORD","DAFNE MUSOLINO","04/12/1974","MESSINA"
"SICILIA","SICILIA - P02","SUD CHIAMA NORD","GIUSEPPE LOMBARDO","27/10/1970","ROCCALUMERA"
"SICILIA","SICILIA - P02","SUD CHIAMA NORD","LORENZINA GRASSO","02/11/1970","TORINO"
"SICILIA","SICILIA - P02","UNIONE POPOLARE CON DE MAGISTRIS","LUCA ANTONIO CANGEMI","13/06/1966","CATANIA"
"SICILIA","SICILIA - P02","UNIONE POPOLARE CON DE MAGISTRIS","DOLORES DESSI' DETTA DORIS","21/07/1967","CAGLIARI"
"SICILIA","SICILIA - P02","UNIONE POPOLARE CON DE MAGISTRIS","GOFFREDO D'ANTONA","11/12/1963","NAPOLI"
"SICILIA","SICILIA - P02","UNIONE POPOLARE CON DE MAGISTRIS","IVANA MARIA  PARISI","26/06/1977","CATANIA"
"SICILIA","SICILIA - P02","ALTERNATIVA PER L'ITALIA - NO GREEN PASS","GIANFRANCO DI BARTOLO","16/10/1970","CATANIA"
"SICILIA","SICILIA - P02","ALTERNATIVA PER L'ITALIA - NO GREEN PASS","ENZA LO PRESTI","09/01/1973","MESSINA"
"SICILIA","SICILIA - P02","ALTERNATIVA PER L'ITALIA - NO GREEN PASS","PIETRO PAOLO MESSINA","25/06/1982","CATANIA"
"SICILIA","SICILIA - P02","ALTERNATIVA PER L'ITALIA - NO GREEN PASS","ANNA RITA BARBAGALLO","21/05/1973","CATANIA"
"SICILIA","SICILIA - P02","VITA","RENATO PENNA","13/11/1958","CATANIA"
"SICILIA","SICILIA - P02","VITA","NICOLETTA RE","19/03/1961","ROMA"
"SICILIA","SICILIA - P02","VITA","ANTONINO MARLETTA","13/02/1964","CATANIA"
"SICILIA","SICILIA - P02","VITA","MARIA ROSARIA  RUSSO","14/04/1962","CATANIA"
"SICILIA","SICILIA - P02","ITALEXIT PER L'ITALIA","GIUSEPPE SOTTILE","29/07/1971","BARCELLONA POZZO DI GOTTO"
"SICILIA","SICILIA - P02","ITALEXIT PER L'ITALIA","CARMEN MINUTOLI","08/04/1978","MESSINA"
"SICILIA","SICILIA - P02","ITALEXIT PER L'ITALIA","GIUSEPPE MARIA DOMENICO INDORATO","20/05/1965","ACIREALE"
"SICILIA","SICILIA - P02","ITALEXIT PER L'ITALIA","LETIZIA LICITRA","17/05/1965","RAGUSA"
"SICILIA","SICILIA - P02","ITALIA SOVRANA E POPOLARE","LUIGIA LOLLOBRIGIDA DETTA GINA","04/07/1927","SUBIACO (RM)"
"SICILIA","SICILIA - P02","ITALIA SOVRANA E POPOLARE","FULVIO GRIMALDI","12/05/1934","FIRENZE"
"SICILIA","SICILIA - P02","ITALIA SOVRANA E POPOLARE","MARILENA MARIA ANTONIETTA GIORDANO","28/11/1953","SAN PELLEGRINO TERME (BG)"
"SICILIA","SICILIA - P02","ITALIA SOVRANA E POPOLARE","RENZO IOPPOLO","25/09/1972","MESSINA"
"SARDEGNA","SARDEGNA - P01","FORZA ITALIA","ANGELO COCCIU","26/06/1971","OLBIA"
"SARDEGNA","SARDEGNA - P01","FORZA ITALIA","RITA RAGATZU","11/03/1967","CAGLIARI"
"SARDEGNA","SARDEGNA - P01","FORZA ITALIA","LUIGI MUREDDU","11/08/1973","ORISTANO"
"SARDEGNA","SARDEGNA - P01","LEGA PER SALVINI PREMIER","CARLO DORIA","06/02/1966","SASSARI"
"SARDEGNA","SARDEGNA - P01","LEGA PER SALVINI PREMIER","ROBERTA LOI","11/07/1970","TORINO"
"SARDEGNA","SARDEGNA - P01","LEGA PER SALVINI PREMIER","MICHELE ENNAS","07/04/1981","IGLESIAS"
"SARDEGNA","SARDEGNA - P01","NOI MODERATI/LUPI - TOTI - BRUGNARO - UDC","SALVATORE DERIU","18/08/1963","BONNANNARO"
"SARDEGNA","SARDEGNA - P01","NOI MODERATI/LUPI - TOTI - BRUGNARO - UDC","CARLA CUCCU","10/06/1970","IGLESIAS"
"SARDEGNA","SARDEGNA - P01","NOI MODERATI/LUPI - TOTI - BRUGNARO - UDC","ANDREA FLORIS","29/10/1976","SAN GAVINO MONREALE"
"SARDEGNA","SARDEGNA - P01","FRATELLI D'ITALIA CON GIORGIA MELONI","ANTONELLA ZEDDA","17/01/1976","CAGLIARI"
"SARDEGNA","SARDEGNA - P01","FRATELLI D'ITALIA CON GIORGIA MELONI","GIOVANNI SATTA","22/01/1965","ROMA"
"SARDEGNA","SARDEGNA - P01","FRATELLI D'ITALIA CON GIORGIA MELONI","FEDERICA SANTINA PORCU","19/07/1982","LA MADDALENA"
"SARDEGNA","SARDEGNA - P01","UNIONE POPOLARE CON DE MAGISTRIS","TERESA CONCU","27/02/1970","CAGLIARI"
"SARDEGNA","SARDEGNA - P01","UNIONE POPOLARE CON DE MAGISTRIS","ANTONIO SATTA","06/01/1976","NUORO"
"SARDEGNA","SARDEGNA - P01","UNIONE POPOLARE CON DE MAGISTRIS","ASMAA OUG","22/05/1972","CASABLANCA (MAROCCO)"
"SARDEGNA","SARDEGNA - P01","ITALIA SOVRANA E POPOLARE","ANNA PAOLA USAI","09/08/1958","GESTURI"
"SARDEGNA","SARDEGNA - P01","ITALIA SOVRANA E POPOLARE","SAMUELE MEREU","20/03/1968","CAGLIARI"
"SARDEGNA","SARDEGNA - P01","ITALIA SOVRANA E POPOLARE","PATRIZIA PIRAS","26/06/1966","CAGLIARI"
"SARDEGNA","SARDEGNA - P01","ITALEXIT PER L'ITALIA","GIOVANNI NURRA","28/09/1974","SASSARI"
"SARDEGNA","SARDEGNA - P01","ITALEXIT PER L'ITALIA","TAMARA DI IORIO","15/10/1975","OLBIA"
"SARDEGNA","SARDEGNA - P01","ITALEXIT PER L'ITALIA","FABIO VIANI","15/06/1967","SANREMO"
"SARDEGNA","SARDEGNA - P01","VITA","ALESSANDRO GOFFI","08/04/1952","ALGHERO"
"SARDEGNA","SARDEGNA - P01","VITA","MARIA LUISA BUSINCO","28/08/1957","CAGLIARI"
"SARDEGNA","SARDEGNA - P01","MOVIMENTO 5 STELLE","ETTORE ANTONIO LICHERI","11/10/1963","SASSARI"
"SARDEGNA","SARDEGNA - P01","MOVIMENTO 5 STELLE","SABRINA LICHERI","04/06/1971","ASSEMINI"
"SARDEGNA","SARDEGNA - P01","MOVIMENTO 5 STELLE","GIAN LUCA LAI","31/08/1971","CARBONIA"
"SARDEGNA","SARDEGNA - P01","AZIONE - ITALIA VIVA - CALENDA","GUIDO GARAU","22/10/1974","CAGLIARI"
"SARDEGNA","SARDEGNA - P01","AZIONE - ITALIA VIVA - CALENDA","ELVIRA LUCIA EVANGELISTA","20/08/1968","NUORO"
"SARDEGNA","SARDEGNA - P01","AZIONE - ITALIA VIVA - CALENDA","MAURIZIO CERNIGLIA","05/11/1960","IGLESIAS"
"SARDEGNA","SARDEGNA - P01","PARTITO DEMOCRATICO - ITALIA DEMOCRATICA E PROGRESSISTA","MARCO MELONI","16/06/1971","QUARTU SANT'ELENA"
"SARDEGNA","SARDEGNA - P01","PARTITO DEMOCRATICO - ITALIA DEMOCRATICA E PROGRESSISTA","MARIA DEL ZOMPO","21/04/1951","CAGLIARI"
"SARDEGNA","SARDEGNA - P01","PARTITO DEMOCRATICO - ITALIA DEMOCRATICA E PROGRESSISTA","ANTONIO SOLINAS","14/06/1959","BUSACHI"
"SARDEGNA","SARDEGNA - P01","IMPEGNO CIVICO LUIGI DI MAIO - CENTRO DEMOCRATICO","LUCIANO CADEDDU","14/12/1975","URAS"
"SARDEGNA","SARDEGNA - P01","IMPEGNO CIVICO LUIGI DI MAIO - CENTRO DEMOCRATICO","RAMONA MIRELA ILAU","12/07/1979","BRAILA (ROMANIA)"
"SARDEGNA","SARDEGNA - P01","IMPEGNO CIVICO LUIGI DI MAIO - CENTRO DEMOCRATICO","SERGIO VACCARO","20/06/1974","NAPOLI "
"SARDEGNA","SARDEGNA - P01"," +EUROPA","NICOLA CARBONI","20/07/1963","CAGLIARI"
"SARDEGNA","SARDEGNA - P01"," +EUROPA","IGNAZIA CONCAS","21/10/1969","CAGLIARI"
"SARDEGNA","SARDEGNA - P01"," +EUROPA","CRISTIANO MARCATELLI","30/11/1951","BERGAMO"
"SARDEGNA","SARDEGNA - P01","ALLEANZA VERDI E SINISTRA","GIOVANNICO MANCA DETTO GIANNI","08/07/1965","LULA"
"SARDEGNA","SARDEGNA - P01","ALLEANZA VERDI E SINISTRA","LAURA MARIA GRAZIA CAREDDU","23/08/1958","SASSARI"
"SARDEGNA","SARDEGNA - P01","ALLEANZA VERDI E SINISTRA","RENZO VENTUROLI","03/04/1955","BUDRIO"
