"CIRCOSCRIZIONE","COLLEGIO_UNINOMINALE","DESCR_LISTA","CANDIDATO","DATA_NASCITA","LUOGO_NASCITA"
"PIEMONTE","PIEMONTE - U01 (TORINO: CIRCOSCRIZIONE 2 - SANTA RITA - MIRAFIORI NORD - MIRAFIORI SUD)","MASTELLA NOI DI CENTRO EUROPEISTI","PAOLA SPINOSA","03/05/1972","VENARIA REALE (TO)"
"PIEMONTE","PIEMONTE - U01 (TORINO: CIRCOSCRIZIONE 2 - SANTA RITA - MIRAFIORI NORD - MIRAFIORI SUD)","ITALEXIT PER L'ITALIA","SILVIA MARTINI","18/01/1974","VENARIA REALE (TO)"
"PIEMONTE","PIEMONTE - U01 (TORINO: CIRCOSCRIZIONE 2 - SANTA RITA - MIRAFIORI NORD - MIRAFIORI SUD)","FRATELLI D'ITALIA CON GIORGIA MELONI","MARZIA CASOLATI","16/07/1970","TORINO"
"PIEMONTE","PIEMONTE - U01 (TORINO: CIRCOSCRIZIONE 2 - SANTA RITA - MIRAFIORI NORD - MIRAFIORI SUD)","LEGA PER SALVINI PREMIER","MARZIA CASOLATI","16/07/1970","TORINO"
"PIEMONTE","PIEMONTE - U01 (TORINO: CIRCOSCRIZIONE 2 - SANTA RITA - MIRAFIORI NORD - MIRAFIORI SUD)","NOI MODERATI/LUPI - TOTI - BRUGNARO - UDC","MARZIA CASOLATI","16/07/1970","TORINO"
"PIEMONTE","PIEMONTE - U01 (TORINO: CIRCOSCRIZIONE 2 - SANTA RITA - MIRAFIORI NORD - MIRAFIORI SUD)","FORZA ITALIA","MARZIA CASOLATI","16/07/1970","TORINO"
"PIEMONTE","PIEMONTE - U01 (TORINO: CIRCOSCRIZIONE 2 - SANTA RITA - MIRAFIORI NORD - MIRAFIORI SUD)","IMPEGNO CIVICO LUIGI DI MAIO - CENTRO DEMOCRATICO","ANDREA GIORGIS","12/04/1965","TORINO"
"PIEMONTE","PIEMONTE - U01 (TORINO: CIRCOSCRIZIONE 2 - SANTA RITA - MIRAFIORI NORD - MIRAFIORI SUD)","PARTITO DEMOCRATICO - ITALIA DEMOCRATICA E PROGRESSISTA","ANDREA GIORGIS","12/04/1965","TORINO"
"PIEMONTE","PIEMONTE - U01 (TORINO: CIRCOSCRIZIONE 2 - SANTA RITA - MIRAFIORI NORD - MIRAFIORI SUD)"," +EUROPA","ANDREA GIORGIS","12/04/1965","TORINO"
"PIEMONTE","PIEMONTE - U01 (TORINO: CIRCOSCRIZIONE 2 - SANTA RITA - MIRAFIORI NORD - MIRAFIORI SUD)","ALLEANZA VERDI E SINISTRA","ANDREA GIORGIS","12/04/1965","TORINO"
"PIEMONTE","PIEMONTE - U01 (TORINO: CIRCOSCRIZIONE 2 - SANTA RITA - MIRAFIORI NORD - MIRAFIORI SUD)","MOVIMENTO 5 STELLE","ALBERTO UNIA","09/08/1966","TORINO"
"PIEMONTE","PIEMONTE - U01 (TORINO: CIRCOSCRIZIONE 2 - SANTA RITA - MIRAFIORI NORD - MIRAFIORI SUD)","AZIONE - ITALIA VIVA - CALENDA","CRISTINA PEDDIS","26/04/1967","TORINO"
"PIEMONTE","PIEMONTE - U01 (TORINO: CIRCOSCRIZIONE 2 - SANTA RITA - MIRAFIORI NORD - MIRAFIORI SUD)","VITA","MARIA LUISA TOMA","06/07/1972","TORINO"
"PIEMONTE","PIEMONTE - U01 (TORINO: CIRCOSCRIZIONE 2 - SANTA RITA - MIRAFIORI NORD - MIRAFIORI SUD)","ALTERNATIVA PER L'ITALIA - NO GREEN PASS","STEFANO GRASSO","21/07/1969","TORINO"
"PIEMONTE","PIEMONTE - U01 (TORINO: CIRCOSCRIZIONE 2 - SANTA RITA - MIRAFIORI NORD - MIRAFIORI SUD)","ITALIA SOVRANA E POPOLARE","DIEGO SILVIO NOVO","27/10/1967","AVIGLIANA (TO)"
"PIEMONTE","PIEMONTE - U01 (TORINO: CIRCOSCRIZIONE 2 - SANTA RITA - MIRAFIORI NORD - MIRAFIORI SUD)","UNIONE POPOLARE CON DE MAGISTRIS","ADRIANO SCANGA","08/07/1977","LIESTAL (SVIZZERA)"
"PIEMONTE","PIEMONTE - U02 (MONCALIERI)","MASTELLA NOI DI CENTRO EUROPEISTI","MAURO CASSI","10/02/1950","PIANELLO VAL TIDONE (PC)"
"PIEMONTE","PIEMONTE - U02 (MONCALIERI)","ITALEXIT PER L'ITALIA","MANUELA LATINO","22/10/1964","PINEROLO (TO)"
"PIEMONTE","PIEMONTE - U02 (MONCALIERI)","FRATELLI D'ITALIA CON GIORGIA MELONI","PAOLA AMBROGIO","02/12/1970","TORINO"
"PIEMONTE","PIEMONTE - U02 (MONCALIERI)","LEGA PER SALVINI PREMIER","PAOLA AMBROGIO","02/12/1970","TORINO"
"PIEMONTE","PIEMONTE - U02 (MONCALIERI)","NOI MODERATI/LUPI - TOTI - BRUGNARO - UDC","PAOLA AMBROGIO","02/12/1970","TORINO"
"PIEMONTE","PIEMONTE - U02 (MONCALIERI)","FORZA ITALIA","PAOLA AMBROGIO","02/12/1970","TORINO"
"PIEMONTE","PIEMONTE - U02 (MONCALIERI)","IMPEGNO CIVICO LUIGI DI MAIO - CENTRO DEMOCRATICO","ELENA APOLLONIO","02/08/1967","TORINO"
"PIEMONTE","PIEMONTE - U02 (MONCALIERI)","PARTITO DEMOCRATICO - ITALIA DEMOCRATICA E PROGRESSISTA","ELENA APOLLONIO","02/08/1967","TORINO"
"PIEMONTE","PIEMONTE - U02 (MONCALIERI)"," +EUROPA","ELENA APOLLONIO","02/08/1967","TORINO"
"PIEMONTE","PIEMONTE - U02 (MONCALIERI)","ALLEANZA VERDI E SINISTRA","ELENA APOLLONIO","02/08/1967","TORINO"
"PIEMONTE","PIEMONTE - U02 (MONCALIERI)","MOVIMENTO 5 STELLE","ELISA PIRRO","15/07/1973","TORINO"
"PIEMONTE","PIEMONTE - U02 (MONCALIERI)","AZIONE - ITALIA VIVA - CALENDA","MICHEL BOUQUET","09/10/1976","PINEROLO (TO)"
"PIEMONTE","PIEMONTE - U02 (MONCALIERI)","VITA","ANGELA FRA","31/12/1966","TORINO"
"PIEMONTE","PIEMONTE - U02 (MONCALIERI)","ALTERNATIVA PER L'ITALIA - NO GREEN PASS","MARILENA FORNELLI BARDINA","09/10/1958","TORINO"
"PIEMONTE","PIEMONTE - U02 (MONCALIERI)","ITALIA SOVRANA E POPOLARE","CARLO DEL VECCHIO","09/03/1973","CASERTA"
"PIEMONTE","PIEMONTE - U02 (MONCALIERI)","UNIONE POPOLARE CON DE MAGISTRIS","DANIELA ALFONZI","06/02/1957","TORINO"
"PIEMONTE","PIEMONTE - U03 (NOVARA)","MASTELLA NOI DI CENTRO EUROPEISTI","SERGIO BELTRAME","09/12/1952","TORINO"
"PIEMONTE","PIEMONTE - U03 (NOVARA)","ITALEXIT PER L'ITALIA","PAUL RENATO ROSETTE","18/11/1963","LONDRA (REGNO UNITO)"
"PIEMONTE","PIEMONTE - U03 (NOVARA)","FRATELLI D'ITALIA CON GIORGIA MELONI","GAETANO NASTRI","18/03/1968","BOSCOREALE (NA)"
"PIEMONTE","PIEMONTE - U03 (NOVARA)","LEGA PER SALVINI PREMIER","GAETANO NASTRI","18/03/1968","BOSCOREALE (NA)"
"PIEMONTE","PIEMONTE - U03 (NOVARA)","NOI MODERATI/LUPI - TOTI - BRUGNARO - UDC","GAETANO NASTRI","18/03/1968","BOSCOREALE (NA)"
"PIEMONTE","PIEMONTE - U03 (NOVARA)","FORZA ITALIA","GAETANO NASTRI","18/03/1968","BOSCOREALE (NA)"
"PIEMONTE","PIEMONTE - U03 (NOVARA)","IMPEGNO CIVICO LUIGI DI MAIO - CENTRO DEMOCRATICO","ROSSANO PIROVANO","07/02/1969","RUVIANO (CE)"
"PIEMONTE","PIEMONTE - U03 (NOVARA)","PARTITO DEMOCRATICO - ITALIA DEMOCRATICA E PROGRESSISTA","ROSSANO PIROVANO","07/02/1969","RUVIANO (CE)"
"PIEMONTE","PIEMONTE - U03 (NOVARA)"," +EUROPA","ROSSANO PIROVANO","07/02/1969","RUVIANO (CE)"
"PIEMONTE","PIEMONTE - U03 (NOVARA)","ALLEANZA VERDI E SINISTRA","ROSSANO PIROVANO","07/02/1969","RUVIANO (CE)"
"PIEMONTE","PIEMONTE - U03 (NOVARA)","MOVIMENTO 5 STELLE","LUCA ZACCHERO","04/11/1969","TORINO"
"PIEMONTE","PIEMONTE - U03 (NOVARA)","AZIONE - ITALIA VIVA - CALENDA","ROBERTO CATALDO FAGGIANO","08/12/1976","BORGOMANERO (NO)"
"PIEMONTE","PIEMONTE - U03 (NOVARA)","VITA","GALGANO PALAFERRI","06/04/1962","TORINO"
"PIEMONTE","PIEMONTE - U03 (NOVARA)","ALTERNATIVA PER L'ITALIA - NO GREEN PASS","ELEONORA VETERE","23/09/1970","VERCELLI"
"PIEMONTE","PIEMONTE - U03 (NOVARA)","ITALIA SOVRANA E POPOLARE","FRANCESCA BUCINO","02/11/1976","BIELLA"
"PIEMONTE","PIEMONTE - U03 (NOVARA)","UNIONE POPOLARE CON DE MAGISTRIS","GABRIELE ARATI","05/02/1970","GALLIATE (NO)"
"PIEMONTE","PIEMONTE - U04 (ALESSANDRIA)","MASTELLA NOI DI CENTRO EUROPEISTI","DELIA LUISELLA FERRARESE","16/03/1956","TORINO"
"PIEMONTE","PIEMONTE - U04 (ALESSANDRIA)","ITALEXIT PER L'ITALIA","CHIARA CHIRIO","03/03/1980","TORINO"
"PIEMONTE","PIEMONTE - U04 (ALESSANDRIA)","FRATELLI D'ITALIA CON GIORGIA MELONI","PAOLO ZANGRILLO","03/12/1961","GENOVA"
"PIEMONTE","PIEMONTE - U04 (ALESSANDRIA)","LEGA PER SALVINI PREMIER","PAOLO ZANGRILLO","03/12/1961","GENOVA"
"PIEMONTE","PIEMONTE - U04 (ALESSANDRIA)","NOI MODERATI/LUPI - TOTI - BRUGNARO - UDC","PAOLO ZANGRILLO","03/12/1961","GENOVA"
"PIEMONTE","PIEMONTE - U04 (ALESSANDRIA)","FORZA ITALIA","PAOLO ZANGRILLO","03/12/1961","GENOVA"
"PIEMONTE","PIEMONTE - U04 (ALESSANDRIA)","IMPEGNO CIVICO LUIGI DI MAIO - CENTRO DEMOCRATICO","MARIA RITA ROSSA","19/04/1966","ALESSANDRIA"
"PIEMONTE","PIEMONTE - U04 (ALESSANDRIA)","PARTITO DEMOCRATICO - ITALIA DEMOCRATICA E PROGRESSISTA","MARIA RITA ROSSA","19/04/1966","ALESSANDRIA"
"PIEMONTE","PIEMONTE - U04 (ALESSANDRIA)"," +EUROPA","MARIA RITA ROSSA","19/04/1966","ALESSANDRIA"
"PIEMONTE","PIEMONTE - U04 (ALESSANDRIA)","ALLEANZA VERDI E SINISTRA","MARIA RITA ROSSA","19/04/1966","ALESSANDRIA"
"PIEMONTE","PIEMONTE - U04 (ALESSANDRIA)","MOVIMENTO 5 STELLE","MARIASSUNTA MATRISCIANO DETTA SUSY","30/08/1975","POMIGLIANO D'ARCO (NA)"
"PIEMONTE","PIEMONTE - U04 (ALESSANDRIA)","AZIONE - ITALIA VIVA - CALENDA","ANNA BRACCO","10/01/1954","CLAVESANA (CN)"
"PIEMONTE","PIEMONTE - U04 (ALESSANDRIA)","VITA","GIUSEPPA COSTANTINO","09/04/1952","CATANIA"
"PIEMONTE","PIEMONTE - U04 (ALESSANDRIA)","ALTERNATIVA PER L'ITALIA - NO GREEN PASS","LUIGI SALVANESCHI","08/10/1967","RIVOLI (TO)"
"PIEMONTE","PIEMONTE - U04 (ALESSANDRIA)","ITALIA SOVRANA E POPOLARE","FULVIO GRIMALDI","12/05/1934","FIRENZE"
"PIEMONTE","PIEMONTE - U04 (ALESSANDRIA)","UNIONE POPOLARE CON DE MAGISTRIS","MANRICA BURI","04/08/1960","CHIERI (TO)"
"PIEMONTE","PIEMONTE - U05 (CUNEO)","MASTELLA NOI DI CENTRO EUROPEISTI","GIOVANNI FREZZATO","20/09/1953","ROSOLINA (RO)"
"PIEMONTE","PIEMONTE - U05 (CUNEO)","ITALEXIT PER L'ITALIA","DAVIDE GALLO","04/04/1966","CUNEO"
"PIEMONTE","PIEMONTE - U05 (CUNEO)","FRATELLI D'ITALIA CON GIORGIA MELONI","GIORGIO MARIA BERGESIO","22/11/1963","BRA (CN)"
"PIEMONTE","PIEMONTE - U05 (CUNEO)","LEGA PER SALVINI PREMIER","GIORGIO MARIA BERGESIO","22/11/1963","BRA (CN)"
"PIEMONTE","PIEMONTE - U05 (CUNEO)","NOI MODERATI/LUPI - TOTI - BRUGNARO - UDC","GIORGIO MARIA BERGESIO","22/11/1963","BRA (CN)"
"PIEMONTE","PIEMONTE - U05 (CUNEO)","FORZA ITALIA","GIORGIO MARIA BERGESIO","22/11/1963","BRA (CN)"
"PIEMONTE","PIEMONTE - U05 (CUNEO)","IMPEGNO CIVICO LUIGI DI MAIO - CENTRO DEMOCRATICO","FIAMMETTA ROSSO","21/10/1971","SALUZZO (CN)"
"PIEMONTE","PIEMONTE - U05 (CUNEO)","PARTITO DEMOCRATICO - ITALIA DEMOCRATICA E PROGRESSISTA","FIAMMETTA ROSSO","21/10/1971","SALUZZO (CN)"
"PIEMONTE","PIEMONTE - U05 (CUNEO)"," +EUROPA","FIAMMETTA ROSSO","21/10/1971","SALUZZO (CN)"
"PIEMONTE","PIEMONTE - U05 (CUNEO)","ALLEANZA VERDI E SINISTRA","FIAMMETTA ROSSO","21/10/1971","SALUZZO (CN)"
"PIEMONTE","PIEMONTE - U05 (CUNEO)","MOVIMENTO 5 STELLE","ROBERTO FALCONE","17/05/1966","TORINO"
"PIEMONTE","PIEMONTE - U05 (CUNEO)","AZIONE - ITALIA VIVA - CALENDA","VINCENZO PELLEGRINO","06/11/1964","CUNEO"
"PIEMONTE","PIEMONTE - U05 (CUNEO)","VITA","ALESSANDRO GUASTELLA","01/07/1980","TORINO"
"PIEMONTE","PIEMONTE - U05 (CUNEO)","ALTERNATIVA PER L'ITALIA - NO GREEN PASS","LOREDANA NINETTI","28/11/1953","TORINO"
"PIEMONTE","PIEMONTE - U05 (CUNEO)","ITALIA SOVRANA E POPOLARE","SONIA GRIECO","29/03/1978","GENOVA"
"PIEMONTE","PIEMONTE - U05 (CUNEO)","UNIONE POPOLARE CON DE MAGISTRIS","MICHELE BARACCO","11/08/1949","PIANA CRIXIA (SV)"
"LOMBARDIA","LOMBARDIA - U01 (VARESE)"," +EUROPA","ORLANDO VIVALDO RINALDI","10/04/1961","VILLA MINOZZO"
"LOMBARDIA","LOMBARDIA - U01 (VARESE)","IMPEGNO CIVICO LUIGI DI MAIO - CENTRO DEMOCRATICO","ORLANDO VIVALDO RINALDI","10/04/1961","VILLA MINOZZO"
"LOMBARDIA","LOMBARDIA - U01 (VARESE)","ALLEANZA VERDI E SINISTRA","ORLANDO VIVALDO RINALDI","10/04/1961","VILLA MINOZZO"
"LOMBARDIA","LOMBARDIA - U01 (VARESE)","PARTITO DEMOCRATICO - ITALIA DEMOCRATICA E PROGRESSISTA","ORLANDO VIVALDO RINALDI","10/04/1961","VILLA MINOZZO"
"LOMBARDIA","LOMBARDIA - U01 (VARESE)","MASTELLA NOI DI CENTRO EUROPEISTI","VINCENZO DONNARUMMA","04/05/1959","CASTELLAMARE DI STABIA"
"LOMBARDIA","LOMBARDIA - U01 (VARESE)","NOI MODERATI/LUPI - TOTI - BRUGNARO - UDC","MASSIMILIANO ROMEO","22/01/1971","MONZA"
"LOMBARDIA","LOMBARDIA - U01 (VARESE)","LEGA PER SALVINI PREMIER","MASSIMILIANO ROMEO","22/01/1971","MONZA"
"LOMBARDIA","LOMBARDIA - U01 (VARESE)","FRATELLI D'ITALIA CON GIORGIA MELONI","MASSIMILIANO ROMEO","22/01/1971","MONZA"
"LOMBARDIA","LOMBARDIA - U01 (VARESE)","FORZA ITALIA","MASSIMILIANO ROMEO","22/01/1971","MONZA"
"LOMBARDIA","LOMBARDIA - U01 (VARESE)","ITALIA SOVRANA E POPOLARE","EMANUELA BRUNA GUGGIOLA PASOLINI","14/06/1959","MILANO"
"LOMBARDIA","LOMBARDIA - U01 (VARESE)","MOVIMENTO 5 STELLE","FRANCESCA BONOLDI","07/12/1974","VARESE"
"LOMBARDIA","LOMBARDIA - U01 (VARESE)","ITALEXIT PER L'ITALIA","SONIA SIGURTA'","24/12/1957","SESTO SAN GIOVANNI"
"LOMBARDIA","LOMBARDIA - U01 (VARESE)","AZIONE - ITALIA VIVA - CALENDA","GIUSEPPINA VERSACE DETTA GIUSY","20/05/1977","REGGIO DI CALABRIA"
"LOMBARDIA","LOMBARDIA - U01 (VARESE)","UNIONE POPOLARE CON DE MAGISTRIS","ANNA MARIA LURIDIANA","28/01/1963","MILANO"
"LOMBARDIA","LOMBARDIA - U01 (VARESE)","VITA","ANDREA TRONCONI","17/05/1982","LUGO"
"LOMBARDIA","LOMBARDIA - U02 (COMO)"," +EUROPA","CONCETTA AURORA LONGO","28/04/1975","CITTANOVA"
"LOMBARDIA","LOMBARDIA - U02 (COMO)","IMPEGNO CIVICO LUIGI DI MAIO - CENTRO DEMOCRATICO","CONCETTA AURORA LONGO","28/04/1975","CITTANOVA"
"LOMBARDIA","LOMBARDIA - U02 (COMO)","ALLEANZA VERDI E SINISTRA","CONCETTA AURORA LONGO","28/04/1975","CITTANOVA"
"LOMBARDIA","LOMBARDIA - U02 (COMO)","PARTITO DEMOCRATICO - ITALIA DEMOCRATICA E PROGRESSISTA","CONCETTA AURORA LONGO","28/04/1975","CITTANOVA"
"LOMBARDIA","LOMBARDIA - U02 (COMO)","MASTELLA NOI DI CENTRO EUROPEISTI","LISA MOLTENI","03/05/1978","SARONNO"
"LOMBARDIA","LOMBARDIA - U02 (COMO)","NOI MODERATI/LUPI - TOTI - BRUGNARO - UDC","LICIA RONZULLI","14/09/1975","MILANO"
"LOMBARDIA","LOMBARDIA - U02 (COMO)","LEGA PER SALVINI PREMIER","LICIA RONZULLI","14/09/1975","MILANO"
"LOMBARDIA","LOMBARDIA - U02 (COMO)","FRATELLI D'ITALIA CON GIORGIA MELONI","LICIA RONZULLI","14/09/1975","MILANO"
"LOMBARDIA","LOMBARDIA - U02 (COMO)","FORZA ITALIA","LICIA RONZULLI","14/09/1975","MILANO"
"LOMBARDIA","LOMBARDIA - U02 (COMO)","ITALIA SOVRANA E POPOLARE","LEONARDA MARIA BARBAROTTA","09/05/1971","OAK LAWN (USA)"
"LOMBARDIA","LOMBARDIA - U02 (COMO)","MOVIMENTO 5 STELLE","TOMMASO LEONI","07/06/1982","COMO"
"LOMBARDIA","LOMBARDIA - U02 (COMO)","ITALEXIT PER L'ITALIA","ROBERTO MAGGI","20/07/1968","MONZA"
"LOMBARDIA","LOMBARDIA - U02 (COMO)","AZIONE - ITALIA VIVA - CALENDA","GIUSEPPE CONTI","28/11/1964","BOSISIO PARINI"
"LOMBARDIA","LOMBARDIA - U02 (COMO)","UNIONE POPOLARE CON DE MAGISTRIS","PIERLUIGI TAVECCHIO","29/06/1960","ERBA"
"LOMBARDIA","LOMBARDIA - U02 (COMO)","VITA","MARZIA DEL PAPA","07/04/1973","BERGAMO"
"LOMBARDIA","LOMBARDIA - U06 (MONZA)"," +EUROPA","FEDERICA PERELLI","20/07/1972","MILANO"
"LOMBARDIA","LOMBARDIA - U06 (MONZA)","IMPEGNO CIVICO LUIGI DI MAIO - CENTRO DEMOCRATICO","FEDERICA PERELLI","20/07/1972","MILANO"
"LOMBARDIA","LOMBARDIA - U06 (MONZA)","ALLEANZA VERDI E SINISTRA","FEDERICA PERELLI","20/07/1972","MILANO"
"LOMBARDIA","LOMBARDIA - U06 (MONZA)","PARTITO DEMOCRATICO - ITALIA DEMOCRATICA E PROGRESSISTA","FEDERICA PERELLI","20/07/1972","MILANO"
"LOMBARDIA","LOMBARDIA - U06 (MONZA)","MASTELLA NOI DI CENTRO EUROPEISTI","MARIA VIVOLO","19/12/1970","SARONNO"
"LOMBARDIA","LOMBARDIA - U06 (MONZA)","NOI MODERATI/LUPI - TOTI - BRUGNARO - UDC","SILVIO BERLUSCONI","29/09/1936","MILANO"
"LOMBARDIA","LOMBARDIA - U06 (MONZA)","LEGA PER SALVINI PREMIER","SILVIO BERLUSCONI","29/09/1936","MILANO"
"LOMBARDIA","LOMBARDIA - U06 (MONZA)","FRATELLI D'ITALIA CON GIORGIA MELONI","SILVIO BERLUSCONI","29/09/1936","MILANO"
"LOMBARDIA","LOMBARDIA - U06 (MONZA)","FORZA ITALIA","SILVIO BERLUSCONI","29/09/1936","MILANO"
"LOMBARDIA","LOMBARDIA - U06 (MONZA)","ITALIA SOVRANA E POPOLARE","MARTINO PIROZZI","26/06/1966","SEREGNO"
"LOMBARDIA","LOMBARDIA - U06 (MONZA)","MOVIMENTO 5 STELLE","BRUNO MARTON","28/09/1969","VAREDO"
"LOMBARDIA","LOMBARDIA - U06 (MONZA)","ITALEXIT PER L'ITALIA","FABIO MERONI","30/04/1957","LISSONE"
"LOMBARDIA","LOMBARDIA - U06 (MONZA)","AZIONE - ITALIA VIVA - CALENDA","FABIO GIOVANNI CARMELO ALBANESE","24/06/1959","MILANO"
"LOMBARDIA","LOMBARDIA - U06 (MONZA)","UNIONE POPOLARE CON DE MAGISTRIS","ANITA GIURIATO","03/10/1976","VIMERCATE"
"LOMBARDIA","LOMBARDIA - U06 (MONZA)","VITA","CATERINA PAGLIARI","20/08/1955","CREMA"
"LOMBARDIA","LOMBARDIA - U03 (MILANO: NIL 21 - BUONES AIRES - VENEZIA)"," +EUROPA","ANTONIO MISIANI","04/09/1968","BERGAMO"
"LOMBARDIA","LOMBARDIA - U03 (MILANO: NIL 21 - BUONES AIRES - VENEZIA)","IMPEGNO CIVICO LUIGI DI MAIO - CENTRO DEMOCRATICO","ANTONIO MISIANI","04/09/1968","BERGAMO"
"LOMBARDIA","LOMBARDIA - U03 (MILANO: NIL 21 - BUONES AIRES - VENEZIA)","ALLEANZA VERDI E SINISTRA","ANTONIO MISIANI","04/09/1968","BERGAMO"
"LOMBARDIA","LOMBARDIA - U03 (MILANO: NIL 21 - BUONES AIRES - VENEZIA)","PARTITO DEMOCRATICO - ITALIA DEMOCRATICA E PROGRESSISTA","ANTONIO MISIANI","04/09/1968","BERGAMO"
"LOMBARDIA","LOMBARDIA - U03 (MILANO: NIL 21 - BUONES AIRES - VENEZIA)","MASTELLA NOI DI CENTRO EUROPEISTI","MASSIMO PICOZZI","07/04/1966","MILANO"
"LOMBARDIA","LOMBARDIA - U03 (MILANO: NIL 21 - BUONES AIRES - VENEZIA)","NOI MODERATI/LUPI - TOTI - BRUGNARO - UDC","MARIA CRISTINA CANTU'","21/12/1964","VARESE"
"LOMBARDIA","LOMBARDIA - U03 (MILANO: NIL 21 - BUONES AIRES - VENEZIA)","LEGA PER SALVINI PREMIER","MARIA CRISTINA CANTU'","21/12/1964","VARESE"
"LOMBARDIA","LOMBARDIA - U03 (MILANO: NIL 21 - BUONES AIRES - VENEZIA)","FRATELLI D'ITALIA CON GIORGIA MELONI","MARIA CRISTINA CANTU'","21/12/1964","VARESE"
"LOMBARDIA","LOMBARDIA - U03 (MILANO: NIL 21 - BUONES AIRES - VENEZIA)","FORZA ITALIA","MARIA CRISTINA CANTU'","21/12/1964","VARESE"
"LOMBARDIA","LOMBARDIA - U03 (MILANO: NIL 21 - BUONES AIRES - VENEZIA)","ITALIA SOVRANA E POPOLARE","CLAUDIO SIGNORE","25/10/1965","MILANO"
"LOMBARDIA","LOMBARDIA - U03 (MILANO: NIL 21 - BUONES AIRES - VENEZIA)","MOVIMENTO 5 STELLE","EUGENIO CASALINO","11/04/1964","SONDRIO"
"LOMBARDIA","LOMBARDIA - U03 (MILANO: NIL 21 - BUONES AIRES - VENEZIA)","ITALEXIT PER L'ITALIA","GIANLUCA LUCIANO","27/07/1969","CATANZARO"
"LOMBARDIA","LOMBARDIA - U03 (MILANO: NIL 21 - BUONES AIRES - VENEZIA)","AZIONE - ITALIA VIVA - CALENDA","IVAN SCALFAROTTO","16/08/1965","PESCARA"
"LOMBARDIA","LOMBARDIA - U03 (MILANO: NIL 21 - BUONES AIRES - VENEZIA)","UNIONE POPOLARE CON DE MAGISTRIS","ALESSANDRO  LANZANI","12/11/1957","MILANO"
"LOMBARDIA","LOMBARDIA - U03 (MILANO: NIL 21 - BUONES AIRES - VENEZIA)","VITA","GIANCARLO INCERRANO","25/02/1967","PALERMO"
"LOMBARDIA","LOMBARDIA - U04 (SESTO SAN GIOVANNI)"," +EUROPA","EMANUELE FIANO","13/03/1963","MILANO"
"LOMBARDIA","LOMBARDIA - U04 (SESTO SAN GIOVANNI)","IMPEGNO CIVICO LUIGI DI MAIO - CENTRO DEMOCRATICO","EMANUELE FIANO","13/03/1963","MILANO"
"LOMBARDIA","LOMBARDIA - U04 (SESTO SAN GIOVANNI)","ALLEANZA VERDI E SINISTRA","EMANUELE FIANO","13/03/1963","MILANO"
"LOMBARDIA","LOMBARDIA - U04 (SESTO SAN GIOVANNI)","PARTITO DEMOCRATICO - ITALIA DEMOCRATICA E PROGRESSISTA","EMANUELE FIANO","13/03/1963","MILANO"
"LOMBARDIA","LOMBARDIA - U04 (SESTO SAN GIOVANNI)","MASTELLA NOI DI CENTRO EUROPEISTI","MAURIZIO CORRENTI","06/10/1970","PINEROLO"
"LOMBARDIA","LOMBARDIA - U04 (SESTO SAN GIOVANNI)","NOI MODERATI/LUPI - TOTI - BRUGNARO - UDC","ISABELLA RAUTI","17/11/1962","ROMA"
"LOMBARDIA","LOMBARDIA - U04 (SESTO SAN GIOVANNI)","LEGA PER SALVINI PREMIER","ISABELLA RAUTI","17/11/1962","ROMA"
"LOMBARDIA","LOMBARDIA - U04 (SESTO SAN GIOVANNI)","FRATELLI D'ITALIA CON GIORGIA MELONI","ISABELLA RAUTI","17/11/1962","ROMA"
"LOMBARDIA","LOMBARDIA - U04 (SESTO SAN GIOVANNI)","FORZA ITALIA","ISABELLA RAUTI","17/11/1962","ROMA"
"LOMBARDIA","LOMBARDIA - U04 (SESTO SAN GIOVANNI)","ITALIA SOVRANA E POPOLARE","ALBERTO VALLICELLI","18/10/1973","BOLLATE"
"LOMBARDIA","LOMBARDIA - U04 (SESTO SAN GIOVANNI)","MOVIMENTO 5 STELLE","ELENA SIRONI","18/02/1961","MILANO"
"LOMBARDIA","LOMBARDIA - U04 (SESTO SAN GIOVANNI)","ITALEXIT PER L'ITALIA","SAMANTHA MAZZA","18/11/1975","SARNO"
"LOMBARDIA","LOMBARDIA - U04 (SESTO SAN GIOVANNI)","AZIONE - ITALIA VIVA - CALENDA","TIZIANA DEMMA","15/06/1971","MARSALA"
"LOMBARDIA","LOMBARDIA - U04 (SESTO SAN GIOVANNI)","UNIONE POPOLARE CON DE MAGISTRIS","NADIA ROSA","02/10/1980","MILANO"
"LOMBARDIA","LOMBARDIA - U04 (SESTO SAN GIOVANNI)","VITA","GIANNI GEMMA","23/08/1968","VELBERT (GERMANIA)"
"LOMBARDIA","LOMBARDIA - U05 (COLOGNO MONZESE)"," +EUROPA","ADRIANA ALBINI","02/09/1955","VENEZIA"
"LOMBARDIA","LOMBARDIA - U05 (COLOGNO MONZESE)","IMPEGNO CIVICO LUIGI DI MAIO - CENTRO DEMOCRATICO","ADRIANA ALBINI","02/09/1955","VENEZIA"
"LOMBARDIA","LOMBARDIA - U05 (COLOGNO MONZESE)","ALLEANZA VERDI E SINISTRA","ADRIANA ALBINI","02/09/1955","VENEZIA"
"LOMBARDIA","LOMBARDIA - U05 (COLOGNO MONZESE)","PARTITO DEMOCRATICO - ITALIA DEMOCRATICA E PROGRESSISTA","ADRIANA ALBINI","02/09/1955","VENEZIA"
"LOMBARDIA","LOMBARDIA - U05 (COLOGNO MONZESE)","MASTELLA NOI DI CENTRO EUROPEISTI","SAMANTHA DEPONTI","22/10/1977","MELZO"
"LOMBARDIA","LOMBARDIA - U05 (COLOGNO MONZESE)","NOI MODERATI/LUPI - TOTI - BRUGNARO - UDC","IGNAZIO BENITO MARIA LA RUSSA","18/07/1947","PATERNO'"
"LOMBARDIA","LOMBARDIA - U05 (COLOGNO MONZESE)","LEGA PER SALVINI PREMIER","IGNAZIO BENITO MARIA LA RUSSA","18/07/1947","PATERNO'"
"LOMBARDIA","LOMBARDIA - U05 (COLOGNO MONZESE)","FRATELLI D'ITALIA CON GIORGIA MELONI","IGNAZIO BENITO MARIA LA RUSSA","18/07/1947","PATERNO'"
"LOMBARDIA","LOMBARDIA - U05 (COLOGNO MONZESE)","FORZA ITALIA","IGNAZIO BENITO MARIA LA RUSSA","18/07/1947","PATERNO'"
"LOMBARDIA","LOMBARDIA - U05 (COLOGNO MONZESE)","ITALIA SOVRANA E POPOLARE","ALDA MARINI","06/04/1956","ROMA"
"LOMBARDIA","LOMBARDIA - U05 (COLOGNO MONZESE)","MOVIMENTO 5 STELLE","PAOLA PIZZIGHINI","17/09/1964","PARMA"
"LOMBARDIA","LOMBARDIA - U05 (COLOGNO MONZESE)","ITALEXIT PER L'ITALIA","GIULIA GHETTI","14/01/1972","FAENZA"
"LOMBARDIA","LOMBARDIA - U05 (COLOGNO MONZESE)","AZIONE - ITALIA VIVA - CALENDA","MARCO MALINVERNO","02/08/1961","MILANO"
"LOMBARDIA","LOMBARDIA - U05 (COLOGNO MONZESE)","UNIONE POPOLARE CON DE MAGISTRIS","SARA MARIA MASTRONICOLA","06/09/1981","MILANO"
"LOMBARDIA","LOMBARDIA - U05 (COLOGNO MONZESE)","VITA","GIUSEPPE MARZAGALLI","16/08/1947","GENOVA"
"LOMBARDIA","LOMBARDIA - U10 (PAVIA)"," +EUROPA","VALERIO FEDERICO","10/02/1967","VARESE"
"LOMBARDIA","LOMBARDIA - U10 (PAVIA)","IMPEGNO CIVICO LUIGI DI MAIO - CENTRO DEMOCRATICO","VALERIO FEDERICO","10/02/1967","VARESE"
"LOMBARDIA","LOMBARDIA - U10 (PAVIA)","ALLEANZA VERDI E SINISTRA","VALERIO FEDERICO","10/02/1967","VARESE"
"LOMBARDIA","LOMBARDIA - U10 (PAVIA)","PARTITO DEMOCRATICO - ITALIA DEMOCRATICA E PROGRESSISTA","VALERIO FEDERICO","10/02/1967","VARESE"
"LOMBARDIA","LOMBARDIA - U10 (PAVIA)","MASTELLA NOI DI CENTRO EUROPEISTI","FABRIZIO CALEFFI","17/03/1952","MILANO"
"LOMBARDIA","LOMBARDIA - U10 (PAVIA)","NOI MODERATI/LUPI - TOTI - BRUGNARO - UDC","GIAN MARCO CENTINAIO","31/10/1971","PAVIA"
"LOMBARDIA","LOMBARDIA - U10 (PAVIA)","LEGA PER SALVINI PREMIER","GIAN MARCO CENTINAIO","31/10/1971","PAVIA"
"LOMBARDIA","LOMBARDIA - U10 (PAVIA)","FRATELLI D'ITALIA CON GIORGIA MELONI","GIAN MARCO CENTINAIO","31/10/1971","PAVIA"
"LOMBARDIA","LOMBARDIA - U10 (PAVIA)","FORZA ITALIA","GIAN MARCO CENTINAIO","31/10/1971","PAVIA"
"LOMBARDIA","LOMBARDIA - U10 (PAVIA)","ITALIA SOVRANA E POPOLARE","BIANCA MARIA GIORLA","06/08/1974","BORGOMANERO"
"LOMBARDIA","LOMBARDIA - U10 (PAVIA)","MOVIMENTO 5 STELLE","SILVIA BALDINA","18/07/1968","VIGEVANO"
"LOMBARDIA","LOMBARDIA - U10 (PAVIA)","ITALEXIT PER L'ITALIA","ELEONORA TEMPESTA","25/10/1975","SESTO SAN GIOVANNI"
"LOMBARDIA","LOMBARDIA - U10 (PAVIA)","AZIONE - ITALIA VIVA - CALENDA","FRANCESCA ZANCHI","03/12/1963","ROMA"
"LOMBARDIA","LOMBARDIA - U10 (PAVIA)","UNIONE POPOLARE CON DE MAGISTRIS","FRANCO ROSSI","01/05/1954","BORGHETTO LODIGIANO"
"LOMBARDIA","LOMBARDIA - U10 (PAVIA)","VITA","FULVIA PEZZINI","15/08/1970","MILANO"
"LOMBARDIA","LOMBARDIA - U07 (BERGAMO)"," +EUROPA","GIACOMO ANGELONI","31/10/1981","BERGAMO"
"LOMBARDIA","LOMBARDIA - U07 (BERGAMO)","IMPEGNO CIVICO LUIGI DI MAIO - CENTRO DEMOCRATICO","GIACOMO ANGELONI","31/10/1981","BERGAMO"
"LOMBARDIA","LOMBARDIA - U07 (BERGAMO)","ALLEANZA VERDI E SINISTRA","GIACOMO ANGELONI","31/10/1981","BERGAMO"
"LOMBARDIA","LOMBARDIA - U07 (BERGAMO)","PARTITO DEMOCRATICO - ITALIA DEMOCRATICA E PROGRESSISTA","GIACOMO ANGELONI","31/10/1981","BERGAMO"
"LOMBARDIA","LOMBARDIA - U07 (BERGAMO)","MASTELLA NOI DI CENTRO EUROPEISTI","ELENA ZOPPI","25/05/1965","FIDENZA (PR)"
"LOMBARDIA","LOMBARDIA - U07 (BERGAMO)","NOI MODERATI/LUPI - TOTI - BRUGNARO - UDC","DAISY PIROVANO","19/12/1977","ROMANO DI LOMBARDIA"
"LOMBARDIA","LOMBARDIA - U07 (BERGAMO)","LEGA PER SALVINI PREMIER","DAISY PIROVANO","19/12/1977","ROMANO DI LOMBARDIA"
"LOMBARDIA","LOMBARDIA - U07 (BERGAMO)","FRATELLI D'ITALIA CON GIORGIA MELONI","DAISY PIROVANO","19/12/1977","ROMANO DI LOMBARDIA"
"LOMBARDIA","LOMBARDIA - U07 (BERGAMO)","FORZA ITALIA","DAISY PIROVANO","19/12/1977","ROMANO DI LOMBARDIA"
"LOMBARDIA","LOMBARDIA - U07 (BERGAMO)","ITALIA SOVRANA E POPOLARE","PAOLO BIANCHINI","15/10/1978","ROMA"
"LOMBARDIA","LOMBARDIA - U07 (BERGAMO)","MOVIMENTO 5 STELLE","SABINA LUPO","08/10/1966","TARANTO"
"LOMBARDIA","LOMBARDIA - U07 (BERGAMO)","ITALEXIT PER L'ITALIA","LEONARDO BLASI","02/08/1975","CREMONA"
"LOMBARDIA","LOMBARDIA - U07 (BERGAMO)","AZIONE - ITALIA VIVA - CALENDA","ANDREA MOLTRASIO","07/10/1956","BERGAMO"
"LOMBARDIA","LOMBARDIA - U07 (BERGAMO)","UNIONE POPOLARE CON DE MAGISTRIS","DARIO FRATUS DETTO DARIA","14/11/1974","WADENSWIL (SVIZZERA)"
"LOMBARDIA","LOMBARDIA - U07 (BERGAMO)","VITA","SERENA FRANCESCA MURATORE","26/08/1967","VIMERCATE"
"LOMBARDIA","LOMBARDIA - U08 (BRESCIA)"," +EUROPA","ROSA VITALE","01/11/1954","BRESCIA"
"LOMBARDIA","LOMBARDIA - U08 (BRESCIA)","IMPEGNO CIVICO LUIGI DI MAIO - CENTRO DEMOCRATICO","ROSA VITALE","01/11/1954","BRESCIA"
"LOMBARDIA","LOMBARDIA - U08 (BRESCIA)","ALLEANZA VERDI E SINISTRA","ROSA VITALE","01/11/1954","BRESCIA"
"LOMBARDIA","LOMBARDIA - U08 (BRESCIA)","PARTITO DEMOCRATICO - ITALIA DEMOCRATICA E PROGRESSISTA","ROSA VITALE","01/11/1954","BRESCIA"
"LOMBARDIA","LOMBARDIA - U08 (BRESCIA)","MASTELLA NOI DI CENTRO EUROPEISTI","GIUSEPPE COSTANZO","28/05/1970","MONZA"
"LOMBARDIA","LOMBARDIA - U08 (BRESCIA)","NOI MODERATI/LUPI - TOTI - BRUGNARO - UDC","STEFANO BORGHESI","16/09/1977","BRESCIA"
"LOMBARDIA","LOMBARDIA - U08 (BRESCIA)","LEGA PER SALVINI PREMIER","STEFANO BORGHESI","16/09/1977","BRESCIA"
"LOMBARDIA","LOMBARDIA - U08 (BRESCIA)","FRATELLI D'ITALIA CON GIORGIA MELONI","STEFANO BORGHESI","16/09/1977","BRESCIA"
"LOMBARDIA","LOMBARDIA - U08 (BRESCIA)","FORZA ITALIA","STEFANO BORGHESI","16/09/1977","BRESCIA"
"LOMBARDIA","LOMBARDIA - U08 (BRESCIA)","ITALIA SOVRANA E POPOLARE","VINCENZO DELILLO","28/05/1964","TORINO"
"LOMBARDIA","LOMBARDIA - U08 (BRESCIA)","MOVIMENTO 5 STELLE","ANNA MARIA BONETTINI","21/03/1971","BRENO"
"LOMBARDIA","LOMBARDIA - U08 (BRESCIA)","ITALEXIT PER L'ITALIA","EROS LODI","20/02/1972","GARDONE VAL TROMPIA"
"LOMBARDIA","LOMBARDIA - U08 (BRESCIA)","AZIONE - ITALIA VIVA - CALENDA","RICCARDO CANINI","06/11/1969","MILANO"
"LOMBARDIA","LOMBARDIA - U08 (BRESCIA)","UNIONE POPOLARE CON DE MAGISTRIS","DARIO FILIPPINI","08/07/1953","BAGNOLO MELLA"
"LOMBARDIA","LOMBARDIA - U08 (BRESCIA)","VITA","LORENA POLONINI","11/08/1971","ROVATO"
"LOMBARDIA","LOMBARDIA - U09 (TREVIGLIO)"," +EUROPA","CRISTINA TEDALDI","24/07/1963","SESTO SAN GIOVANNI"
"LOMBARDIA","LOMBARDIA - U09 (TREVIGLIO)","IMPEGNO CIVICO LUIGI DI MAIO - CENTRO DEMOCRATICO","CRISTINA TEDALDI","24/07/1963","SESTO SAN GIOVANNI"
"LOMBARDIA","LOMBARDIA - U09 (TREVIGLIO)","ALLEANZA VERDI E SINISTRA","CRISTINA TEDALDI","24/07/1963","SESTO SAN GIOVANNI"
"LOMBARDIA","LOMBARDIA - U09 (TREVIGLIO)","PARTITO DEMOCRATICO - ITALIA DEMOCRATICA E PROGRESSISTA","CRISTINA TEDALDI","24/07/1963","SESTO SAN GIOVANNI"
"LOMBARDIA","LOMBARDIA - U09 (TREVIGLIO)","MASTELLA NOI DI CENTRO EUROPEISTI","FEDERICA FRANCESCA BONVINI","20/05/1969","PONTEVICO"
"LOMBARDIA","LOMBARDIA - U09 (TREVIGLIO)","NOI MODERATI/LUPI - TOTI - BRUGNARO - UDC","GIULIOMARIA TERZI DI SANT'AGATA","09/06/1946","BERGAMO"
"LOMBARDIA","LOMBARDIA - U09 (TREVIGLIO)","LEGA PER SALVINI PREMIER","GIULIOMARIA TERZI DI SANT'AGATA","09/06/1946","BERGAMO"
"LOMBARDIA","LOMBARDIA - U09 (TREVIGLIO)","FRATELLI D'ITALIA CON GIORGIA MELONI","GIULIOMARIA TERZI DI SANT'AGATA","09/06/1946","BERGAMO"
"LOMBARDIA","LOMBARDIA - U09 (TREVIGLIO)","FORZA ITALIA","GIULIOMARIA TERZI DI SANT'AGATA","09/06/1946","BERGAMO"
"LOMBARDIA","LOMBARDIA - U09 (TREVIGLIO)","ITALIA SOVRANA E POPOLARE","PIETRO MARTINELLI","18/03/1961","BRESCIA"
"LOMBARDIA","LOMBARDIA - U09 (TREVIGLIO)","MOVIMENTO 5 STELLE","MARIAROSA GHITTI","07/10/1964","ISEO"
"LOMBARDIA","LOMBARDIA - U09 (TREVIGLIO)","ITALEXIT PER L'ITALIA","GIAN LUCA BERETTA","29/12/1968","MILANO"
"LOMBARDIA","LOMBARDIA - U09 (TREVIGLIO)","AZIONE - ITALIA VIVA - CALENDA","MARIASTELLA GELMINI","01/07/1973","LENO"
"LOMBARDIA","LOMBARDIA - U09 (TREVIGLIO)","UNIONE POPOLARE CON DE MAGISTRIS","LAURA ALGHISI","14/07/1979","MANERBIO"
"LOMBARDIA","LOMBARDIA - U09 (TREVIGLIO)","VITA","FLAMINIO MAFFETTINI","16/01/1961","BERGAMO"
"LOMBARDIA","LOMBARDIA - U11 (CREMONA)"," +EUROPA","CARLO COTTARELLI","18/08/1954","CREMONA"
"LOMBARDIA","LOMBARDIA - U11 (CREMONA)","IMPEGNO CIVICO LUIGI DI MAIO - CENTRO DEMOCRATICO","CARLO COTTARELLI","18/08/1954","CREMONA"
"LOMBARDIA","LOMBARDIA - U11 (CREMONA)","ALLEANZA VERDI E SINISTRA","CARLO COTTARELLI","18/08/1954","CREMONA"
"LOMBARDIA","LOMBARDIA - U11 (CREMONA)","PARTITO DEMOCRATICO - ITALIA DEMOCRATICA E PROGRESSISTA","CARLO COTTARELLI","18/08/1954","CREMONA"
"LOMBARDIA","LOMBARDIA - U11 (CREMONA)","MASTELLA NOI DI CENTRO EUROPEISTI","GIANCARLO NOLLI","23/04/1957","REDONDESCO"
"LOMBARDIA","LOMBARDIA - U11 (CREMONA)","NOI MODERATI/LUPI - TOTI - BRUGNARO - UDC","DANIELA GARNERO SANTANCHE'","07/04/1961","CUNEO"
"LOMBARDIA","LOMBARDIA - U11 (CREMONA)","LEGA PER SALVINI PREMIER","DANIELA GARNERO SANTANCHE'","07/04/1961","CUNEO"
"LOMBARDIA","LOMBARDIA - U11 (CREMONA)","FRATELLI D'ITALIA CON GIORGIA MELONI","DANIELA GARNERO SANTANCHE'","07/04/1961","CUNEO"
"LOMBARDIA","LOMBARDIA - U11 (CREMONA)","FORZA ITALIA","DANIELA GARNERO SANTANCHE'","07/04/1961","CUNEO"
"LOMBARDIA","LOMBARDIA - U11 (CREMONA)","ITALIA SOVRANA E POPOLARE","MONICA PERUGINI","05/12/1958","MANTOVA"
"LOMBARDIA","LOMBARDIA - U11 (CREMONA)","MOVIMENTO 5 STELLE","UMBERTO DI FRANCO","07/10/1964","NAPOLI"
"LOMBARDIA","LOMBARDIA - U11 (CREMONA)","ITALEXIT PER L'ITALIA","LORENZA RIZZI","09/08/1965","CREMONA"
"LOMBARDIA","LOMBARDIA - U11 (CREMONA)","AZIONE - ITALIA VIVA - CALENDA","FRANCESCA ZALTIERI","23/04/1961","ASOLA"
"LOMBARDIA","LOMBARDIA - U11 (CREMONA)","UNIONE POPOLARE CON DE MAGISTRIS","PIERLUIGI LUISI","23/07/1971","PUTIGNANO"
"LOMBARDIA","LOMBARDIA - U11 (CREMONA)","VITA","GIUSEPPE BADOLATO","11/05/1957","PALERMO"
"VENETO","VENETO - U01 (VENEZIA)","ALLEANZA VERDI E SINISTRA","MICHELE MOGNATO","10/12/1961","VENEZIA"
"VENETO","VENETO - U01 (VENEZIA)"," +EUROPA","MICHELE MOGNATO","10/12/1961","VENEZIA"
"VENETO","VENETO - U01 (VENEZIA)","PARTITO DEMOCRATICO - ITALIA DEMOCRATICA E PROGRESSISTA","MICHELE MOGNATO","10/12/1961","VENEZIA"
"VENETO","VENETO - U01 (VENEZIA)","IMPEGNO CIVICO LUIGI DI MAIO - CENTRO DEMOCRATICO","MICHELE MOGNATO","10/12/1961","VENEZIA"
"VENETO","VENETO - U01 (VENEZIA)","NOI MODERATI/LUPI - TOTI - BRUGNARO - UDC","RAFFAELE SPERANZON","07/10/1971","VENEZIA"
"VENETO","VENETO - U01 (VENEZIA)","LEGA PER SALVINI PREMIER","RAFFAELE SPERANZON","07/10/1971","VENEZIA"
"VENETO","VENETO - U01 (VENEZIA)","FORZA ITALIA","RAFFAELE SPERANZON","07/10/1971","VENEZIA"
"VENETO","VENETO - U01 (VENEZIA)","FRATELLI D'ITALIA CON GIORGIA MELONI","RAFFAELE SPERANZON","07/10/1971","VENEZIA"
"VENETO","VENETO - U01 (VENEZIA)","ITALEXIT PER L'ITALIA","NICOLETTA  CIRIELLO","14/12/1960","VENEZIA"
"VENETO","VENETO - U01 (VENEZIA)","VITA","VANESSA ZUPPA","11/11/1977","ESTE PD"
"VENETO","VENETO - U01 (VENEZIA)","MOVIMENTO 5 STELLE","SARA GIAGGIO","12/03/1971","DOLO VE"
"VENETO","VENETO - U01 (VENEZIA)","AZIONE - ITALIA VIVA - CALENDA","GABRIELE GALIAZZO","05/12/1953","PADOVA"
"VENETO","VENETO - U01 (VENEZIA)","ITALIA SOVRANA E POPOLARE","PAOLO DENAT","24/03/1963","VENEZIA"
"VENETO","VENETO - U01 (VENEZIA)","UNIONE POPOLARE CON DE MAGISTRIS","FILIPPO NAPPI","02/05/1953","VENEZIA"
"VENETO","VENETO - U01 (VENEZIA)","ALTERNATIVA PER L'ITALIA - NO GREEN PASS","PAOLA GANZ","18/07/1964","AGORDO BL"
"VENETO","VENETO - U02 (TREVISO)","ALLEANZA VERDI E SINISTRA","PAOLO GALEANO","14/07/1980","MIRANO VE"
"VENETO","VENETO - U02 (TREVISO)"," +EUROPA","PAOLO GALEANO","14/07/1980","MIRANO VE"
"VENETO","VENETO - U02 (TREVISO)","PARTITO DEMOCRATICO - ITALIA DEMOCRATICA E PROGRESSISTA","PAOLO GALEANO","14/07/1980","MIRANO VE"
"VENETO","VENETO - U02 (TREVISO)","IMPEGNO CIVICO LUIGI DI MAIO - CENTRO DEMOCRATICO","PAOLO GALEANO","14/07/1980","MIRANO VE"
"VENETO","VENETO - U02 (TREVISO)","NOI MODERATI/LUPI - TOTI - BRUGNARO - UDC","LUCA DE CARLO","07/08/1972","PIEVE DI CADORE BL"
"VENETO","VENETO - U02 (TREVISO)","LEGA PER SALVINI PREMIER","LUCA DE CARLO","07/08/1972","PIEVE DI CADORE BL"
"VENETO","VENETO - U02 (TREVISO)","FORZA ITALIA","LUCA DE CARLO","07/08/1972","PIEVE DI CADORE BL"
"VENETO","VENETO - U02 (TREVISO)","FRATELLI D'ITALIA CON GIORGIA MELONI","LUCA DE CARLO","07/08/1972","PIEVE DI CADORE BL"
"VENETO","VENETO - U02 (TREVISO)","ITALEXIT PER L'ITALIA","ROBERTO LEVI","13/09/1959","FERRARA"
"VENETO","VENETO - U02 (TREVISO)","VITA","ALBERTO POLI","14/02/1967","NOVARA"
"VENETO","VENETO - U02 (TREVISO)","MOVIMENTO 5 STELLE","FLAVIO BALDAN","21/06/1967","VENEZIA"
"VENETO","VENETO - U02 (TREVISO)","AZIONE - ITALIA VIVA - CALENDA","PAOLA TIZIANA FRANCESCA BERGAMO","18/05/1963","SAN MARINO RSM"
"VENETO","VENETO - U02 (TREVISO)","ITALIA SOVRANA E POPOLARE","LOREDANA VERONESE","11/11/1965","SCHAFFHAUSEN SVIZZERA"
"VENETO","VENETO - U02 (TREVISO)","UNIONE POPOLARE CON DE MAGISTRIS","GABRIELLA CASSOL","10/09/1960","FELTRE (BL)"
"VENETO","VENETO - U02 (TREVISO)","ALTERNATIVA PER L'ITALIA - NO GREEN PASS","MASSIMILIANO ZANNINI","04/01/1972","TRIESTE"
"VENETO","VENETO - U03 (PADOVA)","ALLEANZA VERDI E SINISTRA","EMANUELE ALECCI","07/03/1960","GELA CL"
"VENETO","VENETO - U03 (PADOVA)"," +EUROPA","EMANUELE ALECCI","07/03/1960","GELA CL"
"VENETO","VENETO - U03 (PADOVA)","PARTITO DEMOCRATICO - ITALIA DEMOCRATICA E PROGRESSISTA","EMANUELE ALECCI","07/03/1960","GELA CL"
"VENETO","VENETO - U03 (PADOVA)","IMPEGNO CIVICO LUIGI DI MAIO - CENTRO DEMOCRATICO","EMANUELE ALECCI","07/03/1960","GELA CL"
"VENETO","VENETO - U03 (PADOVA)","NOI MODERATI/LUPI - TOTI - BRUGNARO - UDC","ANNA MARIA BERNINI","17/08/1965","BOLOGNA"
"VENETO","VENETO - U03 (PADOVA)","LEGA PER SALVINI PREMIER","ANNA MARIA BERNINI","17/08/1965","BOLOGNA"
"VENETO","VENETO - U03 (PADOVA)","FORZA ITALIA","ANNA MARIA BERNINI","17/08/1965","BOLOGNA"
"VENETO","VENETO - U03 (PADOVA)","FRATELLI D'ITALIA CON GIORGIA MELONI","ANNA MARIA BERNINI","17/08/1965","BOLOGNA"
"VENETO","VENETO - U03 (PADOVA)","ITALEXIT PER L'ITALIA","FRANCESCA CONZ","06/06/1982","CAMPOSAMPIERO PD"
"VENETO","VENETO - U03 (PADOVA)","VITA","LINA SPINELLI","02/10/1947","CAMPODORO PD"
"VENETO","VENETO - U03 (PADOVA)","MOVIMENTO 5 STELLE","GIORGIO BURLINI","11/12/1968","PADOVA"
"VENETO","VENETO - U03 (PADOVA)","AZIONE - ITALIA VIVA - CALENDA","INNOCENTE MARANGON","28/12/1958","UDINE"
"VENETO","VENETO - U03 (PADOVA)","ITALIA SOVRANA E POPOLARE","AMPELIO PINTON","04/01/1960","VILLAFRANCA PADOVANA PD"
"VENETO","VENETO - U03 (PADOVA)","UNIONE POPOLARE CON DE MAGISTRIS","STEFANIA AQUILINI","01/01/1966","MILANO"
"VENETO","VENETO - U03 (PADOVA)","ALTERNATIVA PER L'ITALIA - NO GREEN PASS","TANIA TORRESI","17/05/1971","CIVITANOVA MARCHE MC"
"VENETO","VENETO - U04 (VICENZA)","ALLEANZA VERDI E SINISTRA","CLAUDIA MARIA LONGHI","22/08/1962","TORINO"
"VENETO","VENETO - U04 (VICENZA)"," +EUROPA","CLAUDIA MARIA LONGHI","22/08/1962","TORINO"
"VENETO","VENETO - U04 (VICENZA)","PARTITO DEMOCRATICO - ITALIA DEMOCRATICA E PROGRESSISTA","CLAUDIA MARIA LONGHI","22/08/1962","TORINO"
"VENETO","VENETO - U04 (VICENZA)","IMPEGNO CIVICO LUIGI DI MAIO - CENTRO DEMOCRATICO","CLAUDIA MARIA LONGHI","22/08/1962","TORINO"
"VENETO","VENETO - U04 (VICENZA)","NOI MODERATI/LUPI - TOTI - BRUGNARO - UDC","MARA BIZZOTTO","03/06/1972","BASSANO DEL GRAPPA VI"
"VENETO","VENETO - U04 (VICENZA)","LEGA PER SALVINI PREMIER","MARA BIZZOTTO","03/06/1972","BASSANO DEL GRAPPA VI"
"VENETO","VENETO - U04 (VICENZA)","FORZA ITALIA","MARA BIZZOTTO","03/06/1972","BASSANO DEL GRAPPA VI"
"VENETO","VENETO - U04 (VICENZA)","FRATELLI D'ITALIA CON GIORGIA MELONI","MARA BIZZOTTO","03/06/1972","BASSANO DEL GRAPPA VI"
"VENETO","VENETO - U04 (VICENZA)","ITALEXIT PER L'ITALIA","GIORGIO AMADORI","28/02/1951","DOMODOSSOLA NO"
"VENETO","VENETO - U04 (VICENZA)","VITA","LUIGI CAPONETTO","17/11/1955","PALERMO"
"VENETO","VENETO - U04 (VICENZA)","MOVIMENTO 5 STELLE","BARBARA GUIDOLIN","21/09/1975","BASSANO DEL GRAPPA VI"
"VENETO","VENETO - U04 (VICENZA)","AZIONE - ITALIA VIVA - CALENDA","MARILISA MUNARI","27/01/1961","CHIETI"
"VENETO","VENETO - U04 (VICENZA)","ITALIA SOVRANA E POPOLARE","CRISTINA BOMITALI","25/08/1969","MONTECCHIO MAGGIORE VI"
"VENETO","VENETO - U04 (VICENZA)","UNIONE POPOLARE CON DE MAGISTRIS","ROBERTO FOGAGNOLI","17/07/1954","CREVALCORE BO"
"VENETO","VENETO - U04 (VICENZA)","ALTERNATIVA PER L'ITALIA - NO GREEN PASS","FILIPPO SCIORTINO","22/10/1962","SANTA MARIA DEL CEDRO CS"
"VENETO","VENETO - U05 (VERONA)","ALLEANZA VERDI E SINISTRA","ANNA MARIA STERCHELE","06/02/1967","SAN BONIFACIO VR"
"VENETO","VENETO - U05 (VERONA)"," +EUROPA","ANNA MARIA STERCHELE","06/02/1967","SAN BONIFACIO VR"
"VENETO","VENETO - U05 (VERONA)","PARTITO DEMOCRATICO - ITALIA DEMOCRATICA E PROGRESSISTA","ANNA MARIA STERCHELE","06/02/1967","SAN BONIFACIO VR"
"VENETO","VENETO - U05 (VERONA)","IMPEGNO CIVICO LUIGI DI MAIO - CENTRO DEMOCRATICO","ANNA MARIA STERCHELE","06/02/1967","SAN BONIFACIO VR"
"VENETO","VENETO - U05 (VERONA)","NOI MODERATI/LUPI - TOTI - BRUGNARO - UDC","PAOLO TOSATO","08/09/1972","NEGRAR VR"
"VENETO","VENETO - U05 (VERONA)","LEGA PER SALVINI PREMIER","PAOLO TOSATO","08/09/1972","NEGRAR VR"
"VENETO","VENETO - U05 (VERONA)","FORZA ITALIA","PAOLO TOSATO","08/09/1972","NEGRAR VR"
"VENETO","VENETO - U05 (VERONA)","FRATELLI D'ITALIA CON GIORGIA MELONI","PAOLO TOSATO","08/09/1972","NEGRAR VR"
"VENETO","VENETO - U05 (VERONA)","ITALEXIT PER L'ITALIA","STEFANO COBELLO","09/08/1961","VERONA"
"VENETO","VENETO - U05 (VERONA)","VITA","CHIARA-STELLA SAUTTO","16/02/1965","VERONA"
"VENETO","VENETO - U05 (VERONA)","MOVIMENTO 5 STELLE","MAURA ZAMBON","26/04/1955","VERONA"
"VENETO","VENETO - U05 (VERONA)","AZIONE - ITALIA VIVA - CALENDA","DANILO MONTANARI","15/12/1960","BOLOGNA"
"VENETO","VENETO - U05 (VERONA)","ITALIA SOVRANA E POPOLARE","IVANO CORDIOLI","15/02/1963","VERONA"
"VENETO","VENETO - U05 (VERONA)","UNIONE POPOLARE CON DE MAGISTRIS","RENATO PERETTI","01/05/1953","VERONA"
"VENETO","VENETO - U05 (VERONA)","ALTERNATIVA PER L'ITALIA - NO GREEN PASS","NICOLO' ZAMBERLAN","16/06/1982","PADOVA"
"FRIULI-VENEZIA GIULIA","FRIULI-VENEZIA GIULIA - U01 (TRIESTE)","VITA","PIERUMBERTO STARACE","15/06/1954","LECCE"
"FRIULI-VENEZIA GIULIA","FRIULI-VENEZIA GIULIA - U01 (TRIESTE)","UNIONE POPOLARE CON DE MAGISTRIS","EMILIA ACCOMANDO","10/10/1948","RIPOSTO"
"FRIULI-VENEZIA GIULIA","FRIULI-VENEZIA GIULIA - U01 (TRIESTE)","ALTERNATIVA PER L'ITALIA - NO GREEN PASS","VALENTINA BALDACCI","15/06/1971","TRIESTE"
"FRIULI-VENEZIA GIULIA","FRIULI-VENEZIA GIULIA - U01 (TRIESTE)","ALLEANZA VERDI E SINISTRA","FURIO HONSELL","20/08/1958","GENOVA"
"FRIULI-VENEZIA GIULIA","FRIULI-VENEZIA GIULIA - U01 (TRIESTE)"," +EUROPA","FURIO HONSELL","20/08/1958","GENOVA"
"FRIULI-VENEZIA GIULIA","FRIULI-VENEZIA GIULIA - U01 (TRIESTE)","IMPEGNO CIVICO LUIGI DI MAIO - CENTRO DEMOCRATICO","FURIO HONSELL","20/08/1958","GENOVA"
"FRIULI-VENEZIA GIULIA","FRIULI-VENEZIA GIULIA - U01 (TRIESTE)","PARTITO DEMOCRATICO - ITALIA DEMOCRATICA E PROGRESSISTA","FURIO HONSELL","20/08/1958","GENOVA"
"FRIULI-VENEZIA GIULIA","FRIULI-VENEZIA GIULIA - U01 (TRIESTE)","ITALEXIT PER L'ITALIA","ANTONINO IRACA'","11/02/1975","REGGIO CALABRIA"
"FRIULI-VENEZIA GIULIA","FRIULI-VENEZIA GIULIA - U01 (TRIESTE)","NOI MODERATI/LUPI - TOTI - BRUGNARO - UDC","LUCA CIRIANI","26/01/1967","PORDENONE"
"FRIULI-VENEZIA GIULIA","FRIULI-VENEZIA GIULIA - U01 (TRIESTE)","LEGA PER SALVINI PREMIER","LUCA CIRIANI","26/01/1967","PORDENONE"
"FRIULI-VENEZIA GIULIA","FRIULI-VENEZIA GIULIA - U01 (TRIESTE)","FORZA ITALIA","LUCA CIRIANI","26/01/1967","PORDENONE"
"FRIULI-VENEZIA GIULIA","FRIULI-VENEZIA GIULIA - U01 (TRIESTE)","FRATELLI D'ITALIA CON GIORGIA MELONI","LUCA CIRIANI","26/01/1967","PORDENONE"
"FRIULI-VENEZIA GIULIA","FRIULI-VENEZIA GIULIA - U01 (TRIESTE)","MOVIMENTO 5 STELLE","STEFANO PATUANELLI","08/06/1974","TRIESTE"
"FRIULI-VENEZIA GIULIA","FRIULI-VENEZIA GIULIA - U01 (TRIESTE)","MASTELLA NOI DI CENTRO EUROPEISTI","ENRICO MASIERO","03/01/1969","ESTE"
"FRIULI-VENEZIA GIULIA","FRIULI-VENEZIA GIULIA - U01 (TRIESTE)","AZIONE - ITALIA VIVA - CALENDA","GIULIANO CASTENETTO","07/09/1961","POVOLETTO"
"FRIULI-VENEZIA GIULIA","FRIULI-VENEZIA GIULIA - U01 (TRIESTE)","ITALIA SOVRANA E POPOLARE","FABIO CAMILLUCCI","23/05/1965","TRIESTE"
"LIGURIA","LIGURIA - U01 (GENOVA: MUNICIPIO VII - PONENTE)","MOVIMENTO 5 STELLE","ENRICO MARIA NADASI","05/06/1967","GENOVA"
"LIGURIA","LIGURIA - U01 (GENOVA: MUNICIPIO VII - PONENTE)","UNIONE POPOLARE CON DE MAGISTRIS","GIACOMO MARCHETTI","13/10/1974","CERVIA (RA)"
"LIGURIA","LIGURIA - U01 (GENOVA: MUNICIPIO VII - PONENTE)","FRATELLI D'ITALIA CON GIORGIA MELONI","GIOVANNI BERRINO","07/05/1964","SANREMO"
"LIGURIA","LIGURIA - U01 (GENOVA: MUNICIPIO VII - PONENTE)","FORZA ITALIA","GIOVANNI BERRINO","07/05/1964","SANREMO"
"LIGURIA","LIGURIA - U01 (GENOVA: MUNICIPIO VII - PONENTE)","NOI MODERATI/LUPI - TOTI - BRUGNARO - UDC","GIOVANNI BERRINO","07/05/1964","SANREMO"
"LIGURIA","LIGURIA - U01 (GENOVA: MUNICIPIO VII - PONENTE)","LEGA PER SALVINI PREMIER","GIOVANNI BERRINO","07/05/1964","SANREMO"
"LIGURIA","LIGURIA - U01 (GENOVA: MUNICIPIO VII - PONENTE)","VITA","RICCARDO FORTIN","25/09/1970","FINALE LIGURE (SV)"
"LIGURIA","LIGURIA - U01 (GENOVA: MUNICIPIO VII - PONENTE)","PARTITO COMUNISTA DEI LAVORATORI","MARCO GIUSEPPE FERRANDO","18/07/1954","GENOVA"
"LIGURIA","LIGURIA - U01 (GENOVA: MUNICIPIO VII - PONENTE)","AZIONE - ITALIA VIVA - CALENDA","MARIA CARIDI DETTA MARY","28/10/1956","DOMODOSSOLA (VB)"
"LIGURIA","LIGURIA - U01 (GENOVA: MUNICIPIO VII - PONENTE)","ITALEXIT PER L'ITALIA","FRANCESCA BARBATO","15/08/1981","GENOVA"
"LIGURIA","LIGURIA - U01 (GENOVA: MUNICIPIO VII - PONENTE)"," +EUROPA","SANDRA ZAMPA","16/05/1956","MERCATO SARACENO (FC)"
"LIGURIA","LIGURIA - U01 (GENOVA: MUNICIPIO VII - PONENTE)","PARTITO DEMOCRATICO - ITALIA DEMOCRATICA E PROGRESSISTA","SANDRA ZAMPA","16/05/1956","MERCATO SARACENO (FC)"
"LIGURIA","LIGURIA - U01 (GENOVA: MUNICIPIO VII - PONENTE)","IMPEGNO CIVICO LUIGI DI MAIO - CENTRO DEMOCRATICO","SANDRA ZAMPA","16/05/1956","MERCATO SARACENO (FC)"
"LIGURIA","LIGURIA - U01 (GENOVA: MUNICIPIO VII - PONENTE)","ALLEANZA VERDI E SINISTRA","SANDRA ZAMPA","16/05/1956","MERCATO SARACENO (FC)"
"LIGURIA","LIGURIA - U01 (GENOVA: MUNICIPIO VII - PONENTE)","MASTELLA NOI DI CENTRO EUROPEISTI","CARMELA ALBANESE","13/09/1979","ARIANO IRPINO (AV)"
"LIGURIA","LIGURIA - U01 (GENOVA: MUNICIPIO VII - PONENTE)","ITALIA SOVRANA E POPOLARE","SILVANO CECCOLI","08/02/1960","GENOVA"
"LIGURIA","LIGURIA - U02 (LA SPEZIA)","MOVIMENTO 5 STELLE","BARBARA TRONCHI","28/07/1973","GENOVA"
"LIGURIA","LIGURIA - U02 (LA SPEZIA)","UNIONE POPOLARE CON DE MAGISTRIS","NORMA BERTULLACELLI","14/12/1952","GENOVA"
"LIGURIA","LIGURIA - U02 (LA SPEZIA)","FRATELLI D'ITALIA CON GIORGIA MELONI","STEFANIA PUCCIARELLI","06/03/1967","SARZANA (SP)"
"LIGURIA","LIGURIA - U02 (LA SPEZIA)","FORZA ITALIA","STEFANIA PUCCIARELLI","06/03/1967","SARZANA (SP)"
"LIGURIA","LIGURIA - U02 (LA SPEZIA)","NOI MODERATI/LUPI - TOTI - BRUGNARO - UDC","STEFANIA PUCCIARELLI","06/03/1967","SARZANA (SP)"
"LIGURIA","LIGURIA - U02 (LA SPEZIA)","LEGA PER SALVINI PREMIER","STEFANIA PUCCIARELLI","06/03/1967","SARZANA (SP)"
"LIGURIA","LIGURIA - U02 (LA SPEZIA)","VITA","ELISA TOGNOCCHI","18/08/1982","PIETRASANTA (LU)"
"LIGURIA","LIGURIA - U02 (LA SPEZIA)","PARTITO COMUNISTA DEI LAVORATORI","CINZIA RONZITTI","30/12/1962","GENOVA"
"LIGURIA","LIGURIA - U02 (LA SPEZIA)","AZIONE - ITALIA VIVA - CALENDA","ANGELO CARELLA","19/04/1948","SAN SEVERO (FG)"
"LIGURIA","LIGURIA - U02 (LA SPEZIA)","ITALEXIT PER L'ITALIA","MARCO MORI","29/09/1978","RAPALLO (GE)"
"LIGURIA","LIGURIA - U02 (LA SPEZIA)"," +EUROPA","GUIDO MELLEY","25/10/1961","LA SPEZIA"
"LIGURIA","LIGURIA - U02 (LA SPEZIA)","PARTITO DEMOCRATICO - ITALIA DEMOCRATICA E PROGRESSISTA","GUIDO MELLEY","25/10/1961","LA SPEZIA"
"LIGURIA","LIGURIA - U02 (LA SPEZIA)","IMPEGNO CIVICO LUIGI DI MAIO - CENTRO DEMOCRATICO","GUIDO MELLEY","25/10/1961","LA SPEZIA"
"LIGURIA","LIGURIA - U02 (LA SPEZIA)","ALLEANZA VERDI E SINISTRA","GUIDO MELLEY","25/10/1961","LA SPEZIA"
"LIGURIA","LIGURIA - U02 (LA SPEZIA)","MASTELLA NOI DI CENTRO EUROPEISTI","ANTONIO MEROLA","16/09/1956","SALERNO"
"LIGURIA","LIGURIA - U02 (LA SPEZIA)","ITALIA SOVRANA E POPOLARE","SIMONETTA RUFFATO","05/03/1966","ALESSANDRIA"
"EMILIA-ROMAGNA","EMILIA-ROMAGNA - U01 (PARMA)","ALTERNATIVA PER L'ITALIA - NO GREEN PASS","ENRICO PAPI","26/01/1970","NOVELLARA (RE)"
"EMILIA-ROMAGNA","EMILIA-ROMAGNA - U01 (PARMA)","PARTITO ANIMALISTA - UCDL - 10 VOLTE MEGLIO","ALBA PROIETTI","07/06/1956","FIRENZE (FI)"
"EMILIA-ROMAGNA","EMILIA-ROMAGNA - U01 (PARMA)","PARTITO DEMOCRATICO - ITALIA DEMOCRATICA E PROGRESSISTA","GIUSEPPE NEGRI DETTO BEPPE","22/06/1957","SALSOMAGGIORE TERME (PR)"
"EMILIA-ROMAGNA","EMILIA-ROMAGNA - U01 (PARMA)"," +EUROPA","GIUSEPPE NEGRI DETTO BEPPE","22/06/1957","SALSOMAGGIORE TERME (PR)"
"EMILIA-ROMAGNA","EMILIA-ROMAGNA - U01 (PARMA)","ALLEANZA VERDI E SINISTRA","GIUSEPPE NEGRI DETTO BEPPE","22/06/1957","SALSOMAGGIORE TERME (PR)"
"EMILIA-ROMAGNA","EMILIA-ROMAGNA - U01 (PARMA)","IMPEGNO CIVICO LUIGI DI MAIO - CENTRO DEMOCRATICO","GIUSEPPE NEGRI DETTO BEPPE","22/06/1957","SALSOMAGGIORE TERME (PR)"
"EMILIA-ROMAGNA","EMILIA-ROMAGNA - U01 (PARMA)","DESTRE UNITE","ROMINA SANZANI","29/03/1982","CESENA (FC)"
"EMILIA-ROMAGNA","EMILIA-ROMAGNA - U01 (PARMA)","FRATELLI D'ITALIA CON GIORGIA MELONI","ELENA MURELLI","29/07/1975","PIACENZA (PC)"
"EMILIA-ROMAGNA","EMILIA-ROMAGNA - U01 (PARMA)","LEGA PER SALVINI PREMIER","ELENA MURELLI","29/07/1975","PIACENZA (PC)"
"EMILIA-ROMAGNA","EMILIA-ROMAGNA - U01 (PARMA)","NOI MODERATI/LUPI - TOTI - BRUGNARO - UDC","ELENA MURELLI","29/07/1975","PIACENZA (PC)"
"EMILIA-ROMAGNA","EMILIA-ROMAGNA - U01 (PARMA)","FORZA ITALIA","ELENA MURELLI","29/07/1975","PIACENZA (PC)"
"EMILIA-ROMAGNA","EMILIA-ROMAGNA - U01 (PARMA)","UNIONE POPOLARE CON DE MAGISTRIS","HAITHAM ALLAWI","20/08/1981","ABRA AL QAMISHLI (SIRIA)"
"EMILIA-ROMAGNA","EMILIA-ROMAGNA - U01 (PARMA)","ITALIA SOVRANA E POPOLARE","SILVIA DI CATALDO","07/08/1968","PARMA (PR)"
"EMILIA-ROMAGNA","EMILIA-ROMAGNA - U01 (PARMA)","AZIONE - ITALIA VIVA - CALENDA","ALESSANDRO SBALBI","19/06/1974","PIACENZA (PC)"
"EMILIA-ROMAGNA","EMILIA-ROMAGNA - U01 (PARMA)","MOVIMENTO 5 STELLE","GABRIELLA ANNA MARIA BLANCATO","06/08/1959","BARRAFRANCA (EN)"
"EMILIA-ROMAGNA","EMILIA-ROMAGNA - U01 (PARMA)","VITA","MARIANGELA SASSI","09/11/1980","PARMA"
"EMILIA-ROMAGNA","EMILIA-ROMAGNA - U01 (PARMA)","ITALEXIT PER L'ITALIA","ERICA ROMANI","11/03/1974","SCANDIANO (RE)"
"EMILIA-ROMAGNA","EMILIA-ROMAGNA - U01 (PARMA)","MASTELLA NOI DI CENTRO EUROPEISTI","GABRIELLA BUSSOLATI","09/12/1951","FIDENZA (PR)"
"EMILIA-ROMAGNA","EMILIA-ROMAGNA - U02 (MODENA)","ALTERNATIVA PER L'ITALIA - NO GREEN PASS","IRENE BARTOLAMASI","28/01/1956","NONANTOLA (MO)"
"EMILIA-ROMAGNA","EMILIA-ROMAGNA - U02 (MODENA)","PARTITO ANIMALISTA - UCDL - 10 VOLTE MEGLIO","ALESSANDRA CAROBBI","28/12/1973","MODENA (MO)"
"EMILIA-ROMAGNA","EMILIA-ROMAGNA - U02 (MODENA)","PARTITO DEMOCRATICO - ITALIA DEMOCRATICA E PROGRESSISTA","VINCENZA RANDO","09/06/1958","NISCEMI (CL)"
"EMILIA-ROMAGNA","EMILIA-ROMAGNA - U02 (MODENA)"," +EUROPA","VINCENZA RANDO","09/06/1958","NISCEMI (CL)"
"EMILIA-ROMAGNA","EMILIA-ROMAGNA - U02 (MODENA)","ALLEANZA VERDI E SINISTRA","VINCENZA RANDO","09/06/1958","NISCEMI (CL)"
"EMILIA-ROMAGNA","EMILIA-ROMAGNA - U02 (MODENA)","IMPEGNO CIVICO LUIGI DI MAIO - CENTRO DEMOCRATICO","VINCENZA RANDO","09/06/1958","NISCEMI (CL)"
"EMILIA-ROMAGNA","EMILIA-ROMAGNA - U02 (MODENA)","DESTRE UNITE","YOLANDA ANNA CHRISTINA BRIGHI","17/05/1964","VEYRIER (SVIZZERA)"
"EMILIA-ROMAGNA","EMILIA-ROMAGNA - U02 (MODENA)","FRATELLI D'ITALIA CON GIORGIA MELONI","ENRICO AIMI","10/03/1960","MODENA (MO)"
"EMILIA-ROMAGNA","EMILIA-ROMAGNA - U02 (MODENA)","LEGA PER SALVINI PREMIER","ENRICO AIMI","10/03/1960","MODENA (MO)"
"EMILIA-ROMAGNA","EMILIA-ROMAGNA - U02 (MODENA)","NOI MODERATI/LUPI - TOTI - BRUGNARO - UDC","ENRICO AIMI","10/03/1960","MODENA (MO)"
"EMILIA-ROMAGNA","EMILIA-ROMAGNA - U02 (MODENA)","FORZA ITALIA","ENRICO AIMI","10/03/1960","MODENA (MO)"
"EMILIA-ROMAGNA","EMILIA-ROMAGNA - U02 (MODENA)","UNIONE POPOLARE CON DE MAGISTRIS","JUDITH PINNOCK","21/01/1955","ROMA (RM)"
"EMILIA-ROMAGNA","EMILIA-ROMAGNA - U02 (MODENA)","ITALIA SOVRANA E POPOLARE","MICHELA VANDELLI","05/11/1974","MODENA (MO)"
"EMILIA-ROMAGNA","EMILIA-ROMAGNA - U02 (MODENA)","AZIONE - ITALIA VIVA - CALENDA","CHIARA CASELGRANDI","17/04/1964","MODENA (MO) "
"EMILIA-ROMAGNA","EMILIA-ROMAGNA - U02 (MODENA)","MOVIMENTO 5 STELLE","MARIA LAURA MANTOVANI","11/08/1965","CARPI (MO)"
"EMILIA-ROMAGNA","EMILIA-ROMAGNA - U02 (MODENA)","VITA","ANTONIETTA GATTI","05/04/1949","FAENZA (RA)"
"EMILIA-ROMAGNA","EMILIA-ROMAGNA - U02 (MODENA)","ITALEXIT PER L'ITALIA","MICHELE  CAMPARI","31/12/1968","REGGIO NELL'EMILIA (RE)"
"EMILIA-ROMAGNA","EMILIA-ROMAGNA - U02 (MODENA)","MASTELLA NOI DI CENTRO EUROPEISTI","RENATO FRATI","29/04/1953","PARMA (PR)"
"EMILIA-ROMAGNA","EMILIA-ROMAGNA - U03 (BOLOGNA)","ALTERNATIVA PER L'ITALIA - NO GREEN PASS","MAURIZIO BALDACCI","26/06/1949","RICCIONE (RN)"
"EMILIA-ROMAGNA","EMILIA-ROMAGNA - U03 (BOLOGNA)","PARTITO ANIMALISTA - UCDL - 10 VOLTE MEGLIO","ALESSANDRO CAPUCCI","07/11/1948","FAENZA (RA)"
"EMILIA-ROMAGNA","EMILIA-ROMAGNA - U03 (BOLOGNA)","PARTITO DEMOCRATICO - ITALIA DEMOCRATICA E PROGRESSISTA","PIER FERDINANDO CASINI","03/12/1955","BOLOGNA (BO)"
"EMILIA-ROMAGNA","EMILIA-ROMAGNA - U03 (BOLOGNA)"," +EUROPA","PIER FERDINANDO CASINI","03/12/1955","BOLOGNA (BO)"
"EMILIA-ROMAGNA","EMILIA-ROMAGNA - U03 (BOLOGNA)","ALLEANZA VERDI E SINISTRA","PIER FERDINANDO CASINI","03/12/1955","BOLOGNA (BO)"
"EMILIA-ROMAGNA","EMILIA-ROMAGNA - U03 (BOLOGNA)","IMPEGNO CIVICO LUIGI DI MAIO - CENTRO DEMOCRATICO","PIER FERDINANDO CASINI","03/12/1955","BOLOGNA (BO)"
"EMILIA-ROMAGNA","EMILIA-ROMAGNA - U03 (BOLOGNA)","DESTRE UNITE","BRUNO SAVINI","09/07/1953","GATTEO (FC)"
"EMILIA-ROMAGNA","EMILIA-ROMAGNA - U03 (BOLOGNA)","FRATELLI D'ITALIA CON GIORGIA MELONI","VITTORIO SGARBI","08/05/1952","FERRARA"
"EMILIA-ROMAGNA","EMILIA-ROMAGNA - U03 (BOLOGNA)","LEGA PER SALVINI PREMIER","VITTORIO SGARBI","08/05/1952","FERRARA"
"EMILIA-ROMAGNA","EMILIA-ROMAGNA - U03 (BOLOGNA)","NOI MODERATI/LUPI - TOTI - BRUGNARO - UDC","VITTORIO SGARBI","08/05/1952","FERRARA"
"EMILIA-ROMAGNA","EMILIA-ROMAGNA - U03 (BOLOGNA)","FORZA ITALIA","VITTORIO SGARBI","08/05/1952","FERRARA"
"EMILIA-ROMAGNA","EMILIA-ROMAGNA - U03 (BOLOGNA)","UNIONE POPOLARE CON DE MAGISTRIS","MARCO ODORICI DETTO ODDO","22/10/1963","BOLOGNA (BO)"
"EMILIA-ROMAGNA","EMILIA-ROMAGNA - U03 (BOLOGNA)","ITALIA SOVRANA E POPOLARE","RICCARDO PACCOSI","22/09/1969","SONDRIO (SO)"
"EMILIA-ROMAGNA","EMILIA-ROMAGNA - U03 (BOLOGNA)","AZIONE - ITALIA VIVA - CALENDA","MARCO LOMBARDO","02/01/1981","LOCRI (RC)"
"EMILIA-ROMAGNA","EMILIA-ROMAGNA - U03 (BOLOGNA)","MOVIMENTO 5 STELLE","FABIO SELLERI","03/06/1958","BOLOGNA (BO)"
"EMILIA-ROMAGNA","EMILIA-ROMAGNA - U03 (BOLOGNA)","VITA","STEFANO MONTANARI","07/06/1949","BOLOGNA"
"EMILIA-ROMAGNA","EMILIA-ROMAGNA - U03 (BOLOGNA)","ITALEXIT PER L'ITALIA","DANIELE MATTEI","24/07/1977","BOLOGNA"
"EMILIA-ROMAGNA","EMILIA-ROMAGNA - U03 (BOLOGNA)","MASTELLA NOI DI CENTRO EUROPEISTI","GIANNI CATELANI","10/01/1946","FIRENZE (FI)"
"EMILIA-ROMAGNA","EMILIA-ROMAGNA - U04 (RAVENNA)","ALTERNATIVA PER L'ITALIA - NO GREEN PASS","CARLA LODI","04/03/1969","FORLI' (FC)"
"EMILIA-ROMAGNA","EMILIA-ROMAGNA - U04 (RAVENNA)","PARTITO ANIMALISTA - UCDL - 10 VOLTE MEGLIO","ROBERTA TRIVELLATO","02/07/1974","BADIA POLESINE (RO)"
"EMILIA-ROMAGNA","EMILIA-ROMAGNA - U04 (RAVENNA)","PARTITO DEMOCRATICO - ITALIA DEMOCRATICA E PROGRESSISTA","MANUELA RONTINI","11/06/1978","FAENZA (RA)"
"EMILIA-ROMAGNA","EMILIA-ROMAGNA - U04 (RAVENNA)"," +EUROPA","MANUELA RONTINI","11/06/1978","FAENZA (RA)"
"EMILIA-ROMAGNA","EMILIA-ROMAGNA - U04 (RAVENNA)","ALLEANZA VERDI E SINISTRA","MANUELA RONTINI","11/06/1978","FAENZA (RA)"
"EMILIA-ROMAGNA","EMILIA-ROMAGNA - U04 (RAVENNA)","IMPEGNO CIVICO LUIGI DI MAIO - CENTRO DEMOCRATICO","MANUELA RONTINI","11/06/1978","FAENZA (RA)"
"EMILIA-ROMAGNA","EMILIA-ROMAGNA - U04 (RAVENNA)","DESTRE UNITE","DIVO PIRINI","16/07/1940","CESENATICO (FC)"
"EMILIA-ROMAGNA","EMILIA-ROMAGNA - U04 (RAVENNA)","FRATELLI D'ITALIA CON GIORGIA MELONI","ALBERTO BALBONI","19/06/1959","FERRARA (FE)"
"EMILIA-ROMAGNA","EMILIA-ROMAGNA - U04 (RAVENNA)","LEGA PER SALVINI PREMIER","ALBERTO BALBONI","19/06/1959","FERRARA (FE)"
"EMILIA-ROMAGNA","EMILIA-ROMAGNA - U04 (RAVENNA)","NOI MODERATI/LUPI - TOTI - BRUGNARO - UDC","ALBERTO BALBONI","19/06/1959","FERRARA (FE)"
"EMILIA-ROMAGNA","EMILIA-ROMAGNA - U04 (RAVENNA)","FORZA ITALIA","ALBERTO BALBONI","19/06/1959","FERRARA (FE)"
"EMILIA-ROMAGNA","EMILIA-ROMAGNA - U04 (RAVENNA)","UNIONE POPOLARE CON DE MAGISTRIS","MIRNA TESTI","14/10/1949","CONSELICE (RA)"
"EMILIA-ROMAGNA","EMILIA-ROMAGNA - U04 (RAVENNA)","ITALIA SOVRANA E POPOLARE","GIORGIO FRANCHI","28/01/1977","PORTOMAGGIORE (FE)"
"EMILIA-ROMAGNA","EMILIA-ROMAGNA - U04 (RAVENNA)","AZIONE - ITALIA VIVA - CALENDA","SYLVIA KRANZ","24/11/1959","LUGO (RA)"
"EMILIA-ROMAGNA","EMILIA-ROMAGNA - U04 (RAVENNA)","MOVIMENTO 5 STELLE","ANASTASIA RUGGERI","04/03/1961","GENGA (AN)"
"EMILIA-ROMAGNA","EMILIA-ROMAGNA - U04 (RAVENNA)","VITA","LUCA TEODORI","10/11/1968","BADEN (SVIZZERA)"
"EMILIA-ROMAGNA","EMILIA-ROMAGNA - U04 (RAVENNA)","ITALEXIT PER L'ITALIA","PAOLA FUSCHINI","09/12/1967","RAVENNA (RA)"
"EMILIA-ROMAGNA","EMILIA-ROMAGNA - U04 (RAVENNA)","MASTELLA NOI DI CENTRO EUROPEISTI","MARIA ROSA TOSI","10/07/1957","ZIBELLO (PR)"
"EMILIA-ROMAGNA","EMILIA-ROMAGNA - U05 (RIMINI)","ALTERNATIVA PER L'ITALIA - NO GREEN PASS","SANDRO FERRER","03/06/1977","PINEROLO (TO)"
"EMILIA-ROMAGNA","EMILIA-ROMAGNA - U05 (RIMINI)","PARTITO ANIMALISTA - UCDL - 10 VOLTE MEGLIO","MELISSA MONTANARI","21/12/1971","RIMINI (RN)"
"EMILIA-ROMAGNA","EMILIA-ROMAGNA - U05 (RIMINI)","PARTITO DEMOCRATICO - ITALIA DEMOCRATICA E PROGRESSISTA","SIMONA EMANUELA ANNA CAROLINA VIOLA","15/09/1962","MILANO"
"EMILIA-ROMAGNA","EMILIA-ROMAGNA - U05 (RIMINI)"," +EUROPA","SIMONA EMANUELA ANNA CAROLINA VIOLA","15/09/1962","MILANO"
"EMILIA-ROMAGNA","EMILIA-ROMAGNA - U05 (RIMINI)","ALLEANZA VERDI E SINISTRA","SIMONA EMANUELA ANNA CAROLINA VIOLA","15/09/1962","MILANO"
"EMILIA-ROMAGNA","EMILIA-ROMAGNA - U05 (RIMINI)","IMPEGNO CIVICO LUIGI DI MAIO - CENTRO DEMOCRATICO","SIMONA EMANUELA ANNA CAROLINA VIOLA","15/09/1962","MILANO"
"EMILIA-ROMAGNA","EMILIA-ROMAGNA - U05 (RIMINI)","DESTRE UNITE","ROBERTO SANZANI","12/09/1957","POGGIO BERNI (RN)"
"EMILIA-ROMAGNA","EMILIA-ROMAGNA - U05 (RIMINI)","FRATELLI D'ITALIA CON GIORGIA MELONI","MARTA FAROLFI","01/01/1962","BRISIGHELLA (RA)"
"EMILIA-ROMAGNA","EMILIA-ROMAGNA - U05 (RIMINI)","LEGA PER SALVINI PREMIER","MARTA FAROLFI","01/01/1962","BRISIGHELLA (RA)"
"EMILIA-ROMAGNA","EMILIA-ROMAGNA - U05 (RIMINI)","NOI MODERATI/LUPI - TOTI - BRUGNARO - UDC","MARTA FAROLFI","01/01/1962","BRISIGHELLA (RA)"
"EMILIA-ROMAGNA","EMILIA-ROMAGNA - U05 (RIMINI)","FORZA ITALIA","MARTA FAROLFI","01/01/1962","BRISIGHELLA (RA)"
"EMILIA-ROMAGNA","EMILIA-ROMAGNA - U05 (RIMINI)","UNIONE POPOLARE CON DE MAGISTRIS","ORESTE GODI","07/02/1965","PARMA (PR)"
"EMILIA-ROMAGNA","EMILIA-ROMAGNA - U05 (RIMINI)","ITALIA SOVRANA E POPOLARE","GUGLIELMO BOLOGNINI","14/09/1963","BOLOGNA (BO)"
"EMILIA-ROMAGNA","EMILIA-ROMAGNA - U05 (RIMINI)","AZIONE - ITALIA VIVA - CALENDA","ELENA LEARDINI","26/11/1968","PESARO (PU)"
"EMILIA-ROMAGNA","EMILIA-ROMAGNA - U05 (RIMINI)","MOVIMENTO 5 STELLE","MARCO CROATTI","17/09/1972","RIMINI (RN)"
"EMILIA-ROMAGNA","EMILIA-ROMAGNA - U05 (RIMINI)","VITA","NOEMI ZUCCHI","01/09/1979","MIRANDOLA (MO)"
"EMILIA-ROMAGNA","EMILIA-ROMAGNA - U05 (RIMINI)","ITALEXIT PER L'ITALIA","ELEONORA BARRECA","12/02/1974","BOLOGNA (BO)"
"EMILIA-ROMAGNA","EMILIA-ROMAGNA - U05 (RIMINI)","MASTELLA NOI DI CENTRO EUROPEISTI","SABRINA FEDELI","02/02/1968","CORTEMAGGIORE (PC)"
"TOSCANA","TOSCANA - U01 (AREZZO)","MOVIMENTO 5 STELLE","ANDREA BARBAGLI","24/09/1969","AREZZO"
"TOSCANA","TOSCANA - U01 (AREZZO)","AZIONE - ITALIA VIVA - CALENDA","DAVIDE  VIVALDI","12/10/1965","PALERMO"
"TOSCANA","TOSCANA - U01 (AREZZO)","ALLEANZA VERDI E SINISTRA","SILVIO FRANCESCHELLI","16/08/1970","PISTOIA"
"TOSCANA","TOSCANA - U01 (AREZZO)","IMPEGNO CIVICO LUIGI DI MAIO - CENTRO DEMOCRATICO","SILVIO FRANCESCHELLI","16/08/1970","PISTOIA"
"TOSCANA","TOSCANA - U01 (AREZZO)","PARTITO DEMOCRATICO - ITALIA DEMOCRATICA E PROGRESSISTA","SILVIO FRANCESCHELLI","16/08/1970","PISTOIA"
"TOSCANA","TOSCANA - U01 (AREZZO)"," +EUROPA","SILVIO FRANCESCHELLI","16/08/1970","PISTOIA"
"TOSCANA","TOSCANA - U01 (AREZZO)","UNIONE POPOLARE CON DE MAGISTRIS","CLAUDIO CUBATTOLI","10/01/1953","SIENA "
"TOSCANA","TOSCANA - U01 (AREZZO)","VITA","TOMMASO AGOSTINI","30/03/1977","PISTOIA"
"TOSCANA","TOSCANA - U01 (AREZZO)","PARTITO COMUNISTA ITALIANO","MARCO BARZANTI","25/01/1969","MASSA MARITTIMA"
"TOSCANA","TOSCANA - U01 (AREZZO)","ITALEXIT PER L'ITALIA","GUALTIERO BOMBA","02/08/1959","FIRENZE "
"TOSCANA","TOSCANA - U01 (AREZZO)","FRATELLI D'ITALIA CON GIORGIA MELONI","SIMONA PETRUCCI","17/04/1971","GROSSETO"
"TOSCANA","TOSCANA - U01 (AREZZO)","FORZA ITALIA","SIMONA PETRUCCI","17/04/1971","GROSSETO"
"TOSCANA","TOSCANA - U01 (AREZZO)","NOI MODERATI/LUPI - TOTI - BRUGNARO - UDC","SIMONA PETRUCCI","17/04/1971","GROSSETO"
"TOSCANA","TOSCANA - U01 (AREZZO)","LEGA PER SALVINI PREMIER","SIMONA PETRUCCI","17/04/1971","GROSSETO"
"TOSCANA","TOSCANA - U01 (AREZZO)","ITALIA SOVRANA E POPOLARE","MARIA TERESA TURRINI","01/10/1955","MONTEVARCHI "
"TOSCANA","TOSCANA - U02 (LIVORNO)","MOVIMENTO 5 STELLE","VALERIA MARROCCO","25/05/1975","PISA "
"TOSCANA","TOSCANA - U02 (LIVORNO)","AZIONE - ITALIA VIVA - CALENDA","MASSIMO VITRANI","25/04/1975","LIVORNO"
"TOSCANA","TOSCANA - U02 (LIVORNO)","ALLEANZA VERDI E SINISTRA","ANDREA MARCUCCI","28/05/1965","BARGA"
"TOSCANA","TOSCANA - U02 (LIVORNO)","IMPEGNO CIVICO LUIGI DI MAIO - CENTRO DEMOCRATICO","ANDREA MARCUCCI","28/05/1965","BARGA"
"TOSCANA","TOSCANA - U02 (LIVORNO)","PARTITO DEMOCRATICO - ITALIA DEMOCRATICA E PROGRESSISTA","ANDREA MARCUCCI","28/05/1965","BARGA"
"TOSCANA","TOSCANA - U02 (LIVORNO)"," +EUROPA","ANDREA MARCUCCI","28/05/1965","BARGA"
"TOSCANA","TOSCANA - U02 (LIVORNO)","UNIONE POPOLARE CON DE MAGISTRIS","GIOVANNI BRUNO","22/04/1961","PISA "
"TOSCANA","TOSCANA - U02 (LIVORNO)","VITA","SABRINA GIOVANNONI","27/09/1963","EMPOLI"
"TOSCANA","TOSCANA - U02 (LIVORNO)","PARTITO COMUNISTA ITALIANO","PATRIZIO ANDREOLI","29/12/1957","CAPANNOLI"
"TOSCANA","TOSCANA - U02 (LIVORNO)","ITALEXIT PER L'ITALIA","CINZIA DEL BIGALLO","07/08/1965","ROSIGNANO MARITTIMO"
"TOSCANA","TOSCANA - U02 (LIVORNO)","FRATELLI D'ITALIA CON GIORGIA MELONI","MANFREDI POTENTI","21/07/1976","CECINA"
"TOSCANA","TOSCANA - U02 (LIVORNO)","FORZA ITALIA","MANFREDI POTENTI","21/07/1976","CECINA"
"TOSCANA","TOSCANA - U02 (LIVORNO)","NOI MODERATI/LUPI - TOTI - BRUGNARO - UDC","MANFREDI POTENTI","21/07/1976","CECINA"
"TOSCANA","TOSCANA - U02 (LIVORNO)","LEGA PER SALVINI PREMIER","MANFREDI POTENTI","21/07/1976","CECINA"
"TOSCANA","TOSCANA - U02 (LIVORNO)","ITALIA SOVRANA E POPOLARE","GIOVANNI BACCIARDI","09/08/1937","CASCINA"
"TOSCANA","TOSCANA - U03 (PRATO)","MOVIMENTO 5 STELLE","MANUELA BELLANDI","03/10/1963","LUCCA"
"TOSCANA","TOSCANA - U03 (PRATO)","AZIONE - ITALIA VIVA - CALENDA","BARBARA MASINI","22/01/1974","PISTOIA"
"TOSCANA","TOSCANA - U03 (PRATO)","ALLEANZA VERDI E SINISTRA","ANNA GRAZIANI","07/04/1970","ROMA"
"TOSCANA","TOSCANA - U03 (PRATO)","IMPEGNO CIVICO LUIGI DI MAIO - CENTRO DEMOCRATICO","ANNA GRAZIANI","07/04/1970","ROMA"
"TOSCANA","TOSCANA - U03 (PRATO)","PARTITO DEMOCRATICO - ITALIA DEMOCRATICA E PROGRESSISTA","ANNA GRAZIANI","07/04/1970","ROMA"
"TOSCANA","TOSCANA - U03 (PRATO)"," +EUROPA","ANNA GRAZIANI","07/04/1970","ROMA"
"TOSCANA","TOSCANA - U03 (PRATO)","UNIONE POPOLARE CON DE MAGISTRIS","RIGOLETTA VINCENTI","09/12/1953","CARRARA "
"TOSCANA","TOSCANA - U03 (PRATO)","VITA","MARCO SANTERO","03/10/1965","IMPERIA"
"TOSCANA","TOSCANA - U03 (PRATO)","PARTITO COMUNISTA ITALIANO","DEBORA BIANCHINI","27/01/1979","VINCI"
"TOSCANA","TOSCANA - U03 (PRATO)","ITALEXIT PER L'ITALIA","MONICA CASTRO PIVETTA","20/02/1975","FIRENZE "
"TOSCANA","TOSCANA - U03 (PRATO)","FRATELLI D'ITALIA CON GIORGIA MELONI","PATRIZIO GIACOMO LA PIETRA","10/04/1961","PISTOIA"
"TOSCANA","TOSCANA - U03 (PRATO)","FORZA ITALIA","PATRIZIO GIACOMO LA PIETRA","10/04/1961","PISTOIA"
"TOSCANA","TOSCANA - U03 (PRATO)","NOI MODERATI/LUPI - TOTI - BRUGNARO - UDC","PATRIZIO GIACOMO LA PIETRA","10/04/1961","PISTOIA"
"TOSCANA","TOSCANA - U03 (PRATO)","LEGA PER SALVINI PREMIER","PATRIZIO GIACOMO LA PIETRA","10/04/1961","PISTOIA"
"TOSCANA","TOSCANA - U03 (PRATO)","ITALIA SOVRANA E POPOLARE","DINA CIANELLI","24/09/1957","CASTIGLIONE DEL LAGO"
"TOSCANA","TOSCANA - U04 (FIRENZE)","MOVIMENTO 5 STELLE","CLAUDIO CANTELLA","24/04/1952","CALTANISSETTA"
"TOSCANA","TOSCANA - U04 (FIRENZE)","AZIONE - ITALIA VIVA - CALENDA","STEFANIA SACCARDI","05/11/1960","FIRENZE "
"TOSCANA","TOSCANA - U04 (FIRENZE)","ALLEANZA VERDI E SINISTRA","ILARIA CUCCHI","22/06/1974","ROMA"
"TOSCANA","TOSCANA - U04 (FIRENZE)","IMPEGNO CIVICO LUIGI DI MAIO - CENTRO DEMOCRATICO","ILARIA CUCCHI","22/06/1974","ROMA"
"TOSCANA","TOSCANA - U04 (FIRENZE)","PARTITO DEMOCRATICO - ITALIA DEMOCRATICA E PROGRESSISTA","ILARIA CUCCHI","22/06/1974","ROMA"
"TOSCANA","TOSCANA - U04 (FIRENZE)"," +EUROPA","ILARIA CUCCHI","22/06/1974","ROMA"
"TOSCANA","TOSCANA - U04 (FIRENZE)","UNIONE POPOLARE CON DE MAGISTRIS","FRANCESCA CONTI","06/09/1973","FIRENZE "
"TOSCANA","TOSCANA - U04 (FIRENZE)","VITA","VANDA CIAIOLA","26/09/1965","KETTERING (REGNO UNITO)"
"TOSCANA","TOSCANA - U04 (FIRENZE)","PARTITO COMUNISTA ITALIANO","ANNAMARIA ZISA","16/11/1954","FIRENZE"
"TOSCANA","TOSCANA - U04 (FIRENZE)","ITALEXIT PER L'ITALIA","GUGLIELMO MOSSUTO","17/07/1967","AGRIGENTO"
"TOSCANA","TOSCANA - U04 (FIRENZE)","FRATELLI D'ITALIA CON GIORGIA MELONI","FEDERICA PICCHI","18/01/1975","LA SPEZIA"
"TOSCANA","TOSCANA - U04 (FIRENZE)","FORZA ITALIA","FEDERICA PICCHI","18/01/1975","LA SPEZIA"
"TOSCANA","TOSCANA - U04 (FIRENZE)","NOI MODERATI/LUPI - TOTI - BRUGNARO - UDC","FEDERICA PICCHI","18/01/1975","LA SPEZIA"
"TOSCANA","TOSCANA - U04 (FIRENZE)","LEGA PER SALVINI PREMIER","FEDERICA PICCHI","18/01/1975","LA SPEZIA"
"TOSCANA","TOSCANA - U04 (FIRENZE)","ITALIA SOVRANA E POPOLARE","MAURIZIO ROMANI","18/02/1954","CASTEL SAN NICCOLO'"
"ITALIA","VALLE D'AOSTA - U01 (AOSTA)","PARTITO COMUNISTA ITALIANO","GIOVANNI GUGLIELMO LERAY","25/02/1968","BRESCIA (BS)"
"ITALIA","VALLE D'AOSTA - U01 (AOSTA)","VALL?E D?AOSTE ? AUTONOMIE PROGR?S F?D?RALISME","PATRIK VESAN","24/07/1976","AOSTA"
"ITALIA","VALLE D'AOSTA - U01 (AOSTA)","VALLE D'AOSTA APERTA","DARIA PULZ","25/04/1968","AOSTA"
"ITALIA","VALLE D'AOSTA - U01 (AOSTA)","ITALIA SOVRANA E POPOLARE","ALESSANDRO BICHINI","04/11/1972","TAURIANOVA (RC)"
"ITALIA","VALLE D'AOSTA - U01 (AOSTA)","UNIONE POPOLARE CON DE MAGISTRIS","FRANCESCO, MARIA, GIUSEPPE, CARLO LUCAT","24/02/1946","SAINT-VINCENT (AO)"
"ITALIA","VALLE D'AOSTA - U01 (AOSTA)","LEGA PER SALVINI PREMIER - FORZA ITALIA - NOI MODERATI - FRATELLI D'ITALIA","NICOLETTA SPELGATTI","28/07/1971","AOSTA"
"ITALIA","VALLE D'AOSTA - U01 (AOSTA)","VITA","LARISA BARGAN","29/05/1977","BOLDURESTI (MOLDOVA)"
"ITALIA","VALLE D'AOSTA - U01 (AOSTA)","POUR L?AUTONOMIE ? PER L?AUTONOMIA","AUGUSTO ROLLANDIN","13/06/1949","BRUSSON (AO)"
"ITALIA","TRENTINO-ALTO ADIGE/S?DTIROL - U01 (TRENTO)","MOVIMENTO 5 STELLE","PAOLO MINOTTO","28/09/1970","CASTELLANZA"
"ITALIA","TRENTINO-ALTO ADIGE/S?DTIROL - U01 (TRENTO)","S?DTIROLER VOLKSPARTEI (SVP) - PATT","PATRIZIA PACE","23/04/1966","VITTORIA"
"ITALIA","TRENTINO-ALTO ADIGE/S?DTIROL - U01 (TRENTO)","ITALIA SOVRANA E POPOLARE","MATTIA MAISTRI","14/02/1978","TRENTO"
"ITALIA","TRENTINO-ALTO ADIGE/S?DTIROL - U01 (TRENTO)","UNIONE POPOLARE CON DE MAGISTRIS","VALERIA ALLOCATI","19/11/1967","NAPOLI"
"ITALIA","TRENTINO-ALTO ADIGE/S?DTIROL - U01 (TRENTO)","CAMPOBASE - +EUROPA - ALLEANZA VERDI E SINISTRA ? PD - AZIONE-ITALIA VIVA","PIETRO PATTON","28/12/1957","TRENTO"
"ITALIA","TRENTINO-ALTO ADIGE/S?DTIROL - U01 (TRENTO)","LEGA PER SALVINI PREMIER - FORZA ITALIA - NOI MODERATI - FRATELLI D'ITALIA","MARTINA LOSS","24/02/1975","TRIESTE"
"ITALIA","TRENTINO-ALTO ADIGE/S?DTIROL - U02 (ROVERETO)","MOVIMENTO 5 STELLE","GIULIO ANGELINI","03/01/1976","MILANO"
"ITALIA","TRENTINO-ALTO ADIGE/S?DTIROL - U02 (ROVERETO)","VITA","SUSANNA FANTINI","12/09/1974","FORLIMPOPOLI"
"ITALIA","TRENTINO-ALTO ADIGE/S?DTIROL - U02 (ROVERETO)","S?DTIROLER VOLKSPARTEI (SVP) - PATT","STEFANO BRESCIANI","11/01/1967","ARCO"
"ITALIA","TRENTINO-ALTO ADIGE/S?DTIROL - U02 (ROVERETO)","ITALIA SOVRANA E POPOLARE","GIOVANNA GIUGNI","28/03/1957","FERRARA"
"ITALIA","TRENTINO-ALTO ADIGE/S?DTIROL - U02 (ROVERETO)","UNIONE POPOLARE CON DE MAGISTRIS","CLAUDIO DELLA VOLPE","17/11/1950","NAPOLI"
"ITALIA","TRENTINO-ALTO ADIGE/S?DTIROL - U02 (ROVERETO)","CAMPOBASE - +EUROPA - ALLEANZA VERDI E SINISTRA ? PD - AZIONE-ITALIA VIVA","DONATELLA CONZATTI","20/02/1974","ROVERETO"
"ITALIA","TRENTINO-ALTO ADIGE/S?DTIROL - U02 (ROVERETO)","LEGA PER SALVINI PREMIER - FORZA ITALIA - NOI MODERATI - FRATELLI D'ITALIA","MICHAELA BIANCOFIORE","28/12/1970","BOLZANO"
"ITALIA","TRENTINO-ALTO ADIGE/S?DTIROL - U03 (PERGINE VALSUGANA)","MOVIMENTO 5 STELLE","ROSA MICHELA RIZZI","30/10/1969","VIGO DI FASSA"
"ITALIA","TRENTINO-ALTO ADIGE/S?DTIROL - U03 (PERGINE VALSUGANA)","S?DTIROLER VOLKSPARTEI (SVP) - PATT","ROBERTA BERGAMO","20/08/1963","TRENTO"
"ITALIA","TRENTINO-ALTO ADIGE/S?DTIROL - U03 (PERGINE VALSUGANA)","ITALIA SOVRANA E POPOLARE","ROBERTO CAPPELLETTI","27/02/1957","TRENTO"
"ITALIA","TRENTINO-ALTO ADIGE/S?DTIROL - U03 (PERGINE VALSUGANA)","UNIONE POPOLARE CON DE MAGISTRIS","GIULIANO PANTANO","13/04/1960","PADOVA"
"ITALIA","TRENTINO-ALTO ADIGE/S?DTIROL - U03 (PERGINE VALSUGANA)","CAMPOBASE - +EUROPA - ALLEANZA VERDI E SINISTRA ? PD - AZIONE-ITALIA VIVA","MICHELE SARTORI","01/11/1961","LEVICO"
"ITALIA","TRENTINO-ALTO ADIGE/S?DTIROL - U03 (PERGINE VALSUGANA)","LEGA PER SALVINI PREMIER - FORZA ITALIA - NOI MODERATI - FRATELLI D'ITALIA","ELENA TESTOR","20/07/1973","CAVALESE"
"ITALIA","TRENTINO-ALTO ADIGE/S?DTIROL - U04 (BOLZANO/BOZEN)","MOVIMENTO 5 STELLE","RENZO RONCAT","24/09/1959","BOLZANO"
"ITALIA","TRENTINO-ALTO ADIGE/S?DTIROL - U04 (BOLZANO/BOZEN)","VITA","HANNES LOACKER","02/03/1971","BOLZANO"
"ITALIA","TRENTINO-ALTO ADIGE/S?DTIROL - U04 (BOLZANO/BOZEN)","AZIONE - ITALIA VIVA - CALENDA","STEFANIA GANDER","11/08/1969","CERMES"
"ITALIA","TRENTINO-ALTO ADIGE/S?DTIROL - U04 (BOLZANO/BOZEN)","S?DTIROLER VOLKSPARTEI (SVP) - PATT","MANFRED MAYR","31/03/1965","BOLZANO"
"ITALIA","TRENTINO-ALTO ADIGE/S?DTIROL - U04 (BOLZANO/BOZEN)","PARTITO DEMOCRATICO - +EUROPA - ALLEANZA VERDI E SINISTRA","LUIGI SPAGNOLLI","10/02/1960","BOLZANO"
"ITALIA","TRENTINO-ALTO ADIGE/S?DTIROL - U04 (BOLZANO/BOZEN)","ITALIA SOVRANA E POPOLARE","IVO FIORENZA","20/10/1970","RHO"
"ITALIA","TRENTINO-ALTO ADIGE/S?DTIROL - U04 (BOLZANO/BOZEN)","UNIONE POPOLARE CON DE MAGISTRIS","MICHELANGELO ZANGHI","12/03/1957","COLLEFERRO"
"ITALIA","TRENTINO-ALTO ADIGE/S?DTIROL - U04 (BOLZANO/BOZEN)","LEGA PER SALVINI PREMIER - FORZA ITALIA - NOI MODERATI - FRATELLI D'ITALIA","MAURIZIO BOSATRA","24/06/1971","PAVIA"
"ITALIA","TRENTINO-ALTO ADIGE/S?DTIROL - U04 (BOLZANO/BOZEN)","DIE FREIHEITLICHEN","OTTO MAHLKNECHT","11/10/1971","BOLZANO"
"ITALIA","TRENTINO-ALTO ADIGE/S?DTIROL - U05 (MERANO/MERAN)","PARTITO DEMOCRATICO - ITALIA DEMOCRATICA E PROGRESSISTA","DANIELA ROSSI","15/08/1957","PESARO"
"ITALIA","TRENTINO-ALTO ADIGE/S?DTIROL - U05 (MERANO/MERAN)","ALLEANZA VERDI E SINISTRA","MARLENE MESSNER","25/07/1965","BRESSANONE"
"ITALIA","TRENTINO-ALTO ADIGE/S?DTIROL - U05 (MERANO/MERAN)","MOVIMENTO 5 STELLE","FRANCESCA MORRONE","18/03/1973","TARANTO"
"ITALIA","TRENTINO-ALTO ADIGE/S?DTIROL - U05 (MERANO/MERAN)","VITA","SUSANNA SINGER","30/09/1966","MERANO"
"ITALIA","TRENTINO-ALTO ADIGE/S?DTIROL - U05 (MERANO/MERAN)","AZIONE - ITALIA VIVA - CALENDA","GIOVANNA VALENTINI","22/04/1964","BOLZANO"
"ITALIA","TRENTINO-ALTO ADIGE/S?DTIROL - U05 (MERANO/MERAN)","S?DTIROLER VOLKSPARTEI (SVP) - PATT","JULIANE UNTERBERGER","05/09/1962","MERANO"
"ITALIA","TRENTINO-ALTO ADIGE/S?DTIROL - U05 (MERANO/MERAN)","TEAM K","MARKUS HAFNER","06/03/1958","MALLES VENOSTA"
"ITALIA","TRENTINO-ALTO ADIGE/S?DTIROL - U05 (MERANO/MERAN)","LEGA PER SALVINI PREMIER - FORZA ITALIA - NOI MODERATI - FRATELLI D'ITALIA","RITA MATTEI","06/10/1958","MERANO"
"ITALIA","TRENTINO-ALTO ADIGE/S?DTIROL - U05 (MERANO/MERAN)","DIE FREIHEITLICHEN","SABINE ZODERER","06/12/1979","MERANO"
"ITALIA","TRENTINO-ALTO ADIGE/S?DTIROL - U06 (BRESSANONE/BRIXEN)","PARTITO DEMOCRATICO - ITALIA DEMOCRATICA E PROGRESSISTA","RENATE PRADER","01/02/1973","BRESSANONE"
"ITALIA","TRENTINO-ALTO ADIGE/S?DTIROL - U06 (BRESSANONE/BRIXEN)","ALLEANZA VERDI E SINISTRA","HANS HEISS","13/11/1952","BRESSANONE"
"ITALIA","TRENTINO-ALTO ADIGE/S?DTIROL - U06 (BRESSANONE/BRIXEN)","MOVIMENTO 5 STELLE","MARKUS FALK","06/08/1967","WIESBADEN (GERMANIA)"
"ITALIA","TRENTINO-ALTO ADIGE/S?DTIROL - U06 (BRESSANONE/BRIXEN)","VITA","RUDOLF SCHOPF","23/08/1958","SILANDRO"
"ITALIA","TRENTINO-ALTO ADIGE/S?DTIROL - U06 (BRESSANONE/BRIXEN)","AZIONE - ITALIA VIVA - CALENDA","MASSIMO RAPI","07/05/1974","FIRENZE"
"ITALIA","TRENTINO-ALTO ADIGE/S?DTIROL - U06 (BRESSANONE/BRIXEN)","S?DTIROLER VOLKSPARTEI (SVP) - PATT","MEINHARD DURNWALDER","12/12/1976","BRUNICO"
"ITALIA","TRENTINO-ALTO ADIGE/S?DTIROL - U06 (BRESSANONE/BRIXEN)","TEAM K","MONIKA SENFTER","19/01/1972","SAN CANDIDO"
"ITALIA","TRENTINO-ALTO ADIGE/S?DTIROL - U06 (BRESSANONE/BRIXEN)","LEGA PER SALVINI PREMIER - FORZA ITALIA - NOI MODERATI - FRATELLI D'ITALIA","ANDREA CAUSIN","13/09/1972","VENEZIA"
"ITALIA","TRENTINO-ALTO ADIGE/S?DTIROL - U06 (BRESSANONE/BRIXEN)","DIE FREIHEITLICHEN","ULLI MAIR","11/09/1974","BOLZANO"
"UMBRIA","UMBRIA - U01 (PERUGIA)","ALLEANZA VERDI E SINISTRA","FEDERICO NOVELLI","24/07/1975","TERNI"
"UMBRIA","UMBRIA - U01 (PERUGIA)","IMPEGNO CIVICO LUIGI DI MAIO - CENTRO DEMOCRATICO","FEDERICO NOVELLI","24/07/1975","TERNI"
"UMBRIA","UMBRIA - U01 (PERUGIA)","PARTITO DEMOCRATICO - ITALIA DEMOCRATICA E PROGRESSISTA","FEDERICO NOVELLI","24/07/1975","TERNI"
"UMBRIA","UMBRIA - U01 (PERUGIA)"," +EUROPA","FEDERICO NOVELLI","24/07/1975","TERNI"
"UMBRIA","UMBRIA - U01 (PERUGIA)","MOVIMENTO 5 STELLE","FEDERICO PASCULLI","18/02/1976","TERNI"
"UMBRIA","UMBRIA - U01 (PERUGIA)","AZIONE - ITALIA VIVA - CALENDA","DONATELLA PORZI","27/03/1966","PERUGIA"
"UMBRIA","UMBRIA - U01 (PERUGIA)","PARTITO COMUNISTA ITALIANO","CARLO ROMAGNOLI","10/07/1956","MORROVALLE (MC)"
"UMBRIA","UMBRIA - U01 (PERUGIA)","ITALEXIT PER L'ITALIA","ANGELO BALDINELLI","15/09/1969","GUBBIO (PG)"
"UMBRIA","UMBRIA - U01 (PERUGIA)","ITALIA SOVRANA E POPOLARE","FRANCESCO SCIAMANNINI","02/03/1982","CHIARI (BS)"
"UMBRIA","UMBRIA - U01 (PERUGIA)","NOI MODERATI/LUPI - TOTI - BRUGNARO - UDC","FRANCESCO ZAFFINI","09/03/1955","SPOLETO (PG)"
"UMBRIA","UMBRIA - U01 (PERUGIA)","FRATELLI D'ITALIA CON GIORGIA MELONI","FRANCESCO ZAFFINI","09/03/1955","SPOLETO (PG)"
"UMBRIA","UMBRIA - U01 (PERUGIA)","FORZA ITALIA","FRANCESCO ZAFFINI","09/03/1955","SPOLETO (PG)"
"UMBRIA","UMBRIA - U01 (PERUGIA)","LEGA PER SALVINI PREMIER","FRANCESCO ZAFFINI","09/03/1955","SPOLETO (PG)"
"UMBRIA","UMBRIA - U01 (PERUGIA)","UNIONE POPOLARE CON DE MAGISTRIS","AUGUSTO MANGONI","20/04/1948","TODI (PG)"
"UMBRIA","UMBRIA - U01 (PERUGIA)","VITA","MARINELLA GIULIETTI","31/01/1955","PERUGIA"
"MARCHE","MARCHE - U01 (ASCOLI PICENO)","ITALIA SOVRANA E POPOLARE","FILIPPO PANNELLI","01/01/1981","SAN MINIATO"
"MARCHE","MARCHE - U01 (ASCOLI PICENO)","NOI MODERATI/LUPI - TOTI - BRUGNARO - UDC","ELENA LEONARDI","03/05/1975","RECANATI"
"MARCHE","MARCHE - U01 (ASCOLI PICENO)","FORZA ITALIA","ELENA LEONARDI","03/05/1975","RECANATI"
"MARCHE","MARCHE - U01 (ASCOLI PICENO)","FRATELLI D'ITALIA CON GIORGIA MELONI","ELENA LEONARDI","03/05/1975","RECANATI"
"MARCHE","MARCHE - U01 (ASCOLI PICENO)","LEGA PER SALVINI PREMIER","ELENA LEONARDI","03/05/1975","RECANATI"
"MARCHE","MARCHE - U01 (ASCOLI PICENO)","ITALEXIT PER L'ITALIA","ANDREA SPALLETTI","18/11/1956","MACERATA"
"MARCHE","MARCHE - U01 (ASCOLI PICENO)","MOVIMENTO 5 STELLE","ROBERTO CATALDI","15/04/1960","ASCOLI PICENO"
"MARCHE","MARCHE - U01 (ASCOLI PICENO)","UNIONE POPOLARE CON DE MAGISTRIS","ELENA COMPAGNUCCI","20/07/1964","VARESE"
"MARCHE","MARCHE - U01 (ASCOLI PICENO)","PARTITO COMUNISTA ITALIANO","DANILO BERARDI","05/08/1945","TAVARNELLE VAL DI PESA"
"MARCHE","MARCHE - U01 (ASCOLI PICENO)","VITA","GIULIANA VENTURINI","09/01/1953","FABRIANO"
"MARCHE","MARCHE - U01 (ASCOLI PICENO)"," +EUROPA","MIRELLA GATTARI","28/02/1967","MORROVALLE"
"MARCHE","MARCHE - U01 (ASCOLI PICENO)","ALLEANZA VERDI E SINISTRA","MIRELLA GATTARI","28/02/1967","MORROVALLE"
"MARCHE","MARCHE - U01 (ASCOLI PICENO)","IMPEGNO CIVICO LUIGI DI MAIO - CENTRO DEMOCRATICO","MIRELLA GATTARI","28/02/1967","MORROVALLE"
"MARCHE","MARCHE - U01 (ASCOLI PICENO)","PARTITO DEMOCRATICO - ITALIA DEMOCRATICA E PROGRESSISTA","MIRELLA GATTARI","28/02/1967","MORROVALLE"
"MARCHE","MARCHE - U01 (ASCOLI PICENO)","AZIONE - ITALIA VIVA - CALENDA","FABIO URBINATI","23/09/1968","SAN BENEDETTO DEL TRONTO"
"MARCHE","MARCHE - U01 (ASCOLI PICENO)","ALTERNATIVA PER L'ITALIA - NO GREEN PASS","CRISTIANA DI STEFANO","03/08/1962","PORTO SAN GIORGIO"
"MARCHE","MARCHE - U02 (ANCONA)","ITALIA SOVRANA E POPOLARE","PAOLA RAPONI","04/02/1964","SAN GINESIO"
"MARCHE","MARCHE - U02 (ANCONA)","NOI MODERATI/LUPI - TOTI - BRUGNARO - UDC","ANTONIO DE POLI","04/10/1960","VICENZA"
"MARCHE","MARCHE - U02 (ANCONA)","FORZA ITALIA","ANTONIO DE POLI","04/10/1960","VICENZA"
"MARCHE","MARCHE - U02 (ANCONA)","FRATELLI D'ITALIA CON GIORGIA MELONI","ANTONIO DE POLI","04/10/1960","VICENZA"
"MARCHE","MARCHE - U02 (ANCONA)","LEGA PER SALVINI PREMIER","ANTONIO DE POLI","04/10/1960","VICENZA"
"MARCHE","MARCHE - U02 (ANCONA)","ITALEXIT PER L'ITALIA","EMANUELA MERLI","06/06/1975","JESI"
"MARCHE","MARCHE - U02 (ANCONA)","MOVIMENTO 5 STELLE","SAMUELA MELINI","05/01/1975","SASSOCORVARO"
"MARCHE","MARCHE - U02 (ANCONA)","UNIONE POPOLARE CON DE MAGISTRIS","MARCO BINI","14/10/1962","ANCONA"
"MARCHE","MARCHE - U02 (ANCONA)","PARTITO COMUNISTA ITALIANO","STEFANIA SETTIMI","26/11/1946","ANCONA"
"MARCHE","MARCHE - U02 (ANCONA)","VITA","MARCO PALANGHI","25/04/1969","PESARO"
"MARCHE","MARCHE - U02 (ANCONA)"," +EUROPA","MARCO BENTIVOGLI","07/04/1970","CONEGLIANO"
"MARCHE","MARCHE - U02 (ANCONA)","ALLEANZA VERDI E SINISTRA","MARCO BENTIVOGLI","07/04/1970","CONEGLIANO"
"MARCHE","MARCHE - U02 (ANCONA)","IMPEGNO CIVICO LUIGI DI MAIO - CENTRO DEMOCRATICO","MARCO BENTIVOGLI","07/04/1970","CONEGLIANO"
"MARCHE","MARCHE - U02 (ANCONA)","PARTITO DEMOCRATICO - ITALIA DEMOCRATICA E PROGRESSISTA","MARCO BENTIVOGLI","07/04/1970","CONEGLIANO"
"MARCHE","MARCHE - U02 (ANCONA)","AZIONE - ITALIA VIVA - CALENDA","ELENA FABBRI","18/09/1982","PESARO"
"MARCHE","MARCHE - U02 (ANCONA)","ALTERNATIVA PER L'ITALIA - NO GREEN PASS","GABRIELE CINTI","04/07/1954","JESI"
"LAZIO","LAZIO - U02 (ROMA: MUNICIPIO XIV)","ITALIA SOVRANA E POPOLARE","MANUELA LOMEO","28/05/1978","CATANIA"
"LAZIO","LAZIO - U02 (ROMA: MUNICIPIO XIV)","FRATELLI D'ITALIA CON GIORGIA MELONI","LAVINIA MENNUNI","17/04/1976","SOUTHAMPTON (REGNO UNITO)"
"LAZIO","LAZIO - U02 (ROMA: MUNICIPIO XIV)","FORZA ITALIA","LAVINIA MENNUNI","17/04/1976","SOUTHAMPTON (REGNO UNITO)"
"LAZIO","LAZIO - U02 (ROMA: MUNICIPIO XIV)","LEGA PER SALVINI PREMIER","LAVINIA MENNUNI","17/04/1976","SOUTHAMPTON (REGNO UNITO)"
"LAZIO","LAZIO - U02 (ROMA: MUNICIPIO XIV)","NOI MODERATI/LUPI - TOTI - BRUGNARO - UDC","LAVINIA MENNUNI","17/04/1976","SOUTHAMPTON (REGNO UNITO)"
"LAZIO","LAZIO - U02 (ROMA: MUNICIPIO XIV)","ITALEXIT PER L'ITALIA","BRUNA  MALASCHINI","17/12/1963","ROMA"
"LAZIO","LAZIO - U02 (ROMA: MUNICIPIO XIV)","UNIONE POPOLARE CON DE MAGISTRIS","FRANCESCA ANNA PERRI","07/10/1954","CHICAGO (USA)"
"LAZIO","LAZIO - U02 (ROMA: MUNICIPIO XIV)","VITA","CLAUDIA PAGANELLI","12/07/1977","ROMA"
"LAZIO","LAZIO - U02 (ROMA: MUNICIPIO XIV)","AZIONE - ITALIA VIVA - CALENDA","CARLO CALENDA","09/04/1973","ROMA"
"LAZIO","LAZIO - U02 (ROMA: MUNICIPIO XIV)","MOVIMENTO 5 STELLE","ALESSANDRA MAIORINO","24/07/1974","ROMA"
"LAZIO","LAZIO - U02 (ROMA: MUNICIPIO XIV)","PARTITO COMUNISTA ITALIANO","BRUNO STERI","02/08/1951","ROMA"
"LAZIO","LAZIO - U02 (ROMA: MUNICIPIO XIV)"," +EUROPA","EMMA BONINO","09/03/1948","BRA (CN)"
"LAZIO","LAZIO - U02 (ROMA: MUNICIPIO XIV)","PARTITO DEMOCRATICO - ITALIA DEMOCRATICA E PROGRESSISTA","EMMA BONINO","09/03/1948","BRA (CN)"
"LAZIO","LAZIO - U02 (ROMA: MUNICIPIO XIV)","IMPEGNO CIVICO LUIGI DI MAIO - CENTRO DEMOCRATICO","EMMA BONINO","09/03/1948","BRA (CN)"
"LAZIO","LAZIO - U02 (ROMA: MUNICIPIO XIV)","ALLEANZA VERDI E SINISTRA","EMMA BONINO","09/03/1948","BRA (CN)"
"LAZIO","LAZIO - U02 (ROMA: MUNICIPIO XIV)","ALTERNATIVA PER L'ITALIA - NO GREEN PASS","MARIO ADINOLFI","15/08/1971","ROMA"
"LAZIO","LAZIO - U03 (ROMA: MUNICIPIO V)","ITALIA SOVRANA E POPOLARE","ENZO PENNETTA","10/11/1960","ROMA"
"LAZIO","LAZIO - U03 (ROMA: MUNICIPIO V)","FRATELLI D'ITALIA CON GIORGIA MELONI","GIULIA BONGIORNO","22/03/1966","PALERMO"
"LAZIO","LAZIO - U03 (ROMA: MUNICIPIO V)","FORZA ITALIA","GIULIA BONGIORNO","22/03/1966","PALERMO"
"LAZIO","LAZIO - U03 (ROMA: MUNICIPIO V)","LEGA PER SALVINI PREMIER","GIULIA BONGIORNO","22/03/1966","PALERMO"
"LAZIO","LAZIO - U03 (ROMA: MUNICIPIO V)","NOI MODERATI/LUPI - TOTI - BRUGNARO - UDC","GIULIA BONGIORNO","22/03/1966","PALERMO"
"LAZIO","LAZIO - U03 (ROMA: MUNICIPIO V)","ITALEXIT PER L'ITALIA","FELICE ANDREA TOTARO","26/09/1970","ROMA"
"LAZIO","LAZIO - U03 (ROMA: MUNICIPIO V)","UNIONE POPOLARE CON DE MAGISTRIS","MARIA VITTORIA MOLINARI","13/08/1964","ROMA "
"LAZIO","LAZIO - U03 (ROMA: MUNICIPIO V)","VITA","CESARE FRENI","12/05/1976","GENOVA"
"LAZIO","LAZIO - U03 (ROMA: MUNICIPIO V)","AZIONE - ITALIA VIVA - CALENDA","LIVIA PANDOLFI","26/09/1968","ROMA"
"LAZIO","LAZIO - U03 (ROMA: MUNICIPIO V)","MOVIMENTO 5 STELLE","GIUSEPPE CRACCHIOLO","13/01/1956","TERRASINI (PA)"
"LAZIO","LAZIO - U03 (ROMA: MUNICIPIO V)","PARTITO COMUNISTA ITALIANO","LAURA BORGARUCCI","04/10/1963","ROMA"
"LAZIO","LAZIO - U03 (ROMA: MUNICIPIO V)"," +EUROPA","ANDREA CATARCI","21/06/1969","ROMA"
"LAZIO","LAZIO - U03 (ROMA: MUNICIPIO V)","PARTITO DEMOCRATICO - ITALIA DEMOCRATICA E PROGRESSISTA","ANDREA CATARCI","21/06/1969","ROMA"
"LAZIO","LAZIO - U03 (ROMA: MUNICIPIO V)","IMPEGNO CIVICO LUIGI DI MAIO - CENTRO DEMOCRATICO","ANDREA CATARCI","21/06/1969","ROMA"
"LAZIO","LAZIO - U03 (ROMA: MUNICIPIO V)","ALLEANZA VERDI E SINISTRA","ANDREA CATARCI","21/06/1969","ROMA"
"LAZIO","LAZIO - U03 (ROMA: MUNICIPIO V)","ALTERNATIVA PER L'ITALIA - NO GREEN PASS","CLAUDIO MATTEODA","31/01/1961","ASMARA (ETIOPIA)"
"LAZIO","LAZIO - U04 (ROMA: MUNICIPIO VII)","ITALIA SOVRANA E POPOLARE","MARZIA COLITTI","29/05/1967","ROMA"
"LAZIO","LAZIO - U04 (ROMA: MUNICIPIO VII)","FRATELLI D'ITALIA CON GIORGIA MELONI","ESTER MIELI","22/04/1976","ROMA"
"LAZIO","LAZIO - U04 (ROMA: MUNICIPIO VII)","FORZA ITALIA","ESTER MIELI","22/04/1976","ROMA"
"LAZIO","LAZIO - U04 (ROMA: MUNICIPIO VII)","LEGA PER SALVINI PREMIER","ESTER MIELI","22/04/1976","ROMA"
"LAZIO","LAZIO - U04 (ROMA: MUNICIPIO VII)","NOI MODERATI/LUPI - TOTI - BRUGNARO - UDC","ESTER MIELI","22/04/1976","ROMA"
"LAZIO","LAZIO - U04 (ROMA: MUNICIPIO VII)","ITALEXIT PER L'ITALIA","MARIO IMPROTA","27/08/1972","REGGIO CALABRIA"
"LAZIO","LAZIO - U04 (ROMA: MUNICIPIO VII)","UNIONE POPOLARE CON DE MAGISTRIS","STEFANIA ALESSANDRINI","04/07/1968","ROMA "
"LAZIO","LAZIO - U04 (ROMA: MUNICIPIO VII)","VITA","GUERRINO FAIETA","02/04/1963","ROMA"
"LAZIO","LAZIO - U04 (ROMA: MUNICIPIO VII)","AZIONE - ITALIA VIVA - CALENDA","MARIA RITA IORIO","26/06/1963","FRASCATI (RM)"
"LAZIO","LAZIO - U04 (ROMA: MUNICIPIO VII)","MOVIMENTO 5 STELLE","GIULIA LUPO","19/08/1977","RAGUSA"
"LAZIO","LAZIO - U04 (ROMA: MUNICIPIO VII)","PARTITO COMUNISTA ITALIANO","CRISTINA CIRILLO","15/01/1954","ROMA"
"LAZIO","LAZIO - U04 (ROMA: MUNICIPIO VII)"," +EUROPA","MONICA CIRINNA'","15/02/1963","ROMA"
"LAZIO","LAZIO - U04 (ROMA: MUNICIPIO VII)","PARTITO DEMOCRATICO - ITALIA DEMOCRATICA E PROGRESSISTA","MONICA CIRINNA'","15/02/1963","ROMA"
"LAZIO","LAZIO - U04 (ROMA: MUNICIPIO VII)","IMPEGNO CIVICO LUIGI DI MAIO - CENTRO DEMOCRATICO","MONICA CIRINNA'","15/02/1963","ROMA"
"LAZIO","LAZIO - U04 (ROMA: MUNICIPIO VII)","ALLEANZA VERDI E SINISTRA","MONICA CIRINNA'","15/02/1963","ROMA"
"LAZIO","LAZIO - U04 (ROMA: MUNICIPIO VII)","ALTERNATIVA PER L'ITALIA - NO GREEN PASS","ELEONORA ANTONUCCI","03/09/1955","ROMA"
"LAZIO","LAZIO - U01 (VITERBO)","ITALIA SOVRANA E POPOLARE","ANDREA ALQUATI","27/04/1978","ROMA"
"LAZIO","LAZIO - U01 (VITERBO)","FRATELLI D'ITALIA CON GIORGIA MELONI","CLAUDIO DURIGON","10/09/1971","LATINA"
"LAZIO","LAZIO - U01 (VITERBO)","FORZA ITALIA","CLAUDIO DURIGON","10/09/1971","LATINA"
"LAZIO","LAZIO - U01 (VITERBO)","LEGA PER SALVINI PREMIER","CLAUDIO DURIGON","10/09/1971","LATINA"
"LAZIO","LAZIO - U01 (VITERBO)","NOI MODERATI/LUPI - TOTI - BRUGNARO - UDC","CLAUDIO DURIGON","10/09/1971","LATINA"
"LAZIO","LAZIO - U01 (VITERBO)","ITALEXIT PER L'ITALIA","PAOLO  CIPOLLONE","26/08/1964","ROMA"
"LAZIO","LAZIO - U01 (VITERBO)","UNIONE POPOLARE CON DE MAGISTRIS","IVANO PEDUZZI","29/06/1947","ROMA "
"LAZIO","LAZIO - U01 (VITERBO)","VITA","OMBRETTA DEL MONTE","04/08/1966","CIVITAVECCHIA (RM)"
"LAZIO","LAZIO - U01 (VITERBO)","AZIONE - ITALIA VIVA - CALENDA","ALESSANDRO STERPA","23/12/1977","ROMA"
"LAZIO","LAZIO - U01 (VITERBO)","MOVIMENTO 5 STELLE","MASSIMO ERBETTI","12/05/1965","VITERBO"
"LAZIO","LAZIO - U01 (VITERBO)","PARTITO COMUNISTA ITALIANO","ARNALDO MARCHETTI DETTO NANDO","04/10/1946","RIVODUTRI (RI)"
"LAZIO","LAZIO - U01 (VITERBO)"," +EUROPA","ALESSANDRO MAZZOLI","11/06/1972","FROSINONE "
"LAZIO","LAZIO - U01 (VITERBO)","PARTITO DEMOCRATICO - ITALIA DEMOCRATICA E PROGRESSISTA","ALESSANDRO MAZZOLI","11/06/1972","FROSINONE "
"LAZIO","LAZIO - U01 (VITERBO)","IMPEGNO CIVICO LUIGI DI MAIO - CENTRO DEMOCRATICO","ALESSANDRO MAZZOLI","11/06/1972","FROSINONE "
"LAZIO","LAZIO - U01 (VITERBO)","ALLEANZA VERDI E SINISTRA","ALESSANDRO MAZZOLI","11/06/1972","FROSINONE "
"LAZIO","LAZIO - U01 (VITERBO)","ALTERNATIVA PER L'ITALIA - NO GREEN PASS","MARIA RITA MARINETTI","10/02/1964","AVEZZANO (AQ)"
"LAZIO","LAZIO - U05 (GUIDONIA MONTECELIO)","ITALIA SOVRANA E POPOLARE","EMANUELE DESSI'","30/03/1964","ROMA"
"LAZIO","LAZIO - U05 (GUIDONIA MONTECELIO)","FRATELLI D'ITALIA CON GIORGIA MELONI","MARCO SILVESTRONI","08/11/1962","ROMA"
"LAZIO","LAZIO - U05 (GUIDONIA MONTECELIO)","FORZA ITALIA","MARCO SILVESTRONI","08/11/1962","ROMA"
"LAZIO","LAZIO - U05 (GUIDONIA MONTECELIO)","LEGA PER SALVINI PREMIER","MARCO SILVESTRONI","08/11/1962","ROMA"
"LAZIO","LAZIO - U05 (GUIDONIA MONTECELIO)","NOI MODERATI/LUPI - TOTI - BRUGNARO - UDC","MARCO SILVESTRONI","08/11/1962","ROMA"
"LAZIO","LAZIO - U05 (GUIDONIA MONTECELIO)","ITALEXIT PER L'ITALIA","MONICA NOBILI","15/12/1960","MILANO"
"LAZIO","LAZIO - U05 (GUIDONIA MONTECELIO)","UNIONE POPOLARE CON DE MAGISTRIS","MARCO BIZZONI","19/10/1967","ALBANO LAZIALE (RM)"
"LAZIO","LAZIO - U05 (GUIDONIA MONTECELIO)","VITA","CRISTIANO FUDULI","31/05/1973","NAPOLI"
"LAZIO","LAZIO - U05 (GUIDONIA MONTECELIO)","AZIONE - ITALIA VIVA - CALENDA","ILEANA CATHIA PIAZZONI","22/11/1972","OGGIONO (CO)"
"LAZIO","LAZIO - U05 (GUIDONIA MONTECELIO)","MOVIMENTO 5 STELLE","STEFANO CHIRICO","25/01/1964","ROMA"
"LAZIO","LAZIO - U05 (GUIDONIA MONTECELIO)","PARTITO COMUNISTA ITALIANO","LUCIA ADDARIO","19/07/1963","ROMA"
"LAZIO","LAZIO - U05 (GUIDONIA MONTECELIO)"," +EUROPA","SERENA GARA","29/03/1979","FRASCATI (RM)"
"LAZIO","LAZIO - U05 (GUIDONIA MONTECELIO)","PARTITO DEMOCRATICO - ITALIA DEMOCRATICA E PROGRESSISTA","SERENA GARA","29/03/1979","FRASCATI (RM)"
"LAZIO","LAZIO - U05 (GUIDONIA MONTECELIO)","IMPEGNO CIVICO LUIGI DI MAIO - CENTRO DEMOCRATICO","SERENA GARA","29/03/1979","FRASCATI (RM)"
"LAZIO","LAZIO - U05 (GUIDONIA MONTECELIO)","ALLEANZA VERDI E SINISTRA","SERENA GARA","29/03/1979","FRASCATI (RM)"
"LAZIO","LAZIO - U05 (GUIDONIA MONTECELIO)","ALTERNATIVA PER L'ITALIA - NO GREEN PASS","PAOLA CALDARELLI","05/11/1962","BELFORTE DEL CHIENTI (MC)"
"LAZIO","LAZIO - U06 (LATINA)","ITALIA SOVRANA E POPOLARE","LUIGIA LOLLOBRIGIDA DETTA GINA","04/07/1927","SUBIACO (RM)"
"LAZIO","LAZIO - U06 (LATINA)","FRATELLI D'ITALIA CON GIORGIA MELONI","CLAUDIO FAZZONE","07/10/1961","FONDI (LT)"
"LAZIO","LAZIO - U06 (LATINA)","FORZA ITALIA","CLAUDIO FAZZONE","07/10/1961","FONDI (LT)"
"LAZIO","LAZIO - U06 (LATINA)","LEGA PER SALVINI PREMIER","CLAUDIO FAZZONE","07/10/1961","FONDI (LT)"
"LAZIO","LAZIO - U06 (LATINA)","NOI MODERATI/LUPI - TOTI - BRUGNARO - UDC","CLAUDIO FAZZONE","07/10/1961","FONDI (LT)"
"LAZIO","LAZIO - U06 (LATINA)","ITALEXIT PER L'ITALIA","MARIA TERESA BELLOFATTO","25/09/1980","ROMA"
"LAZIO","LAZIO - U06 (LATINA)","UNIONE POPOLARE CON DE MAGISTRIS","DOMENICO CARCONE","27/09/1967","CASSINO (FR)"
"LAZIO","LAZIO - U06 (LATINA)","VITA","VIOLETTA TOMASSETTI","04/05/1981","ROMA"
"LAZIO","LAZIO - U06 (LATINA)","AZIONE - ITALIA VIVA - CALENDA","ADAMO PANTANO","28/09/1973","TORONTO CANADA (EE)"
"LAZIO","LAZIO - U06 (LATINA)","MOVIMENTO 5 STELLE","ANNA SACCHETTI","08/10/1973","MILANO"
"LAZIO","LAZIO - U06 (LATINA)","PARTITO COMUNISTA ITALIANO","EDOARDO CASTELLUCCI","16/10/1956","CELANO (AQ)"
"LAZIO","LAZIO - U06 (LATINA)"," +EUROPA","SERGIO MESSORE","03/06/1959","SANT'AMBROGIO SUL GARIGLIANO (FR)"
"LAZIO","LAZIO - U06 (LATINA)","PARTITO DEMOCRATICO - ITALIA DEMOCRATICA E PROGRESSISTA","SERGIO MESSORE","03/06/1959","SANT'AMBROGIO SUL GARIGLIANO (FR)"
"LAZIO","LAZIO - U06 (LATINA)","IMPEGNO CIVICO LUIGI DI MAIO - CENTRO DEMOCRATICO","SERGIO MESSORE","03/06/1959","SANT'AMBROGIO SUL GARIGLIANO (FR)"
"LAZIO","LAZIO - U06 (LATINA)","ALLEANZA VERDI E SINISTRA","SERGIO MESSORE","03/06/1959","SANT'AMBROGIO SUL GARIGLIANO (FR)"
"LAZIO","LAZIO - U06 (LATINA)","ALTERNATIVA PER L'ITALIA - NO GREEN PASS","ROCCO D'ETTORRE","16/02/1972","FONDI (LT)"
"ABRUZZO","ABRUZZO - U01 (PESCARA)","IMPEGNO CIVICO LUIGI DI MAIO - CENTRO DEMOCRATICO","MASSIMO CARUGNO","17/11/1956","SAN MARINO (RSM)"
"ABRUZZO","ABRUZZO - U01 (PESCARA)","ALLEANZA VERDI E SINISTRA","MASSIMO CARUGNO","17/11/1956","SAN MARINO (RSM)"
"ABRUZZO","ABRUZZO - U01 (PESCARA)","PARTITO DEMOCRATICO - ITALIA DEMOCRATICA E PROGRESSISTA","MASSIMO CARUGNO","17/11/1956","SAN MARINO (RSM)"
"ABRUZZO","ABRUZZO - U01 (PESCARA)"," +EUROPA","MASSIMO CARUGNO","17/11/1956","SAN MARINO (RSM)"
"ABRUZZO","ABRUZZO - U01 (PESCARA)","MOVIMENTO 5 STELLE","ISIDORO GIANLUCA MALANDRA","13/07/1960","CASALINCONTRADA (CH)"
"ABRUZZO","ABRUZZO - U01 (PESCARA)","ITALIA SOVRANA E POPOLARE","GIANLUCA BALDINI","08/01/1982","PESCARA (PE)"
"ABRUZZO","ABRUZZO - U01 (PESCARA)","ITALEXIT PER L'ITALIA","ALDO DI BACCO","15/04/1964","SULMONA (AQ)"
"ABRUZZO","ABRUZZO - U01 (PESCARA)","UNIONE POPOLARE CON DE MAGISTRIS","RAFFAELE D'AGATA","22/06/1946","ROMA   (RM)"
"ABRUZZO","ABRUZZO - U01 (PESCARA)","ALTERNATIVA PER L'ITALIA - NO GREEN PASS","LAURA  LEONE","14/06/1977","ASCOLI PICENO"
"ABRUZZO","ABRUZZO - U01 (PESCARA)","FORZA ITALIA","GUIDO QUINTINO LIRIS","12/06/1979","L'AQUILA (AQ)"
"ABRUZZO","ABRUZZO - U01 (PESCARA)","NOI MODERATI/LUPI - TOTI - BRUGNARO - UDC","GUIDO QUINTINO LIRIS","12/06/1979","L'AQUILA (AQ)"
"ABRUZZO","ABRUZZO - U01 (PESCARA)","FRATELLI D'ITALIA CON GIORGIA MELONI","GUIDO QUINTINO LIRIS","12/06/1979","L'AQUILA (AQ)"
"ABRUZZO","ABRUZZO - U01 (PESCARA)","LEGA PER SALVINI PREMIER","GUIDO QUINTINO LIRIS","12/06/1979","L'AQUILA (AQ)"
"ABRUZZO","ABRUZZO - U01 (PESCARA)","AZIONE - ITALIA VIVA - CALENDA","GIANFRANCO CLAUDIO FELICE GIULIANTE","15/12/1952","PENNAPIEDIMONTE (CH)"
"ABRUZZO","ABRUZZO - U01 (PESCARA)","VITA","NINO BRUNO","07/10/1971","L'AQUILA  (AQ)"
"MOLISE","MOLISE - U01 (CAMPOBASSO)","MOVIMENTO 5 STELLE","OTTAVIO ANTONIO BALDUCCI","11/03/1957","MOLFETTA"
"MOLISE","MOLISE - U01 (CAMPOBASSO)","PARTITO DEMOCRATICO - ITALIA DEMOCRATICA E PROGRESSISTA","ROSSELLA GIANFAGNA","05/02/1966","CAMPOBASSO"
"MOLISE","MOLISE - U01 (CAMPOBASSO)","IMPEGNO CIVICO LUIGI DI MAIO - CENTRO DEMOCRATICO","ROSSELLA GIANFAGNA","05/02/1966","CAMPOBASSO"
"MOLISE","MOLISE - U01 (CAMPOBASSO)"," +EUROPA","ROSSELLA GIANFAGNA","05/02/1966","CAMPOBASSO"
"MOLISE","MOLISE - U01 (CAMPOBASSO)","ALLEANZA VERDI E SINISTRA","ROSSELLA GIANFAGNA","05/02/1966","CAMPOBASSO"
"MOLISE","MOLISE - U01 (CAMPOBASSO)","FRATELLI D'ITALIA CON GIORGIA MELONI","CLAUDIO LOTITO","09/05/1957","ROMA"
"MOLISE","MOLISE - U01 (CAMPOBASSO)","FORZA ITALIA","CLAUDIO LOTITO","09/05/1957","ROMA"
"MOLISE","MOLISE - U01 (CAMPOBASSO)","NOI MODERATI/LUPI - TOTI - BRUGNARO - UDC","CLAUDIO LOTITO","09/05/1957","ROMA"
"MOLISE","MOLISE - U01 (CAMPOBASSO)","LEGA PER SALVINI PREMIER","CLAUDIO LOTITO","09/05/1957","ROMA"
"MOLISE","MOLISE - U01 (CAMPOBASSO)","ITALIA SOVRANA E POPOLARE","NICOLA LANZA","22/02/1960","RIPABOTTONI (CB)"
"MOLISE","MOLISE - U01 (CAMPOBASSO)","AZIONE - ITALIA VIVA - CALENDA","CARLA GIAMMARIA","22/08/1958","TORNIMPARTE"
"MOLISE","MOLISE - U01 (CAMPOBASSO)","UNIONE POPOLARE CON DE MAGISTRIS","ROSSANO PAZZAGLI","20/10/1958","SUVERETO"
"MOLISE","MOLISE - U01 (CAMPOBASSO)","MASTELLA NOI DI CENTRO EUROPEISTI","ANTONIO VISCO","05/10/1978","COLLI A VOLTURNO"
"CAMPANIA","CAMPANIA - U04 (NAPOLI: QUARTIERE 19 - FUORIGROTTA)","UNIONE POPOLARE CON DE MAGISTRIS","ELENA COCCIA","14/05/1949","AGEROLA"
"CAMPANIA","CAMPANIA - U04 (NAPOLI: QUARTIERE 19 - FUORIGROTTA)"," +EUROPA","VALERIA VALENTE","16/09/1976","NAPOLI"
"CAMPANIA","CAMPANIA - U04 (NAPOLI: QUARTIERE 19 - FUORIGROTTA)","ALLEANZA VERDI E SINISTRA","VALERIA VALENTE","16/09/1976","NAPOLI"
"CAMPANIA","CAMPANIA - U04 (NAPOLI: QUARTIERE 19 - FUORIGROTTA)","IMPEGNO CIVICO LUIGI DI MAIO - CENTRO DEMOCRATICO","VALERIA VALENTE","16/09/1976","NAPOLI"
"CAMPANIA","CAMPANIA - U04 (NAPOLI: QUARTIERE 19 - FUORIGROTTA)","PARTITO DEMOCRATICO - ITALIA DEMOCRATICA E PROGRESSISTA","VALERIA VALENTE","16/09/1976","NAPOLI"
"CAMPANIA","CAMPANIA - U04 (NAPOLI: QUARTIERE 19 - FUORIGROTTA)","ITALEXIT PER L'ITALIA","ANGELA NITTOLO","04/01/1971","VIBO VALENTIA"
"CAMPANIA","CAMPANIA - U04 (NAPOLI: QUARTIERE 19 - FUORIGROTTA)","MOVIMENTO 5 STELLE","ADA LOPREIATO","06/09/1971","NAPOLI"
"CAMPANIA","CAMPANIA - U04 (NAPOLI: QUARTIERE 19 - FUORIGROTTA)","FORZA ITALIA","STEFANO CALDORO","03/12/1960","CAMPOBASSO"
"CAMPANIA","CAMPANIA - U04 (NAPOLI: QUARTIERE 19 - FUORIGROTTA)","LEGA PER SALVINI PREMIER","STEFANO CALDORO","03/12/1960","CAMPOBASSO"
"CAMPANIA","CAMPANIA - U04 (NAPOLI: QUARTIERE 19 - FUORIGROTTA)","FRATELLI D'ITALIA CON GIORGIA MELONI","STEFANO CALDORO","03/12/1960","CAMPOBASSO"
"CAMPANIA","CAMPANIA - U04 (NAPOLI: QUARTIERE 19 - FUORIGROTTA)","NOI MODERATI/LUPI - TOTI - BRUGNARO - UDC","STEFANO CALDORO","03/12/1960","CAMPOBASSO"
"CAMPANIA","CAMPANIA - U04 (NAPOLI: QUARTIERE 19 - FUORIGROTTA)","MASTELLA NOI DI CENTRO EUROPEISTI","MARIA GRAZIA CAMMAROTA","04/05/1962","VALLO DELLA LUCANIA (SA)"
"CAMPANIA","CAMPANIA - U04 (NAPOLI: QUARTIERE 19 - FUORIGROTTA)","AZIONE - ITALIA VIVA - CALENDA","GIUSEPPE RUSSO","19/09/1954","NAPOLI"
"CAMPANIA","CAMPANIA - U05 (GIUGLIANO IN CAMPANIA)","UNIONE POPOLARE CON DE MAGISTRIS","ANNA ORGANO DETTA ARIANNA","28/11/1971","MUGNANO DI NAPOLI"
"CAMPANIA","CAMPANIA - U05 (GIUGLIANO IN CAMPANIA)"," +EUROPA","DAVIDE CRIPPA","11/04/1979","NOVARA"
"CAMPANIA","CAMPANIA - U05 (GIUGLIANO IN CAMPANIA)","ALLEANZA VERDI E SINISTRA","DAVIDE CRIPPA","11/04/1979","NOVARA"
"CAMPANIA","CAMPANIA - U05 (GIUGLIANO IN CAMPANIA)","IMPEGNO CIVICO LUIGI DI MAIO - CENTRO DEMOCRATICO","DAVIDE CRIPPA","11/04/1979","NOVARA"
"CAMPANIA","CAMPANIA - U05 (GIUGLIANO IN CAMPANIA)","PARTITO DEMOCRATICO - ITALIA DEMOCRATICA E PROGRESSISTA","DAVIDE CRIPPA","11/04/1979","NOVARA"
"CAMPANIA","CAMPANIA - U05 (GIUGLIANO IN CAMPANIA)","ITALEXIT PER L'ITALIA","MARIA ABATE","18/11/1981","ARZANO (NA)"
"CAMPANIA","CAMPANIA - U05 (GIUGLIANO IN CAMPANIA)","MOVIMENTO 5 STELLE","MARIA DOMENICA CASTELLONE","03/04/1975","VILLARICCA"
"CAMPANIA","CAMPANIA - U05 (GIUGLIANO IN CAMPANIA)","FORZA ITALIA","ELENA SCARLATO","21/07/1966","SANT'EGIDIO DEL MONTE ALBINO (SA)"
"CAMPANIA","CAMPANIA - U05 (GIUGLIANO IN CAMPANIA)","LEGA PER SALVINI PREMIER","ELENA SCARLATO","21/07/1966","SANT'EGIDIO DEL MONTE ALBINO (SA)"
"CAMPANIA","CAMPANIA - U05 (GIUGLIANO IN CAMPANIA)","FRATELLI D'ITALIA CON GIORGIA MELONI","ELENA SCARLATO","21/07/1966","SANT'EGIDIO DEL MONTE ALBINO (SA)"
"CAMPANIA","CAMPANIA - U05 (GIUGLIANO IN CAMPANIA)","NOI MODERATI/LUPI - TOTI - BRUGNARO - UDC","ELENA SCARLATO","21/07/1966","SANT'EGIDIO DEL MONTE ALBINO (SA)"
"CAMPANIA","CAMPANIA - U05 (GIUGLIANO IN CAMPANIA)","MASTELLA NOI DI CENTRO EUROPEISTI","GIUSEPPE BARRA","15/07/1962","CARDITO (NA)"
"CAMPANIA","CAMPANIA - U05 (GIUGLIANO IN CAMPANIA)","AZIONE - ITALIA VIVA - CALENDA","VITTORIA CRISTIANO","14/10/1961","FRATTAMAGGIORE (NA)"
"CAMPANIA","CAMPANIA - U06 (TORRE DEL GRECO)","UNIONE POPOLARE CON DE MAGISTRIS","CLEMENTINA SASSO","15/07/1979","TORRE DEL GRECO"
"CAMPANIA","CAMPANIA - U06 (TORRE DEL GRECO)"," +EUROPA","ELEONORA DI NOCERA DETTA NORA","17/06/1971","CASTELLAMMARE DI STABIA (NA)"
"CAMPANIA","CAMPANIA - U06 (TORRE DEL GRECO)","ALLEANZA VERDI E SINISTRA","ELEONORA DI NOCERA DETTA NORA","17/06/1971","CASTELLAMMARE DI STABIA (NA)"
"CAMPANIA","CAMPANIA - U06 (TORRE DEL GRECO)","IMPEGNO CIVICO LUIGI DI MAIO - CENTRO DEMOCRATICO","ELEONORA DI NOCERA DETTA NORA","17/06/1971","CASTELLAMMARE DI STABIA (NA)"
"CAMPANIA","CAMPANIA - U06 (TORRE DEL GRECO)","PARTITO DEMOCRATICO - ITALIA DEMOCRATICA E PROGRESSISTA","ELEONORA DI NOCERA DETTA NORA","17/06/1971","CASTELLAMMARE DI STABIA (NA)"
"CAMPANIA","CAMPANIA - U06 (TORRE DEL GRECO)","ITALEXIT PER L'ITALIA","SALVATORE CARAVIELLO","29/12/1970","POMPEI (NA)"
"CAMPANIA","CAMPANIA - U06 (TORRE DEL GRECO)","MOVIMENTO 5 STELLE","ORFEO MAZZELLA","30/09/1965","CERCOLA"
"CAMPANIA","CAMPANIA - U06 (TORRE DEL GRECO)","FORZA ITALIA","GIUSEPPINA CASTIELLO","30/01/1971","AFRAGOLA (NA)"
"CAMPANIA","CAMPANIA - U06 (TORRE DEL GRECO)","LEGA PER SALVINI PREMIER","GIUSEPPINA CASTIELLO","30/01/1971","AFRAGOLA (NA)"
"CAMPANIA","CAMPANIA - U06 (TORRE DEL GRECO)","FRATELLI D'ITALIA CON GIORGIA MELONI","GIUSEPPINA CASTIELLO","30/01/1971","AFRAGOLA (NA)"
"CAMPANIA","CAMPANIA - U06 (TORRE DEL GRECO)","NOI MODERATI/LUPI - TOTI - BRUGNARO - UDC","GIUSEPPINA CASTIELLO","30/01/1971","AFRAGOLA (NA)"
"CAMPANIA","CAMPANIA - U06 (TORRE DEL GRECO)","MASTELLA NOI DI CENTRO EUROPEISTI","STEFANIA ROSSI","30/12/1974","NAPOLI"
"CAMPANIA","CAMPANIA - U06 (TORRE DEL GRECO)","AZIONE - ITALIA VIVA - CALENDA","MARIO SCOGNAMIGLIO","11/01/1968","GENOVA"
"CAMPANIA","CAMPANIA - U07 (ACERRA)","UNIONE POPOLARE CON DE MAGISTRIS","FRANCESCO BRUNO","10/10/1948","NAPOLI"
"CAMPANIA","CAMPANIA - U07 (ACERRA)"," +EUROPA","LEONARDO IMPEGNO","16/10/1974","NAPOLI"
"CAMPANIA","CAMPANIA - U07 (ACERRA)","ALLEANZA VERDI E SINISTRA","LEONARDO IMPEGNO","16/10/1974","NAPOLI"
"CAMPANIA","CAMPANIA - U07 (ACERRA)","IMPEGNO CIVICO LUIGI DI MAIO - CENTRO DEMOCRATICO","LEONARDO IMPEGNO","16/10/1974","NAPOLI"
"CAMPANIA","CAMPANIA - U07 (ACERRA)","PARTITO DEMOCRATICO - ITALIA DEMOCRATICA E PROGRESSISTA","LEONARDO IMPEGNO","16/10/1974","NAPOLI"
"CAMPANIA","CAMPANIA - U07 (ACERRA)","ITALEXIT PER L'ITALIA","NICOLA MASSIMO","06/10/1969","NAPOLI"
"CAMPANIA","CAMPANIA - U07 (ACERRA)","MOVIMENTO 5 STELLE","RAFFAELE DE ROSA","20/06/1978","POMPEI"
"CAMPANIA","CAMPANIA - U07 (ACERRA)","FORZA ITALIA","CLAUDIO BARBARO","17/07/1955","ROMA"
"CAMPANIA","CAMPANIA - U07 (ACERRA)","LEGA PER SALVINI PREMIER","CLAUDIO BARBARO","17/07/1955","ROMA"
"CAMPANIA","CAMPANIA - U07 (ACERRA)","FRATELLI D'ITALIA CON GIORGIA MELONI","CLAUDIO BARBARO","17/07/1955","ROMA"
"CAMPANIA","CAMPANIA - U07 (ACERRA)","NOI MODERATI/LUPI - TOTI - BRUGNARO - UDC","CLAUDIO BARBARO","17/07/1955","ROMA"
"CAMPANIA","CAMPANIA - U07 (ACERRA)","MASTELLA NOI DI CENTRO EUROPEISTI","PIA FEDI","24/07/1969","SAN GIORGIO A CREMANO"
"CAMPANIA","CAMPANIA - U07 (ACERRA)","AZIONE - ITALIA VIVA - CALENDA","ANNARITA DI PALMA","29/04/1980","CERCOLA (NA)"
"CAMPANIA","CAMPANIA - U01 (CASERTA)","UNIONE POPOLARE CON DE MAGISTRIS","RENATO DELLE FEMMINE","09/03/1948","SANTA MARIA CAPUA VETERE"
"CAMPANIA","CAMPANIA - U01 (CASERTA)"," +EUROPA","TOMMASO DE SIMONE","26/04/1967","TEANO (CE)"
"CAMPANIA","CAMPANIA - U01 (CASERTA)","ALLEANZA VERDI E SINISTRA","TOMMASO DE SIMONE","26/04/1967","TEANO (CE)"
"CAMPANIA","CAMPANIA - U01 (CASERTA)","IMPEGNO CIVICO LUIGI DI MAIO - CENTRO DEMOCRATICO","TOMMASO DE SIMONE","26/04/1967","TEANO (CE)"
"CAMPANIA","CAMPANIA - U01 (CASERTA)","PARTITO DEMOCRATICO - ITALIA DEMOCRATICA E PROGRESSISTA","TOMMASO DE SIMONE","26/04/1967","TEANO (CE)"
"CAMPANIA","CAMPANIA - U01 (CASERTA)","ITALEXIT PER L'ITALIA","LETIZIA  D'ONOFRIO","26/06/1961","MINTURNO (LT)"
"CAMPANIA","CAMPANIA - U01 (CASERTA)","MOVIMENTO 5 STELLE","ANTONIO DEL MONACO","08/04/1956","MADDALONI (CE)"
"CAMPANIA","CAMPANIA - U01 (CASERTA)","FORZA ITALIA","GIOVANNA PETRENGA","06/07/1956","CASAL DI PRINCIPE (CE)"
"CAMPANIA","CAMPANIA - U01 (CASERTA)","LEGA PER SALVINI PREMIER","GIOVANNA PETRENGA","06/07/1956","CASAL DI PRINCIPE (CE)"
"CAMPANIA","CAMPANIA - U01 (CASERTA)","FRATELLI D'ITALIA CON GIORGIA MELONI","GIOVANNA PETRENGA","06/07/1956","CASAL DI PRINCIPE (CE)"
"CAMPANIA","CAMPANIA - U01 (CASERTA)","NOI MODERATI/LUPI - TOTI - BRUGNARO - UDC","GIOVANNA PETRENGA","06/07/1956","CASAL DI PRINCIPE (CE)"
"CAMPANIA","CAMPANIA - U01 (CASERTA)","MASTELLA NOI DI CENTRO EUROPEISTI","MICHELE DI STASIO","22/09/1952","PASTORANO (CE)"
"CAMPANIA","CAMPANIA - U01 (CASERTA)","AZIONE - ITALIA VIVA - CALENDA","OVIDIO MARZAIOLI","21/11/1959","CASERTA"
"CAMPANIA","CAMPANIA - U02 (BENEVENTO)","UNIONE POPOLARE CON DE MAGISTRIS","TIZIANA SALVETTI","07/06/1963","NAPOLI"
"CAMPANIA","CAMPANIA - U02 (BENEVENTO)"," +EUROPA","CARLO IANNACE","27/06/1963","SAN LEUCIO DEL SANNIO (BN)"
"CAMPANIA","CAMPANIA - U02 (BENEVENTO)","ALLEANZA VERDI E SINISTRA","CARLO IANNACE","27/06/1963","SAN LEUCIO DEL SANNIO (BN)"
"CAMPANIA","CAMPANIA - U02 (BENEVENTO)","IMPEGNO CIVICO LUIGI DI MAIO - CENTRO DEMOCRATICO","CARLO IANNACE","27/06/1963","SAN LEUCIO DEL SANNIO (BN)"
"CAMPANIA","CAMPANIA - U02 (BENEVENTO)","PARTITO DEMOCRATICO - ITALIA DEMOCRATICA E PROGRESSISTA","CARLO IANNACE","27/06/1963","SAN LEUCIO DEL SANNIO (BN)"
"CAMPANIA","CAMPANIA - U02 (BENEVENTO)","ITALEXIT PER L'ITALIA","TERESA CAPUTO","14/07/1978","AVELLINO"
"CAMPANIA","CAMPANIA - U02 (BENEVENTO)","MOVIMENTO 5 STELLE","MAURA SARNO","14/02/1959","AVELLINO"
"CAMPANIA","CAMPANIA - U02 (BENEVENTO)","FORZA ITALIA","GIULIA COSENZA","25/01/1968","NAPOLI"
"CAMPANIA","CAMPANIA - U02 (BENEVENTO)","LEGA PER SALVINI PREMIER","GIULIA COSENZA","25/01/1968","NAPOLI"
"CAMPANIA","CAMPANIA - U02 (BENEVENTO)","FRATELLI D'ITALIA CON GIORGIA MELONI","GIULIA COSENZA","25/01/1968","NAPOLI"
"CAMPANIA","CAMPANIA - U02 (BENEVENTO)","NOI MODERATI/LUPI - TOTI - BRUGNARO - UDC","GIULIA COSENZA","25/01/1968","NAPOLI"
"CAMPANIA","CAMPANIA - U02 (BENEVENTO)","MASTELLA NOI DI CENTRO EUROPEISTI","ARMANDO ROCCO","02/02/1974","BENEVENTO"
"CAMPANIA","CAMPANIA - U02 (BENEVENTO)","AZIONE - ITALIA VIVA - CALENDA","FRANCESCA MITE","16/05/1975","SAN GIOVANNI ROTONDO (FG)"
"CAMPANIA","CAMPANIA - U03 (SALERNO)","UNIONE POPOLARE CON DE MAGISTRIS","LORENZO FORTE","13/08/1973","SALERNO"
"CAMPANIA","CAMPANIA - U03 (SALERNO)"," +EUROPA","ANNA PETRONE","12/09/1975","SALERNO"
"CAMPANIA","CAMPANIA - U03 (SALERNO)","ALLEANZA VERDI E SINISTRA","ANNA PETRONE","12/09/1975","SALERNO"
"CAMPANIA","CAMPANIA - U03 (SALERNO)","IMPEGNO CIVICO LUIGI DI MAIO - CENTRO DEMOCRATICO","ANNA PETRONE","12/09/1975","SALERNO"
"CAMPANIA","CAMPANIA - U03 (SALERNO)","PARTITO DEMOCRATICO - ITALIA DEMOCRATICA E PROGRESSISTA","ANNA PETRONE","12/09/1975","SALERNO"
"CAMPANIA","CAMPANIA - U03 (SALERNO)","ITALEXIT PER L'ITALIA","GIOVANNI GOLINO","22/02/1977","MARCIANISE (CE)"
"CAMPANIA","CAMPANIA - U03 (SALERNO)","MOVIMENTO 5 STELLE","FRANCESCO CASTIELLO","13/10/1942","VALLO DELLA LUCANIA (SA)"
"CAMPANIA","CAMPANIA - U03 (SALERNO)","FORZA ITALIA","ANTONIO IANNONE","18/09/1975","TORRE DEL GRECO (NA)"
"CAMPANIA","CAMPANIA - U03 (SALERNO)","LEGA PER SALVINI PREMIER","ANTONIO IANNONE","18/09/1975","TORRE DEL GRECO (NA)"
"CAMPANIA","CAMPANIA - U03 (SALERNO)","FRATELLI D'ITALIA CON GIORGIA MELONI","ANTONIO IANNONE","18/09/1975","TORRE DEL GRECO (NA)"
"CAMPANIA","CAMPANIA - U03 (SALERNO)","NOI MODERATI/LUPI - TOTI - BRUGNARO - UDC","ANTONIO IANNONE","18/09/1975","TORRE DEL GRECO (NA)"
"CAMPANIA","CAMPANIA - U03 (SALERNO)","MASTELLA NOI DI CENTRO EUROPEISTI","ANTONIO PIERRI","04/11/1951","FISCIANO (SA)"
"CAMPANIA","CAMPANIA - U03 (SALERNO)","AZIONE - ITALIA VIVA - CALENDA","LUIGI CASCIELLO","11/03/1963","BENEVENTO"
"PUGLIA","PUGLIA - U01 (FOGGIA)","FRATELLI D'ITALIA CON GIORGIA MELONI","ANNA MARIA FALLUCCHI","19/05/1968","FOGGIA"
"PUGLIA","PUGLIA - U01 (FOGGIA)","NOI MODERATI/LUPI - TOTI - BRUGNARO - UDC","ANNA MARIA FALLUCCHI","19/05/1968","FOGGIA"
"PUGLIA","PUGLIA - U01 (FOGGIA)","LEGA PER SALVINI PREMIER","ANNA MARIA FALLUCCHI","19/05/1968","FOGGIA"
"PUGLIA","PUGLIA - U01 (FOGGIA)","FORZA ITALIA","ANNA MARIA FALLUCCHI","19/05/1968","FOGGIA"
"PUGLIA","PUGLIA - U01 (FOGGIA)","AZIONE - ITALIA VIVA - CALENDA","LORENZO FRATTAROLO","31/07/1976","FOGGIA"
"PUGLIA","PUGLIA - U01 (FOGGIA)","UNIONE POPOLARE CON DE MAGISTRIS","ELENA INCORONATA PALLARA","30/11/1975","SAN GIOVANNI ROTONDO"
"PUGLIA","PUGLIA - U01 (FOGGIA)","MOVIMENTO 5 STELLE","GISELLA NATURALE","03/06/1969","SAN GIOVANNI ROTONDO"
"PUGLIA","PUGLIA - U01 (FOGGIA)","ITALEXIT PER L'ITALIA","VALENTINA BRATTI","01/02/1971","FOGGIA"
"PUGLIA","PUGLIA - U01 (FOGGIA)"," +EUROPA","TERESA CICOLELLA","11/06/1976","CERIGNOLA"
"PUGLIA","PUGLIA - U01 (FOGGIA)","PARTITO DEMOCRATICO - ITALIA DEMOCRATICA E PROGRESSISTA","TERESA CICOLELLA","11/06/1976","CERIGNOLA"
"PUGLIA","PUGLIA - U01 (FOGGIA)","IMPEGNO CIVICO LUIGI DI MAIO - CENTRO DEMOCRATICO","TERESA CICOLELLA","11/06/1976","CERIGNOLA"
"PUGLIA","PUGLIA - U01 (FOGGIA)","ALLEANZA VERDI E SINISTRA","TERESA CICOLELLA","11/06/1976","CERIGNOLA"
"PUGLIA","PUGLIA - U01 (FOGGIA)","SUD CHIAMA NORD","COMINGIO ROSSI","17/09/1951","LUCERA"
"PUGLIA","PUGLIA - U01 (FOGGIA)","PARTITO COMUNISTA ITALIANO","VINCENZO SINISI","16/05/1973","ANDRIA"
"PUGLIA","PUGLIA - U01 (FOGGIA)","VITA","PAOLA  ANGELA PATERA","04/05/1971","NARDO'"
"PUGLIA","PUGLIA - U01 (FOGGIA)","ITALIA SOVRANA E POPOLARE","COSIMO MASSARO","07/11/1971","TORINO"
"PUGLIA","PUGLIA - U01 (FOGGIA)","ALTERNATIVA PER L'ITALIA - NO GREEN PASS","ANNA FORTUNATO","25/01/1951","LUCERA"
"PUGLIA","PUGLIA - U02 (ANDRIA)","FRATELLI D'ITALIA CON GIORGIA MELONI","FRANCESCO PAOLO SISTO","27/04/1955","BARI"
"PUGLIA","PUGLIA - U02 (ANDRIA)","NOI MODERATI/LUPI - TOTI - BRUGNARO - UDC","FRANCESCO PAOLO SISTO","27/04/1955","BARI"
"PUGLIA","PUGLIA - U02 (ANDRIA)","LEGA PER SALVINI PREMIER","FRANCESCO PAOLO SISTO","27/04/1955","BARI"
"PUGLIA","PUGLIA - U02 (ANDRIA)","FORZA ITALIA","FRANCESCO PAOLO SISTO","27/04/1955","BARI"
"PUGLIA","PUGLIA - U02 (ANDRIA)","AZIONE - ITALIA VIVA - CALENDA","STEFANIA D'ADDATO","20/01/1974","BISCEGLIE"
"PUGLIA","PUGLIA - U02 (ANDRIA)","UNIONE POPOLARE CON DE MAGISTRIS","FRANCO BARTOLOMEI","27/09/1956","ROMA"
"PUGLIA","PUGLIA - U02 (ANDRIA)","MOVIMENTO 5 STELLE","MICHELE CORATELLA","22/06/1968","ANDRIA"
"PUGLIA","PUGLIA - U02 (ANDRIA)","ITALEXIT PER L'ITALIA","PASQUALE  SIMONE","20/06/1949","BISCEGLIE"
"PUGLIA","PUGLIA - U02 (ANDRIA)"," +EUROPA","DOMENICO LOMELO","02/02/1954","POLIGNANO A MARE"
"PUGLIA","PUGLIA - U02 (ANDRIA)","PARTITO DEMOCRATICO - ITALIA DEMOCRATICA E PROGRESSISTA","DOMENICO LOMELO","02/02/1954","POLIGNANO A MARE"
"PUGLIA","PUGLIA - U02 (ANDRIA)","IMPEGNO CIVICO LUIGI DI MAIO - CENTRO DEMOCRATICO","DOMENICO LOMELO","02/02/1954","POLIGNANO A MARE"
"PUGLIA","PUGLIA - U02 (ANDRIA)","ALLEANZA VERDI E SINISTRA","DOMENICO LOMELO","02/02/1954","POLIGNANO A MARE"
"PUGLIA","PUGLIA - U02 (ANDRIA)","SUD CHIAMA NORD","DEBORA GRAZIANO","02/10/1969","CIVITAVECCHIA"
"PUGLIA","PUGLIA - U02 (ANDRIA)","PARTITO COMUNISTA ITALIANO","ALESSANDRO MASSAFRA","21/11/1979","LOCOROTONDO"
"PUGLIA","PUGLIA - U02 (ANDRIA)","VITA","GIANCARLO VINCITORIO","05/04/1970","BRINDISI"
"PUGLIA","PUGLIA - U02 (ANDRIA)","ITALIA SOVRANA E POPOLARE","NICOLA  DI GENNARO","18/03/1967","BISCEGLIE"
"PUGLIA","PUGLIA - U02 (ANDRIA)","ALTERNATIVA PER L'ITALIA - NO GREEN PASS","TERESA TRITTO","13/05/1955","SANTERAMO IN COLLE"
"PUGLIA","PUGLIA - U03 (BARI)","FRATELLI D'ITALIA CON GIORGIA MELONI","FILIPPO MELCHIORRE","07/05/1966","BARI"
"PUGLIA","PUGLIA - U03 (BARI)","NOI MODERATI/LUPI - TOTI - BRUGNARO - UDC","FILIPPO MELCHIORRE","07/05/1966","BARI"
"PUGLIA","PUGLIA - U03 (BARI)","LEGA PER SALVINI PREMIER","FILIPPO MELCHIORRE","07/05/1966","BARI"
"PUGLIA","PUGLIA - U03 (BARI)","FORZA ITALIA","FILIPPO MELCHIORRE","07/05/1966","BARI"
"PUGLIA","PUGLIA - U03 (BARI)","AZIONE - ITALIA VIVA - CALENDA","NUNZIA CINONE","02/12/1971","BARI"
"PUGLIA","PUGLIA - U03 (BARI)","UNIONE POPOLARE CON DE MAGISTRIS","PATRIZIA ANGELA ROMANA CARLUCCI","23/03/1961","MOLFETTA"
"PUGLIA","PUGLIA - U03 (BARI)","MOVIMENTO 5 STELLE","MARIA LA GHEZZA","13/10/1981","MONOPOLI"
"PUGLIA","PUGLIA - U03 (BARI)","ITALEXIT PER L'ITALIA","CAMILLA CAMPANELLA","12/03/1977","ACQUAVIVA DELLE FONTI"
"PUGLIA","PUGLIA - U03 (BARI)"," +EUROPA","MICHELE NITTI","23/05/1981","ACQUAVIVA DELLE FONTI"
"PUGLIA","PUGLIA - U03 (BARI)","PARTITO DEMOCRATICO - ITALIA DEMOCRATICA E PROGRESSISTA","MICHELE NITTI","23/05/1981","ACQUAVIVA DELLE FONTI"
"PUGLIA","PUGLIA - U03 (BARI)","IMPEGNO CIVICO LUIGI DI MAIO - CENTRO DEMOCRATICO","MICHELE NITTI","23/05/1981","ACQUAVIVA DELLE FONTI"
"PUGLIA","PUGLIA - U03 (BARI)","ALLEANZA VERDI E SINISTRA","MICHELE NITTI","23/05/1981","ACQUAVIVA DELLE FONTI"
"PUGLIA","PUGLIA - U03 (BARI)","SUD CHIAMA NORD","LUCIA PARTIPILO","13/07/1976","BARI"
"PUGLIA","PUGLIA - U03 (BARI)","PARTITO COMUNISTA ITALIANO","DONATA ALBERGO DETTA DONATELLA","10/10/1950","BARI"
"PUGLIA","PUGLIA - U03 (BARI)","VITA","CARLO ZEULI","08/05/1959","BARI"
"PUGLIA","PUGLIA - U03 (BARI)","ITALIA SOVRANA E POPOLARE","NICOLA SIGNORILE","15/12/1956","BARI"
"PUGLIA","PUGLIA - U03 (BARI)","ALTERNATIVA PER L'ITALIA - NO GREEN PASS","BIAGIO CANTATORE","03/05/1967","RUVO DI PUGLIA"
"PUGLIA","PUGLIA - U04 (TARANTO)","FRATELLI D'ITALIA CON GIORGIA MELONI","VITA MARIA NOCCO","12/12/1974","SANTERAMO IN COLLE"
"PUGLIA","PUGLIA - U04 (TARANTO)","NOI MODERATI/LUPI - TOTI - BRUGNARO - UDC","VITA MARIA NOCCO","12/12/1974","SANTERAMO IN COLLE"
"PUGLIA","PUGLIA - U04 (TARANTO)","LEGA PER SALVINI PREMIER","VITA MARIA NOCCO","12/12/1974","SANTERAMO IN COLLE"
"PUGLIA","PUGLIA - U04 (TARANTO)","FORZA ITALIA","VITA MARIA NOCCO","12/12/1974","SANTERAMO IN COLLE"
"PUGLIA","PUGLIA - U04 (TARANTO)","AZIONE - ITALIA VIVA - CALENDA","NICOLA  BRUNI","10/08/1945","TARANTO"
"PUGLIA","PUGLIA - U04 (TARANTO)","UNIONE POPOLARE CON DE MAGISTRIS","ANGELO LEO","25/01/1955","CEGLIE MESSAPICA"
"PUGLIA","PUGLIA - U04 (TARANTO)","MOVIMENTO 5 STELLE","ROBERTO FUSCO","23/03/1960","BRINDISI"
"PUGLIA","PUGLIA - U04 (TARANTO)","ITALEXIT PER L'ITALIA","MICHELA DISTRATIS","02/12/1981","MANDURIA"
"PUGLIA","PUGLIA - U04 (TARANTO)"," +EUROPA","MARIA GRAZIA CASCARANO","22/11/1964","MANDURIA"
"PUGLIA","PUGLIA - U04 (TARANTO)","PARTITO DEMOCRATICO - ITALIA DEMOCRATICA E PROGRESSISTA","MARIA GRAZIA CASCARANO","22/11/1964","MANDURIA"
"PUGLIA","PUGLIA - U04 (TARANTO)","IMPEGNO CIVICO LUIGI DI MAIO - CENTRO DEMOCRATICO","MARIA GRAZIA CASCARANO","22/11/1964","MANDURIA"
"PUGLIA","PUGLIA - U04 (TARANTO)","ALLEANZA VERDI E SINISTRA","MARIA GRAZIA CASCARANO","22/11/1964","MANDURIA"
"PUGLIA","PUGLIA - U04 (TARANTO)","SUD CHIAMA NORD","ERASMO GIOVE","04/05/1977","SANTERAMO IN COLLE"
"PUGLIA","PUGLIA - U04 (TARANTO)","PARTITO COMUNISTA ITALIANO","GABRIELE ANNESE","24/10/1979","MOLA DI BARI"
"PUGLIA","PUGLIA - U04 (TARANTO)","VITA","ALBERTO LAZZARO","23/04/1962","TARANTO"
"PUGLIA","PUGLIA - U04 (TARANTO)","ITALIA SOVRANA E POPOLARE","ROSA MARGIOTTA","22/03/1964","BRINDISI"
"PUGLIA","PUGLIA - U04 (TARANTO)","ALTERNATIVA PER L'ITALIA - NO GREEN PASS","ALESSANDRO GENTILE","22/09/1973","TARANTO"
"PUGLIA","PUGLIA - U05 (LECCE)","FRATELLI D'ITALIA CON GIORGIA MELONI","ROBERTO MARTI","11/06/1974","LECCE"
"PUGLIA","PUGLIA - U05 (LECCE)","NOI MODERATI/LUPI - TOTI - BRUGNARO - UDC","ROBERTO MARTI","11/06/1974","LECCE"
"PUGLIA","PUGLIA - U05 (LECCE)","LEGA PER SALVINI PREMIER","ROBERTO MARTI","11/06/1974","LECCE"
"PUGLIA","PUGLIA - U05 (LECCE)","FORZA ITALIA","ROBERTO MARTI","11/06/1974","LECCE"
"PUGLIA","PUGLIA - U05 (LECCE)","AZIONE - ITALIA VIVA - CALENDA","ALFREDO PAGLIARO","14/08/1955","LECCE"
"PUGLIA","PUGLIA - U05 (LECCE)","UNIONE POPOLARE CON DE MAGISTRIS","DUILIO COSIMO ROMANELLO","08/05/1980","COPERTINO"
"PUGLIA","PUGLIA - U05 (LECCE)","MOVIMENTO 5 STELLE","ANTONIO SALVATORE TREVISI","26/01/1976","COPERTINO"
"PUGLIA","PUGLIA - U05 (LECCE)","ITALEXIT PER L'ITALIA","RAFFAELE CESARIO","29/09/1974","BRINDISI"
"PUGLIA","PUGLIA - U05 (LECCE)"," +EUROPA","PIETRO LUIGI LOPALCO","25/03/1964","MESAGNE"
"PUGLIA","PUGLIA - U05 (LECCE)","PARTITO DEMOCRATICO - ITALIA DEMOCRATICA E PROGRESSISTA","PIETRO LUIGI LOPALCO","25/03/1964","MESAGNE"
"PUGLIA","PUGLIA - U05 (LECCE)","IMPEGNO CIVICO LUIGI DI MAIO - CENTRO DEMOCRATICO","PIETRO LUIGI LOPALCO","25/03/1964","MESAGNE"
"PUGLIA","PUGLIA - U05 (LECCE)","ALLEANZA VERDI E SINISTRA","PIETRO LUIGI LOPALCO","25/03/1964","MESAGNE"
"PUGLIA","PUGLIA - U05 (LECCE)","SUD CHIAMA NORD","ETTORE MARINELLI","19/05/1973","TARANTO"
"PUGLIA","PUGLIA - U05 (LECCE)","PARTITO COMUNISTA ITALIANO","ADA DONNO","28/12/1947","SURBO"
"PUGLIA","PUGLIA - U05 (LECCE)","VITA","GIOVANNA SPINELLI","17/11/1952","LIZZANO"
"PUGLIA","PUGLIA - U05 (LECCE)","ITALIA SOVRANA E POPOLARE","GRAZIA MAREMONTI","12/05/1968","TARANTO"
"PUGLIA","PUGLIA - U05 (LECCE)","ALTERNATIVA PER L'ITALIA - NO GREEN PASS","PASQUALINA IMPERIALE","10/08/1966","NEVIANO"
"BASILICATA","BASILICATA - U01 (POTENZA)","PARTITO DEMOCRATICO - ITALIA DEMOCRATICA E PROGRESSISTA","IGNAZIO PETRONE","27/08/1965","POTENZA (PZ)"
"BASILICATA","BASILICATA - U01 (POTENZA)","IMPEGNO CIVICO LUIGI DI MAIO - CENTRO DEMOCRATICO","IGNAZIO PETRONE","27/08/1965","POTENZA (PZ)"
"BASILICATA","BASILICATA - U01 (POTENZA)","ALLEANZA VERDI E SINISTRA","IGNAZIO PETRONE","27/08/1965","POTENZA (PZ)"
"BASILICATA","BASILICATA - U01 (POTENZA)"," +EUROPA","IGNAZIO PETRONE","27/08/1965","POTENZA (PZ)"
"BASILICATA","BASILICATA - U01 (POTENZA)","PARTITO COMUNISTA ITALIANO","ANTONIO PALLOTTINO","08/02/1943","RIONERO IN VULTURE (PZ)"
"BASILICATA","BASILICATA - U01 (POTENZA)","LEGA PER SALVINI PREMIER","MARIA ELISABETTA ALBERTI CASELLATI","12/08/1946","ROVIGO (RO)"
"BASILICATA","BASILICATA - U01 (POTENZA)","FRATELLI D'ITALIA CON GIORGIA MELONI","MARIA ELISABETTA ALBERTI CASELLATI","12/08/1946","ROVIGO (RO)"
"BASILICATA","BASILICATA - U01 (POTENZA)","NOI MODERATI/LUPI - TOTI - BRUGNARO - UDC","MARIA ELISABETTA ALBERTI CASELLATI","12/08/1946","ROVIGO (RO)"
"BASILICATA","BASILICATA - U01 (POTENZA)","FORZA ITALIA","MARIA ELISABETTA ALBERTI CASELLATI","12/08/1946","ROVIGO (RO)"
"BASILICATA","BASILICATA - U01 (POTENZA)","UNIONE POPOLARE CON DE MAGISTRIS","GIOVANNI COLANGELO","26/04/1966","POTENZA (PZ)"
"BASILICATA","BASILICATA - U01 (POTENZA)","AZIONE - ITALIA VIVA - CALENDA","MARIANGELA GUERRA","31/08/1980","POLICORO (MT)"
"BASILICATA","BASILICATA - U01 (POTENZA)","ITALIA SOVRANA E POPOLARE","MICHELE SIGNA","31/05/1967","POTENZA (PZ)"
"BASILICATA","BASILICATA - U01 (POTENZA)","MOVIMENTO 5 STELLE","ANTONIO MATERDOMINI","23/07/1977","MATERA (MT)"
"BASILICATA","BASILICATA - U01 (POTENZA)","ITALEXIT PER L'ITALIA","ROBERTO ROBILOTTA","22/01/1967","POTENZA (PZ)"
"BASILICATA","BASILICATA - U01 (POTENZA)","MASTELLA NOI DI CENTRO EUROPEISTI","PIERGIUSEPPE ANTONIO PECORARO","13/06/1977","STIGLIANO (MT)"
"CALABRIA","CALABRIA - U01 (CORIGLIANO-ROSSANO)","SUD CHIAMA NORD","ROSSELLA ANDOLFO","29/06/1980","MESSINA"
"CALABRIA","CALABRIA - U01 (CORIGLIANO-ROSSANO)","ITALEXIT PER L'ITALIA","KATARZYNA EDYTA BELBOT","16/10/1972","BIALYSTOK (POLONIA)"
"CALABRIA","CALABRIA - U01 (CORIGLIANO-ROSSANO)","FORZA DEL POPOLO","MORENA DE LUCA","21/10/1975","COSENZA"
"CALABRIA","CALABRIA - U01 (CORIGLIANO-ROSSANO)","VITA","PALMA QUARTAROLO","28/06/1958","CASTROVILLARI"
"CALABRIA","CALABRIA - U01 (CORIGLIANO-ROSSANO)","ITALIA SOVRANA E POPOLARE","LUCIO SESSA","17/06/1964","ROMA"
"CALABRIA","CALABRIA - U01 (CORIGLIANO-ROSSANO)","FRATELLI D'ITALIA CON GIORGIA MELONI","ERNESTO RAPANI","02/05/1967","ROSSANO"
"CALABRIA","CALABRIA - U01 (CORIGLIANO-ROSSANO)","FORZA ITALIA","ERNESTO RAPANI","02/05/1967","ROSSANO"
"CALABRIA","CALABRIA - U01 (CORIGLIANO-ROSSANO)","LEGA PER SALVINI PREMIER","ERNESTO RAPANI","02/05/1967","ROSSANO"
"CALABRIA","CALABRIA - U01 (CORIGLIANO-ROSSANO)","NOI MODERATI/LUPI - TOTI - BRUGNARO - UDC","ERNESTO RAPANI","02/05/1967","ROSSANO"
"CALABRIA","CALABRIA - U01 (CORIGLIANO-ROSSANO)","UNIONE POPOLARE CON DE MAGISTRIS","UGO VETERE","28/07/1969","BELVEDERE MARITTIMO"
"CALABRIA","CALABRIA - U01 (CORIGLIANO-ROSSANO)","PARTITO COMUNISTA ITALIANO","ANTONIO MANFREDI","15/11/1958","CROTONE"
"CALABRIA","CALABRIA - U01 (CORIGLIANO-ROSSANO)","MASTELLA NOI DI CENTRO EUROPEISTI","VITA LENTINI","20/07/1957","PALERMO"
"CALABRIA","CALABRIA - U01 (CORIGLIANO-ROSSANO)","PARTITO ANIMALISTA - UCDL - 10 VOLTE MEGLIO","VINCENZO CERULLO","18/05/1961","STALETTI'"
"CALABRIA","CALABRIA - U01 (CORIGLIANO-ROSSANO)"," +EUROPA","FRANCESCA DORATO","18/12/1974","CASTROVILLARI"
"CALABRIA","CALABRIA - U01 (CORIGLIANO-ROSSANO)","ALLEANZA VERDI E SINISTRA","FRANCESCA DORATO","18/12/1974","CASTROVILLARI"
"CALABRIA","CALABRIA - U01 (CORIGLIANO-ROSSANO)","IMPEGNO CIVICO LUIGI DI MAIO - CENTRO DEMOCRATICO","FRANCESCA DORATO","18/12/1974","CASTROVILLARI"
"CALABRIA","CALABRIA - U01 (CORIGLIANO-ROSSANO)","PARTITO DEMOCRATICO - ITALIA DEMOCRATICA E PROGRESSISTA","FRANCESCA DORATO","18/12/1974","CASTROVILLARI"
"CALABRIA","CALABRIA - U01 (CORIGLIANO-ROSSANO)","ALTERNATIVA PER L'ITALIA - NO GREEN PASS","VINCENZO CHIARAMONTE","23/06/1967","SARACENA"
"CALABRIA","CALABRIA - U01 (CORIGLIANO-ROSSANO)","MOVIMENTO 5 STELLE","MARIA SALADINO","17/09/1982","CASTROVILLARI"
"CALABRIA","CALABRIA - U01 (CORIGLIANO-ROSSANO)","AZIONE - ITALIA VIVA - CALENDA","DANIELA FLAVIA VENTURA","11/02/1963","ISOLA DI CAPO RIZZUTO"
"CALABRIA","CALABRIA - U02 (REGGIO DI CALABRIA)","SUD CHIAMA NORD","ANTONINO BARTUCCIO","07/08/1967","REGGIO DI CALABRIA"
"CALABRIA","CALABRIA - U02 (REGGIO DI CALABRIA)","ITALEXIT PER L'ITALIA","ERNESTO LAMANNA","01/11/1951","CATANZARO"
"CALABRIA","CALABRIA - U02 (REGGIO DI CALABRIA)","FORZA DEL POPOLO","ANTONIO GENNARO LA ROTONDA","05/07/1960","COSENZA"
"CALABRIA","CALABRIA - U02 (REGGIO DI CALABRIA)","VITA","GIOVANNI GIANNUZZI","19/03/1972","CASTROVILLARI"
"CALABRIA","CALABRIA - U02 (REGGIO DI CALABRIA)","ITALIA SOVRANA E POPOLARE","ANTONIA CONDEMI","23/12/1973","REGGIO CALABRIA"
"CALABRIA","CALABRIA - U02 (REGGIO DI CALABRIA)","FRATELLI D'ITALIA CON GIORGIA MELONI","CLOTILDE MINASI","24/07/1960","REGGIO CALABRIA"
"CALABRIA","CALABRIA - U02 (REGGIO DI CALABRIA)","FORZA ITALIA","CLOTILDE MINASI","24/07/1960","REGGIO CALABRIA"
"CALABRIA","CALABRIA - U02 (REGGIO DI CALABRIA)","LEGA PER SALVINI PREMIER","CLOTILDE MINASI","24/07/1960","REGGIO CALABRIA"
"CALABRIA","CALABRIA - U02 (REGGIO DI CALABRIA)","NOI MODERATI/LUPI - TOTI - BRUGNARO - UDC","CLOTILDE MINASI","24/07/1960","REGGIO CALABRIA"
"CALABRIA","CALABRIA - U02 (REGGIO DI CALABRIA)","UNIONE POPOLARE CON DE MAGISTRIS","ANGELINA ANTONIETTA MARTINO","30/06/1964","GRENCHEN (SVIZZERA)"
"CALABRIA","CALABRIA - U02 (REGGIO DI CALABRIA)","PARTITO COMUNISTA ITALIANO","ROSA POLITANO'","03/04/1958","POLISTENA"
"CALABRIA","CALABRIA - U02 (REGGIO DI CALABRIA)","MASTELLA NOI DI CENTRO EUROPEISTI","DOMENICO PENDOLINO","02/01/1971","TORINO"
"CALABRIA","CALABRIA - U02 (REGGIO DI CALABRIA)","PARTITO ANIMALISTA - UCDL - 10 VOLTE MEGLIO","MARISA GRECO","28/03/1965","TERRANOVA DA SIBARI"
"CALABRIA","CALABRIA - U02 (REGGIO DI CALABRIA)"," +EUROPA","FRANCESCO PITARO","09/08/1973","CATANZARO"
"CALABRIA","CALABRIA - U02 (REGGIO DI CALABRIA)","ALLEANZA VERDI E SINISTRA","FRANCESCO PITARO","09/08/1973","CATANZARO"
"CALABRIA","CALABRIA - U02 (REGGIO DI CALABRIA)","IMPEGNO CIVICO LUIGI DI MAIO - CENTRO DEMOCRATICO","FRANCESCO PITARO","09/08/1973","CATANZARO"
"CALABRIA","CALABRIA - U02 (REGGIO DI CALABRIA)","PARTITO DEMOCRATICO - ITALIA DEMOCRATICA E PROGRESSISTA","FRANCESCO PITARO","09/08/1973","CATANZARO"
"CALABRIA","CALABRIA - U02 (REGGIO DI CALABRIA)","ALTERNATIVA PER L'ITALIA - NO GREEN PASS","ANTONELLA PERISSINOTTI BISONI","13/07/1954","REGGIO CALABRIA"
"CALABRIA","CALABRIA - U02 (REGGIO DI CALABRIA)","MOVIMENTO 5 STELLE","GIUSEPPE AUDDINO","26/04/1971","POLISTENA"
"CALABRIA","CALABRIA - U02 (REGGIO DI CALABRIA)","AZIONE - ITALIA VIVA - CALENDA","AGOSTINO SIVIGLIA","05/09/1972","MELITO DI PORTO SALVO"
"SICILIA","SICILIA - U01 (PALERMO: QUARTIERE 11 - SETTE CANNOLI)","LEGA PER SALVINI PREMIER","MARIO BARBUTO","11/10/1954","CATANIA"
"SICILIA","SICILIA - U01 (PALERMO: QUARTIERE 11 - SETTE CANNOLI)","FRATELLI D'ITALIA CON GIORGIA MELONI","MARIO BARBUTO","11/10/1954","CATANIA"
"SICILIA","SICILIA - U01 (PALERMO: QUARTIERE 11 - SETTE CANNOLI)","NOI MODERATI/LUPI - TOTI - BRUGNARO - UDC","MARIO BARBUTO","11/10/1954","CATANIA"
"SICILIA","SICILIA - U01 (PALERMO: QUARTIERE 11 - SETTE CANNOLI)","FORZA ITALIA","MARIO BARBUTO","11/10/1954","CATANIA"
"SICILIA","SICILIA - U01 (PALERMO: QUARTIERE 11 - SETTE CANNOLI)","MOVIMENTO 5 STELLE","DOLORES BEVILACQUA","27/08/1974","PARTINICO"
"SICILIA","SICILIA - U01 (PALERMO: QUARTIERE 11 - SETTE CANNOLI)","ALLEANZA VERDI E SINISTRA","ANTONINO TERMINELLI","25/09/1966","PALERMO"
"SICILIA","SICILIA - U01 (PALERMO: QUARTIERE 11 - SETTE CANNOLI)"," +EUROPA","ANTONINO TERMINELLI","25/09/1966","PALERMO"
"SICILIA","SICILIA - U01 (PALERMO: QUARTIERE 11 - SETTE CANNOLI)","PARTITO DEMOCRATICO - ITALIA DEMOCRATICA E PROGRESSISTA","ANTONINO TERMINELLI","25/09/1966","PALERMO"
"SICILIA","SICILIA - U01 (PALERMO: QUARTIERE 11 - SETTE CANNOLI)","IMPEGNO CIVICO LUIGI DI MAIO - CENTRO DEMOCRATICO","ANTONINO TERMINELLI","25/09/1966","PALERMO"
"SICILIA","SICILIA - U01 (PALERMO: QUARTIERE 11 - SETTE CANNOLI)","AZIONE - ITALIA VIVA - CALENDA","GIUSEPPA PROVINO","27/05/1960","BAGHERIA"
"SICILIA","SICILIA - U01 (PALERMO: QUARTIERE 11 - SETTE CANNOLI)","SUD CHIAMA NORD","ANTONELLA PANZECA","18/12/1959","PALERMO"
"SICILIA","SICILIA - U01 (PALERMO: QUARTIERE 11 - SETTE CANNOLI)","UNIONE POPOLARE CON DE MAGISTRIS","GIOVANNI MANISCALCO","22/07/1954","PALERMO"
"SICILIA","SICILIA - U01 (PALERMO: QUARTIERE 11 - SETTE CANNOLI)","VITA","ALESSANDRO BUONOCUNTO","14/04/1976","PALERMO"
"SICILIA","SICILIA - U01 (PALERMO: QUARTIERE 11 - SETTE CANNOLI)","ITALEXIT PER L'ITALIA","RICCARDO SANTANGELO","25/08/1969","PALERMO"
"SICILIA","SICILIA - U01 (PALERMO: QUARTIERE 11 - SETTE CANNOLI)","ITALIA SOVRANA E POPOLARE","ANDREA ODDO","18/03/1973","PALERMO"
"SICILIA","SICILIA - U02 (MARSALA)","LEGA PER SALVINI PREMIER","RAOUL RUSSO","03/03/1971","PALERMO"
"SICILIA","SICILIA - U02 (MARSALA)","FRATELLI D'ITALIA CON GIORGIA MELONI","RAOUL RUSSO","03/03/1971","PALERMO"
"SICILIA","SICILIA - U02 (MARSALA)","NOI MODERATI/LUPI - TOTI - BRUGNARO - UDC","RAOUL RUSSO","03/03/1971","PALERMO"
"SICILIA","SICILIA - U02 (MARSALA)","FORZA ITALIA","RAOUL RUSSO","03/03/1971","PALERMO"
"SICILIA","SICILIA - U02 (MARSALA)","MOVIMENTO 5 STELLE","GIUSEPPE CHIAZZESE","22/02/1982","CORLEONE"
"SICILIA","SICILIA - U02 (MARSALA)","ALLEANZA VERDI E SINISTRA","STEFANIA MARASCIA","22/07/1968","MAZARA DEL VALLO"
"SICILIA","SICILIA - U02 (MARSALA)"," +EUROPA","STEFANIA MARASCIA","22/07/1968","MAZARA DEL VALLO"
"SICILIA","SICILIA - U02 (MARSALA)","PARTITO DEMOCRATICO - ITALIA DEMOCRATICA E PROGRESSISTA","STEFANIA MARASCIA","22/07/1968","MAZARA DEL VALLO"
"SICILIA","SICILIA - U02 (MARSALA)","IMPEGNO CIVICO LUIGI DI MAIO - CENTRO DEMOCRATICO","STEFANIA MARASCIA","22/07/1968","MAZARA DEL VALLO"
"SICILIA","SICILIA - U02 (MARSALA)","AZIONE - ITALIA VIVA - CALENDA","GIOVANNI BAVETTA","01/05/1954","PARTANNA"
"SICILIA","SICILIA - U02 (MARSALA)","SUD CHIAMA NORD","TOMMASO GARGANO","03/05/1972","PALERMO"
"SICILIA","SICILIA - U02 (MARSALA)","UNIONE POPOLARE CON DE MAGISTRIS","SUSANNA CARACCI","20/02/1975","CASTELVETRANO"
"SICILIA","SICILIA - U02 (MARSALA)","VITA","KAREN TONA","20/07/1976","PALERMO"
"SICILIA","SICILIA - U02 (MARSALA)","ITALEXIT PER L'ITALIA","GIULIANA MARIA FUNDARO'","18/08/1968","ALCAMO"
"SICILIA","SICILIA - U02 (MARSALA)","ITALIA SOVRANA E POPOLARE","NUNZIATINA DI PAOLA","26/07/1976","LASCARI"
"SICILIA","SICILIA - U03 (GELA)","LEGA PER SALVINI PREMIER","STEFANIA GABRIELLA ANASTASIA CRAXI","25/10/1960","MILANO"
"SICILIA","SICILIA - U03 (GELA)","FRATELLI D'ITALIA CON GIORGIA MELONI","STEFANIA GABRIELLA ANASTASIA CRAXI","25/10/1960","MILANO"
"SICILIA","SICILIA - U03 (GELA)","NOI MODERATI/LUPI - TOTI - BRUGNARO - UDC","STEFANIA GABRIELLA ANASTASIA CRAXI","25/10/1960","MILANO"
"SICILIA","SICILIA - U03 (GELA)","FORZA ITALIA","STEFANIA GABRIELLA ANASTASIA CRAXI","25/10/1960","MILANO"
"SICILIA","SICILIA - U03 (GELA)","MOVIMENTO 5 STELLE","PIETRO LOREFICE","18/07/1967","GELA"
"SICILIA","SICILIA - U03 (GELA)","ALLEANZA VERDI E SINISTRA","MARINA CALOGERA CASTIGLIONE","08/06/1966","CALTANISSETTA"
"SICILIA","SICILIA - U03 (GELA)"," +EUROPA","MARINA CALOGERA CASTIGLIONE","08/06/1966","CALTANISSETTA"
"SICILIA","SICILIA - U03 (GELA)","PARTITO DEMOCRATICO - ITALIA DEMOCRATICA E PROGRESSISTA","MARINA CALOGERA CASTIGLIONE","08/06/1966","CALTANISSETTA"
"SICILIA","SICILIA - U03 (GELA)","IMPEGNO CIVICO LUIGI DI MAIO - CENTRO DEMOCRATICO","MARINA CALOGERA CASTIGLIONE","08/06/1966","CALTANISSETTA"
"SICILIA","SICILIA - U03 (GELA)","AZIONE - ITALIA VIVA - CALENDA","MICHELE TERMINI","18/11/1975","SAN CATALDO"
"SICILIA","SICILIA - U03 (GELA)","SUD CHIAMA NORD","MARZIA MANISCALCO","31/08/1976","TRIESTE"
"SICILIA","SICILIA - U03 (GELA)","UNIONE POPOLARE CON DE MAGISTRIS","NICOLA PULEO","25/08/1980","SCIACCA"
"SICILIA","SICILIA - U03 (GELA)","VITA","ROBERTO MANZONE","06/05/1974","PALERMO"
"SICILIA","SICILIA - U03 (GELA)","ITALEXIT PER L'ITALIA","MARIA CATERINA SCIACCA","27/08/1961","PALERMO"
"SICILIA","SICILIA - U03 (GELA)","ITALIA SOVRANA E POPOLARE","MARIA FRANCESCA  MOSCA","30/05/1960","PALERMO"
"SICILIA","SICILIA - U04 (CATANIA)","LEGA PER SALVINI PREMIER","SEBASTIANO MUSUMECI DETTO NELLO","21/01/1955","MILITELLO IN VAL DI CATANIA"
"SICILIA","SICILIA - U04 (CATANIA)","FRATELLI D'ITALIA CON GIORGIA MELONI","SEBASTIANO MUSUMECI DETTO NELLO","21/01/1955","MILITELLO IN VAL DI CATANIA"
"SICILIA","SICILIA - U04 (CATANIA)","NOI MODERATI/LUPI - TOTI - BRUGNARO - UDC","SEBASTIANO MUSUMECI DETTO NELLO","21/01/1955","MILITELLO IN VAL DI CATANIA"
"SICILIA","SICILIA - U04 (CATANIA)","FORZA ITALIA","SEBASTIANO MUSUMECI DETTO NELLO","21/01/1955","MILITELLO IN VAL DI CATANIA"
"SICILIA","SICILIA - U04 (CATANIA)","MOVIMENTO 5 STELLE","GIUSEPPINA RANNONE","18/10/1970","CATANIA"
"SICILIA","SICILIA - U04 (CATANIA)","ALLEANZA VERDI E SINISTRA","ORAZIO ERMANNO ARANCIO","15/11/1967","CATANIA"
"SICILIA","SICILIA - U04 (CATANIA)"," +EUROPA","ORAZIO ERMANNO ARANCIO","15/11/1967","CATANIA"
"SICILIA","SICILIA - U04 (CATANIA)","PARTITO DEMOCRATICO - ITALIA DEMOCRATICA E PROGRESSISTA","ORAZIO ERMANNO ARANCIO","15/11/1967","CATANIA"
"SICILIA","SICILIA - U04 (CATANIA)","IMPEGNO CIVICO LUIGI DI MAIO - CENTRO DEMOCRATICO","ORAZIO ERMANNO ARANCIO","15/11/1967","CATANIA"
"SICILIA","SICILIA - U04 (CATANIA)","AZIONE - ITALIA VIVA - CALENDA","TIZIANA D'ANNA","17/05/1966","FIUMEFREDDO DI SICILIA"
"SICILIA","SICILIA - U04 (CATANIA)","SUD CHIAMA NORD","CATENO DE LUCA","18/03/1972","FIUMEDINISI"
"SICILIA","SICILIA - U04 (CATANIA)","UNIONE POPOLARE CON DE MAGISTRIS","GOFFREDO D'ANTONA","11/12/1963","NAPOLI"
"SICILIA","SICILIA - U04 (CATANIA)","ALTERNATIVA PER L'ITALIA - NO GREEN PASS","GIANFRANCO DI BARTOLO","16/10/1970","CATANIA"
"SICILIA","SICILIA - U04 (CATANIA)","VITA","NICOLETTA RE","19/03/1961","ROMA"
"SICILIA","SICILIA - U04 (CATANIA)","ITALEXIT PER L'ITALIA","NUNZIA ALESSANDRA SCHILIRO'","02/01/1978","CATANIA"
"SICILIA","SICILIA - U04 (CATANIA)","ITALIA SOVRANA E POPOLARE","MARILENA MARIA ANTONIETTA GIORDANO","28/11/1953","SAN PELLEGRINO TERME"
"SICILIA","SICILIA - U05 (SIRACUSA)","LEGA PER SALVINI PREMIER","SALVATORE SALLEMI","31/01/1977","VITTORIA"
"SICILIA","SICILIA - U05 (SIRACUSA)","FRATELLI D'ITALIA CON GIORGIA MELONI","SALVATORE SALLEMI","31/01/1977","VITTORIA"
"SICILIA","SICILIA - U05 (SIRACUSA)","NOI MODERATI/LUPI - TOTI - BRUGNARO - UDC","SALVATORE SALLEMI","31/01/1977","VITTORIA"
"SICILIA","SICILIA - U05 (SIRACUSA)","FORZA ITALIA","SALVATORE SALLEMI","31/01/1977","VITTORIA"
"SICILIA","SICILIA - U05 (SIRACUSA)","MOVIMENTO 5 STELLE","GIUSEPPE PISANI","26/01/1952","SCICLI"
"SICILIA","SICILIA - U05 (SIRACUSA)","ALLEANZA VERDI E SINISTRA","PAOLO AMENTA","30/05/1961","CANICATTINI BAGNI"
"SICILIA","SICILIA - U05 (SIRACUSA)"," +EUROPA","PAOLO AMENTA","30/05/1961","CANICATTINI BAGNI"
"SICILIA","SICILIA - U05 (SIRACUSA)","PARTITO DEMOCRATICO - ITALIA DEMOCRATICA E PROGRESSISTA","PAOLO AMENTA","30/05/1961","CANICATTINI BAGNI"
"SICILIA","SICILIA - U05 (SIRACUSA)","IMPEGNO CIVICO LUIGI DI MAIO - CENTRO DEMOCRATICO","PAOLO AMENTA","30/05/1961","CANICATTINI BAGNI"
"SICILIA","SICILIA - U05 (SIRACUSA)","AZIONE - ITALIA VIVA - CALENDA","MARIANNA BUSCEMA","04/06/1978","MODICA"
"SICILIA","SICILIA - U05 (SIRACUSA)","SUD CHIAMA NORD","ANTONIO GUASTELLA","01/08/1971","RAGUSA"
"SICILIA","SICILIA - U05 (SIRACUSA)","UNIONE POPOLARE CON DE MAGISTRIS","GIORGIO PICCIONE","23/11/1958","VITTORIA"
"SICILIA","SICILIA - U05 (SIRACUSA)","ALTERNATIVA PER L'ITALIA - NO GREEN PASS","GIULIO MORELLO","09/01/1964","AUGUSTA"
"SICILIA","SICILIA - U05 (SIRACUSA)","VITA","ANGELO SCAGLIONE","30/06/1971","SIRACUSA"
"SICILIA","SICILIA - U05 (SIRACUSA)","ITALEXIT PER L'ITALIA","EMANUELE CAVALLO","25/04/1965","MODICA"
"SICILIA","SICILIA - U05 (SIRACUSA)","ITALIA SOVRANA E POPOLARE","GIOVANNI ARMANDO ZERO","11/08/1977","TERLIZZI"
"SICILIA","SICILIA - U06 (MESSINA)","LEGA PER SALVINI PREMIER","CARMELA BUCALO","27/06/1963","BARCELLONA POZZO DI GOTTO"
"SICILIA","SICILIA - U06 (MESSINA)","FRATELLI D'ITALIA CON GIORGIA MELONI","CARMELA BUCALO","27/06/1963","BARCELLONA POZZO DI GOTTO"
"SICILIA","SICILIA - U06 (MESSINA)","NOI MODERATI/LUPI - TOTI - BRUGNARO - UDC","CARMELA BUCALO","27/06/1963","BARCELLONA POZZO DI GOTTO"
"SICILIA","SICILIA - U06 (MESSINA)","FORZA ITALIA","CARMELA BUCALO","27/06/1963","BARCELLONA POZZO DI GOTTO"
"SICILIA","SICILIA - U06 (MESSINA)","MOVIMENTO 5 STELLE","BARBARA FLORIDIA","05/02/1977","MESSINA"
"SICILIA","SICILIA - U06 (MESSINA)","ALLEANZA VERDI E SINISTRA","ANTONIA RUSSO","12/10/1969","MESSINA"
"SICILIA","SICILIA - U06 (MESSINA)"," +EUROPA","ANTONIA RUSSO","12/10/1969","MESSINA"
"SICILIA","SICILIA - U06 (MESSINA)","PARTITO DEMOCRATICO - ITALIA DEMOCRATICA E PROGRESSISTA","ANTONIA RUSSO","12/10/1969","MESSINA"
"SICILIA","SICILIA - U06 (MESSINA)","IMPEGNO CIVICO LUIGI DI MAIO - CENTRO DEMOCRATICO","ANTONIA RUSSO","12/10/1969","MESSINA"
"SICILIA","SICILIA - U06 (MESSINA)","AZIONE - ITALIA VIVA - CALENDA","EMILIANO LAZZARA PAPINA","10/02/1977","MONZA"
"SICILIA","SICILIA - U06 (MESSINA)","SUD CHIAMA NORD","DAFNE MUSOLINO","04/12/1974","MESSINA"
"SICILIA","SICILIA - U06 (MESSINA)","UNIONE POPOLARE CON DE MAGISTRIS","DOLORES DESSI' DETTA DORIS","21/07/1967","CAGLIARI"
"SICILIA","SICILIA - U06 (MESSINA)","ALTERNATIVA PER L'ITALIA - NO GREEN PASS","ENZA LO PRESTI","09/01/1973","MESSINA"
"SICILIA","SICILIA - U06 (MESSINA)","VITA","CARLA BONANNO","27/03/1966","PIAZZA ARMERINA"
"SICILIA","SICILIA - U06 (MESSINA)","ITALEXIT PER L'ITALIA","GIUSEPPE SOTTILE","29/07/1971","BARCELLONA POZZO DI GOTTO"
"SICILIA","SICILIA - U06 (MESSINA)","ITALIA SOVRANA E POPOLARE","RENZO IOPPOLO","25/09/1972","MESSINA"
"SARDEGNA","SARDEGNA - U01 (CAGLIARI)","FORZA ITALIA","ANTONELLA ZEDDA","17/01/1976","CAGLIARI"
"SARDEGNA","SARDEGNA - U01 (CAGLIARI)","LEGA PER SALVINI PREMIER","ANTONELLA ZEDDA","17/01/1976","CAGLIARI"
"SARDEGNA","SARDEGNA - U01 (CAGLIARI)","NOI MODERATI/LUPI - TOTI - BRUGNARO - UDC","ANTONELLA ZEDDA","17/01/1976","CAGLIARI"
"SARDEGNA","SARDEGNA - U01 (CAGLIARI)","FRATELLI D'ITALIA CON GIORGIA MELONI","ANTONELLA ZEDDA","17/01/1976","CAGLIARI"
"SARDEGNA","SARDEGNA - U01 (CAGLIARI)","UNIONE POPOLARE CON DE MAGISTRIS","GIOVANNI FANCELLO","04/02/1980","NUORO"
"SARDEGNA","SARDEGNA - U01 (CAGLIARI)","ITALIA SOVRANA E POPOLARE","NICOLA DI CESARE","04/02/1963","CAGLIARI"
"SARDEGNA","SARDEGNA - U01 (CAGLIARI)","ITALEXIT PER L'ITALIA","ANTONELLA ATZEI ","13/05/1962","MARINEO"
"SARDEGNA","SARDEGNA - U01 (CAGLIARI)","VITA","MARIA LUISA BUSINCO","28/08/1957","CAGLIARI"
"SARDEGNA","SARDEGNA - U01 (CAGLIARI)","MOVIMENTO 5 STELLE","SABRINA LICHERI","04/06/1971","ASSEMINI"
"SARDEGNA","SARDEGNA - U01 (CAGLIARI)","AZIONE - ITALIA VIVA - CALENDA","CLAUDIA MEDDA","13/03/1977","CAGLIARI"
"SARDEGNA","SARDEGNA - U01 (CAGLIARI)","PARTITO DEMOCRATICO - ITALIA DEMOCRATICA E PROGRESSISTA","MARIA  DEL ZOMPO","21/04/1951","CAGLIARI"
"SARDEGNA","SARDEGNA - U01 (CAGLIARI)","IMPEGNO CIVICO LUIGI DI MAIO - CENTRO DEMOCRATICO","MARIA  DEL ZOMPO","21/04/1951","CAGLIARI"
"SARDEGNA","SARDEGNA - U01 (CAGLIARI)"," +EUROPA","MARIA  DEL ZOMPO","21/04/1951","CAGLIARI"
"SARDEGNA","SARDEGNA - U01 (CAGLIARI)","ALLEANZA VERDI E SINISTRA","MARIA  DEL ZOMPO","21/04/1951","CAGLIARI"
"SARDEGNA","SARDEGNA - U02 (SASSARI)","FORZA ITALIA","MARCELLO PERA","28/01/1943","LUCCA"
"SARDEGNA","SARDEGNA - U02 (SASSARI)","LEGA PER SALVINI PREMIER","MARCELLO PERA","28/01/1943","LUCCA"
"SARDEGNA","SARDEGNA - U02 (SASSARI)","NOI MODERATI/LUPI - TOTI - BRUGNARO - UDC","MARCELLO PERA","28/01/1943","LUCCA"
"SARDEGNA","SARDEGNA - U02 (SASSARI)","FRATELLI D'ITALIA CON GIORGIA MELONI","MARCELLO PERA","28/01/1943","LUCCA"
"SARDEGNA","SARDEGNA - U02 (SASSARI)","UNIONE POPOLARE CON DE MAGISTRIS","LUCIA BROCCA","03/09/1981","NUORO"
"SARDEGNA","SARDEGNA - U02 (SASSARI)","ITALIA SOVRANA E POPOLARE","PATRIZIA PIRAS","26/06/1966","CAGLIARI"
"SARDEGNA","SARDEGNA - U02 (SASSARI)","ITALEXIT PER L'ITALIA","GAVINO FONNESU","28/12/1965","ALGHERO"
"SARDEGNA","SARDEGNA - U02 (SASSARI)","VITA","ALESSANDRO GOFFI","08/04/1952","ALGHERO"
"SARDEGNA","SARDEGNA - U02 (SASSARI)","MOVIMENTO 5 STELLE","MARCELLO CHERCHI","22/11/1966","MACOMER"
"SARDEGNA","SARDEGNA - U02 (SASSARI)","AZIONE - ITALIA VIVA - CALENDA","ANTIOCO VALERIO  ZOCCHEDDU","03/03/1956","SASSARI"
"SARDEGNA","SARDEGNA - U02 (SASSARI)","PARTITO DEMOCRATICO - ITALIA DEMOCRATICA E PROGRESSISTA","GAVINO MANCA","30/08/1970","SASSARI"
"SARDEGNA","SARDEGNA - U02 (SASSARI)","IMPEGNO CIVICO LUIGI DI MAIO - CENTRO DEMOCRATICO","GAVINO MANCA","30/08/1970","SASSARI"
"SARDEGNA","SARDEGNA - U02 (SASSARI)"," +EUROPA","GAVINO MANCA","30/08/1970","SASSARI"
"SARDEGNA","SARDEGNA - U02 (SASSARI)","ALLEANZA VERDI E SINISTRA","GAVINO MANCA","30/08/1970","SASSARI"
