Tabella B 1 - Collegi Uninominali per il Senato della Repubblica,,,,,
Regione: Piemonte,,,,,
Circoscrizione: Piemonte,,,,,
Codice della circoscrizione elettorale,Denominazione della circoscrizione elettorale,Denominazione del collegio uninominale,"Denominazione del comune o dell'area sub-comunale con la maggiore ampiezza demografica
 inclusi nel collegio","Denominazione del comune
o  dell'area sub-comunale 
 inclusi nel collegio",Codice Istat del comune o dell'area sub-comunale inclusi nel collegio
1,Piemonte,Piemonte - U01,Torino: Circoscrizione 2 - Santa Rita-Mirafiori Nord-Mirafiori Sud,,
,,,Torino: Circoscrizione 1 - Centro-Crocetta,1272,
,,,Torino: Circoscrizione 2 - Santa Rita-Mirafiori Nord-Mirafiori Sud,1272,
,,,Torino: Circoscrizione 3 - San Paolo-Cenisia-Pozzo Strada-CitTurin-Borgata Lesna,1272,
,,,Torino: Circoscrizione 4 - San Donato-Campidoglio-Parella,1272,
,,,Torino: Circoscrizione 5 - Borgo Vittoria-Madonna di Campagna-Lucento-Vallette,1272,
,,,Torino: Circoscrizione 6 - Barriera di Milano-Regio Parco-Barca-Bertolla-Falchera-Rebaudengo-Villaretto,1272,
,,,Torino: Circoscrizione 7 - Aurora-Vanchiglia-Sassi-Madonna del Pilone,1272,
,,,Torino: Circoscrizione 8 - San Calvario-Cavoretto-Borgo Po-Mizza Millefonti-Lingotto-Filadelfia,1272,
,,Piemonte - U02,Moncalieri,,
,,,Agliè,1001,
,,,Ala di Stura,1003,
,,,Almese,1006,
,,,Alpette,1007,
,,,Alpignano,1008,
,,,Avigliana,1013,
,,,Bairo,1015,
,,,Balangero,1016,
,,,Baldissero Canavese,1017,
,,,Balme,1019,
,,,Barbania,1021,
,,,Bardonecchia,1022,
,,,Beinasco,1024,
,,,Borgaro Torinese,1028,
,,,Borgiallo,1029,
,,,Borgone Susa,1032,
,,,Bosconero,1033,
,,,Brandizzo,1034,
,,,Brozolo,1037,
,,,Bruino,1038,
,,,Brusasco,1039,
,,,Bruzolo,1040,
,,,Busano,1043,
,,,Bussoleno,1044,
,,,Buttigliera Alta,1045,
,,,Cafasse,1046,
,,,Candiolo,1051,
,,,Canischio,1052,
,,,Cantoira,1054,
,,,Caprie,1055,
,,,Casalborgone,1060,
,,,Caselette,1062,
,,,Caselle Torinese,1063,
,,,Castagneto Po,1064,
,,,Castagnole Piemonte,1065,
,,,Castellamonte,1066,
,,,Castelnuovo Nigra,1067,
,,,Castiglione Torinese,1068,
,,,Cavagnolo,1069,
,,,Ceres,1072,
,,,Ceresole Reale,1073,
,,,Cesana Torinese,1074,
,,,Chialamberto,1075,
,,,Chianocco,1076,
,,,Chiesanuova,1079,
,,,Chiomonte,1080,
,,,Chiusa di San Michele,1081,
,,,Chivasso,1082,
,,,Ciconio,1083,
,,,Cintano,1084,
,,,Cinzano,1085,
,,,Ciriè,1086,
,,,Claviere,1087,
,,,Coassolo Torinese,1088,
,,,Coazze,1089,
,,,Collegno,1090,
,,,Colleretto Castelnuovo,1091,
,,,Condove,1093,
,,,Corio,1094,
,,,Cuceglio,1096,
,,,Cuorgnè,1098,
,,,Druento,1099,
,,,Exilles,1100,
,,,Favria,1101,
,,,Feletto,1102,
,,,Fiano,1104,
,,,Foglizzo,1106,
,,,Forno Canavese,1107,
,,,Frassinetto,1108,
,,,Front,1109,
,,,Gassino Torinese,1112,
,,,Germagnano,1113,
,,,Giaglione,1114,
,,,Giaveno,1115,
,,,Givoletto,1116,
,,,Gravere,1117,
,,,Groscavallo,1118,
,,,Grosso,1119,
,,,Grugliasco,1120,
,,,Ingria,1121,
,,,La Cassa,1126,
,,,La Loggia,1127,
,,,Lanzo Torinese,1128,
,,,Lauriano,1129,
,,,Leini,1130,
,,,Lemie,1131,
,,,Levone,1133,
,,,Locana,1134,
,,,Lombardore,1135,
,,,Lusigliè,1141,
,,,Mappano,1316,
,,,Mathi,1146,
,,,Mattie,1147,
,,,Meana di Susa,1149,
,,,Mezzenile,1152,
,,,Mompantero,1154,
,,,Monastero di Lanzo,1155,
,,,Moncalieri,1156,
,,,Moncenisio,1157,
,,,Montanaro,1161,
,,,Monteu da Po,1162,
,,,Nichelino,1164,
,,,Noasca,1165,
,,,Nole,1166,
,,,None,1168,
,,,Novalesa,1169,
,,,Oglianico,1170,
,,,Orbassano,1171,
,,,Oulx,1175,
,,,Ozegna,1176,
,,,Pertusio,1187,
,,,Pessinetto,1188,
,,,Pianezza,1189,
,,,Piobesi Torinese,1193,
,,,Piossasco,1194,
,,,Pont Canavese,1199,
,,,Prascorsano,1206,
,,,Pratiglione,1207,
,,,Reano,1211,
,,,Ribordone,1212,
,,,Rivalba,1213,
,,,Rivalta di Torino,1214,
,,,Rivara,1216,
,,,Rivarolo Canavese,1217,
,,,Rivarossa,1218,
,,,Rivoli,1219,
,,,Robassomero,1220,
,,,Rocca Canavese,1221,
,,,Ronco Canavese,1224,
,,,Rosta,1228,
,,,Rubiana,1229,
,,,Salassa,1231,
,,,Salbertrand,1232,
,,,San Benigno Canavese,1236,
,,,San Carlo Canavese,1237,
,,,San Colombano Belmonte,1238,
,,,San Didero,1239,
,,,San Francesco al Campo,1240,
,,,San Gillio,1243,
,,,San Giorgio Canavese,1244,
,,,San Giorio di Susa,1245,
,,,San Giusto Canavese,1246,
,,,San Maurizio Canavese,1248,
,,,San Mauro Torinese,1249,
,,,San Ponso,1251,
,,,San Raffaele Cimena,1252,
,,,San Sebastiano da Po,1253,
,,,Sangano,1241,
,,,Sant'Ambrogio di Torino,1255,
,,,Sant'Antonino di Susa,1256,
,,,Sauze di Cesana,1258,
,,,Sauze d'Oulx,1259,
,,,Sciolze,1262,
,,,Sestriere,1263,
,,,Settimo Torinese,1265,
,,,Sparone,1267,
,,,Susa,1270,
,,,Torre Canavese,1274,
,,,Trana,1276,
,,,Traves,1279,
,,,Usseglio,1282,
,,,Vaie,1283,
,,,Val della Torre,1284,
,,,Valgioie,1285,
,,,Vallo Torinese,1286,
,,,Valperga,1287,
,,,Valprato Soana,1288,
,,,Varisella,1289,
,,,Vauda Canavese,1290,
,,,Venaria Reale,1292,
,,,Venaus,1291,
,,,Verolengo,1293,
,,,Vidracco,1298,
,,,Villanova Canavese,1301,
,,,Villar Dora,1303,
,,,Villar Focchiardo,1305,
,,,Villarbasse,1302,
,,,Vinovo,1309,
,,,Viù,1313,
,,,Volpiano,1314,
,,,Volvera,1315,
,,Piemonte - U03,Novara,,
,,,Agrate Conturbia,3001,
,,,Ailoche,96001,
,,,Alagna Valsesia,2002,
,,,Albano Vercellese,2003,
,,,Albiano d'Ivrea,1004,
,,,Alice Castello,2004,
,,,Alto Sermenza,2170,
,,,Ameno,3002,
,,,Andorno Micca,96002,
,,,Andrate,1010,
,,,Antrona Schieranco,103001,
,,,Anzola d'Ossola,103002,
,,,Arborio,2006,
,,,Arizzano,103003,
,,,Armeno,3006,
,,,Arola,103004,
,,,Arona,3008,
,,,Asigliano Vercellese,2007,
,,,Aurano,103005,
,,,Azeglio,1014,
,,,Baceno,103006,
,,,Balmuccia,2008,
,,,Balocco,2009,
,,,Banchette,1020,
,,,Bannio Anzino,103007,
,,,Barengo,3012,
,,,Barone Canavese,1023,
,,,Baveno,103008,
,,,Bee,103009,
,,,Belgirate,103010,
,,,Bellinzago Novarese,3016,
,,,Benna,96003,
,,,Beura-Cardezza,103011,
,,,Biandrate,3018,
,,,Bianzè,2011,
,,,Biella,96004,
,,,Bioglio,96005,
,,,Boca,3019,
,,,Boccioleto,2014,
,,,Bognanco,103012,
,,,Bogogno,3021,
,,,Bollengo,1027,
,,,Bolzano Novarese,3022,
,,,Borgo d'Ale,2015,
,,,Borgo Ticino,3025,
,,,Borgo Vercelli,2017,
,,,Borgofranco d'Ivrea,1030,
,,,Borgolavezzaro,3023,
,,,Borgomanero,3024,
,,,Borgomasino,1031,
,,,Borgomezzavalle,103078,
,,,Borgosesia,2016,
,,,Borriana,96006,
,,,Briga Novarese,3026,
,,,Briona,3027,
,,,Brosso,1036,
,,,Brovello-Carpugnino,103013,
,,,Brusnengo,96007,
,,,Burolo,1042,
,,,Buronzo,2021,
,,,Calasca-Castiglione,103014,
,,,Callabiana,96008,
,,,Caltignaga,3030,
,,,Caluso,1047,
,,,Camandona,96009,
,,,Cambiasca,103015,
,,,Camburzano,96010,
,,,Cameri,3032,
,,,Campertogno,2025,
,,,Campiglia Cervo,96086,
,,,Candelo,96012,
,,,Candia Canavese,1050,
,,,Cannero Riviera,103016,
,,,Cannobio,103017,
,,,Caprezzo,103018,
,,,Caprile,96013,
,,,Caravino,1056,
,,,Carcoforo,2029,
,,,Carema,1057,
,,,Caresana,2030,
,,,Caresanablot,2031,
,,,Carisio,2032,
,,,Carpignano Sesia,3036,
,,,Casalbeltrame,3037,
,,,Casale Corte Cerro,103019,
,,,Casaleggio Novara,3039,
,,,Casalino,3040,
,,,Casalvolone,3041,
,,,Casanova Elvo,2033,
,,,Casapinta,96014,
,,,Cascinette d'Ivrea,1061,
,,,Castellazzo Novarese,3042,
,,,Castelletto Cervo,96015,
,,,Castelletto sopra Ticino,3043,
,,,Cavaglià,96016,
,,,Cavaglietto,3044,
,,,Cavaglio d'Agogna,3045,
,,,Cavallirio,3047,
,,,Cellio con Breia,2171,
,,,Ceppo Morelli,103021,
,,,Cerano,3049,
,,,Cerrione,96018,
,,,Cervatto,2041,
,,,Cesara,103022,
,,,Chiaverano,1077,
,,,Cigliano,2042,
,,,Civiasco,2043,
,,,Coggiola,96019,
,,,Colazza,3051,
,,,Colleretto Giacosa,1092,
,,,Collobiano,2045,
,,,Comignago,3052,
,,,Cossano Canavese,1095,
,,,Cossato,96020,
,,,Cossogno,103023,
,,,Costanzana,2047,
,,,Cravagliana,2048,
,,,Craveggia,103024,
,,,Crescentino,2049,
,,,Cressa,3055,
,,,Crevacuore,96021,
,,,Crevoladossola,103025,
,,,Crodo,103026,
,,,Crova,2052,
,,,Cureggio,3058,
,,,Curino,96023,
,,,Desana,2054,
,,,Divignano,3060,
,,,Domodossola,103028,
,,,Donato,96024,
,,,Dormelletto,3062,
,,,Dorzano,96025,
,,,Druogno,103029,
,,,Fara Novarese,3065,
,,,Fiorano Canavese,1105,
,,,Fobello,2057,
,,,Fontaneto d'Agogna,3066,
,,,Fontanetto Po,2058,
,,,Formazza,103031,
,,,Formigliana,2059,
,,,Gaglianico,96026,
,,,Galliate,3068,
,,,Garbagna Novarese,3069,
,,,Gargallo,3070,
,,,Gattico-Veruno,3166,
,,,Gattinara,2061,
,,,Germagno,103032,
,,,Ghemme,3073,
,,,Ghiffa,103033,
,,,Ghislarengo,2062,
,,,Gifflenga,96027,
,,,Gignese,103034,
,,,Gozzano,3076,
,,,Graglia,96028,
,,,Granozzo con Monticello,3077,
,,,Gravellona Toce,103035,
,,,Greggio,2065,
,,,Grignasco,3079,
,,,Guardabosone,2066,
,,,Gurro,103036,
,,,Intragna,103037,
,,,Invorio,3082,
,,,Issiglio,1124,
,,,Ivrea,1125,
,,,Lamporo,2067,
,,,Landiona,3083,
,,,Lenta,2068,
,,,Lesa,3084,
,,,Lessolo,1132,
,,,Lessona,96085,
,,,Lignana,2070,
,,,Livorno Ferraris,2071,
,,,Loranzè,1137,
,,,Loreglia,103038,
,,,Lozzolo,2072,
,,,Macugnaga,103039,
,,,Madonna del Sasso,103040,
,,,Maggiora,3088,
,,,Maglione,1143,
,,,Magnano,96030,
,,,Malesco,103041,
,,,Mandello Vitta,3090,
,,,Marano Ticino,3091,
,,,Masera,103042,
,,,Massazza,96031,
,,,Masserano,96032,
,,,Massino Visconti,3093,
,,,Massiola,103043,
,,,Mazzè,1148,
,,,Meina,3095,
,,,Mercenasco,1150,
,,,Mergozzo,103044,
,,,Mezzana Mortigliengo,96033,
,,,Mezzomerico,3097,
,,,Miagliano,96034,
,,,Miasino,3098,
,,,Miazzina,103045,
,,,Mollia,2078,
,,,Momo,3100,
,,,Moncrivello,2079,
,,,Mongrando,96035,
,,,Montalenghe,1159,
,,,Montalto Dora,1160,
,,,Montecrestese,103046,
,,,Montescheno,103047,
,,,Motta de' Conti,2082,
,,,Mottalciata,96037,
,,,Muzzano,96038,
,,,Nebbiuno,3103,
,,,Netro,96039,
,,,Nibbiola,3104,
,,,Nomaglio,1167,
,,,Nonio,103048,
,,,Novara,3106,
,,,Occhieppo Inferiore,96040,
,,,Occhieppo Superiore,96041,
,,,Oggebbio,103049,
,,,Olcenengo,2088,
,,,Oldenico,2089,
,,,Oleggio,3108,
,,,Oleggio Castello,3109,
,,,Omegna,103050,
,,,Orio Canavese,1172,
,,,Ornavasso,103051,
,,,Orta San Giulio,3112,
,,,Palazzo Canavese,1177,
,,,Palazzolo Vercellese,2090,
,,,Pallanzeno,103052,
,,,Parella,1179,
,,,Paruzzaro,3114,
,,,Pavone Canavese,1181,
,,,Pella,3115,
,,,Perosa Canavese,1185,
,,,Pertengo,2091,
,,,Pettenasco,3116,
,,,Pettinengo,96042,
,,,Pezzana,2093,
,,,Piatto,96043,
,,,Piedicavallo,96044,
,,,Piedimulera,103053,
,,,Pieve Vergonte,103054,
,,,Pila,2096,
,,,Piode,2097,
,,,Pisano,3119,
,,,Piverone,1196,
,,,Pogno,3120,
,,,Pollone,96046,
,,,Pombia,3121,
,,,Ponderano,96047,
,,,Portula,96048,
,,,Postua,2102,
,,,Pralungo,96049,
,,,Prarolo,2104,
,,,Prato Sesia,3122,
,,,Pray,96050,
,,,Premeno,103055,
,,,Premia,103056,
,,,Premosello-Chiovenda,103057,
,,,Quagliuzzo,1208,
,,,Quaregna Cerreto,96087,
,,,Quarna Sopra,103058,
,,,Quarna Sotto,103059,
,,,Quarona,2107,
,,,Quassolo,1209,
,,,Quincinetto,1210,
,,,Quinto Vercellese,2108,
,,,Rassa,2110,
,,,Re,103060,
,,,Recetto,3129,
,,,Rimella,2113,
,,,Rive,2115,
,,,Roasio,2116,
,,,Romagnano Sesia,3130,
,,,Romano Canavese,1223,
,,,Romentino,3131,
,,,Ronco Biellese,96053,
,,,Rondissone,1225,
,,,Ronsecco,2118,
,,,Roppolo,96054,
,,,Rosazza,96055,
,,,Rossa,2121,
,,,Rovasenda,2122,
,,,Rueglio,1230,
,,,Sagliano Micca,96056,
,,,Sala Biellese,96057,
,,,Salasco,2126,
,,,Salerano Canavese,1233,
,,,Sali Vercellese,2127,
,,,Saluggia,2128,
,,,Salussola,96058,
,,,Samone,1235,
,,,San Bernardino Verbano,103061,
,,,San Germano Vercellese,2131,
,,,San Giacomo Vercellese,2035,
,,,San Martino Canavese,1247,
,,,San Maurizio d'Opaglio,3133,
,,,San Nazzaro Sesia,3134,
,,,San Pietro Mosezzo,3135,
,,,Sandigliano,96059,
,,,Santa Maria Maggiore,103062,
,,,Santhià,2133,
,,,Scarmagno,1261,
,,,Scopa,2134,
,,,Scopello,2135,
,,,Serravalle Sesia,2137,
,,,Settimo Rottaro,1264,
,,,Settimo Vittone,1266,
,,,Sillavengo,3138,
,,,Sizzano,3139,
,,,Sordevolo,96063,
,,,Soriso,3140,
,,,Sostegno,96064,
,,,Sozzago,3141,
,,,Strambinello,1268,
,,,Strambino,1269,
,,,Stresa,103064,
,,,Strona,96065,
,,,Stroppiana,2142,
,,,Suno,3143,
,,,Tavagnasco,1271,
,,,Tavigliano,96066,
,,,Terdobbiate,3144,
,,,Ternengo,96067,
,,,Toceno,103065,
,,,Tollegno,96068,
,,,Tornaco,3146,
,,,Torrazza Piemonte,1273,
,,,Torrazzo,96069,
,,,Trarego Viggiona,103066,
,,,Trasquera,103067,
,,,Traversella,1278,
,,,Trecate,3149,
,,,Tricerro,2147,
,,,Trino,2148,
,,,Trontano,103068,
,,,Tronzano Vercellese,2150,
,,,Val di Chy,1317,
,,,Valchiusa,1318,
,,,Valdengo,96071,
,,,Valdilana,96088,
,,,Valduggia,2152,
,,,Vallanzengo,96072,
,,,Valle Cannobina,103079,
,,,Valle San Nicolao,96074,
,,,Valstrona,103069,
,,,Vanzone con San Carlo,103070,
,,,Vaprio d'Agogna,3153,
,,,Varallo,2156,
,,,Varallo Pombia,3154,
,,,Varzo,103071,
,,,Veglio,96075,
,,,Verbania,103072,
,,,Vercelli,2158,
,,,Verrone,96076,
,,,Verrua Savoia,1294,
,,,Vespolate,3158,
,,,Vestignè,1295,
,,,Vialfrè,1296,
,,,Vicolungo,3159,
,,,Vigliano Biellese,96077,
,,,Vignone,103074,
,,,Villa del Bosco,96078,
,,,Villadossola,103075,
,,,Villanova Biellese,96079,
,,,Villarboit,2163,
,,,Villareggia,1304,
,,,Villata,2164,
,,,Villette,103076,
,,,Vinzaglio,3164,
,,,Vische,1311,
,,,Vistrorio,1312,
,,,Viverone,96080,
,,,Vocca,2166,
,,,Vogogna,103077,
,,,Zimone,96081,
,,,Zubiena,96082,
,,,Zumaglia,96083,
,,Piemonte - U04,Alessandria,,
,,,Acqui Terme,6001,
,,,Agliano Terme,5001,
,,,Albera Ligure,6002,
,,,Albugnano,5002,
,,,Alessandria,6003,
,,,Alfiano Natta,6004,
,,,Alice Bel Colle,6005,
,,,Alluvioni Piovera,6192,
,,,Altavilla Monferrato,6007,
,,,Alzano Scrivia,6008,
,,,Andezeno,1009,
,,,Antignano,5003,
,,,Aramengo,5004,
,,,Arignano,1012,
,,,Arquata Scrivia,6009,
,,,Asti,5005,
,,,Avolasca,6010,
,,,Azzano d'Asti,5006,
,,,Baldichieri d'Asti,5007,
,,,Baldissero Torinese,1018,
,,,Balzola,6011,
,,,Basaluzzo,6012,
,,,Bassignana,6013,
,,,Belforte Monferrato,6014,
,,,Belveglio,5008,
,,,Bergamasco,6015,
,,,Berzano di San Pietro,5009,
,,,Berzano di Tortona,6016,
,,,Bistagno,6017,
,,,Borghetto di Borbera,6018,
,,,Borgo San Martino,6020,
,,,Borgoratto Alessandrino,6019,
,,,Bosco Marengo,6021,
,,,Bosio,6022,
,,,Bozzole,6023,
,,,Brignano-Frascata,6024,
,,,Bruno,5010,
,,,Bubbio,5011,
,,,Buttigliera d'Asti,5012,
,,,Cabella Ligure,6025,
,,,Calamandrana,5013,
,,,Calliano,5014,
,,,Calosso,5015,
,,,Camagna Monferrato,6026,
,,,Cambiano,1048,
,,,Camerano Casasco,5016,
,,,Camino,6027,
,,,Canelli,5017,
,,,Cantalupo Ligure,6028,
,,,Cantarana,5018,
,,,Capriata d'Orba,6029,
,,,Capriglio,5019,
,,,Carbonara Scrivia,6030,
,,,Carentino,6031,
,,,Carezzano,6032,
,,,Carpeneto,6033,
,,,Carrega Ligure,6034,
,,,Carrosio,6035,
,,,Cartosio,6036,
,,,Casal Cermelli,6037,
,,,Casale Monferrato,6039,
,,,Casaleggio Boiro,6038,
,,,Casalnoceto,6040,
,,,Casasco,6041,
,,,Casorzo,5020,
,,,Cassano Spinola,6191,
,,,Cassinasco,5021,
,,,Cassine,6043,
,,,Cassinelle,6044,
,,,Castagnole delle Lanze,5022,
,,,Castagnole Monferrato,5023,
,,,Castel Boglione,5024,
,,,Castel Rocchero,5032,
,,,Castell'Alfero,5025,
,,,Castellania Coppi,6045,
,,,Castellar Guidobono,6046,
,,,Castellazzo Bormida,6047,
,,,Castellero,5026,
,,,Castelletto d'Erro,6048,
,,,Castelletto d'Orba,6049,
,,,Castelletto Merli,6050,
,,,Castelletto Molina,5027,
,,,Castelletto Monferrato,6051,
,,,Castello di Annone,5028,
,,,Castelnuovo Belbo,5029,
,,,Castelnuovo Bormida,6052,
,,,Castelnuovo Calcea,5030,
,,,Castelnuovo Don Bosco,5031,
,,,Castelnuovo Scrivia,6053,
,,,Castelspina,6054,
,,,Cavatore,6055,
,,,Cella Monte,6056,
,,,Cellarengo,5033,
,,,Celle Enomondo,5034,
,,,Cereseto,6057,
,,,Cerreto d'Asti,5035,
,,,Cerreto Grue,6058,
,,,Cerrina Monferrato,6059,
,,,Cerro Tanaro,5036,
,,,Cessole,5037,
,,,Chieri,1078,
,,,Chiusano d'Asti,5038,
,,,Cinaglio,5039,
,,,Cisterna d'Asti,5040,
,,,Coazzolo,5041,
,,,Cocconato,5042,
,,,Coniolo,6060,
,,,Conzano,6061,
,,,Corsione,5044,
,,,Cortandone,5045,
,,,Cortanze,5046,
,,,Cortazzone,5047,
,,,Cortiglione,5048,
,,,Cossombrato,5049,
,,,Costa Vescovato,6062,
,,,Costigliole d'Asti,5050,
,,,Cremolino,6063,
,,,Cunico,5051,
,,,Denice,6065,
,,,Dernice,6066,
,,,Dusino San Michele,5052,
,,,Fabbrica Curone,6067,
,,,Felizzano,6068,
,,,Ferrere,5053,
,,,Fontanile,5054,
,,,Fraconalto,6069,
,,,Francavilla Bisio,6070,
,,,Frascaro,6071,
,,,Frassinello Monferrato,6072,
,,,Frassineto Po,6073,
,,,Fresonara,6074,
,,,Frinco,5055,
,,,Frugarolo,6075,
,,,Fubine Monferrato,6076,
,,,Gabiano,6077,
,,,Gamalero,6078,
,,,Garbagna,6079,
,,,Gavi,6081,
,,,Giarole,6082,
,,,Grana,5056,
,,,Grazzano Badoglio,5057,
,,,Gremiasco,6083,
,,,Grognardo,6084,
,,,Grondona,6085,
,,,Guazzora,6086,
,,,Incisa Scapaccino,5058,
,,,Isola d'Asti,5059,
,,,Isola Sant'Antonio,6087,
,,,Isolabella,1123,
,,,Lerma,6088,
,,,Loazzolo,5060,
,,,Lu e Cuccaro Monferrato,6193,
,,,Malvicino,6090,
,,,Maranzana,5061,
,,,Marentino,1144,
,,,Maretto,5062,
,,,Masio,6091,
,,,Melazzo,6092,
,,,Merana,6093,
,,,Mirabello Monferrato,6094,
,,,Moasca,5063,
,,,Molare,6095,
,,,Molino dei Torti,6096,
,,,Mombaldone,5064,
,,,Mombaruzzo,5065,
,,,Mombello di Torino,1153,
,,,Mombello Monferrato,6097,
,,,Mombercelli,5066,
,,,Momperone,6098,
,,,Monale,5067,
,,,Monastero Bormida,5068,
,,,Moncalvo,5069,
,,,Moncestino,6099,
,,,Moncucco Torinese,5070,
,,,Mongardino,5071,
,,,Mongiardino Ligure,6100,
,,,Monleale,6101,
,,,Montabone,5072,
,,,Montacuto,6102,
,,,Montafia,5073,
,,,Montaldeo,6103,
,,,Montaldo Bormida,6104,
,,,Montaldo Scarampi,5074,
,,,Montaldo Torinese,1158,
,,,Montecastello,6105,
,,,Montechiaro d'Acqui,6106,
,,,Montechiaro d'Asti,5075,
,,,Montegioco,6107,
,,,Montegrosso d'Asti,5076,
,,,Montemagno,5077,
,,,Montemarzino,6108,
,,,Montiglio Monferrato,5121,
,,,Morano sul Po,6109,
,,,Moransengo,5079,
,,,Morbello,6110,
,,,Moriondo Torinese,1163,
,,,Mornese,6111,
,,,Morsasco,6112,
,,,Murisengo,6113,
,,,Nizza Monferrato,5080,
,,,Novi Ligure,6114,
,,,Occimiano,6115,
,,,Odalengo Grande,6116,
,,,Odalengo Piccolo,6117,
,,,Olivola,6118,
,,,Olmo Gentile,5081,
,,,Orsara Bormida,6119,
,,,Ottiglio,6120,
,,,Ovada,6121,
,,,Oviglio,6122,
,,,Ozzano Monferrato,6123,
,,,Paderna,6124,
,,,Pareto,6125,
,,,Parodi Ligure,6126,
,,,Passerano Marmorito,5082,
,,,Pasturana,6127,
,,,Pavarolo,1180,
,,,Pecetto di Valenza,6128,
,,,Pecetto Torinese,1183,
,,,Penango,5083,
,,,Piea,5084,
,,,Pietra Marazzi,6129,
,,,Pino d'Asti,5085,
,,,Pino Torinese,1192,
,,,Piovà Massaia,5086,
,,,Poirino,1197,
,,,Pomaro Monferrato,6131,
,,,Pontecurone,6132,
,,,Pontestura,6133,
,,,Ponti,6134,
,,,Ponzano Monferrato,6135,
,,,Ponzone,6136,
,,,Portacomaro,5087,
,,,Pozzol Groppo,6137,
,,,Pozzolo Formigaro,6138,
,,,Pralormo,1203,
,,,Prasco,6139,
,,,Predosa,6140,
,,,Quaranti,5088,
,,,Quargnento,6141,
,,,Quattordio,6142,
,,,Refrancore,5089,
,,,Revigliasco d'Asti,5090,
,,,Ricaldone,6143,
,,,Riva presso Chieri,1215,
,,,Rivalta Bormida,6144,
,,,Rivarone,6145,
,,,Roatto,5091,
,,,Robella,5092,
,,,Rocca d'Arazzo,5093,
,,,Rocca Grimalda,6147,
,,,Roccaforte Ligure,6146,
,,,Roccaverano,5094,
,,,Rocchetta Ligure,6148,
,,,Rocchetta Palafea,5095,
,,,Rocchetta Tanaro,5096,
,,,Rosignano Monferrato,6149,
,,,Sala Monferrato,6150,
,,,Sale,6151,
,,,San Cristoforo,6152,
,,,San Damiano d'Asti,5097,
,,,San Giorgio Monferrato,6153,
,,,San Giorgio Scarampi,5098,
,,,San Martino Alfieri,5099,
,,,San Marzano Oliveto,5100,
,,,San Paolo Solbrito,5101,
,,,San Salvatore Monferrato,6154,
,,,San Sebastiano Curone,6155,
,,,Sant'Agata Fossili,6156,
,,,Santena,1257,
,,,Sardigliano,6157,
,,,Sarezzano,6158,
,,,Scurzolengo,5103,
,,,Serole,5104,
,,,Serralunga di Crea,6159,
,,,Serravalle Scrivia,6160,
,,,Sessame,5105,
,,,Settime,5106,
,,,Sezzadio,6161,
,,,Silvano d'Orba,6162,
,,,Soglio,5107,
,,,Solero,6163,
,,,Solonghello,6164,
,,,Spigno Monferrato,6165,
,,,Spineto Scrivia,6166,
,,,Stazzano,6167,
,,,Strevi,6168,
,,,Tagliolo Monferrato,6169,
,,,Tassarolo,6170,
,,,Terruggia,6171,
,,,Terzo,6172,
,,,Ticineto,6173,
,,,Tigliole,5108,
,,,Tonco,5109,
,,,Tonengo,5110,
,,,Tortona,6174,
,,,Treville,6175,
,,,Trisobbio,6176,
,,,Trofarello,1280,
,,,Vaglio Serra,5111,
,,,Valenza,6177,
,,,Valfenera,5112,
,,,Valmacca,6178,
,,,Vesime,5113,
,,,Viale,5114,
,,,Viarigi,5115,
,,,Vigliano d'Asti,5116,
,,,Vignale Monferrato,6179,
,,,Vignole Borbera,6180,
,,,Viguzzolo,6181,
,,,Villa San Secondo,5119,
,,,Villadeati,6182,
,,,Villafranca d'Asti,5117,
,,,Villalvernia,6183,
,,,Villamiroglio,6184,
,,,Villanova d'Asti,5118,
,,,Villanova Monferrato,6185,
,,,Villaromagnano,6186,
,,,Villastellone,1308,
,,,Vinchio,5120,
,,,Visone,6187,
,,,Volpedo,6188,
,,,Volpeglino,6189,
,,,Voltaggio,6190,
,,Piemonte - U05,Cuneo,,
,,,Acceglio,4001,
,,,Airasca,1002,
,,,Aisone,4002,
,,,Alba,4003,
,,,Albaretto della Torre,4004,
,,,Alto,4005,
,,,Angrogna,1011,
,,,Argentera,4006,
,,,Arguello,4007,
,,,Bagnasco,4008,
,,,Bagnolo Piemonte,4009,
,,,Baldissero d'Alba,4010,
,,,Barbaresco,4011,
,,,Barge,4012,
,,,Barolo,4013,
,,,Bastia Mondovì,4014,
,,,Battifollo,4015,
,,,Beinette,4016,
,,,Bellino,4017,
,,,Belvedere Langhe,4018,
,,,Bene Vagienna,4019,
,,,Benevello,4020,
,,,Bergolo,4021,
,,,Bernezzo,4022,
,,,Bibiana,1025,
,,,Bobbio Pellice,1026,
,,,Bonvicino,4023,
,,,Borgo San Dalmazzo,4025,
,,,Borgomale,4024,
,,,Bosia,4026,
,,,Bossolasco,4027,
,,,Boves,4028,
,,,Bra,4029,
,,,Briaglia,4030,
,,,Bricherasio,1035,
,,,Briga Alta,4031,
,,,Brondello,4032,
,,,Brossasco,4033,
,,,Buriasco,1041,
,,,Busca,4034,
,,,Camerana,4035,
,,,Campiglione Fenile,1049,
,,,Canale,4037,
,,,Canosio,4038,
,,,Cantalupa,1053,
,,,Caprauna,4039,
,,,Caraglio,4040,
,,,Caramagna Piemonte,4041,
,,,Cardè,4042,
,,,Carignano,1058,
,,,Carmagnola,1059,
,,,Carrù,4043,
,,,Cartignano,4044,
,,,Casalgrasso,4045,
,,,Castagnito,4046,
,,,Casteldelfino,4047,
,,,Castelletto Stura,4049,
,,,Castelletto Uzzone,4050,
,,,Castellinaldo d'Alba,4051,
,,,Castellino Tanaro,4052,
,,,Castelmagno,4053,
,,,Castelnuovo di Ceva,4054,
,,,Castiglione Falletto,4055,
,,,Castiglione Tinella,4056,
,,,Castino,4057,
,,,Cavallerleone,4058,
,,,Cavallermaggiore,4059,
,,,Cavour,1070,
,,,Celle di Macra,4060,
,,,Centallo,4061,
,,,Cercenasco,1071,
,,,Ceresole Alba,4062,
,,,Cerretto Langhe,4063,
,,,Cervasca,4064,
,,,Cervere,4065,
,,,Ceva,4066,
,,,Cherasco,4067,
,,,Chiusa di Pesio,4068,
,,,Cigliè,4069,
,,,Cissone,4070,
,,,Clavesana,4071,
,,,Corneliano d'Alba,4072,
,,,Cortemilia,4073,
,,,Cossano Belbo,4074,
,,,Costigliole Saluzzo,4075,
,,,Cravanzana,4076,
,,,Crissolo,4077,
,,,Cumiana,1097,
,,,Cuneo,4078,
,,,Demonte,4079,
,,,Diano d'Alba,4080,
,,,Dogliani,4081,
,,,Dronero,4082,
,,,Elva,4083,
,,,Entracque,4084,
,,,Envie,4085,
,,,Farigliano,4086,
,,,Faule,4087,
,,,Feisoglio,4088,
,,,Fenestrelle,1103,
,,,Fossano,4089,
,,,Frabosa Soprana,4090,
,,,Frabosa Sottana,4091,
,,,Frassino,4092,
,,,Frossasco,1110,
,,,Gaiola,4093,
,,,Gambasca,4094,
,,,Garessio,4095,
,,,Garzigliana,1111,
,,,Genola,4096,
,,,Gorzegno,4097,
,,,Gottasecca,4098,
,,,Govone,4099,
,,,Grinzane Cavour,4100,
,,,Guarene,4101,
,,,Igliano,4102,
,,,Inverso Pinasca,1122,
,,,Isasca,4103,
,,,La Morra,4105,
,,,Lagnasco,4104,
,,,Lequio Berria,4106,
,,,Lequio Tanaro,4107,
,,,Lesegno,4108,
,,,Levice,4109,
,,,Limone Piemonte,4110,
,,,Lisio,4111,
,,,Lombriasco,1136,
,,,Luserna San Giovanni,1139,
,,,Lusernetta,1140,
,,,Macello,1142,
,,,Macra,4112,
,,,Magliano Alfieri,4113,
,,,Magliano Alpi,4114,
,,,Mango,4115,
,,,Manta,4116,
,,,Marene,4117,
,,,Margarita,4118,
,,,Marmora,4119,
,,,Marsaglia,4120,
,,,Martiniana Po,4121,
,,,Massello,1145,
,,,Melle,4122,
,,,Moiola,4123,
,,,Mombarcaro,4124,
,,,Mombasiglio,4125,
,,,Monastero di Vasco,4126,
,,,Monasterolo Casotto,4127,
,,,Monasterolo di Savigliano,4128,
,,,Monchiero,4129,
,,,Mondovì,4130,
,,,Monesiglio,4131,
,,,Monforte d'Alba,4132,
,,,Montà,4133,
,,,Montaldo di Mondovì,4134,
,,,Montaldo Roero,4135,
,,,Montanera,4136,
,,,Montelupo Albese,4137,
,,,Montemale di Cuneo,4138,
,,,Monterosso Grana,4139,
,,,Monteu Roero,4140,
,,,Montezemolo,4141,
,,,Monticello d'Alba,4142,
,,,Moretta,4143,
,,,Morozzo,4144,
,,,Murazzano,4145,
,,,Murello,4146,
,,,Narzole,4147,
,,,Neive,4148,
,,,Neviglie,4149,
,,,Niella Belbo,4150,
,,,Niella Tanaro,4151,
,,,Novello,4152,
,,,Nucetto,4153,
,,,Oncino,4154,
,,,Ormea,4155,
,,,Osasco,1173,
,,,Osasio,1174,
,,,Ostana,4156,
,,,Paesana,4157,
,,,Pagno,4158,
,,,Pamparato,4159,
,,,Pancalieri,1178,
,,,Paroldo,4160,
,,,Perletto,4161,
,,,Perlo,4162,
,,,Perosa Argentina,1184,
,,,Perrero,1186,
,,,Peveragno,4163,
,,,Pezzolo Valle Uzzone,4164,
,,,Pianfei,4165,
,,,Piasco,4166,
,,,Pietraporzio,4167,
,,,Pinasca,1190,
,,,Pinerolo,1191,
,,,Piobesi d'Alba,4168,
,,,Piozzo,4169,
,,,Piscina,1195,
,,,Pocapaglia,4170,
,,,Polonghera,4171,
,,,Pomaretto,1198,
,,,Pontechianale,4172,
,,,Porte,1200,
,,,Pradleves,4173,
,,,Pragelato,1201,
,,,Prali,1202,
,,,Pramollo,1204,
,,,Prarostino,1205,
,,,Prazzo,4174,
,,,Priero,4175,
,,,Priocca,4176,
,,,Priola,4177,
,,,Prunetto,4178,
,,,Racconigi,4179,
,,,Revello,4180,
,,,Rifreddo,4181,
,,,Rittana,4182,
,,,Roaschia,4183,
,,,Roascio,4184,
,,,Robilante,4185,
,,,Roburent,4186,
,,,Rocca Cigliè,4188,
,,,Rocca de' Baldi,4189,
,,,Roccabruna,4187,
,,,Roccaforte Mondovì,4190,
,,,Roccasparvera,4191,
,,,Roccavione,4192,
,,,Rocchetta Belbo,4193,
,,,Roddi,4194,
,,,Roddino,4195,
,,,Rodello,4196,
,,,Roletto,1222,
,,,Rorà,1226,
,,,Rossana,4197,
,,,Roure,1227,
,,,Ruffia,4198,
,,,Sale delle Langhe,4199,
,,,Sale San Giovanni,4200,
,,,Saliceto,4201,
,,,Salmour,4202,
,,,Saluzzo,4203,
,,,Salza di Pinerolo,1234,
,,,Sambuco,4204,
,,,Sampeyre,4205,
,,,San Benedetto Belbo,4206,
,,,San Damiano Macra,4207,
,,,San Germano Chisone,1242,
,,,San Michele Mondovì,4210,
,,,San Pietro Val Lemina,1250,
,,,San Secondo di Pinerolo,1254,
,,,Sanfrè,4208,
,,,Sanfront,4209,
,,,Santa Vittoria d'Alba,4212,
,,,Sant'Albano Stura,4211,
,,,Santo Stefano Belbo,4213,
,,,Santo Stefano Roero,4214,
,,,Savigliano,4215,
,,,Scagnello,4216,
,,,Scalenghe,1260,
,,,Scarnafigi,4217,
,,,Serralunga d'Alba,4218,
,,,Serravalle Langhe,4219,
,,,Sinio,4220,
,,,Somano,4221,
,,,Sommariva del Bosco,4222,
,,,Sommariva Perno,4223,
,,,Stroppo,4224,
,,,Tarantasca,4225,
,,,Torre Bormida,4226,
,,,Torre Mondovì,4227,
,,,Torre Pellice,1275,
,,,Torre San Giorgio,4228,
,,,Torresina,4229,
,,,Treiso,4230,
,,,Trezzo Tinella,4231,
,,,Trinità,4232,
,,,Usseaux,1281,
,,,Valdieri,4233,
,,,Valgrana,4234,
,,,Valloriate,4235,
,,,Venasca,4237,
,,,Verduno,4238,
,,,Vernante,4239,
,,,Verzuolo,4240,
,,,Vezza d'Alba,4241,
,,,Vicoforte,4242,
,,,Vignolo,4243,
,,,Vigone,1299,
,,,Villafalletto,4244,
,,,Villafranca Piemonte,1300,
,,,Villanova Mondovì,4245,
,,,Villanova Solaro,4246,
,,,Villar Pellice,1306,
,,,Villar Perosa,1307,
,,,Villar San Costanzo,4247,
,,,Vinadio,4248,
,,,Viola,4249,
,,,Virle Piemonte,1310,
,,,Vottignasco,4250,
Regione: Valle d'Aosta/Vallée d'Aoste,,,,,
Circoscrizione: Valle d'Aosta/Vallée d'Aoste,,,,,
Codice della circoscrizione elettorale,Denominazione della circoscrizione elettorale,Denominazione del collegio uninominale,"Denominazione del comune o dell'area sub-comunale con la maggiore ampiezza demografica
 inclusi nel collegio","Denominazione del comune
o  dell'area sub-comunale 
 inclusi nel collegio",Codice Istat del comune o dell'area sub-comunale inclusi nel collegio
2,Valle d'Aosta,Valle d'aosta/Vallée d'Aoste - U01,Aosta,,
,,,Allein,7001,
,,,Antey-Saint-André,7002,
,,,Aosta,7003,
,,,Arnad,7004,
,,,Arvier,7005,
,,,Avise,7006,
,,,Ayas,7007,
,,,Aymavilles,7008,
,,,Bard,7009,
,,,Bionaz,7010,
,,,Brissogne,7011,
,,,Brusson,7012,
,,,Challand-Saint-Anselme,7013,
,,,Challand-Saint-Victor,7014,
,,,Chambave,7015,
,,,Chamois,7016,
,,,Champdepraz,7017,
,,,Champorcher,7018,
,,,Charvensod,7019,
,,,Châtillon,7020,
,,,Cogne,7021,
,,,Courmayeur,7022,
,,,Donnas,7023,
,,,Doues,7024,
,,,Emarèse,7025,
,,,Etroubles,7026,
,,,Fénis,7027,
,,,Fontainemore,7028,
,,,Gaby,7029,
,,,Gignod,7030,
,,,Gressan,7031,
,,,Gressoney-La-Trinité,7032,
,,,Gressoney-Saint-Jean,7033,
,,,Hône,7034,
,,,Introd,7035,
,,,Issime,7036,
,,,Issogne,7037,
,,,Jovençan,7038,
,,,La Magdeleine,7039,
,,,La Salle,7040,
,,,La Thuile,7041,
,,,Lillianes,7042,
,,,Montjovet,7043,
,,,Morgex,7044,
,,,Nus,7045,
,,,Ollomont,7046,
,,,Oyace,7047,
,,,Perloz,7048,
,,,Pollein,7049,
,,,Pontboset,7050,
,,,Pontey,7051,
,,,Pont-Saint-Martin,7052,
,,,Pré-Saint-Didier,7053,
,,,Quart,7054,
,,,Rhêmes-Notre-Dame,7055,
,,,Rhêmes-Saint-Georges,7056,
,,,Roisan,7057,
,,,Saint-Christophe,7058,
,,,Saint-Denis,7059,
,,,Saint-Marcel,7060,
,,,Saint-Nicolas,7061,
,,,Saint-Oyen,7062,
,,,Saint-Pierre,7063,
,,,Saint-Rhémy-en-Bosses,7064,
,,,Saint-Vincent,7065,
,,,Sarre,7066,
,,,Torgnon,7067,
,,,Valgrisenche,7068,
,,,Valpelline,7069,
,,,Valsavarenche,7070,
,,,Valtournenche,7071,
,,,Verrayes,7072,
,,,Verrès,7073,
,,,Villeneuve,7074,
Regione: Lombardia,,,,,
Circoscrizione: Lombardia,,,,,
Codice della circoscrizione elettorale,Denominazione della circoscrizione elettorale,Denominazione del collegio uninominale,"Denominazione del comune o dell'area sub-comunale con la maggiore ampiezza demografica
 inclusi nel collegio","Denominazione del comune
o  dell'area sub-comunale 
 inclusi nel collegio",Codice Istat del comune o dell'area sub-comunale inclusi nel collegio
3,Lombardia,Lombardia - U01,Varese,,
,,,Agra,12001,
,,,Albizzate,12002,
,,,Angera,12003,
,,,Appiano Gentile,13010,
,,,Arcisate,12004,
,,,Arsago Seprio,12005,
,,,Azzate,12006,
,,,Azzio,12007,
,,,Barasso,12008,
,,,Bardello,12009,
,,,Bedero Valcuvia,12010,
,,,Beregazzo con Figliaro,13022,
,,,Besano,12011,
,,,Besnate,12012,
,,,Besozzo,12013,
,,,Biandronno,12014,
,,,Binago,13023,
,,,Bisuschio,12015,
,,,Bodio Lomnago,12016,
,,,Brebbia,12017,
,,,Bregano,12018,
,,,Brenta,12019,
,,,Brezzo di Bedero,12020,
,,,Brinzio,12021,
,,,Brissago-Valtravaglia,12022,
,,,Brunello,12023,
,,,Brusimpiano,12024,
,,,Buguggiate,12025,
,,,Busto Arsizio,12026,
,,,Cadegliano-Viconago,12027,
,,,Cadrezzate con Osmate,12143,
,,,Cairate,12029,
,,,Cantello,12030,
,,,Caravate,12031,
,,,Carbonate,13045,
,,,Cardano al Campo,12032,
,,,Carnago,12033,
,,,Caronno Pertusella,12034,
,,,Caronno Varesino,12035,
,,,Casale Litta,12036,
,,,Casalzuigno,12037,
,,,Casciago,12038,
,,,Casorate Sempione,12039,
,,,Cassano Magnago,12040,
,,,Cassano Valcuvia,12041,
,,,Castellanza,12042,
,,,Castello Cabiaglio,12043,
,,,Castelnuovo Bozzente,13059,
,,,Castelseprio,12044,
,,,Castelveccana,12045,
,,,Castiglione Olona,12046,
,,,Castronno,12047,
,,,Cavaria con Premezzo,12048,
,,,Cazzago Brabbia,12049,
,,,Cislago,12050,
,,,Cittiglio,12051,
,,,Clivio,12052,
,,,Cocquio-Trevisago,12053,
,,,Comabbio,12054,
,,,Comerio,12055,
,,,Cremenaga,12056,
,,,Crosio della Valle,12057,
,,,Cuasso al Monte,12058,
,,,Cugliate-Fabiasco,12059,
,,,Cunardo,12060,
,,,Curiglia con Monteviasco,12061,
,,,Cuveglio,12062,
,,,Cuvio,12063,
,,,Daverio,12064,
,,,Dumenza,12065,
,,,Duno,12066,
,,,Fagnano Olona,12067,
,,,Ferno,12068,
,,,Ferrera di Varese,12069,
,,,Gallarate,12070,
,,,Galliate Lombardo,12071,
,,,Gavirate,12072,
,,,Gazzada Schianno,12073,
,,,Gemonio,12074,
,,,Gerenzano,12075,
,,,Germignaga,12076,
,,,Golasecca,12077,
,,,Gorla Maggiore,12078,
,,,Gorla Minore,12079,
,,,Gornate Olona,12080,
,,,Grantola,12081,
,,,Inarzo,12082,
,,,Induno Olona,12083,
,,,Ispra,12084,
,,,Jerago con Orago,12085,
,,,Lavena Ponte Tresa,12086,
,,,Laveno-Mombello,12087,
,,,Leggiuno,12088,
,,,Limido Comasco,13128,
,,,Locate Varesino,13131,
,,,Lonate Ceppino,12089,
,,,Lonate Pozzolo,12090,
,,,Lozza,12091,
,,,Luino,12092,
,,,Lurago Marinone,13137,
,,,Luvinate,12093,
,,,Maccagno con Pino e Veddasca,12142,
,,,Malgesso,12095,
,,,Malnate,12096,
,,,Marchirolo,12097,
,,,Marnate,12098,
,,,Marzio,12099,
,,,Masciago Primo,12100,
,,,Mercallo,12101,
,,,Mesenzana,12102,
,,,Montegrino Valtravaglia,12103,
,,,Monvalle,12104,
,,,Morazzone,12105,
,,,Mornago,12106,
,,,Mozzate,13159,
,,,Oggiona con Santo Stefano,12107,
,,,Olgiate Olona,12108,
,,,Oltrona di San Mamette,13169,
,,,Origgio,12109,
,,,Orino,12110,
,,,Porto Ceresio,12113,
,,,Porto Valtravaglia,12114,
,,,Rancio Valcuvia,12115,
,,,Ranco,12116,
,,,Rovellasca,13201,
,,,Rovello Porro,13202,
,,,Saltrio,12117,
,,,Samarate,12118,
,,,Sangiano,12141,
,,,Saronno,12119,
,,,Sesto Calende,12120,
,,,Solbiate Arno,12121,
,,,Solbiate Olona,12122,
,,,Somma Lombardo,12123,
,,,Sumirago,12124,
,,,Taino,12125,
,,,Ternate,12126,
,,,Tradate,12127,
,,,Travedona-Monate,12128,
,,,Tronzano Lago Maggiore,12129,
,,,Turate,13227,
,,,Uboldo,12130,
,,,Valganna,12131,
,,,Varano Borghi,12132,
,,,Varese,12133,
,,,Vedano Olona,12134,
,,,Venegono Inferiore,12136,
,,,Venegono Superiore,12137,
,,,Veniano,13238,
,,,Vergiate,12138,
,,,Viggiù,12139,
,,,Vizzola Ticino,12140,
,,Lombardia - U02,Como,,
,,,Abbadia Lariana,97001,
,,,Airuno,97002,
,,,Albaredo per San Marco,14001,
,,,Albavilla,13003,
,,,Albese con Cassano,13004,
,,,Albiolo,13005,
,,,Albosaggia,14002,
,,,Alserio,13006,
,,,Alta Valle Intelvi,13253,
,,,Alzate Brianza,13007,
,,,Andalo Valtellino,14003,
,,,Annone di Brianza,97003,
,,,Anzano del Parco,13009,
,,,Aprica,14004,
,,,Ardenno,14005,
,,,Argegno,13011,
,,,Arosio,13012,
,,,Asso,13013,
,,,Ballabio,97004,
,,,Barni,13015,
,,,Barzago,97005,
,,,Barzanò,97006,
,,,Barzio,97007,
,,,Bellagio,13250,
,,,Bellano,97008,
,,,Bema,14006,
,,,Bene Lario,13021,
,,,Berbenno di Valtellina,14007,
,,,Bianzone,14008,
,,,Bizzarone,13024,
,,,Blessagno,13025,
,,,Blevio,13026,
,,,Bormio,14009,
,,,Bosisio Parini,97009,
,,,Bregnano,13028,
,,,Brenna,13029,
,,,Brienno,13030,
,,,Brivio,97010,
,,,Brunate,13032,
,,,Buglio in Monte,14010,
,,,Bulciago,97011,
,,,Bulgarograsso,13034,
,,,Cabiate,13035,
,,,Cadorago,13036,
,,,Caglio,13037,
,,,Caiolo,14011,
,,,Calco,97012,
,,,Calolziocorte,97013,
,,,Campione d'Italia,13040,
,,,Campodolcino,14012,
,,,Cantù,13041,
,,,Canzo,13042,
,,,Capiago Intimiano,13043,
,,,Carate Urio,13044,
,,,Carenno,97014,
,,,Carimate,13046,
,,,Carlazzo,13047,
,,,Carugo,13048,
,,,Casargo,97015,
,,,Casatenovo,97016,
,,,Caslino d'Erba,13052,
,,,Casnate con Bernate,13053,
,,,Caspoggio,14013,
,,,Cassago Brianza,97017,
,,,Cassina Rizzardi,13055,
,,,Cassina Valsassina,97018,
,,,Castello dell'Acqua,14014,
,,,Castello di Brianza,97019,
,,,Castelmarte,13058,
,,,Castione Andevenno,14015,
,,,Cavargna,13062,
,,,Cedrasco,14016,
,,,Centro Valle Intelvi,13254,
,,,Cerano d'Intelvi,13063,
,,,Cercino,14017,
,,,Cermenate,13064,
,,,Cernobbio,13065,
,,,Cernusco Lombardone,97020,
,,,Cesana Brianza,97021,
,,,Chiavenna,14018,
,,,Chiesa in Valmalenco,14019,
,,,Chiuro,14020,
,,,Cino,14021,
,,,Cirimido,13068,
,,,Civate,97022,
,,,Civo,14022,
,,,Claino con Osteno,13071,
,,,Colico,97023,
,,,Colle Brianza,97024,
,,,Colonno,13074,
,,,Colorina,14023,
,,,Colverde,13251,
,,,Como,13075,
,,,Corrido,13077,
,,,Cortenova,97025,
,,,Cosio Valtellino,14024,
,,,Costa Masnaga,97026,
,,,Crandola Valsassina,97027,
,,,Cremella,97028,
,,,Cremeno,97029,
,,,Cremia,13083,
,,,Cucciago,13084,
,,,Cusino,13085,
,,,Dazio,14025,
,,,Delebio,14026,
,,,Dervio,97030,
,,,Dizzasco,13087,
,,,Dolzago,97031,
,,,Domaso,13089,
,,,Dongo,13090,
,,,Dorio,97032,
,,,Dosso del Liro,13092,
,,,Dubino,14027,
,,,Ello,97033,
,,,Erba,13095,
,,,Erve,97034,
,,,Esino Lario,97035,
,,,Eupilio,13097,
,,,Faedo Valtellino,14028,
,,,Faggeto Lario,13098,
,,,Faloppio,13099,
,,,Fenegrò,13100,
,,,Figino Serenza,13101,
,,,Fino Mornasco,13102,
,,,Forcola,14029,
,,,Fusine,14030,
,,,Galbiate,97036,
,,,Garbagnate Monastero,97037,
,,,Garlate,97038,
,,,Garzeno,13106,
,,,Gera Lario,13107,
,,,Gerola Alta,14031,
,,,Gordona,14032,
,,,Grandate,13110,
,,,Grandola ed Uniti,13111,
,,,Gravedona ed Uniti,13249,
,,,Griante,13113,
,,,Grosio,14033,
,,,Grosotto,14034,
,,,Guanzate,13114,
,,,Imbersago,97039,
,,,Introbio,97040,
,,,Inverigo,13118,
,,,La Valletta Brianza,97092,
,,,Laglio,13119,
,,,Laino,13120,
,,,Lambrugo,13121,
,,,Lanzada,14036,
,,,Lasnigo,13123,
,,,Lecco,97042,
,,,Lezzeno,13126,
,,,Lierna,97043,
,,,Lipomo,13129,
,,,Livigno,14037,
,,,Livo,13130,
,,,Lomagna,97044,
,,,Lomazzo,13133,
,,,Longone al Segrino,13134,
,,,Lovero,14038,
,,,Luisago,13135,
,,,Lurago d'Erba,13136,
,,,Lurate Caccivio,13138,
,,,Madesimo,14035,
,,,Magreglio,13139,
,,,Malgrate,97045,
,,,Mandello del Lario,97046,
,,,Mantello,14039,
,,,Margno,97047,
,,,Mariano Comense,13143,
,,,Maslianico,13144,
,,,Mazzo di Valtellina,14040,
,,,Mello,14041,
,,,Menaggio,13145,
,,,Merate,97048,
,,,Merone,13147,
,,,Mese,14043,
,,,Missaglia,97049,
,,,Moggio,97050,
,,,Molteno,97051,
,,,Moltrasio,13152,
,,,Monguzzo,13153,
,,,Montagna in Valtellina,14044,
,,,Montano Lucino,13154,
,,,Monte Marenzo,97052,
,,,Montemezzo,13155,
,,,Montevecchia,97053,
,,,Monticello Brianza,97054,
,,,Montorfano,13157,
,,,Morbegno,14045,
,,,Morterone,97055,
,,,Musso,13160,
,,,Nesso,13161,
,,,Nibionno,97056,
,,,Novate Mezzola,14046,
,,,Novedrate,13163,
,,,Oggiono,97057,
,,,Olgiate Comasco,13165,
,,,Olgiate Molgora,97058,
,,,Olginate,97059,
,,,Oliveto Lario,97060,
,,,Orsenigo,13170,
,,,Osnago,97061,
,,,Paderno d'Adda,97062,
,,,Pagnona,97063,
,,,Parlasco,97064,
,,,Pasturo,97065,
,,,Pedesina,14047,
,,,Peglio,13178,
,,,Perledo,97067,
,,,Pescate,97068,
,,,Pianello del Lario,13183,
,,,Piantedo,14048,
,,,Piateda,14049,
,,,Pigra,13184,
,,,Piuro,14050,
,,,Plesio,13185,
,,,Poggiridenti,14051,
,,,Pognana Lario,13186,
,,,Ponna,13187,
,,,Ponte in Valtellina,14052,
,,,Ponte Lambro,13188,
,,,Porlezza,13189,
,,,Postalesio,14053,
,,,Prata Camportaccio,14054,
,,,Premana,97069,
,,,Primaluna,97070,
,,,Proserpio,13192,
,,,Pusiano,13193,
,,,Rasura,14055,
,,,Rezzago,13195,
,,,Robbiate,97071,
,,,Rodero,13197,
,,,Rogeno,97072,
,,,Rogolo,14056,
,,,Ronago,13199,
,,,Sala Comacina,13203,
,,,Samolaco,14057,
,,,San Bartolomeo Val Cavargna,13204,
,,,San Fermo della Battaglia,13206,
,,,San Giacomo Filippo,14058,
,,,San Nazzaro Val Cavargna,13207,
,,,San Siro,13248,
,,,Santa Maria Hoè,97074,
,,,Schignano,13211,
,,,Senna Comasco,13212,
,,,Sernio,14059,
,,,Sirone,97075,
,,,Sirtori,97076,
,,,Solbiate con Cagno,13255,
,,,Sondalo,14060,
,,,Sondrio,14061,
,,,Sorico,13216,
,,,Sormano,13217,
,,,Spriana,14062,
,,,Stazzona,13218,
,,,Sueglio,97077,
,,,Suello,97078,
,,,Taceno,97079,
,,,Talamona,14063,
,,,Tartano,14064,
,,,Tavernerio,13222,
,,,Teglio,14065,
,,,Tirano,14066,
,,,Torno,13223,
,,,Torre di Santa Maria,14067,
,,,Tovo di Sant'Agata,14068,
,,,Traona,14069,
,,,Tremezzina,13252,
,,,Tresivio,14070,
,,,Trezzone,13226,
,,,Uggiate-Trevano,13228,
,,,Val Masino,14074,
,,,Val Rezzo,13233,
,,,Valbrona,13229,
,,,Valdidentro,14071,
,,,Valdisotto,14072,
,,,Valfurva,14073,
,,,Valgreghentino,97082,
,,,Valmadrera,97083,
,,,Valmorea,13232,
,,,Valsolda,13234,
,,,Valvarrone,97093,
,,,Varenna,97084,
,,,Veleso,13236,
,,,Vercana,13239,
,,,Verceia,14075,
,,,Vercurago,97086,
,,,Verderio,97091,
,,,Vertemate con Minoprio,13242,
,,,Vervio,14076,
,,,Viganò,97090,
,,,Villa di Chiavenna,14077,
,,,Villa di Tirano,14078,
,,,Villa Guardia,13245,
,,,Zelbio,13246,
,,Lombardia - U03,Milano: NIL 21 - Buenos Aires - Venezia,,
,,,Milano: NIL 1 - Duomo,15146,
,,,Milano: NIL 2 - Brera,15146,
,,,Milano: NIL 3 - Giardini Porta Venezia,15146,
,,,Milano: NIL 4 - Guastalla,15146,
,,,Milano: NIL 5 - Vigentina,15146,
,,,Milano: NIL 6 - Ticinese,15146,
,,,Milano: NIL 7 - Magenta - San Vittore,15146,
,,,Milano: NIL 8 - Parco Sempione,15146,
,,,Milano: NIL 9 - Garibaldi Repubblica,15146,
,,,Milano: NIL 10 - Centrale,15146,
,,,Milano: NIL 11 - Isola,15146,
,,,Milano: NIL 12 - Maciachini - Maggiolina,15146,
,,,Milano: NIL 13 - Greco,15146,
,,,Milano: NIL 14 - Niguarda - Ca' Granda,15146,
,,,Milano: NIL 15 - Bicocca,15146,
,,,Milano: NIL 16 - Viale Monza,15146,
,,,Milano: NIL 17 - Adriano,15146,
,,,Milano: NIL 18 - Parco Lambro - Cimiano,15146,
,,,Milano: NIL 19 - Padova,15146,
,,,Milano: NIL 20 - Loreto,15146,
,,,Milano: NIL 21 - Buenos Aires - Venezia,15146,
,,,Milano: NIL 22 - Città Studi,15146,
,,,Milano: NIL 23 - Lambrate,15146,
,,,Milano: NIL 24 - Parco Forlanini - Ortica,15146,
,,,Milano: NIL 25 - Corsica,15146,
,,,Milano: NIL 26 - XXII Marzo,15146,
,,,Milano: NIL 27 - Porta Romana,15146,
,,,Milano: NIL 28 - Umbria - Molise,15146,
,,,Milano: NIL 29 - Ortomercato,15146,
,,,Milano: NIL 30 - Mecenate,15146,
,,,Milano: NIL 31 - Parco Monlue' - Ponte Lambro,15146,
,,,Milano: NIL 32 - Triulzo Superiore,15146,
,,,Milano: NIL 33 - Rogoredo,15146,
,,,Milano: NIL 34 - Chiaravalle,15146,
,,,Milano: NIL 35 - Lodi - Corvetto,15146,
,,,Milano: NIL 36 - Scalo Romana,15146,
,,,Milano: NIL 37 - Ex OM - Morivione,15146,
,,,Milano: NIL 38 - Ripamonti,15146,
,,,Milano: NIL 39 - Quintosole,15146,
,,,Milano: NIL 40 - Ronchetto delle Rane,15146,
,,,Milano: NIL 41 - Gratosoglio - Ticinello,15146,
,,,Milano: NIL 42 - Stadera,15146,
,,,Milano: NIL 43 - Tibaldi,15146,
,,,Milano: NIL 44 - Navigli,15146,
,,,Milano: NIL 45 - San Cristoforo,15146,
,,,Milano: NIL 46 - Barona,15146,
,,,Milano: NIL 47 - Cantalupa,15146,
,,,Milano: NIL 48 - Ronchetto sul Naviglio,15146,
,,,Milano: NIL 49 - Giambellino,15146,
,,,Milano: NIL 50 - Tortona,15146,
,,,Milano: NIL 51 - Washington,15146,
,,,Milano: NIL 52 - Bande Nere,15146,
,,,Milano: NIL 53 - Lorenteggio,15146,
,,,Milano: NIL 54 - Muggiano,15146,
,,,Milano: NIL 55 - Baggio,15146,
,,,Milano: NIL 56 - Forze Armate,15146,
,,,Milano: NIL 57 - Selinunte,15146,
,,,Milano: NIL 58 - De Angeli - Monte Rosa,15146,
,,,Milano: NIL 59 - Tre Torri,15146,
,,,Milano: NIL 60 - San Siro,15146,
,,,Milano: NIL 61 - Quarto Cagnino,15146,
,,,Milano: NIL 62 - Quinto Romano,15146,
,,,Milano: NIL 63 - Figino,15146,
,,,Milano: NIL 67 - Portello,15146,
,,,Milano: NIL 68 - Pagano,15146,
,,,Milano: NIL 69 - Sarpi,15146,
,,,Milano: NIL 70 - Ghisolfa,15146,
,,,Milano: NIL 78 - Farini,15146,
,,,Milano: NIL 84 - Parco Nord,15146,
,,,Milano: NIL 85 - Parco delle Abbazie,15146,
,,,Milano: NIL 86 - Parco dei Navigli,15146,
,,,Milano: NIL 87 - Parco Agricolo Sud,15146,
,,,Milano: NIL 88 - Parco Bosco in Città,15146,
,,Lombardia - U04,Sesto San Giovanni,,
,,,Arconate,15007,
,,,Arese,15009,
,,,Baranzate,15250,
,,,Bernate Ticino,15019,
,,,Bollate,15027,
,,,Bresso,15032,
,,,Buscate,15038,
,,,Busto Garolfo,15041,
,,,Canegrate,15046,
,,,Castano Primo,15062,
,,,Cerro Maggiore,15072,
,,,Cesate,15076,
,,,Cinisello Balsamo,15077,
,,,Cormano,15086,
,,,Cornaredo,15087,
,,,Cuggiono,15096,
,,,Cusano Milanino,15098,
,,,Dairago,15099,
,,,Garbagnate Milanese,15105,
,,,Inveruno,15113,
,,,Lainate,15116,
,,,Legnano,15118,
,,,Magnago,15131,
,,,Milano: NIL 64 - Trenno,15146,
,,,Milano: NIL 65 - Gallaratese,15146,
,,,Milano: NIL 66 - QT 8,15146,
,,,Milano: NIL 71 - Villapizzone,15146,
,,,Milano: NIL 72 - Maggiore - Musocco,15146,
,,,Milano: NIL 73 - Cascina Triulza - Expo,15146,
,,,Milano: NIL 74 - Sacco,15146,
,,,Milano: NIL 75 - Stephenson,15146,
,,,Milano: NIL 76 - Quarto Oggiaro,15146,
,,,Milano: NIL 77 - Bovisa,15146,
,,,Milano: NIL 79 - Dergano,15146,
,,,Milano: NIL 80 - Affori,15146,
,,,Milano: NIL 81 - Bovisasca,15146,
,,,Milano: NIL 82 - Comasina,15146,
,,,Milano: NIL 83 - Bruzzano,15146,
,,,Nerviano,15154,
,,,Nosate,15155,
,,,Novate Milanese,15157,
,,,Paderno Dugnano,15166,
,,,Parabiago,15168,
,,,Pero,15170,
,,,Pogliano Milanese,15176,
,,,Pregnana Milanese,15179,
,,,Rescaldina,15181,
,,,Rho,15182,
,,,Robecchetto con Induno,15183,
,,,San Giorgio su Legnano,15194,
,,,San Vittore Olona,15201,
,,,Senago,15206,
,,,Sesto San Giovanni,15209,
,,,Settimo Milanese,15211,
,,,Solaro,15213,
,,,Turbigo,15226,
,,,Vanzaghello,15249,
,,,Vanzago,15229,
,,,Villa Cortese,15248,
,,Lombardia - U05,Cologno Monzese,,
,,,Abbiategrasso,15002,
,,,Albairate,15005,
,,,Arluno,15010,
,,,Assago,15011,
,,,Bareggio,15012,
,,,Basiano,15014,
,,,Basiglio,15015,
,,,Bellinzago Lombardo,15016,
,,,Besate,15022,
,,,Binasco,15024,
,,,Boffalora sopra Ticino,15026,
,,,Bubbiano,15035,
,,,Buccinasco,15036,
,,,Bussero,15040,
,,,Calvignasco,15042,
,,,Cambiago,15044,
,,,Carpiano,15050,
,,,Carugate,15051,
,,,Casarile,15055,
,,,Casorezzo,15058,
,,,Cassano d'Adda,15059,
,,,Cassina de' Pecchi,15060,
,,,Cassinetta di Lugagnano,15061,
,,,Cernusco sul Naviglio,15070,
,,,Cerro al Lambro,15071,
,,,Cesano Boscone,15074,
,,,Cisliano,15078,
,,,Cologno Monzese,15081,
,,,Colturano,15082,
,,,Corbetta,15085,
,,,Corsico,15093,
,,,Cusago,15097,
,,,Dresano,15101,
,,,Gaggiano,15103,
,,,Gessate,15106,
,,,Gorgonzola,15108,
,,,Grezzago,15110,
,,,Gudo Visconti,15112,
,,,Inzago,15114,
,,,Lacchiarella,15115,
,,,Liscate,15122,
,,,Locate di Triulzi,15125,
,,,Magenta,15130,
,,,Marcallo con Casone,15134,
,,,Masate,15136,
,,,Mediglia,15139,
,,,Melegnano,15140,
,,,Melzo,15142,
,,,Mesero,15144,
,,,Morimondo,15150,
,,,Motta Visconti,15151,
,,,Noviglio,15158,
,,,Opera,15159,
,,,Ossona,15164,
,,,Ozzero,15165,
,,,Pantigliate,15167,
,,,Paullo,15169,
,,,Peschiera Borromeo,15171,
,,,Pessano con Bornago,15172,
,,,Pieve Emanuele,15173,
,,,Pioltello,15175,
,,,Pozzo d'Adda,15177,
,,,Pozzuolo Martesana,15178,
,,,Robecco sul Naviglio,15184,
,,,Rodano,15185,
,,,Rosate,15188,
,,,Rozzano,15189,
,,,San Donato Milanese,15192,
,,,San Giuliano Milanese,15195,
,,,San Zenone al Lambro,15202,
,,,Santo Stefano Ticino,15200,
,,,Sedriano,15204,
,,,Segrate,15205,
,,,Settala,15210,
,,,Trezzano Rosa,15219,
,,,Trezzano sul Naviglio,15220,
,,,Trezzo sull'Adda,15221,
,,,Tribiano,15222,
,,,Truccazzano,15224,
,,,Vaprio d'Adda,15230,
,,,Vermezzo con Zelo,15251,
,,,Vernate,15236,
,,,Vignate,15237,
,,,Vimodrone,15242,
,,,Vittuone,15243,
,,,Vizzolo Predabissi,15244,
,,,Zibido San Giacomo,15247,
,,Lombardia - U06,Monza,,
,,,Agrate Brianza,108001,
,,,Aicurzio,108002,
,,,Albiate,108003,
,,,Arcore,108004,
,,,Barlassina,108005,
,,,Bellusco,108006,
,,,Bernareggio,108007,
,,,Besana in Brianza,108008,
,,,Biassono,108009,
,,,Bovisio-Masciago,108010,
,,,Briosco,108011,
,,,Brugherio,108012,
,,,Burago di Molgora,108013,
,,,Busnago,108051,
,,,Camparada,108014,
,,,Caponago,108052,
,,,Carate Brianza,108015,
,,,Carnate,108016,
,,,Cavenago di Brianza,108017,
,,,Ceriano Laghetto,108018,
,,,Cesano Maderno,108019,
,,,Cogliate,108020,
,,,Concorezzo,108021,
,,,Cornate d'Adda,108053,
,,,Correzzana,108022,
,,,Desio,108023,
,,,Giussano,108024,
,,,Lazzate,108025,
,,,Lentate sul Seveso,108054,
,,,Lesmo,108026,
,,,Limbiate,108027,
,,,Lissone,108028,
,,,Macherio,108029,
,,,Meda,108030,
,,,Mezzago,108031,
,,,Misinto,108032,
,,,Monza,108033,
,,,Muggiò,108034,
,,,Nova Milanese,108035,
,,,Ornago,108036,
,,,Renate,108037,
,,,Roncello,108055,
,,,Ronco Briantino,108038,
,,,Seregno,108039,
,,,Seveso,108040,
,,,Sovico,108041,
,,,Sulbiate,108042,
,,,Triuggio,108043,
,,,Usmate Velate,108044,
,,,Varedo,108045,
,,,Vedano al Lambro,108046,
,,,Veduggio con Colzano,108047,
,,,Verano Brianza,108048,
,,,Villasanta,108049,
,,,Vimercate,108050,
,,Lombardia - U07,Bergamo,,
,,,Adrara San Martino,16001,
,,,Adrara San Rocco,16002,
,,,Albino,16004,
,,,Algua,16248,
,,,Almè,16005,
,,,Almenno San Bartolomeo,16006,
,,,Almenno San Salvatore,16007,
,,,Alzano Lombardo,16008,
,,,Ambivere,16009,
,,,Ardesio,16012,
,,,Averara,16014,
,,,Aviatico,16015,
,,,Azzano San Paolo,16016,
,,,Azzone,16017,
,,,Barzana,16021,
,,,Bedulita,16022,
,,,Berbenno,16023,
,,,Bergamo,16024,
,,,Berzo San Fermo,16025,
,,,Bianzano,16026,
,,,Blello,16027,
,,,Bonate Sopra,16030,
,,,Bonate Sotto,16031,
,,,Borgo di Terzo,16032,
,,,Bossico,16033,
,,,Bottanuco,16034,
,,,Bracca,16035,
,,,Branzi,16036,
,,,Brembate,16037,
,,,Brembate di Sopra,16038,
,,,Brumano,16041,
,,,Calusco d'Adda,16046,
,,,Camerata Cornello,16048,
,,,Capizzone,16050,
,,,Capriate San Gervasio,16051,
,,,Caprino Bergamasco,16052,
,,,Carobbio degli Angeli,16055,
,,,Carona,16056,
,,,Carvico,16057,
,,,Casazza,16058,
,,,Casnigo,16060,
,,,Cassiglio,16061,
,,,Castione della Presolana,16064,
,,,Castro,16065,
,,,Cazzano Sant'Andrea,16067,
,,,Cenate Sopra,16068,
,,,Cenate Sotto,16069,
,,,Cene,16070,
,,,Cerete,16071,
,,,Chignolo d'Isola,16072,
,,,Cisano Bergamasco,16074,
,,,Clusone,16077,
,,,Colere,16078,
,,,Colzate,16080,
,,,Corna Imagna,16082,
,,,Cornalba,16249,
,,,Costa Serina,16247,
,,,Costa Valle Imagna,16085,
,,,Costa Volpino,16086,
,,,Credaro,16088,
,,,Curno,16089,
,,,Cusio,16090,
,,,Dossena,16092,
,,,Endine Gaiano,16093,
,,,Entratico,16094,
,,,Filago,16098,
,,,Fino del Monte,16099,
,,,Fiorano al Serio,16100,
,,,Fonteno,16102,
,,,Foppolo,16103,
,,,Foresto Sparso,16104,
,,,Fuipiano Valle Imagna,16106,
,,,Gandellino,16107,
,,,Gandino,16108,
,,,Gandosso,16109,
,,,Gaverina Terme,16110,
,,,Gazzaniga,16111,
,,,Gorlago,16114,
,,,Gorle,16115,
,,,Gorno,16116,
,,,Grassobbio,16117,
,,,Gromo,16118,
,,,Grone,16119,
,,,Isola di Fondra,16121,
,,,Lallio,16123,
,,,Leffe,16124,
,,,Lenna,16125,
,,,Locatello,16127,
,,,Lovere,16128,
,,,Luzzana,16130,
,,,Madone,16131,
,,,Mapello,16132,
,,,Medolago,16250,
,,,Mezzoldo,16134,
,,,Moio de' Calvi,16136,
,,,Monasterolo del Castello,16137,
,,,Mozzo,16143,
,,,Nembro,16144,
,,,Olmo al Brembo,16145,
,,,Oltre il Colle,16146,
,,,Oltressenda Alta,16147,
,,,Oneta,16148,
,,,Onore,16149,
,,,Orio al Serio,16150,
,,,Ornica,16151,
,,,Paladina,16155,
,,,Palazzago,16156,
,,,Parre,16158,
,,,Parzanica,16159,
,,,Pedrengo,16160,
,,,Peia,16161,
,,,Pianico,16162,
,,,Piario,16163,
,,,Piazza Brembana,16164,
,,,Piazzatorre,16165,
,,,Piazzolo,16166,
,,,Ponte Nossa,16168,
,,,Ponte San Pietro,16170,
,,,Ponteranica,16169,
,,,Pontida,16171,
,,,Pradalunga,16173,
,,,Predore,16174,
,,,Premolo,16175,
,,,Presezzo,16176,
,,,Ranica,16178,
,,,Ranzanico,16179,
,,,Riva di Solto,16180,
,,,Rogno,16182,
,,,Roncobello,16184,
,,,Roncola,16185,
,,,Rota d'Imagna,16186,
,,,Rovetta,16187,
,,,San Giovanni Bianco,16188,
,,,San Paolo d'Argon,16189,
,,,San Pellegrino Terme,16190,
,,,Santa Brigida,16191,
,,,Sant'Omobono Terme,16252,
,,,Sarnico,16193,
,,,Scanzorosciate,16194,
,,,Schilpario,16195,
,,,Sedrina,16196,
,,,Selvino,16197,
,,,Seriate,16198,
,,,Serina,16199,
,,,Solto Collina,16200,
,,,Solza,16251,
,,,Songavazzo,16201,
,,,Sorisole,16202,
,,,Sotto il Monte Giovanni XXIII,16203,
,,,Sovere,16204,
,,,Spinone al Lago,16205,
,,,Stezzano,16207,
,,,Strozza,16208,
,,,Suisio,16209,
,,,Taleggio,16210,
,,,Tavernola Bergamasca,16211,
,,,Terno d'Isola,16213,
,,,Torre Boldone,16214,
,,,Torre de' Busi,16215,
,,,Trescore Balneario,16218,
,,,Treviolo,16220,
,,,Ubiale Clanezzo,16221,
,,,Val Brembilla,16253,
,,,Valbondione,16223,
,,,Valbrembo,16224,
,,,Valgoglio,16225,
,,,Valleve,16226,
,,,Valnegra,16227,
,,,Valtorta,16229,
,,,Vedeseta,16230,
,,,Vertova,16234,
,,,Viadanica,16235,
,,,Vigano San Martino,16236,
,,,Vigolo,16237,
,,,Villa d'Adda,16238,
,,,Villa d'Almè,16239,
,,,Villa di Serio,16240,
,,,Villa d'Ogna,16241,
,,,Villongo,16242,
,,,Vilminore di Scalve,16243,
,,,Zandobbio,16244,
,,,Zogno,16246,
,,Lombardia - U08,Brescia,,
,,,Adro,17002,
,,,Agnosine,17003,
,,,Anfo,17005,
,,,Angolo Terme,17006,
,,,Artogne,17007,
,,,Azzano Mella,17008,
,,,Bagolino,17010,
,,,Barghe,17012,
,,,Berlingo,17015,
,,,Berzo Demo,17016,
,,,Berzo Inferiore,17017,
,,,Bienno,17018,
,,,Bione,17019,
,,,Borgosatollo,17021,
,,,Borno,17022,
,,,Botticino,17023,
,,,Bovegno,17024,
,,,Bovezzo,17025,
,,,Brandico,17026,
,,,Braone,17027,
,,,Breno,17028,
,,,Brescia,17029,
,,,Brione,17030,
,,,Caino,17031,
,,,Capo di Ponte,17035,
,,,Capovalle,17036,
,,,Capriano del Colle,17037,
,,,Capriolo,17038,
,,,Castegnato,17040,
,,,Castel Mella,17042,
,,,Castenedolo,17043,
,,,Casto,17044,
,,,Cazzago San Martino,17046,
,,,Cedegolo,17047,
,,,Cellatica,17048,
,,,Cerveno,17049,
,,,Ceto,17050,
,,,Cevo,17051,
,,,Cimbergo,17054,
,,,Cividate Camuno,17055,
,,,Collebeato,17057,
,,,Collio,17058,
,,,Concesio,17061,
,,,Corte Franca,17062,
,,,Corteno Golgi,17063,
,,,Darfo Boario Terme,17065,
,,,Dello,17066,
,,,Edolo,17068,
,,,Erbusco,17069,
,,,Esine,17070,
,,,Flero,17072,
,,,Gardone Riviera,17074,
,,,Gardone Val Trompia,17075,
,,,Gargnano,17076,
,,,Gavardo,17077,
,,,Gianico,17079,
,,,Gussago,17081,
,,,Idro,17082,
,,,Incudine,17083,
,,,Irma,17084,
,,,Iseo,17085,
,,,Lavenone,17087,
,,,Limone sul Garda,17089,
,,,Lodrino,17090,
,,,Lograto,17091,
,,,Longhena,17093,
,,,Losine,17094,
,,,Lozio,17095,
,,,Lumezzane,17096,
,,,Maclodio,17097,
,,,Magasa,17098,
,,,Mairano,17099,
,,,Malegno,17100,
,,,Malonno,17101,
,,,Manerba del Garda,17102,
,,,Marcheno,17104,
,,,Marmentino,17105,
,,,Marone,17106,
,,,Mazzano,17107,
,,,Moniga del Garda,17109,
,,,Monno,17110,
,,,Monte Isola,17111,
,,,Monticelli Brusati,17112,
,,,Montirone,17114,
,,,Mura,17115,
,,,Muscoline,17116,
,,,Nave,17117,
,,,Niardo,17118,
,,,Nuvolento,17119,
,,,Nuvolera,17120,
,,,Odolo,17121,
,,,Ome,17123,
,,,Ono San Pietro,17124,
,,,Ospitaletto,17127,
,,,Ossimo,17128,
,,,Paderno Franciacorta,17130,
,,,Paisco Loveno,17131,
,,,Paitone,17132,
,,,Paratico,17134,
,,,Paspardo,17135,
,,,Passirano,17136,
,,,Pertica Alta,17139,
,,,Pertica Bassa,17140,
,,,Pezzaze,17141,
,,,Pian Camuno,17142,
,,,Piancogno,17206,
,,,Pisogne,17143,
,,,Polaveno,17144,
,,,Polpenazze del Garda,17145,
,,,Poncarale,17147,
,,,Ponte di Legno,17148,
,,,Preseglie,17153,
,,,Prevalle,17155,
,,,Provaglio d'Iseo,17156,
,,,Provaglio Val Sabbia,17157,
,,,Puegnago del Garda,17158,
,,,Rezzato,17161,
,,,Rodengo Saiano,17163,
,,,Roè Volciano,17164,
,,,Roncadelle,17165,
,,,Sabbio Chiese,17168,
,,,Sale Marasino,17169,
,,,Salò,17170,
,,,San Felice del Benaco,17171,
,,,San Zeno Naviglio,17173,
,,,Sarezzo,17174,
,,,Saviore dell'Adamello,17175,
,,,Sellero,17176,
,,,Serle,17178,
,,,Soiano del Lago,17180,
,,,Sonico,17181,
,,,Sulzano,17182,
,,,Tavernole sul Mella,17183,
,,,Temù,17184,
,,,Tignale,17185,
,,,Torbole Casaglia,17186,
,,,Toscolano-Maderno,17187,
,,,Travagliato,17188,
,,,Tremosine sul Garda,17189,
,,,Treviso Bresciano,17191,
,,,Vallio Terme,17193,
,,,Valvestino,17194,
,,,Vestone,17197,
,,,Vezza d'Oglio,17198,
,,,Villa Carcina,17199,
,,,Villanuova sul Clisi,17201,
,,,Vione,17202,
,,,Vobarno,17204,
,,,Zone,17205,
,,Lombardia - U09,Treviglio,,
,,,Acquafredda,17001,
,,,Albano Sant'Alessandro,16003,
,,,Alfianello,17004,
,,,Antegnate,16010,
,,,Arcene,16011,
,,,Arzago d'Adda,16013,
,,,Bagnatica,16018,
,,,Bagnolo Mella,17009,
,,,Barbariga,17011,
,,,Barbata,16019,
,,,Bariano,16020,
,,,Bassano Bresciano,17013,
,,,Bedizzole,17014,
,,,Bolgare,16028,
,,,Boltiere,16029,
,,,Borgo San Giacomo,17020,
,,,Brignano Gera d'Adda,16040,
,,,Brusaporto,16042,
,,,Calcinate,16043,
,,,Calcinato,17032,
,,,Calcio,16044,
,,,Calvagese della Riviera,17033,
,,,Calvenzano,16047,
,,,Calvisano,17034,
,,,Canonica d'Adda,16049,
,,,Caravaggio,16053,
,,,Carpenedolo,17039,
,,,Casirate d'Adda,16059,
,,,Castel Rozzone,16063,
,,,Castelcovati,17041,
,,,Castelli Calepio,16062,
,,,Castrezzato,17045,
,,,Cavernago,16066,
,,,Chiari,17052,
,,,Chiuduno,16073,
,,,Cigole,17053,
,,,Ciserano,16075,
,,,Cividate al Piano,16076,
,,,Coccaglio,17056,
,,,Cologne,17059,
,,,Cologno al Serio,16079,
,,,Comezzano-Cizzago,17060,
,,,Comun Nuovo,16081,
,,,Cortenuova,16083,
,,,Corzano,17064,
,,,Costa di Mezzate,16084,
,,,Covo,16087,
,,,Dalmine,16091,
,,,Desenzano del Garda,17067,
,,,Fara Gera d'Adda,16096,
,,,Fara Olivana con Sola,16097,
,,,Fiesse,17071,
,,,Fontanella,16101,
,,,Fornovo San Giovanni,16105,
,,,Gambara,17073,
,,,Ghedi,17078,
,,,Ghisalba,16113,
,,,Gottolengo,17080,
,,,Grumello del Monte,16120,
,,,Isorella,17086,
,,,Isso,16122,
,,,Leno,17088,
,,,Levate,16126,
,,,Lonato del Garda,17092,
,,,Lurano,16129,
,,,Manerbio,17103,
,,,Martinengo,16133,
,,,Milzano,17108,
,,,Misano di Gera d'Adda,16135,
,,,Montello,16139,
,,,Montichiari,17113,
,,,Morengo,16140,
,,,Mornico al Serio,16141,
,,,Mozzanica,16142,
,,,Offlaga,17122,
,,,Orzinuovi,17125,
,,,Orzivecchi,17126,
,,,Osio Sopra,16152,
,,,Osio Sotto,16153,
,,,Padenghe sul Garda,17129,
,,,Pagazzano,16154,
,,,Palazzolo sull'Oglio,17133,
,,,Palosco,16157,
,,,Pavone del Mella,17137,
,,,Pognano,16167,
,,,Pompiano,17146,
,,,Pontevico,17149,
,,,Pontirolo Nuovo,16172,
,,,Pontoglio,17150,
,,,Pozzolengo,17151,
,,,Pralboino,17152,
,,,Pumenengo,16177,
,,,Quinzano d'Oglio,17159,
,,,Remedello,17160,
,,,Roccafranca,17162,
,,,Romano di Lombardia,16183,
,,,Rovato,17166,
,,,Rudiano,17167,
,,,San Gervasio Bresciano,17172,
,,,San Paolo,17138,
,,,Seniga,17177,
,,,Sirmione,17179,
,,,Spirano,16206,
,,,Telgate,16212,
,,,Torre de' Roveri,16216,
,,,Torre Pallavicina,16217,
,,,Trenzano,17190,
,,,Treviglio,16219,
,,,Urago d'Oglio,17192,
,,,Urgnano,16222,
,,,Verdellino,16232,
,,,Verdello,16233,
,,,Verolanuova,17195,
,,,Verolavecchia,17196,
,,,Villachiara,17200,
,,,Visano,17203,
,,,Zanica,16245,
,,Lombardia - U10,Pavia,,
,,,Abbadia Cerreto,98001,
,,,Alagna,18001,
,,,Albaredo Arnaboldi,18002,
,,,Albonese,18003,
,,,Albuzzano,18004,
,,,Arena Po,18005,
,,,Badia Pavese,18006,
,,,Bagnaria,18007,
,,,Barbianello,18008,
,,,Bascapè,18009,
,,,Bastida Pancarana,18011,
,,,Battuda,18012,
,,,Belgioioso,18013,
,,,Bereguardo,18014,
,,,Bertonico,98002,
,,,Boffalora d'Adda,98003,
,,,Borgarello,18015,
,,,Borghetto Lodigiano,98004,
,,,Borgo Priolo,18016,
,,,Borgo San Giovanni,98005,
,,,Borgo San Siro,18018,
,,,Borgoratto Mormorolo,18017,
,,,Bornasco,18019,
,,,Bosnasco,18020,
,,,Brallo di Pregola,18021,
,,,Brembio,98006,
,,,Breme,18022,
,,,Bressana Bottarone,18023,
,,,Broni,18024,
,,,Calvignano,18025,
,,,Campospinoso,18026,
,,,Candia Lomellina,18027,
,,,Canneto Pavese,18029,
,,,Carbonara al Ticino,18030,
,,,Casaletto Lodigiano,98008,
,,,Casalmaiocco,98009,
,,,Casalpusterlengo,98010,
,,,Casanova Lonati,18031,
,,,Casatisma,18032,
,,,Casei Gerola,18033,
,,,Caselle Landi,98011,
,,,Caselle Lurani,98012,
,,,Casorate Primo,18034,
,,,Cassolnovo,18035,
,,,Castana,18036,
,,,Casteggio,18037,
,,,Castelgerundo,98062,
,,,Castelletto di Branduzzo,18038,
,,,Castello d'Agogna,18039,
,,,Castelnovetto,18040,
,,,Castelnuovo Bocca d'Adda,98013,
,,,Castiglione d'Adda,98014,
,,,Castiraga Vidardo,98015,
,,,Cava Manara,18041,
,,,Cavenago d'Adda,98017,
,,,Cecima,18042,
,,,Ceranova,18043,
,,,Ceretto Lomellina,18044,
,,,Cergnago,18045,
,,,Certosa di Pavia,18046,
,,,Cervesina,18047,
,,,Cervignano d'Adda,98018,
,,,Chignolo Po,18048,
,,,Cigognola,18049,
,,,Cilavegna,18050,
,,,Codevilla,18051,
,,,Codogno,98019,
,,,Colli Verdi,18193,
,,,Comazzo,98020,
,,,Confienza,18052,
,,,Copiano,18053,
,,,Corana,18054,
,,,Cornale e Bastida,18191,
,,,Cornegliano Laudense,98021,
,,,Corno Giovine,98022,
,,,Cornovecchio,98023,
,,,Corte Palasio,98024,
,,,Corteolona e Genzone,18192,
,,,Corvino San Quirico,18057,
,,,Costa de' Nobili,18058,
,,,Cozzo,18059,
,,,Crespiatica,98025,
,,,Cura Carpignano,18060,
,,,Dorno,18061,
,,,Ferrera Erbognone,18062,
,,,Filighera,18063,
,,,Fombio,98026,
,,,Fortunago,18064,
,,,Frascarolo,18065,
,,,Galgagnano,98027,
,,,Galliavola,18066,
,,,Gambarana,18067,
,,,Gambolò,18068,
,,,Garlasco,18069,
,,,Gerenzago,18071,
,,,Giussago,18072,
,,,Godiasco Salice Terme,18073,
,,,Golferenzo,18074,
,,,Graffignana,98028,
,,,Gravellona Lomellina,18075,
,,,Gropello Cairoli,18076,
,,,Guardamiglio,98029,
,,,Inverno e Monteleone,18077,
,,,Landriano,18078,
,,,Langosco,18079,
,,,Lardirago,18080,
,,,Linarolo,18081,
,,,Lirio,18082,
,,,Livraga,98030,
,,,Lodi,98031,
,,,Lodi Vecchio,98032,
,,,Lomello,18083,
,,,Lungavilla,18084,
,,,Maccastorna,98033,
,,,Magherno,18085,
,,,Mairago,98034,
,,,Maleo,98035,
,,,Marcignago,18086,
,,,Marudo,98036,
,,,Marzano,18087,
,,,Massalengo,98037,
,,,Mede,18088,
,,,Meleti,98038,
,,,Menconico,18089,
,,,Merlino,98039,
,,,Mezzana Bigli,18090,
,,,Mezzana Rabattone,18091,
,,,Mezzanino,18092,
,,,Miradolo Terme,18093,
,,,Montalto Pavese,18094,
,,,Montanaso Lombardo,98040,
,,,Montebello della Battaglia,18095,
,,,Montecalvo Versiggia,18096,
,,,Montescano,18097,
,,,Montesegale,18098,
,,,Monticelli Pavese,18099,
,,,Montù Beccaria,18100,
,,,Mornico Losana,18101,
,,,Mortara,18102,
,,,Mulazzano,98041,
,,,Nicorvo,18103,
,,,Olevano di Lomellina,18104,
,,,Oliva Gessi,18105,
,,,Orio Litta,98042,
,,,Ospedaletto Lodigiano,98043,
,,,Ossago Lodigiano,98044,
,,,Ottobiano,18106,
,,,Palestro,18107,
,,,Pancarana,18108,
,,,Parona,18109,
,,,Pavia,18110,
,,,Pietra de' Giorgi,18111,
,,,Pieve Albignola,18112,
,,,Pieve del Cairo,18113,
,,,Pieve Fissiraga,98045,
,,,Pieve Porto Morone,18114,
,,,Pinarolo Po,18115,
,,,Pizzale,18116,
,,,Ponte Nizza,18117,
,,,Portalbera,18118,
,,,Rea,18119,
,,,Redavalle,18120,
,,,Retorbido,18121,
,,,Rivanazzano Terme,18122,
,,,Robbio,18123,
,,,Robecco Pavese,18124,
,,,Rocca de' Giorgi,18125,
,,,Rocca Susella,18126,
,,,Rognano,18127,
,,,Romagnese,18128,
,,,Roncaro,18129,
,,,Rosasco,18130,
,,,Rovescala,18131,
,,,Salerano sul Lambro,98046,
,,,San Cipriano Po,18133,
,,,San Colombano al Lambro,15191,
,,,San Damiano al Colle,18134,
,,,San Fiorano,98047,
,,,San Genesio ed Uniti,18135,
,,,San Giorgio di Lomellina,18136,
,,,San Martino in Strada,98048,
,,,San Martino Siccomario,18137,
,,,San Rocco al Porto,98049,
,,,San Zenone al Po,18145,
,,,Sannazzaro de' Burgondi,18138,
,,,Santa Cristina e Bissone,18139,
,,,Santa Giuletta,18140,
,,,Santa Margherita di Staffora,18142,
,,,Santa Maria della Versa,18143,
,,,Sant'Alessio con Vialone,18141,
,,,Sant'Angelo Lodigiano,98050,
,,,Sant'Angelo Lomellina,18144,
,,,Santo Stefano Lodigiano,98051,
,,,Sartirana Lomellina,18146,
,,,Scaldasole,18147,
,,,Secugnago,98052,
,,,Semiana,18148,
,,,Senna Lodigiana,98053,
,,,Silvano Pietra,18149,
,,,Siziano,18150,
,,,Somaglia,98054,
,,,Sommo,18151,
,,,Sordio,98055,
,,,Spessa,18152,
,,,Stradella,18153,
,,,Suardi,18154,
,,,Tavazzano con Villavesco,98056,
,,,Terranova dei Passerini,98057,
,,,Torrazza Coste,18155,
,,,Torre Beretti e Castellaro,18156,
,,,Torre d'Arese,18157,
,,,Torre de' Negri,18158,
,,,Torre d'Isola,18159,
,,,Torrevecchia Pia,18160,
,,,Torricella Verzate,18161,
,,,Travacò Siccomario,18162,
,,,Trivolzio,18163,
,,,Tromello,18164,
,,,Trovo,18165,
,,,Turano Lodigiano,98058,
,,,Val di Nizza,18166,
,,,Valeggio,18167,
,,,Valera Fratta,98059,
,,,Valle Lomellina,18168,
,,,Valle Salimbene,18169,
,,,Varzi,18171,
,,,Velezzo Lomellina,18172,
,,,Vellezzo Bellini,18173,
,,,Verretto,18174,
,,,Verrua Po,18175,
,,,Vidigulfo,18176,
,,,Vigevano,18177,
,,,Villa Biscossi,18178,
,,,Villanova d'Ardenghi,18179,
,,,Villanova del Sillaro,98060,
,,,Villanterio,18180,
,,,Vistarino,18181,
,,,Voghera,18182,
,,,Volpara,18183,
,,,Zavattarello,18184,
,,,Zeccone,18185,
,,,Zelo Buon Persico,98061,
,,,Zeme,18186,
,,,Zenevredo,18187,
,,,Zerbo,18188,
,,,Zerbolò,18189,
,,,Zinasco,18190,
,,Lombardia - U11,Cremona,,
,,,Acquanegra Cremonese,19001,
,,,Acquanegra sul Chiese,20001,
,,,Agnadello,19002,
,,,Annicco,19003,
,,,Asola,20002,
,,,Azzanello,19004,
,,,Bagnolo Cremasco,19005,
,,,Bagnolo San Vito,20003,
,,,Bonemerse,19006,
,,,Bordolano,19007,
,,,Borgo Mantovano,20072,
,,,Borgo Virgilio,20071,
,,,Borgocarbonara,20073,
,,,Bozzolo,20007,
,,,Calvatone,19009,
,,,Camisano,19010,
,,,Campagnola Cremasca,19011,
,,,Canneto sull'Oglio,20008,
,,,Capergnanica,19012,
,,,Cappella Cantone,19013,
,,,Cappella de' Picenardi,19014,
,,,Capralba,19015,
,,,Casalbuttano ed Uniti,19016,
,,,Casale Cremasco-Vidolasco,19017,
,,,Casaletto Ceredano,19018,
,,,Casaletto di Sopra,19019,
,,,Casaletto Vaprio,19020,
,,,Casalmaggiore,19021,
,,,Casalmorano,19022,
,,,Casalmoro,20010,
,,,Casaloldo,20011,
,,,Casalromano,20012,
,,,Castel d'Ario,20014,
,,,Castel Gabbiano,19024,
,,,Castel Goffredo,20015,
,,,Castelbelforte,20013,
,,,Casteldidone,19023,
,,,Castelleone,19025,
,,,Castellucchio,20016,
,,,Castelverde,19026,
,,,Castelvisconti,19027,
,,,Castiglione delle Stiviere,20017,
,,,Cavriana,20018,
,,,Cella Dati,19028,
,,,Ceresara,20019,
,,,Chieve,19029,
,,,Cicognolo,19030,
,,,Cingia de' Botti,19031,
,,,Commessaggio,20020,
,,,Corte de' Cortesi con Cignone,19032,
,,,Corte de' Frati,19033,
,,,Credera Rubbiano,19034,
,,,Crema,19035,
,,,Cremona,19036,
,,,Cremosano,19037,
,,,Crotta d'Adda,19038,
,,,Cumignano sul Naviglio,19039,
,,,Curtatone,20021,
,,,Derovere,19040,
,,,Dosolo,20022,
,,,Dovera,19041,
,,,Fiesco,19043,
,,,Formigara,19044,
,,,Gabbioneta-Binanuova,19045,
,,,Gadesco-Pieve Delmona,19046,
,,,Gazoldo degli Ippoliti,20024,
,,,Gazzuolo,20025,
,,,Genivolta,19047,
,,,Gerre de' Caprioli,19048,
,,,Goito,20026,
,,,Gombito,19049,
,,,Gonzaga,20027,
,,,Grontardo,19050,
,,,Grumello Cremonese ed Uniti,19051,
,,,Guidizzolo,20028,
,,,Gussola,19052,
,,,Isola Dovarese,19053,
,,,Izano,19054,
,,,Madignano,19055,
,,,Magnacavallo,20029,
,,,Malagnino,19056,
,,,Mantova,20030,
,,,Marcaria,20031,
,,,Mariana Mantovana,20032,
,,,Marmirolo,20033,
,,,Martignana di Po,19057,
,,,Medole,20034,
,,,Moglia,20035,
,,,Monte Cremasco,19058,
,,,Montodine,19059,
,,,Monzambano,20036,
,,,Moscazzano,19060,
,,,Motta Baluffi,19061,
,,,Motteggiana,20037,
,,,Offanengo,19062,
,,,Olmeneta,19063,
,,,Ostiano,19064,
,,,Ostiglia,20038,
,,,Paderno Ponchielli,19065,
,,,Palazzo Pignano,19066,
,,,Pandino,19067,
,,,Pegognaga,20039,
,,,Persico Dosimo,19068,
,,,Pescarolo ed Uniti,19069,
,,,Pessina Cremonese,19070,
,,,Piadena Drizzona,19116,
,,,Pianengo,19072,
,,,Pieranica,19073,
,,,Pieve d'Olmi,19074,
,,,Pieve San Giacomo,19075,
,,,Piubega,20041,
,,,Pizzighettone,19076,
,,,Poggio Rusco,20042,
,,,Pomponesco,20043,
,,,Ponti sul Mincio,20044,
,,,Porto Mantovano,20045,
,,,Pozzaglio ed Uniti,19077,
,,,Quingentole,20046,
,,,Quintano,19078,
,,,Quistello,20047,
,,,Redondesco,20048,
,,,Ricengo,19079,
,,,Ripalta Arpina,19080,
,,,Ripalta Cremasca,19081,
,,,Ripalta Guerina,19082,
,,,Rivarolo del Re ed Uniti,19083,
,,,Rivarolo Mantovano,20050,
,,,Rivolta d'Adda,19084,
,,,Robecco d'Oglio,19085,
,,,Rodigo,20051,
,,,Romanengo,19086,
,,,Roncoferraro,20052,
,,,Roverbella,20053,
,,,Sabbioneta,20054,
,,,Salvirola,19087,
,,,San Bassano,19088,
,,,San Benedetto Po,20055,
,,,San Daniele Po,19089,
,,,San Giacomo delle Segnate,20056,
,,,San Giorgio Bigarello,20057,
,,,San Giovanni del Dosso,20058,
,,,San Giovanni in Croce,19090,
,,,San Martino dall'Argine,20059,
,,,San Martino del Lago,19091,
,,,Scandolara Ravara,19092,
,,,Scandolara Ripa d'Oglio,19093,
,,,Schivenoglia,20060,
,,,Sergnano,19094,
,,,Sermide e Felonica,20061,
,,,Serravalle a Po,20062,
,,,Sesto ed Uniti,19095,
,,,Solarolo Rainerio,19096,
,,,Solferino,20063,
,,,Soncino,19097,
,,,Soresina,19098,
,,,Sospiro,19099,
,,,Spinadesco,19100,
,,,Spineda,19101,
,,,Spino d'Adda,19102,
,,,Stagno Lombardo,19103,
,,,Sustinente,20064,
,,,Suzzara,20065,
,,,Ticengo,19104,
,,,Torlino Vimercati,19105,
,,,Tornata,19106,
,,,Torre de' Picenardi,19107,
,,,Torricella del Pizzo,19108,
,,,Trescore Cremasco,19109,
,,,Trigolo,19110,
,,,Vaiano Cremasco,19111,
,,,Vailate,19112,
,,,Vescovato,19113,
,,,Viadana,20066,
,,,Villimpenta,20068,
,,,Volongo,19114,
,,,Volta Mantovana,20070,
,,,Voltido,19115,
Regione: Trentino-Alto Adige/Südtirol,,,,,
Circoscrizione: Trentino-Alto Adige/Südtirol,,,,,
Codice della circoscrizione elettorale,Denominazione della circoscrizione elettorale,Denominazione del collegio uninominale,"Denominazione del comune o dell'area sub-comunale con la maggiore ampiezza demografica
 inclusi nel collegio","Denominazione del comune
o  dell'area sub-comunale 
 inclusi nel collegio",Codice Istat del comune o dell'area sub-comunale inclusi nel collegio
4,Trentino-Alto Adige,Trentino-Alto Adige/Südtirol - U01,Trento,,
,,,Albiano,22002,
,,,Aldeno,22003,
,,,Altavalle,22235,
,,,Amblar-Don,22237,
,,,Andalo,22005,
,,,Borgo d'Anaunia,22252,
,,,Bresimo,22026,
,,,Caldes,22033,
,,,Campodenno,22037,
,,,Cavareno,22051,
,,,Cavedago,22052,
,,,Cavedine,22053,
,,,Cavizzana,22054,
,,,Cembra Lisignago,22241,
,,,Cimone,22058,
,,,Cis,22060,
,,,Cles,22062,
,,,Commezzadura,22064,
,,,Contà,22242,
,,,Croviana,22068,
,,,Dambel,22071,
,,,Denno,22074,
,,,Dimaro Folgarida,22233,
,,,Fai della Paganella,22081,
,,,Garniga Terme,22091,
,,,Giovo,22092,
,,,Lavis,22103,
,,,Livo,22106,
,,,Lona-Lases,22108,
,,,Madruzzo,22243,
,,,Malé,22110,
,,,Mezzana,22114,
,,,Mezzocorona,22116,
,,,Mezzolombardo,22117,
,,,Molveno,22120,
,,,Novella,22253,
,,,Ossana,22131,
,,,Peio,22136,
,,,Pellizzano,22137,
,,,Predaia,22230,
,,,Rabbi,22150,
,,,Romeno,22155,
,,,Ronzone,22159,
,,,Roverè della Luna,22160,
,,,Ruffrè-Mendola,22162,
,,,Rumo,22163,
,,,San Michele all'Adige,22167,
,,,Sanzeno,22169,
,,,Sarnonico,22170,
,,,Segonzano,22172,
,,,Sfruz,22173,
,,,Sover,22177,
,,,Spormaggiore,22180,
,,,Sporminore,22181,
,,,Terre d'Adige,22251,
,,,Terzolas,22195,
,,,Ton,22200,
,,,Trento,22205,
,,,Vallelaghi,22248,
,,,Vermiglio,22213,
,,,Ville d'Anaunia,22249,
,,Trentino-Alto Adige/Südtirol - U02,Rovereto,,
,,,Ala,22001,
,,,Arco,22006,
,,,Avio,22007,
,,,Besenello,22013,
,,,Bleggio Superiore,22017,
,,,Bocenago,22018,
,,,Bondone,22021,
,,,Borgo Chiese,22238,
,,,Borgo Lares,22239,
,,,Brentonico,22025,
,,,Caderzone Terme,22029,
,,,Calliano,22035,
,,,Carisolo,22042,
,,,Castel Condino,22045,
,,,Comano Terme,22228,
,,,Drena,22078,
,,,Dro,22079,
,,,Fiavè,22083,
,,,Folgaria,22087,
,,,Giustino,22093,
,,,Isera,22098,
,,,Ledro,22229,
,,,Massimeno,22112,
,,,Mori,22123,
,,,Nago-Torbole,22124,
,,,Nogaredo,22127,
,,,Nomi,22128,
,,,Pelugo,22138,
,,,Pieve di Bono-Prezzo,22234,
,,,Pinzolo,22143,
,,,Pomarolo,22144,
,,,Porte di Rendena,22244,
,,,Riva del Garda,22153,
,,,Ronzo-Chienis,22135,
,,,Rovereto,22161,
,,,San Lorenzo Dorsino,22231,
,,,Sella Giudicarie,22246,
,,,Spiazzo,22179,
,,,Stenico,22182,
,,,Storo,22183,
,,,Strembo,22184,
,,,Tenno,22191,
,,,Terragnolo,22193,
,,,Tione di Trento,22199,
,,,Trambileno,22203,
,,,Tre Ville,22247,
,,,Valdaone,22232,
,,,Vallarsa,22210,
,,,Villa Lagarina,22222,
,,,Volano,22224,
,,Trentino-Alto Adige/Südtirol - U03,Pergine Valsugana,,
,,,Altopiano della Vigolana,22236,
,,,Baselga di Pinè,22009,
,,,Bedollo,22011,
,,,Bieno,22015,
,,,Borgo Valsugana,22022,
,,,Calceranica al Lago,22032,
,,,Caldonazzo,22034,
,,,Campitello di Fassa,22036,
,,,Canal San Bovo,22038,
,,,Canazei,22039,
,,,Capriana,22040,
,,,Carzano,22043,
,,,Castel Ivano,22240,
,,,Castello Tesino,22048,
,,,Castello-Molina di Fiemme,22047,
,,,Castelnuovo,22049,
,,,Cavalese,22050,
,,,Cinte Tesino,22059,
,,,Civezzano,22061,
,,,Fierozzo,22085,
,,,Fornace,22089,
,,,Frassilongo,22090,
,,,Grigno,22095,
,,,Imer,22097,
,,,Lavarone,22102,
,,,Levico Terme,22104,
,,,Luserna,22109,
,,,Mazzin,22113,
,,,Mezzano,22115,
,,,Moena,22118,
,,,Novaledo,22129,
,,,Ospedaletto,22130,
,,,Palù del Fersina,22133,
,,,Panchià,22134,
,,,Pergine Valsugana,22139,
,,,Pieve Tesino,22142,
,,,Predazzo,22147,
,,,Primiero San Martino di Castrozza,22245,
,,,Roncegno Terme,22156,
,,,Ronchi Valsugana,22157,
,,,Sagron Mis,22164,
,,,Samone,22165,
,,,San Giovanni di Fassa-Sèn Jan,22250,
,,,Sant'Orsola Terme,22168,
,,,Scurelle,22171,
,,,Soraga di Fassa,22176,
,,,Telve,22188,
,,,Telve di Sopra,22189,
,,,Tenna,22190,
,,,Tesero,22196,
,,,Torcegno,22202,
,,,Valfloriana,22209,
,,,Vignola-Falesina,22216,
,,,Ville di Fiemme,22254,
,,,Ziano di Fiemme,22226,
,,Trentino-Alto Adige/Südtirol - U04,Bolzano/Bozen,,
,,,Aldino/Aldein,21001,
,,,Anterivo/Altrei,21003,
,,,Appiano sulla strada del vino/Eppan an der Weinstraße,21004,
,,,Bolzano/Bozen,21008,
,,,Bronzolo/Branzoll,21012,
,,,Caldaro sulla strada del vino/Kaltern an der Weinstraße,21015,
,,,Cornedo all'Isarco/Karneid,21023,
,,,Cortaccia sulla strada del vino/Kurtatsch an der Weinstraße,21024,
,,,Cortina sulla strada del vino/Kurtinig an der Weinstraße,21025,
,,,Egna/Neumarkt,21029,
,,,Laives/Leifers,21040,
,,,Magrè sulla strada del vino/Margreid an der Weinstraße,21045,
,,,Montagna/Montan,21053,
,,,Ora/Auer,21060,
,,,Salorno sulla strada del vino/Salurn an der Weinstraße,21076,
,,,Termeno sulla strada del vino/Tramin an der Weinstraße,21098,
,,,Trodena nel parco naturale/Truden im Naturpark,21102,
,,,Vadena/Pfatten,21105,
,,Trentino-Alto Adige/Südtirol - U05,Merano/Meran,,
,,,Andriano/Andrian,21002,
,,,Avelengo/Hafling,21005,
,,,Caines/Kuens,21014,
,,,Castelbello-Ciardes/Kastelbell-Tschars,21018,
,,,Cermes/Tscherms,21020,
,,,Curon Venosta/Graun im Vinschgau,21027,
,,,Gargazzone/Gargazon,21035,
,,,Glorenza/Glurns,21036,
,,,Laces/Latsch,21037,
,,,Lagundo/Algund,21038,
,,,Lana/Lana,21041,
,,,Lasa/Laas,21042,
,,,Lauregno/Laurein,21043,
,,,Malles Venosta/Mals,21046,
,,,Marlengo/Marling,21048,
,,,Martello/Martell,21049,
,,,Meltina/Mölten,21050,
,,,Merano/Meran,21051,
,,,Moso in Passiria/Moos in Passeier,21054,
,,,Nalles/Nals,21055,
,,,Naturno/Naturns,21056,
,,,Parcines/Partschins,21062,
,,,Plaus/Plaus,21064,
,,,Postal/Burgstall,21066,
,,,Prato allo Stelvio/Prad am Stilfserjoch,21067,
,,,Proves/Proveis,21069,
,,,Rifiano/Riffian,21073,
,,,San Genesio Atesino/Jenesien,21079,
,,,San Leonardo in Passiria/St. Leonhard in Passeier,21080,
,,,San Martino in Passiria/St. Martin in Passeier,21083,
,,,San Pancrazio/St. Pankraz,21084,
,,,Sarentino/Sarntal,21086,
,,,Scena/Schenna,21087,
,,,Senales/Schnals,21091,
,,,Senale-San Felice/Unsere Liebe Frau im Walde-St. Felix,21118,
,,,Silandro/Schlanders,21093,
,,,Sluderno/Schluderns,21094,
,,,Stelvio/Stilfs,21095,
,,,Terlano/Terlan,21097,
,,,Tesimo/Tisens,21099,
,,,Tirolo/Tirol,21101,
,,,Tubre/Taufers im Münstertal,21103,
,,,Ultimo/Ulten,21104,
,,,Verano/Vöran,21112,
,,Trentino-Alto Adige/Südtirol - U06,Bressanone/Brixen,,
,,,Badia/Abtei,21006,
,,,Barbiano/Barbian,21007,
,,,Braies/Prags,21009,
,,,Brennero/Brenner,21010,
,,,Bressanone/Brixen,21011,
,,,Brunico/Bruneck,21013,
,,,Campo di Trens/Freienfeld,21016,
,,,Campo Tures/Sand in Taufers,21017,
,,,Castelrotto/Kastelruth,21019,
,,,Chienes/Kiens,21021,
,,,Chiusa/Klausen,21022,
,,,Corvara in Badia/Corvara,21026,
,,,Dobbiaco/Toblach,21028,
,,,Falzes/Pfalzen,21030,
,,,Fiè allo Sciliar/Völs am Schlern,21031,
,,,Fortezza/Franzensfeste,21032,
,,,Funes/Villnöß,21033,
,,,Gais/Gais,21034,
,,,La Valle/Wengen,21117,
,,,Laion/Lajen,21039,
,,,Luson/Lüsen,21044,
,,,Marebbe/Enneberg,21047,
,,,Monguelfo-Tesido/Welsberg-Taisten,21052,
,,,Naz-Sciaves/Natz-Schabs,21057,
,,,Nova Levante/Welschnofen,21058,
,,,Nova Ponente/Deutschnofen,21059,
,,,Ortisei/St. Ulrich,21061,
,,,Perca/Percha,21063,
,,,Ponte Gardena/Waidbruck,21065,
,,,Predoi/Prettau,21068,
,,,Racines/Ratschings,21070,
,,,Rasun-Anterselva/Rasen-Antholz,21071,
,,,Renon/Ritten,21072,
,,,Rio di Pusteria/Mühlbach,21074,
,,,Rodengo/Rodeneck,21075,
,,,San Candido/Innichen,21077,
,,,San Lorenzo di Sebato/St. Lorenzen,21081,
,,,San Martino in Badia/St. Martin in Thurn,21082,
,,,Santa Cristina Valgardena/St. Christina in Gröden,21085,
,,,Selva dei Molini/Mühlwald,21088,
,,,Selva di Val Gardena/Wolkenstein in Gröden,21089,
,,,Sesto/Sexten,21092,
,,,Terento/Terenten,21096,
,,,Tires/Tiers,21100,
,,,Val di Vizze/Pfitsch,21107,
,,,Valdaora/Olang,21106,
,,,Valle Aurina/Ahrntal,21108,
,,,Valle di Casies/Gsies,21109,
,,,Vandoies/Vintl,21110,
,,,Varna/Vahrn,21111,
,,,Velturno/Feldthurns,21116,
,,,Villabassa/Niederdorf,21113,
,,,Villandro/Villanders,21114,
,,,Vipiteno/Sterzing,21115,
Regione: Veneto,,,,,
Circoscrizione: Veneto,,,,,
Codice della circoscrizione elettorale,Denominazione della circoscrizione elettorale,Denominazione del collegio uninominale,"Denominazione del comune o dell'area sub-comunale con la maggiore ampiezza demografica
 inclusi nel collegio","Denominazione del comune
o  dell'area sub-comunale 
 inclusi nel collegio",Codice Istat del comune o dell'area sub-comunale inclusi nel collegio
5,Veneto,Veneto - U01,Venezia,,
,,,Adria,29001,
,,,Annone Veneto,27001,
,,,Ariano nel Polesine,29002,
,,,Arquà Polesine,29003,
,,,Badia Polesine,29004,
,,,Bagnolo di Po,29005,
,,,Bergantino,29006,
,,,Bosaro,29007,
,,,Calto,29008,
,,,Campagna Lupia,27002,
,,,Campolongo Maggiore,27003,
,,,Camponogara,27004,
,,,Canaro,29009,
,,,Canda,29010,
,,,Caorle,27005,
,,,Castelguglielmo,29011,
,,,Castelmassa,29012,
,,,Castelnovo Bariano,29013,
,,,Cavallino-Treporti,27044,
,,,Cavarzere,27006,
,,,Ceggia,27007,
,,,Ceneselli,29014,
,,,Ceregnano,29015,
,,,Chioggia,27008,
,,,Cinto Caomaggiore,27009,
,,,Cona,27010,
,,,Concordia Sagittaria,27011,
,,,Corbola,29017,
,,,Costa di Rovigo,29018,
,,,Crespino,29019,
,,,Dolo,27012,
,,,Eraclea,27013,
,,,Ficarolo,29021,
,,,Fiesso d'Artico,27014,
,,,Fiesso Umbertiano,29022,
,,,Fossalta di Piave,27015,
,,,Fossalta di Portogruaro,27016,
,,,Fossò,27017,
,,,Frassinelle Polesine,29023,
,,,Fratta Polesine,29024,
,,,Gaiba,29025,
,,,Gavello,29026,
,,,Giacciano con Baruchella,29027,
,,,Gruaro,27018,
,,,Guarda Veneta,29028,
,,,Jesolo,27019,
,,,Lendinara,29029,
,,,Loreo,29030,
,,,Lusia,29031,
,,,Marcon,27020,
,,,Martellago,27021,
,,,Melara,29032,
,,,Meolo,27022,
,,,Mira,27023,
,,,Mirano,27024,
,,,Musile di Piave,27025,
,,,Noale,27026,
,,,Noventa di Piave,27027,
,,,Occhiobello,29033,
,,,Papozze,29034,
,,,Pettorazza Grimani,29035,
,,,Pianiga,27028,
,,,Pincara,29036,
,,,Polesella,29037,
,,,Pontecchio Polesine,29038,
,,,Porto Tolle,29039,
,,,Porto Viro,29052,
,,,Portogruaro,27029,
,,,Pramaggiore,27030,
,,,Quarto d'Altino,27031,
,,,Rosolina,29040,
,,,Rovigo,29041,
,,,Salara,29042,
,,,Salzano,27032,
,,,San Bellino,29043,
,,,San Donà di Piave,27033,
,,,San Martino di Venezze,29044,
,,,San Michele al Tagliamento,27034,
,,,San Stino di Livenza,27036,
,,,Santa Maria di Sala,27035,
,,,Scorzè,27037,
,,,Spinea,27038,
,,,Stienta,29045,
,,,Stra,27039,
,,,Taglio di Po,29046,
,,,Teglio Veneto,27040,
,,,Torre di Mosto,27041,
,,,Trecenta,29047,
,,,Venezia,27042,
,,,Vigonovo,27043,
,,,Villadose,29048,
,,,Villamarzana,29049,
,,,Villanova del Ghebbo,29050,
,,,Villanova Marchesana,29051,
,,Veneto - U02,Treviso,,
,,,Agordo,25001,
,,,Alano di Piave,25002,
,,,Alleghe,25003,
,,,Alpago,25072,
,,,Altivole,26001,
,,,Arcade,26002,
,,,Arsiè,25004,
,,,Asolo,26003,
,,,Auronzo di Cadore,25005,
,,,Belluno,25006,
,,,Borca di Cadore,25007,
,,,Borgo Valbelluna,25074,
,,,Borso del Grappa,26004,
,,,Breda di Piave,26005,
,,,Caerano di San Marco,26006,
,,,Calalzo di Cadore,25008,
,,,Canale d'Agordo,25023,
,,,Cappella Maggiore,26007,
,,,Carbonera,26008,
,,,Casale sul Sile,26009,
,,,Casier,26010,
,,,Castelcucco,26011,
,,,Castelfranco Veneto,26012,
,,,Castello di Godego,26013,
,,,Cavaso del Tomba,26014,
,,,Cencenighe Agordino,25010,
,,,Cesiomaggiore,25011,
,,,Cessalto,26015,
,,,Chiarano,26016,
,,,Chies d'Alpago,25012,
,,,Cibiana di Cadore,25013,
,,,Cimadolmo,26017,
,,,Cison di Valmarino,26018,
,,,Codognè,26019,
,,,Colle Santa Lucia,25014,
,,,Colle Umberto,26020,
,,,Comelico Superiore,25015,
,,,Conegliano,26021,
,,,Cordignano,26022,
,,,Cornuda,26023,
,,,Cortina d'Ampezzo,25016,
,,,Crocetta del Montello,26025,
,,,Danta di Cadore,25017,
,,,Domegge di Cadore,25018,
,,,Falcade,25019,
,,,Farra di Soligo,26026,
,,,Feltre,25021,
,,,Follina,26027,
,,,Fontanelle,26028,
,,,Fonte,26029,
,,,Fonzaso,25022,
,,,Fregona,26030,
,,,Gaiarine,26031,
,,,Giavera del Montello,26032,
,,,Godega di Sant'Urbano,26033,
,,,Gorgo al Monticano,26034,
,,,Gosaldo,25025,
,,,Istrana,26035,
,,,La Valle Agordina,25027,
,,,Lamon,25026,
,,,Limana,25029,
,,,Livinallongo del Col di Lana,25030,
,,,Longarone,25071,
,,,Lorenzago di Cadore,25032,
,,,Loria,26036,
,,,Lozzo di Cadore,25033,
,,,Mansuè,26037,
,,,Mareno di Piave,26038,
,,,Maser,26039,
,,,Maserada sul Piave,26040,
,,,Meduna di Livenza,26041,
,,,Miane,26042,
,,,Mogliano Veneto,26043,
,,,Monastier di Treviso,26044,
,,,Monfumo,26045,
,,,Montebelluna,26046,
,,,Morgano,26047,
,,,Moriago della Battaglia,26048,
,,,Motta di Livenza,26049,
,,,Nervesa della Battaglia,26050,
,,,Oderzo,26051,
,,,Ormelle,26052,
,,,Orsago,26053,
,,,Ospitale di Cadore,25035,
,,,Paese,26055,
,,,Pedavena,25036,
,,,Pederobba,26056,
,,,Perarolo di Cadore,25037,
,,,Pieve del Grappa,26096,
,,,Pieve di Cadore,25039,
,,,Pieve di Soligo,26057,
,,,Ponte di Piave,26058,
,,,Ponte nelle Alpi,25040,
,,,Ponzano Veneto,26059,
,,,Portobuffolè,26060,
,,,Possagno,26061,
,,,Povegliano,26062,
,,,Preganziol,26063,
,,,Quero Vas,25070,
,,,Quinto di Treviso,26064,
,,,Refrontolo,26065,
,,,Resana,26066,
,,,Revine Lago,26067,
,,,Riese Pio X,26068,
,,,Rivamonte Agordino,25043,
,,,Rocca Pietore,25044,
,,,Roncade,26069,
,,,Salgareda,26070,
,,,San Biagio di Callalta,26071,
,,,San Fior,26072,
,,,San Gregorio nelle Alpi,25045,
,,,San Nicolò di Comelico,25046,
,,,San Pietro di Cadore,25047,
,,,San Pietro di Feletto,26073,
,,,San Polo di Piave,26074,
,,,San Tomaso Agordino,25049,
,,,San Vendemiano,26076,
,,,San Vito di Cadore,25051,
,,,San Zenone degli Ezzelini,26077,
,,,Santa Giustina,25048,
,,,Santa Lucia di Piave,26075,
,,,Santo Stefano di Cadore,25050,
,,,Sarmede,26078,
,,,Sedico,25053,
,,,Segusino,26079,
,,,Selva di Cadore,25054,
,,,Seren del Grappa,25055,
,,,Sernaglia della Battaglia,26080,
,,,Silea,26081,
,,,Sospirolo,25056,
,,,Soverzene,25057,
,,,Sovramonte,25058,
,,,Spresiano,26082,
,,,Susegana,26083,
,,,Taibon Agordino,25059,
,,,Tambre,25060,
,,,Tarzo,26084,
,,,Trevignano,26085,
,,,Treviso,26086,
,,,Val di Zoldo,25073,
,,,Valdobbiadene,26087,
,,,Vallada Agordina,25062,
,,,Valle di Cadore,25063,
,,,Vazzola,26088,
,,,Vedelago,26089,
,,,Vidor,26090,
,,,Vigo di Cadore,25065,
,,,Villorba,26091,
,,,Vittorio Veneto,26092,
,,,Vodo Cadore,25066,
,,,Volpago del Montello,26093,
,,,Voltago Agordino,25067,
,,,Zenson di Piave,26094,
,,,Zero Branco,26095,
,,,Zoppè di Cadore,25069,
,,Veneto - U03,Padova,,
,,,Abano Terme,28001,
,,,Agna,28002,
,,,Albignasego,28003,
,,,Anguillara Veneta,28004,
,,,Arquà Petrarca,28005,
,,,Arre,28006,
,,,Arzergrande,28007,
,,,Bagnoli di Sopra,28008,
,,,Baone,28009,
,,,Barbona,28010,
,,,Battaglia Terme,28011,
,,,Boara Pisani,28012,
,,,Borgo Veneto,28107,
,,,Borgoricco,28013,
,,,Bovolenta,28014,
,,,Brugine,28015,
,,,Cadoneghe,28016,
,,,Campo San Martino,28020,
,,,Campodarsego,28017,
,,,Campodoro,28018,
,,,Camposampiero,28019,
,,,Candiana,28021,
,,,Carceri,28022,
,,,Carmignano di Brenta,28023,
,,,Cartura,28026,
,,,Casale di Scodosia,28027,
,,,Casalserugo,28028,
,,,Castelbaldo,28029,
,,,Cervarese Santa Croce,28030,
,,,Cinto Euganeo,28031,
,,,Cittadella,28032,
,,,Codevigo,28033,
,,,Conselve,28034,
,,,Correzzola,28035,
,,,Curtarolo,28036,
,,,Due Carrare,28106,
,,,Este,28037,
,,,Fontaniva,28038,
,,,Galliera Veneta,28039,
,,,Galzignano Terme,28040,
,,,Gazzo,28041,
,,,Grantorto,28042,
,,,Granze,28043,
,,,Legnaro,28044,
,,,Limena,28045,
,,,Loreggia,28046,
,,,Lozzo Atestino,28047,
,,,Maserà di Padova,28048,
,,,Masi,28049,
,,,Massanzago,28050,
,,,Megliadino San Vitale,28052,
,,,Merlara,28053,
,,,Mestrino,28054,
,,,Monselice,28055,
,,,Montagnana,28056,
,,,Montegrotto Terme,28057,
,,,Noventa Padovana,28058,
,,,Ospedaletto Euganeo,28059,
,,,Padova,28060,
,,,Pernumia,28061,
,,,Piacenza d'Adige,28062,
,,,Piazzola sul Brenta,28063,
,,,Piombino Dese,28064,
,,,Piove di Sacco,28065,
,,,Polverara,28066,
,,,Ponso,28067,
,,,Ponte San Nicolò,28069,
,,,Pontelongo,28068,
,,,Pozzonovo,28070,
,,,Rovolon,28071,
,,,Rubano,28072,
,,,Saccolongo,28073,
,,,San Giorgio delle Pertiche,28075,
,,,San Giorgio in Bosco,28076,
,,,San Martino di Lupari,28077,
,,,San Pietro in Gu,28078,
,,,San Pietro Viminario,28079,
,,,Santa Giustina in Colle,28080,
,,,Sant'Angelo di Piove di Sacco,28082,
,,,Sant'Elena,28083,
,,,Sant'Urbano,28084,
,,,Saonara,28085,
,,,Selvazzano Dentro,28086,
,,,Solesino,28087,
,,,Stanghella,28088,
,,,Teolo,28089,
,,,Terrassa Padovana,28090,
,,,Tombolo,28091,
,,,Torreglia,28092,
,,,Trebaseleghe,28093,
,,,Tribano,28094,
,,,Urbana,28095,
,,,Veggiano,28096,
,,,Vescovana,28097,
,,,Vighizzolo d'Este,28098,
,,,Vigodarzere,28099,
,,,Vigonza,28100,
,,,Villa del Conte,28101,
,,,Villa Estense,28102,
,,,Villafranca Padovana,28103,
,,,Villanova di Camposampiero,28104,
,,,Vo',28105,
,,Veneto - U04,Vicenza,,
,,,Agugliaro,24001,
,,,Albettone,24002,
,,,Alonte,24003,
,,,Altavilla Vicentina,24004,
,,,Altissimo,24005,
,,,Arcugnano,24006,
,,,Arsiero,24007,
,,,Arzignano,24008,
,,,Asiago,24009,
,,,Asigliano Veneto,24010,
,,,Barbarano Mossano,24124,
,,,Bassano del Grappa,24012,
,,,Bolzano Vicentino,24013,
,,,Breganze,24014,
,,,Brendola,24015,
,,,Bressanvido,24016,
,,,Brogliano,24017,
,,,Caldogno,24018,
,,,Caltrano,24019,
,,,Calvene,24020,
,,,Camisano Vicentino,24021,
,,,Campiglia dei Berici,24022,
,,,Carrè,24024,
,,,Cartigliano,24025,
,,,Cassola,24026,
,,,Castegnero,24027,
,,,Castelgomberto,24028,
,,,Chiampo,24029,
,,,Chiuppano,24030,
,,,Cogollo del Cengio,24032,
,,,Colceresa,24126,
,,,Cornedo Vicentino,24034,
,,,Costabissara,24035,
,,,Creazzo,24036,
,,,Crespadoro,24037,
,,,Dueville,24038,
,,,Enego,24039,
,,,Fara Vicentino,24040,
,,,Foza,24041,
,,,Gallio,24042,
,,,Gambellara,24043,
,,,Gambugliano,24044,
,,,Grisignano di Zocco,24046,
,,,Grumolo delle Abbadesse,24047,
,,,Isola Vicentina,24048,
,,,Laghi,24049,
,,,Lastebasse,24050,
,,,Longare,24051,
,,,Lonigo,24052,
,,,Lugo di Vicenza,24053,
,,,Lusiana Conco,24127,
,,,Malo,24055,
,,,Marano Vicentino,24056,
,,,Marostica,24057,
,,,Monte di Malo,24063,
,,,Montebello Vicentino,24060,
,,,Montecchio Maggiore,24061,
,,,Montecchio Precalcino,24062,
,,,Montegalda,24064,
,,,Montegaldella,24065,
,,,Monteviale,24066,
,,,Monticello Conte Otto,24067,
,,,Montorso Vicentino,24068,
,,,Mussolente,24070,
,,,Nanto,24071,
,,,Nogarole Vicentino,24072,
,,,Nove,24073,
,,,Noventa Vicentina,24074,
,,,Orgiano,24075,
,,,Pedemonte,24076,
,,,Pianezze,24077,
,,,Piovene Rocchette,24078,
,,,Pojana Maggiore,24079,
,,,Posina,24080,
,,,Pove del Grappa,24081,
,,,Pozzoleone,24082,
,,,Quinto Vicentino,24083,
,,,Recoaro Terme,24084,
,,,Roana,24085,
,,,Romano d'Ezzelino,24086,
,,,Rosà,24087,
,,,Rossano Veneto,24088,
,,,Rotzo,24089,
,,,Salcedo,24090,
,,,San Pietro Mussolino,24094,
,,,San Vito di Leguzzano,24096,
,,,Sandrigo,24091,
,,,Santorso,24095,
,,,Sarcedo,24097,
,,,Sarego,24098,
,,,Schiavon,24099,
,,,Schio,24100,
,,,Solagna,24101,
,,,Sossano,24102,
,,,Sovizzo,24103,
,,,Tezze sul Brenta,24104,
,,,Thiene,24105,
,,,Tonezza del Cimone,24106,
,,,Torrebelvicino,24107,
,,,Torri di Quartesolo,24108,
,,,Trissino,24110,
,,,Val Liona,24123,
,,,Valbrenta,24125,
,,,Valdagno,24111,
,,,Valdastico,24112,
,,,Valli del Pasubio,24113,
,,,Velo d'Astico,24115,
,,,Vicenza,24116,
,,,Villaga,24117,
,,,Villaverla,24118,
,,,Zanè,24119,
,,,Zermeghedo,24120,
,,,Zovencedo,24121,
,,,Zugliano,24122,
,,Veneto - U05,Verona,,
,,,Affi,23001,
,,,Albaredo d'Adige,23002,
,,,Angiari,23003,
,,,Arcole,23004,
,,,Badia Calavena,23005,
,,,Bardolino,23006,
,,,Belfiore,23007,
,,,Bevilacqua,23008,
,,,Bonavigo,23009,
,,,Boschi Sant'Anna,23010,
,,,Bosco Chiesanuova,23011,
,,,Bovolone,23012,
,,,Brentino Belluno,23013,
,,,Brenzone sul Garda,23014,
,,,Bussolengo,23015,
,,,Buttapietra,23016,
,,,Caldiero,23017,
,,,Caprino Veronese,23018,
,,,Casaleone,23019,
,,,Castagnaro,23020,
,,,Castel d'Azzano,23021,
,,,Castelnuovo del Garda,23022,
,,,Cavaion Veronese,23023,
,,,Cazzano di Tramigna,23024,
,,,Cerea,23025,
,,,Cerro Veronese,23026,
,,,Cologna Veneta,23027,
,,,Colognola ai Colli,23028,
,,,Concamarise,23029,
,,,Costermano sul Garda,23030,
,,,Dolcè,23031,
,,,Erbè,23032,
,,,Erbezzo,23033,
,,,Ferrara di Monte Baldo,23034,
,,,Fumane,23035,
,,,Garda,23036,
,,,Gazzo Veronese,23037,
,,,Grezzana,23038,
,,,Illasi,23039,
,,,Isola della Scala,23040,
,,,Isola Rizza,23041,
,,,Lavagno,23042,
,,,Lazise,23043,
,,,Legnago,23044,
,,,Malcesine,23045,
,,,Marano di Valpolicella,23046,
,,,Mezzane di Sotto,23047,
,,,Minerbe,23048,
,,,Montecchia di Crosara,23049,
,,,Monteforte d'Alpone,23050,
,,,Mozzecane,23051,
,,,Negrar di Valpolicella,23052,
,,,Nogara,23053,
,,,Nogarole Rocca,23054,
,,,Oppeano,23055,
,,,Palù,23056,
,,,Pastrengo,23057,
,,,Pescantina,23058,
,,,Peschiera del Garda,23059,
,,,Povegliano Veronese,23060,
,,,Pressana,23061,
,,,Rivoli Veronese,23062,
,,,Roncà,23063,
,,,Ronco all'Adige,23064,
,,,Roverchiara,23065,
,,,Roverè Veronese,23067,
,,,Roveredo di Guà,23066,
,,,Salizzole,23068,
,,,San Bonifacio,23069,
,,,San Giovanni Ilarione,23070,
,,,San Giovanni Lupatoto,23071,
,,,San Martino Buon Albergo,23073,
,,,San Mauro di Saline,23074,
,,,San Pietro di Morubio,23075,
,,,San Pietro in Cariano,23076,
,,,San Zeno di Montagna,23079,
,,,Sanguinetto,23072,
,,,Sant'Ambrogio di Valpolicella,23077,
,,,Sant'Anna d'Alfaedo,23078,
,,,Selva di Progno,23080,
,,,Soave,23081,
,,,Sommacampagna,23082,
,,,Sona,23083,
,,,Sorgà,23084,
,,,Terrazzo,23085,
,,,Torri del Benaco,23086,
,,,Tregnago,23087,
,,,Trevenzuolo,23088,
,,,Valeggio sul Mincio,23089,
,,,Velo Veronese,23090,
,,,Verona,23091,
,,,Veronella,23092,
,,,Vestenanova,23093,
,,,Vigasio,23094,
,,,Villa Bartolomea,23095,
,,,Villafranca di Verona,23096,
,,,Zevio,23097,
,,,Zimella,23098,
Regione: Friuli-Venezia Giulia,,,,,
Circoscrizione: Friuli-Venezia Giulia,,,,,
Codice della circoscrizione elettorale,Denominazione della circoscrizione elettorale,Denominazione del collegio uninominale,"Denominazione del comune o dell'area sub-comunale con la maggiore ampiezza demografica
 inclusi nel collegio","Denominazione del comune
o  dell'area sub-comunale 
 inclusi nel collegio",Codice Istat del comune o dell'area sub-comunale inclusi nel collegio
6,Friuli-Venezia Giulia,Friuli-Venezia Giulia - U01,Trieste,,
,,,Aiello del Friuli,30001,
,,,Amaro,30002,
,,,Ampezzo,30003,
,,,Andreis,93001,
,,,Aquileia,30004,
,,,Arba,93002,
,,,Arta Terme,30005,
,,,Artegna,30006,
,,,Attimis,30007,
,,,Aviano,93004,
,,,Azzano Decimo,93005,
,,,Bagnaria Arsa,30008,
,,,Barcis,93006,
,,,Basiliano,30009,
,,,Bertiolo,30010,
,,,Bicinicco,30011,
,,,Bordano,30012,
,,,Brugnera,93007,
,,,Budoia,93008,
,,,Buja,30013,
,,,Buttrio,30014,
,,,Camino al Tagliamento,30015,
,,,Campoformido,30016,
,,,Campolongo Tapogliano,30138,
,,,Caneva,93009,
,,,Capriva del Friuli,31001,
,,,Carlino,30018,
,,,Casarsa della Delizia,93010,
,,,Cassacco,30019,
,,,Castelnovo del Friuli,93011,
,,,Castions di Strada,30020,
,,,Cavasso Nuovo,93012,
,,,Cavazzo Carnico,30021,
,,,Cercivento,30022,
,,,Cervignano del Friuli,30023,
,,,Chions,93013,
,,,Chiopris-Viscone,30024,
,,,Chiusaforte,30025,
,,,Cimolais,93014,
,,,Cividale del Friuli,30026,
,,,Claut,93015,
,,,Clauzetto,93016,
,,,Codroipo,30027,
,,,Colloredo di Monte Albano,30028,
,,,Comeglians,30029,
,,,Cordenons,93017,
,,,Cordovado,93018,
,,,Cormons,31002,
,,,Corno di Rosazzo,30030,
,,,Coseano,30031,
,,,Dignano,30032,
,,,Doberdò del Lago-Doberdob,31003,
,,,Dogna,30033,
,,,Dolegna del Collio,31004,
,,,Drenchia,30034,
,,,Duino Aurisina-Devin Nabrežina,32001,
,,,Enemonzo,30035,
,,,Erto e Casso,93019,
,,,Faedis,30036,
,,,Fagagna,30037,
,,,Fanna,93020,
,,,Farra d'Isonzo,31005,
,,,Fiume Veneto,93021,
,,,Fiumicello Villa Vicentina,30190,
,,,Flaibano,30039,
,,,Fogliano Redipuglia,31006,
,,,Fontanafredda,93022,
,,,Forgaria nel Friuli,30137,
,,,Forni Avoltri,30040,
,,,Forni di Sopra,30041,
,,,Forni di Sotto,30042,
,,,Frisanco,93024,
,,,Gemona del Friuli,30043,
,,,Gonars,30044,
,,,Gorizia,31007,
,,,Gradisca d'Isonzo,31008,
,,,Grado,31009,
,,,Grimacco,30045,
,,,Latisana,30046,
,,,Lauco,30047,
,,,Lestizza,30048,
,,,Lignano Sabbiadoro,30049,
,,,Lusevera,30051,
,,,Magnano in Riviera,30052,
,,,Majano,30053,
,,,Malborghetto-Valbruna,30054,
,,,Maniago,93025,
,,,Manzano,30055,
,,,Marano Lagunare,30056,
,,,Mariano del Friuli,31010,
,,,Martignacco,30057,
,,,Medea,31011,
,,,Meduno,93026,
,,,Mereto di Tomba,30058,
,,,Moggio Udinese,30059,
,,,Moimacco,30060,
,,,Monfalcone,31012,
,,,Monrupino-Repentabor,32002,
,,,Montenars,30061,
,,,Montereale Valcellina,93027,
,,,Moraro,31013,
,,,Morsano al Tagliamento,93028,
,,,Mortegliano,30062,
,,,Moruzzo,30063,
,,,Mossa,31014,
,,,Muggia,32003,
,,,Muzzana del Turgnano,30064,
,,,Nimis,30065,
,,,Osoppo,30066,
,,,Ovaro,30067,
,,,Pagnacco,30068,
,,,Palazzolo dello Stella,30069,
,,,Palmanova,30070,
,,,Paluzza,30071,
,,,Pasian di Prato,30072,
,,,Pasiano di Pordenone,93029,
,,,Paularo,30073,
,,,Pavia di Udine,30074,
,,,Pinzano al Tagliamento,93030,
,,,Pocenia,30075,
,,,Polcenigo,93031,
,,,Pontebba,30076,
,,,Porcia,93032,
,,,Pordenone,93033,
,,,Porpetto,30077,
,,,Povoletto,30078,
,,,Pozzuolo del Friuli,30079,
,,,Pradamano,30080,
,,,Prata di Pordenone,93034,
,,,Prato Carnico,30081,
,,,Pravisdomini,93035,
,,,Precenicco,30082,
,,,Premariacco,30083,
,,,Preone,30084,
,,,Prepotto,30085,
,,,Pulfero,30086,
,,,Ragogna,30087,
,,,Ravascletto,30088,
,,,Raveo,30089,
,,,Reana del Rojale,30090,
,,,Remanzacco,30091,
,,,Resia,30092,
,,,Resiutta,30093,
,,,Rigolato,30094,
,,,Rive d'Arcano,30095,
,,,Rivignano Teor,30188,
,,,Romans d'Isonzo,31015,
,,,Ronchi dei Legionari,31016,
,,,Ronchis,30097,
,,,Roveredo in Piano,93036,
,,,Ruda,30098,
,,,Sacile,93037,
,,,Sagrado,31017,
,,,San Canzian d'Isonzo,31018,
,,,San Daniele del Friuli,30099,
,,,San Dorligo della Valle-Dolina,32004,
,,,San Floriano del Collio-Števerjan,31019,
,,,San Giorgio della Richinvelda,93038,
,,,San Giorgio di Nogaro,30100,
,,,San Giovanni al Natisone,30101,
,,,San Leonardo,30102,
,,,San Lorenzo Isontino,31020,
,,,San Martino al Tagliamento,93039,
,,,San Pier d'Isonzo,31021,
,,,San Pietro al Natisone,30103,
,,,San Quirino,93040,
,,,San Vito al Tagliamento,93041,
,,,San Vito al Torre,30105,
,,,San Vito di Fagagna,30106,
,,,Santa Maria la Longa,30104,
,,,Sappada,30189,
,,,Sauris,30107,
,,,Savogna,30108,
,,,Savogna d'Isonzo-Sovodnje ob Soči,31022,
,,,Sedegliano,30109,
,,,Sequals,93042,
,,,Sesto al Reghena,93043,
,,,Sgonico-Zgonik,32005,
,,,Socchieve,30110,
,,,Spilimbergo,93044,
,,,Staranzano,31023,
,,,Stregna,30111,
,,,Sutrio,30112,
,,,Taipana,30113,
,,,Talmassons,30114,
,,,Tarcento,30116,
,,,Tarvisio,30117,
,,,Tavagnacco,30118,
,,,Terzo d'Aquileia,30120,
,,,Tolmezzo,30121,
,,,Torreano,30122,
,,,Torviscosa,30123,
,,,Tramonti di Sopra,93045,
,,,Tramonti di Sotto,93046,
,,,Trasaghis,30124,
,,,Travesio,93047,
,,,Treppo Grande,30126,
,,,Treppo Ligosullo,30191,
,,,Tricesimo,30127,
,,,Trieste,32006,
,,,Trivignano Udinese,30128,
,,,Turriaco,31024,
,,,Udine,30129,
,,,Vajont,93052,
,,,Valvasone Arzene,93053,
,,,Varmo,30130,
,,,Venzone,30131,
,,,Verzegnis,30132,
,,,Villa Santina,30133,
,,,Villesse,31025,
,,,Visco,30135,
,,,Vito d'Asio,93049,
,,,Vivaro,93050,
,,,Zoppola,93051,
,,,Zuglio,30136,
Regione: Liguria,,,,,
Circoscrizione: Liguria,,,,,
Codice della circoscrizione elettorale,Denominazione della circoscrizione elettorale,Denominazione del collegio uninominale,"Denominazione del comune o dell'area sub-comunale con la maggiore ampiezza demografica
 inclusi nel collegio","Denominazione del comune
o  dell'area sub-comunale 
 inclusi nel collegio",Codice Istat del comune o dell'area sub-comunale inclusi nel collegio
7,Liguria,Liguria - U01,Genova: Municipio VII - Ponente,,
,,,Airole,8001,
,,,Alassio,9001,
,,,Albenga,9002,
,,,Albisola Superiore,9004,
,,,Albissola Marina,9003,
,,,Altare,9005,
,,,Andora,9006,
,,,Apricale,8002,
,,,Aquila d'Arroscia,8003,
,,,Arenzano,10001,
,,,Armo,8004,
,,,Arnasco,9007,
,,,Aurigo,8005,
,,,Badalucco,8006,
,,,Bajardo,8007,
,,,Balestrino,9008,
,,,Bardineto,9009,
,,,Bergeggi,9010,
,,,Boissano,9011,
,,,Bordighera,8008,
,,,Borghetto d'Arroscia,8009,
,,,Borghetto Santo Spirito,9012,
,,,Borgio Verezzi,9013,
,,,Borgomaro,8010,
,,,Bormida,9014,
,,,Busalla,10006,
,,,Cairo Montenotte,9015,
,,,Calice Ligure,9016,
,,,Calizzano,9017,
,,,Campo Ligure,10008,
,,,Campomorone,10009,
,,,Camporosso,8011,
,,,Caravonica,8012,
,,,Carcare,9018,
,,,Casanova Lerrone,9019,
,,,Casella,10012,
,,,Castel Vittorio,8015,
,,,Castelbianco,9020,
,,,Castellaro,8014,
,,,Castelvecchio di Rocca Barbena,9021,
,,,Celle Ligure,9022,
,,,Cengio,9023,
,,,Ceranesi,10014,
,,,Ceriale,9024,
,,,Ceriana,8016,
,,,Cervo,8017,
,,,Cesio,8018,
,,,Chiusanico,8019,
,,,Chiusavecchia,8020,
,,,Cipressa,8021,
,,,Cisano sul Neva,9025,
,,,Civezza,8022,
,,,Cogoleto,10017,
,,,Cosio d'Arroscia,8023,
,,,Cosseria,9026,
,,,Costarainera,8024,
,,,Crocefieschi,10020,
,,,Dego,9027,
,,,Diano Arentino,8025,
,,,Diano Castello,8026,
,,,Diano Marina,8027,
,,,Diano San Pietro,8028,
,,,Dolceacqua,8029,
,,,Dolcedo,8030,
,,,Erli,9028,
,,,Finale Ligure,9029,
,,,Garlenda,9030,
,,,Genova: Municipio V - Val Polcevera,10025,
,,,Genova: Municipio VI - Medio Ponente,10025,
,,,Genova: Municipio VII - Ponente,10025,
,,,Giustenice,9031,
,,,Giusvalla,9032,
,,,Imperia,8031,
,,,Isola del Cantone,10027,
,,,Isolabona,8032,
,,,Laigueglia,9033,
,,,Loano,9034,
,,,Lucinasco,8033,
,,,Magliolo,9035,
,,,Mallare,9036,
,,,Masone,10032,
,,,Massimino,9037,
,,,Mele,10033,
,,,Mendatica,8034,
,,,Mignanego,10035,
,,,Millesimo,9038,
,,,Mioglia,9039,
,,,Molini di Triora,8035,
,,,Montalto Carpasio,8068,
,,,Montegrosso Pian Latte,8037,
,,,Montoggio,10039,
,,,Murialdo,9040,
,,,Nasino,9041,
,,,Noli,9042,
,,,Olivetta San Michele,8038,
,,,Onzo,9043,
,,,Orco Feglino,9044,
,,,Ortovero,9045,
,,,Osiglia,9046,
,,,Ospedaletti,8039,
,,,Pallare,9047,
,,,Perinaldo,8040,
,,,Piana Crixia,9048,
,,,Pietra Ligure,9049,
,,,Pietrabruna,8041,
,,,Pieve di Teco,8042,
,,,Pigna,8043,
,,,Plodio,9050,
,,,Pompeiana,8044,
,,,Pontedassio,8045,
,,,Pontinvrea,9051,
,,,Pornassio,8046,
,,,Prelà,8047,
,,,Quiliano,9052,
,,,Ranzo,8048,
,,,Rezzo,8049,
,,,Rialto,9053,
,,,Riva Ligure,8050,
,,,Roccavignale,9054,
,,,Rocchetta Nervina,8051,
,,,Ronco Scrivia,10049,
,,,Rossiglione,10051,
,,,San Bartolomeo al Mare,8052,
,,,San Biagio della Cima,8053,
,,,San Lorenzo al Mare,8054,
,,,Sanremo,8055,
,,,Santo Stefano al Mare,8056,
,,,Sant'Olcese,10055,
,,,Sassello,9055,
,,,Savignone,10057,
,,,Savona,9056,
,,,Seborga,8057,
,,,Serra Riccò,10058,
,,,Soldano,8058,
,,,Spotorno,9057,
,,,Stella,9058,
,,,Stellanello,9059,
,,,Taggia,8059,
,,,Terzorio,8060,
,,,Testico,9060,
,,,Tiglieto,10061,
,,,Toirano,9061,
,,,Tovo San Giacomo,9062,
,,,Triora,8061,
,,,Urbe,9063,
,,,Vado Ligure,9064,
,,,Valbrevenna,10065,
,,,Vallebona,8062,
,,,Vallecrosia,8063,
,,,Varazze,9065,
,,,Vasia,8064,
,,,Vendone,9066,
,,,Ventimiglia,8065,
,,,Vessalico,8066,
,,,Vezzi Portio,9067,
,,,Villa Faraldi,8067,
,,,Villanova d'Albenga,9068,
,,,Vobbia,10066,
,,,Zuccarello,9069,
,,Liguria - U02,La Spezia,,
,,,Ameglia,11001,
,,,Arcola,11002,
,,,Avegno,10002,
,,,Bargagli,10003,
,,,Beverino,11003,
,,,Bogliasco,10004,
,,,Bolano,11004,
,,,Bonassola,11005,
,,,Borghetto di Vara,11006,
,,,Borzonasca,10005,
,,,Brugnato,11007,
,,,Calice al Cornoviglio,11008,
,,,Camogli,10007,
,,,Carasco,10010,
,,,Carro,11009,
,,,Carrodano,11010,
,,,Casarza Ligure,10011,
,,,Castelnuovo Magra,11011,
,,,Castiglione Chiavarese,10013,
,,,Chiavari,10015,
,,,Cicagna,10016,
,,,Cogorno,10018,
,,,Coreglia Ligure,10019,
,,,Davagna,10021,
,,,Deiva Marina,11012,
,,,Fascia,10022,
,,,Favale di Malvaro,10023,
,,,Follo,11013,
,,,Fontanigorda,10024,
,,,Framura,11014,
,,,Genova: Municipio I - Centro Est,10025,
,,,Genova: Municipio II - Centro Ovest,10025,
,,,Genova: Municipio III - Bassa Val Bisagno,10025,
,,,Genova: Municipio IV - Media Val Bisagno,10025,
,,,Genova: Municipio VIII - Medio Levante,10025,
,,,Genova: Municipio IX - Levante,10025,
,,,Gorreto,10026,
,,,La Spezia,11015,
,,,Lavagna,10028,
,,,Leivi,10029,
,,,Lerici,11016,
,,,Levanto,11017,
,,,Lorsica,10030,
,,,Lumarzo,10031,
,,,Luni,11020,
,,,Maissana,11018,
,,,Mezzanego,10034,
,,,Moconesi,10036,
,,,Moneglia,10037,
,,,Montebruno,10038,
,,,Monterosso al Mare,11019,
,,,Ne,10040,
,,,Neirone,10041,
,,,Orero,10042,
,,,Pieve Ligure,10043,
,,,Pignone,11021,
,,,Portofino,10044,
,,,Portovenere,11022,
,,,Propata,10045,
,,,Rapallo,10046,
,,,Recco,10047,
,,,Rezzoaglio,10048,
,,,Riccò del Golfo di Spezia,11023,
,,,Riomaggiore,11024,
,,,Rocchetta di Vara,11025,
,,,Rondanina,10050,
,,,Rovegno,10052,
,,,San Colombano Certenoli,10053,
,,,Santa Margherita Ligure,10054,
,,,Santo Stefano d'Aveto,10056,
,,,Santo Stefano di Magra,11026,
,,,Sarzana,11027,
,,,Sesta Godano,11028,
,,,Sestri Levante,10059,
,,,Sori,10060,
,,,Torriglia,10062,
,,,Tribogna,10063,
,,,Uscio,10064,
,,,Varese Ligure,11029,
,,,Vernazza,11030,
,,,Vezzano Ligure,11031,
,,,Zignago,11032,
,,,Zoagli,10067,
Regione: Emilia-Romagna,,,,,
Circoscrizione: Emilia-Romagna,,,,,
Codice della circoscrizione elettorale,Denominazione della circoscrizione elettorale,Denominazione del collegio uninominale,"Denominazione del comune o dell'area sub-comunale con la maggiore ampiezza demografica
 inclusi nel collegio","Denominazione del comune
o  dell'area sub-comunale 
 inclusi nel collegio",Codice Istat del comune o dell'area sub-comunale inclusi nel collegio
8,Emilia-Romagna,Emilia-Romagna - U01,Parma,,
,,,Agazzano,33001,
,,,Albareto,34001,
,,,Alseno,33002,
,,,Alta Val Tidone,33049,
,,,Bardi,34002,
,,,Bedonia,34003,
,,,Berceto,34004,
,,,Besenzone,33003,
,,,Bettola,33004,
,,,Bobbio,33005,
,,,Bore,34005,
,,,Boretto,35005,
,,,Borgo Val di Taro,34006,
,,,Borgonovo Val Tidone,33006,
,,,Brescello,35006,
,,,Busseto,34007,
,,,Cadeo,33007,
,,,Calendasco,33008,
,,,Calestano,34008,
,,,Campagnola Emilia,35009,
,,,Caorso,33010,
,,,Carpaneto Piacentino,33011,
,,,Castel San Giovanni,33013,
,,,Castell'Arquato,33012,
,,,Castelvetro Piacentino,33014,
,,,Cerignale,33015,
,,,Coli,33016,
,,,Collecchio,34009,
,,,Colorno,34010,
,,,Compiano,34011,
,,,Corniglio,34012,
,,,Correggio,35020,
,,,Corte Brugnatella,33017,
,,,Cortemaggiore,33018,
,,,Fabbrico,35021,
,,,Farini,33019,
,,,Felino,34013,
,,,Ferriere,33020,
,,,Fidenza,34014,
,,,Fiorenzuola d'Arda,33021,
,,,Fontanellato,34015,
,,,Fontevivo,34016,
,,,Fornovo di Taro,34017,
,,,Gazzola,33022,
,,,Gossolengo,33023,
,,,Gragnano Trebbiense,33024,
,,,Gropparello,33025,
,,,Gualtieri,35023,
,,,Guastalla,35024,
,,,Langhirano,34018,
,,,Lesignano de' Bagni,34019,
,,,Lugagnano Val d'Arda,33026,
,,,Luzzara,35026,
,,,Medesano,34020,
,,,Monchio delle Corti,34022,
,,,Montechiarugolo,34023,
,,,Monticelli d'Ongina,33027,
,,,Morfasso,33028,
,,,Neviano degli Arduini,34024,
,,,Noceto,34025,
,,,Novellara,35028,
,,,Ottone,33030,
,,,Palanzano,34026,
,,,Parma,34027,
,,,Pellegrino Parmense,34028,
,,,Piacenza,33032,
,,,Pianello Val Tidone,33033,
,,,Piozzano,33034,
,,,Podenzano,33035,
,,,Polesine Zibello,34050,
,,,Ponte dell'Olio,33036,
,,,Pontenure,33037,
,,,Reggiolo,35032,
,,,Rio Saliceto,35034,
,,,Rivergaro,33038,
,,,Roccabianca,34030,
,,,Rolo,35035,
,,,Rottofreno,33039,
,,,Sala Baganza,34031,
,,,Salsomaggiore Terme,34032,
,,,San Giorgio Piacentino,33040,
,,,San Martino in Rio,35037,
,,,San Pietro in Cerro,33041,
,,,San Secondo Parmense,34033,
,,,Sarmato,33042,
,,,Sissa Trecasali,34049,
,,,Solignano,34035,
,,,Soragna,34036,
,,,Sorbolo Mezzani,34051,
,,,Terenzo,34038,
,,,Tizzano Val Parma,34039,
,,,Tornolo,34040,
,,,Torrile,34041,
,,,Traversetolo,34042,
,,,Travo,33043,
,,,Valmozzola,34044,
,,,Varano de' Melegari,34045,
,,,Varsi,34046,
,,,Vernasca,33044,
,,,Vigolzone,33045,
,,,Villanova sull'Arda,33046,
,,,Zerba,33047,
,,,Ziano Piacentino,33048,
,,Emilia-Romagna - U02,Modena,,
,,,Albinea,35001,
,,,Bagnolo in Piano,35002,
,,,Baiso,35003,
,,,Bastiglia,36001,
,,,Bibbiano,35004,
,,,Bomporto,36002,
,,,Cadelbosco di Sopra,35008,
,,,Campegine,35010,
,,,Campogalliano,36003,
,,,Camposanto,36004,
,,,Canossa,35018,
,,,Carpi,36005,
,,,Carpineti,35011,
,,,Casalgrande,35012,
,,,Casina,35013,
,,,Castelfranco Emilia,36006,
,,,Castellarano,35014,
,,,Castelnovo di Sotto,35015,
,,,Castelnovo ne' Monti,35016,
,,,Castelnuovo Rangone,36007,
,,,Cavezzo,36009,
,,,Cavriago,35017,
,,,Concordia sulla Secchia,36010,
,,,Fanano,36011,
,,,Finale Emilia,36012,
,,,Fiorano Modenese,36013,
,,,Fiumalbo,36014,
,,,Formigine,36015,
,,,Frassinoro,36016,
,,,Gaggio Montano,37027,
,,,Gattatico,35022,
,,,Lama Mocogno,36018,
,,,Lizzano in Belvedere,37033,
,,,Maranello,36019,
,,,Medolla,36021,
,,,Mirandola,36022,
,,,Modena,36023,
,,,Montecchio Emilia,35027,
,,,Montecreto,36024,
,,,Montefiorino,36025,
,,,Montese,36026,
,,,Nonantola,36027,
,,,Novi di Modena,36028,
,,,Palagano,36029,
,,,Pavullo nel Frignano,36030,
,,,Pievepelago,36031,
,,,Polinago,36032,
,,,Poviglio,35029,
,,,Prignano sulla Secchia,36033,
,,,Quattro Castella,35030,
,,,Ravarino,36034,
,,,Reggio nell'Emilia,35033,
,,,Riolunato,36035,
,,,Rubiera,35036,
,,,San Cesario sul Panaro,36036,
,,,San Felice sul Panaro,36037,
,,,San Polo d'Enza,35038,
,,,San Possidonio,36038,
,,,San Prospero,36039,
,,,Sant'Ilario d'Enza,35039,
,,,Sassuolo,36040,
,,,Scandiano,35040,
,,,Serramazzoni,36042,
,,,Sestola,36043,
,,,Soliera,36044,
,,,Toano,35041,
,,,Ventasso,35046,
,,,Vetto,35042,
,,,Vezzano sul Crostolo,35043,
,,,Viano,35044,
,,,Villa Minozzo,35045,
,,Emilia-Romagna - U03,Bologna,,
,,,Alto Reno Terme,37062,
,,,Anzola dell'Emilia,37001,
,,,Argelato,37002,
,,,Baricella,37003,
,,,Bentivoglio,37005,
,,,Bologna,37006,
,,,Borgo Tossignano,37007,
,,,Budrio,37008,
,,,Calderara di Reno,37009,
,,,Camugnano,37010,
,,,Casalecchio di Reno,37011,
,,,Casalfiumanese,37012,
,,,Castel d'Aiano,37013,
,,,Castel del Rio,37014,
,,,Castel di Casio,37015,
,,,Castel Guelfo di Bologna,37016,
,,,Castel Maggiore,37019,
,,,Castel San Pietro Terme,37020,
,,,Castello d'Argile,37017,
,,,Castelvetro di Modena,36008,
,,,Castenaso,37021,
,,,Castiglione dei Pepoli,37022,
,,,Crevalcore,37024,
,,,Dozza,37025,
,,,Fontanelice,37026,
,,,Galliera,37028,
,,,Granarolo dell'Emilia,37030,
,,,Grizzana Morandi,37031,
,,,Guiglia,36017,
,,,Imola,37032,
,,,Loiano,37034,
,,,Malalbergo,37035,
,,,Marano sul Panaro,36020,
,,,Marzabotto,37036,
,,,Medicina,37037,
,,,Minerbio,37038,
,,,Molinella,37039,
,,,Monghidoro,37040,
,,,Monte San Pietro,37042,
,,,Monterenzio,37041,
,,,Monzuno,37044,
,,,Mordano,37045,
,,,Ozzano dell'Emilia,37046,
,,,Pianoro,37047,
,,,Pieve di Cento,37048,
,,,Sala Bolognese,37050,
,,,San Benedetto Val di Sambro,37051,
,,,San Giorgio di Piano,37052,
,,,San Giovanni in Persiceto,37053,
,,,San Lazzaro di Savena,37054,
,,,San Pietro in Casale,37055,
,,,Sant'Agata Bolognese,37056,
,,,Sasso Marconi,37057,
,,,Savignano sul Panaro,36041,
,,,Spilamberto,36045,
,,,Valsamoggia,37061,
,,,Vergato,37059,
,,,Vignola,36046,
,,,Zocca,36047,
,,,Zola Predosa,37060,
,,Emilia-Romagna - U04,Ravenna,,
,,,Alfonsine,39001,
,,,Argenta,38001,
,,,Bagnacavallo,39002,
,,,Bagnara di Romagna,39003,
,,,Bondeno,38003,
,,,Brisighella,39004,
,,,Casola Valsenio,39005,
,,,Castel Bolognese,39006,
,,,Cento,38004,
,,,Cervia,39007,
,,,Codigoro,38005,
,,,Comacchio,38006,
,,,Conselice,39008,
,,,Copparo,38007,
,,,Cotignola,39009,
,,,Faenza,39010,
,,,Ferrara,38008,
,,,Fiscaglia,38027,
,,,Fusignano,39011,
,,,Goro,38025,
,,,Jolanda di Savoia,38010,
,,,Lagosanto,38011,
,,,Lugo,39012,
,,,Masi Torello,38012,
,,,Massa Lombarda,39013,
,,,Mesola,38014,
,,,Ostellato,38017,
,,,Poggio Renatico,38018,
,,,Portomaggiore,38019,
,,,Ravenna,39014,
,,,Riolo Terme,39015,
,,,Riva del Po,38029,
,,,Russi,39016,
,,,Sant'Agata sul Santerno,39017,
,,,Solarolo,39018,
,,,Terre del Reno,38028,
,,,Tresignana,38030,
,,,Vigarano Mainarda,38022,
,,,Voghiera,38023,
,,Emilia-Romagna - U05,Rimini,,
,,,Bagno di Romagna,40001,
,,,Bellaria-Igea Marina,99001,
,,,Bertinoro,40003,
,,,Borghi,40004,
,,,Casteldelci,99021,
,,,Castrocaro Terme e Terra del Sole,40005,
,,,Cattolica,99002,
,,,Cesena,40007,
,,,Cesenatico,40008,
,,,Civitella di Romagna,40009,
,,,Coriano,99003,
,,,Dovadola,40011,
,,,Forlì,40012,
,,,Forlimpopoli,40013,
,,,Galeata,40014,
,,,Gambettola,40015,
,,,Gatteo,40016,
,,,Gemmano,99004,
,,,Longiano,40018,
,,,Maiolo,99022,
,,,Meldola,40019,
,,,Mercato Saraceno,40020,
,,,Misano Adriatico,99005,
,,,Modigliana,40022,
,,,Mondaino,99006,
,,,Montefiore Conca,99008,
,,,Montegridolfo,99009,
,,,Montescudo-Monte Colombo,99029,
,,,Montiano,40028,
,,,Morciano di Romagna,99011,
,,,Novafeltria,99023,
,,,Pennabilli,99024,
,,,Poggio Torriana,99028,
,,,Portico e San Benedetto,40031,
,,,Predappio,40032,
,,,Premilcuore,40033,
,,,Riccione,99013,
,,,Rimini,99014,
,,,Rocca San Casciano,40036,
,,,Roncofreddo,40037,
,,,Saludecio,99015,
,,,San Clemente,99016,
,,,San Giovanni in Marignano,99017,
,,,San Leo,99025,
,,,San Mauro Pascoli,40041,
,,,Santa Sofia,40043,
,,,Sant'Agata Feltria,99026,
,,,Santarcangelo di Romagna,99018,
,,,Sarsina,40044,
,,,Savignano sul Rubicone,40045,
,,,Sogliano al Rubicone,40046,
,,,Talamello,99027,
,,,Tredozio,40049,
,,,Verghereto,40050,
,,,Verucchio,99020,
Regione: Toscana,,,,,
Circoscrizione: Toscana,,,,,
Codice della circoscrizione elettorale,Denominazione della circoscrizione elettorale,Denominazione del collegio uninominale,"Denominazione del comune o dell'area sub-comunale con la maggiore ampiezza demografica
 inclusi nel collegio","Denominazione del comune
o  dell'area sub-comunale 
 inclusi nel collegio",Codice Istat del comune o dell'area sub-comunale inclusi nel collegio
9,Toscana,Toscana - U01,Arezzo,,
,,,Abbadia San Salvatore,52001,
,,,Anghiari,51001,
,,,Arcidosso,53001,
,,,Arezzo,51002,
,,,Asciano,52002,
,,,Badia Tedalda,51003,
,,,Bibbiena,51004,
,,,Bucine,51005,
,,,Buonconvento,52003,
,,,Campagnatico,53002,
,,,Capalbio,53003,
,,,Capolona,51006,
,,,Caprese Michelangelo,51007,
,,,Casole d'Elsa,52004,
,,,Castel del Piano,53004,
,,,Castel Focognano,51008,
,,,Castel San Niccolò,51010,
,,,Castelfranco Piandiscò,51040,
,,,Castell'Azzara,53005,
,,,Castellina in Chianti,52005,
,,,Castelnuovo Berardenga,52006,
,,,Castiglion Fibocchi,51011,
,,,Castiglion Fiorentino,51012,
,,,Castiglione della Pescaia,53006,
,,,Castiglione d'Orcia,52007,
,,,Cavriglia,51013,
,,,Cetona,52008,
,,,Chianciano Terme,52009,
,,,Chitignano,51014,
,,,Chiusdino,52010,
,,,Chiusi,52011,
,,,Chiusi della Verna,51015,
,,,Cinigiano,53007,
,,,Civitella in Val di Chiana,51016,
,,,Civitella Paganico,53008,
,,,Colle di Val d'Elsa,52012,
,,,Cortona,51017,
,,,Foiano della Chiana,51018,
,,,Follonica,53009,
,,,Gaiole in Chianti,52013,
,,,Gavorrano,53010,
,,,Grosseto,53011,
,,,Isola del Giglio,53012,
,,,Laterina Pergine Valdarno,51042,
,,,Loro Ciuffenna,51020,
,,,Lucignano,51021,
,,,Magliano in Toscana,53013,
,,,Manciano,53014,
,,,Marciano della Chiana,51022,
,,,Massa Marittima,53015,
,,,Montalcino,52037,
,,,Monte Argentario,53016,
,,,Monte San Savino,51025,
,,,Montemignaio,51023,
,,,Montepulciano,52015,
,,,Monterchi,51024,
,,,Monteriggioni,52016,
,,,Monteroni d'Arbia,52017,
,,,Monterotondo Marittimo,53027,
,,,Montevarchi,51026,
,,,Monticiano,52018,
,,,Montieri,53017,
,,,Murlo,52019,
,,,Orbetello,53018,
,,,Ortignano Raggiolo,51027,
,,,Piancastagnaio,52020,
,,,Pienza,52021,
,,,Pieve Santo Stefano,51030,
,,,Pitigliano,53019,
,,,Poggibonsi,52022,
,,,Poppi,51031,
,,,Pratovecchio Stia,51041,
,,,Radda in Chianti,52023,
,,,Radicofani,52024,
,,,Radicondoli,52025,
,,,Rapolano Terme,52026,
,,,Roccalbegna,53020,
,,,Roccastrada,53021,
,,,San Casciano dei Bagni,52027,
,,,San Gimignano,52028,
,,,San Giovanni Valdarno,51033,
,,,San Quirico d'Orcia,52030,
,,,Sansepolcro,51034,
,,,Santa Fiora,53022,
,,,Sarteano,52031,
,,,Scansano,53023,
,,,Scarlino,53024,
,,,Seggiano,53025,
,,,Semproniano,53028,
,,,Sestino,51035,
,,,Siena,52032,
,,,Sinalunga,52033,
,,,Sorano,53026,
,,,Sovicille,52034,
,,,Subbiano,51037,
,,,Talla,51038,
,,,Terranuova Bracciolini,51039,
,,,Torrita di Siena,52035,
,,,Trequanda,52036,
,,Toscana - U02,Livorno,,
,,,Bibbona,49001,
,,,Bientina,50001,
,,,Buti,50002,
,,,Calci,50003,
,,,Calcinaia,50004,
,,,Camaiore,46005,
,,,Campiglia Marittima,49002,
,,,Campo nell'Elba,49003,
,,,Capannoli,50005,
,,,Capoliveri,49004,
,,,Capraia Isola,49005,
,,,Casale Marittimo,50006,
,,,Casciana Terme Lari,50040,
,,,Cascina,50008,
,,,Castagneto Carducci,49006,
,,,Castelfranco di Sotto,50009,
,,,Castellina Marittima,50010,
,,,Castelnuovo di Val di Cecina,50011,
,,,Cecina,49007,
,,,Chianni,50012,
,,,Collesalvetti,49008,
,,,Crespina Lorenzana,50041,
,,,Fauglia,50014,
,,,Guardistallo,50015,
,,,Lajatico,50016,
,,,Livorno,49009,
,,,Marciana,49010,
,,,Marciana Marina,49011,
,,,Massarosa,46018,
,,,Montecatini Val di Cecina,50019,
,,,Montescudaio,50020,
,,,Monteverdi Marittimo,50021,
,,,Montopoli in Val d'Arno,50022,
,,,Orciano Pisano,50023,
,,,Palaia,50024,
,,,Peccioli,50025,
,,,Piombino,49012,
,,,Pisa,50026,
,,,Pomarance,50027,
,,,Ponsacco,50028,
,,,Pontedera,50029,
,,,Porto Azzurro,49013,
,,,Portoferraio,49014,
,,,Rio,49021,
,,,Riparbella,50030,
,,,Rosignano Marittimo,49017,
,,,San Giuliano Terme,50031,
,,,San Miniato,50032,
,,,San Vincenzo,49018,
,,,Santa Croce sull'Arno,50033,
,,,Santa Luce,50034,
,,,Santa Maria a Monte,50035,
,,,Sassetta,49019,
,,,Suvereto,49020,
,,,Terricciola,50036,
,,,Vecchiano,50037,
,,,Viareggio,46033,
,,,Vicopisano,50038,
,,,Volterra,50039,
,,Toscana - U03,Prato,,
,,,Abetone Cutigliano,47023,
,,,Agliana,47002,
,,,Altopascio,46001,
,,,Aulla,45001,
,,,Bagni di Lucca,46002,
,,,Bagnone,45002,
,,,Barga,46003,
,,,Borgo a Mozzano,46004,
,,,Buggiano,47003,
,,,Camporgiano,46006,
,,,Cantagallo,100001,
,,,Capannori,46007,
,,,Careggine,46008,
,,,Carmignano,100002,
,,,Carrara,45003,
,,,Casola in Lunigiana,45004,
,,,Castelnuovo di Garfagnana,46009,
,,,Castiglione di Garfagnana,46010,
,,,Chiesina Uzzanese,47022,
,,,Comano,45005,
,,,Coreglia Antelminelli,46011,
,,,Fabbriche di Vergemoli,46036,
,,,Filattiera,45006,
,,,Fivizzano,45007,
,,,Forte dei Marmi,46013,
,,,Fosciandora,46014,
,,,Fosdinovo,45008,
,,,Gallicano,46015,
,,,Lamporecchio,47005,
,,,Larciano,47006,
,,,Licciana Nardi,45009,
,,,Lucca,46017,
,,,Marliana,47007,
,,,Massa,45010,
,,,Massa e Cozzile,47008,
,,,Minucciano,46019,
,,,Molazzana,46020,
,,,Monsummano Terme,47009,
,,,Montale,47010,
,,,Montecarlo,46021,
,,,Montecatini-Terme,47011,
,,,Montemurlo,100003,
,,,Montignoso,45011,
,,,Mulazzo,45012,
,,,Pescaglia,46022,
,,,Pescia,47012,
,,,Piazza al Serchio,46023,
,,,Pietrasanta,46024,
,,,Pieve a Nievole,47013,
,,,Pieve Fosciana,46025,
,,,Pistoia,47014,
,,,Podenzana,45013,
,,,Poggio a Caiano,100004,
,,,Ponte Buggianese,47016,
,,,Pontremoli,45014,
,,,Porcari,46026,
,,,Prato,100005,
,,,Quarrata,47017,
,,,Sambuca Pistoiese,47018,
,,,San Marcello Piteglio,47024,
,,,San Romano in Garfagnana,46027,
,,,Seravezza,46028,
,,,Serravalle Pistoiese,47020,
,,,Sillano Giuncugnano,46037,
,,,Stazzema,46030,
,,,Tresana,45015,
,,,Uzzano,47021,
,,,Vagli Sotto,46031,
,,,Vaiano,100006,
,,,Vernio,100007,
,,,Villa Basilica,46034,
,,,Villa Collemandina,46035,
,,,Villafranca in Lunigiana,45016,
,,,Zeri,45017,
,,Toscana - U04,Firenze,,
,,,Bagno a Ripoli,48001,
,,,Barberino di Mugello,48002,
,,,Barberino Tavarnelle,48054,
,,,Borgo San Lorenzo,48004,
,,,Calenzano,48005,
,,,Campi Bisenzio,48006,
,,,Capraia e Limite,48008,
,,,Castelfiorentino,48010,
,,,Cerreto Guidi,48011,
,,,Certaldo,48012,
,,,Dicomano,48013,
,,,Empoli,48014,
,,,Fiesole,48015,
,,,Figline e Incisa Valdarno,48052,
,,,Firenze,48017,
,,,Firenzuola,48018,
,,,Fucecchio,48019,
,,,Gambassi Terme,48020,
,,,Greve in Chianti,48021,
,,,Impruneta,48022,
,,,Lastra a Signa,48024,
,,,Londa,48025,
,,,Marradi,48026,
,,,Montaione,48027,
,,,Montelupo Fiorentino,48028,
,,,Montespertoli,48030,
,,,Palazzuolo sul Senio,48031,
,,,Pelago,48032,
,,,Pontassieve,48033,
,,,Reggello,48035,
,,,Rignano sull'Arno,48036,
,,,Rufina,48037,
,,,San Casciano in Val di Pesa,48038,
,,,San Godenzo,48039,
,,,Scandicci,48041,
,,,Scarperia e San Piero,48053,
,,,Sesto Fiorentino,48043,
,,,Signa,48044,
,,,Vaglia,48046,
,,,Vicchio,48049,
,,,Vinci,48050,
Regione: Umbria,,,,,
Circoscrizione: Umbria,,,,,
Codice della circoscrizione elettorale,Denominazione della circoscrizione elettorale,Denominazione del collegio uninominale,"Denominazione del comune o dell'area sub-comunale con la maggiore ampiezza demografica
 inclusi nel collegio","Denominazione del comune
o  dell'area sub-comunale 
 inclusi nel collegio",Codice Istat del comune o dell'area sub-comunale inclusi nel collegio
10,Umbria,Umbria - U01,Perugia,,
,,,Acquasparta,55001,
,,,Allerona,55002,
,,,Alviano,55003,
,,,Amelia,55004,
,,,Arrone,55005,
,,,Assisi,54001,
,,,Attigliano,55006,
,,,Avigliano Umbro,55033,
,,,Baschi,55007,
,,,Bastia Umbra,54002,
,,,Bettona,54003,
,,,Bevagna,54004,
,,,Calvi dell'Umbria,55008,
,,,Campello sul Clitunno,54005,
,,,Cannara,54006,
,,,Cascia,54007,
,,,Castel Giorgio,55009,
,,,Castel Ritaldi,54008,
,,,Castel Viscardo,55010,
,,,Castiglione del Lago,54009,
,,,Cerreto di Spoleto,54010,
,,,Citerna,54011,
,,,Città della Pieve,54012,
,,,Città di Castello,54013,
,,,Collazzone,54014,
,,,Corciano,54015,
,,,Costacciaro,54016,
,,,Deruta,54017,
,,,Fabro,55011,
,,,Ferentillo,55012,
,,,Ficulle,55013,
,,,Foligno,54018,
,,,Fossato di Vico,54019,
,,,Fratta Todina,54020,
,,,Giano dell'Umbria,54021,
,,,Giove,55014,
,,,Gualdo Cattaneo,54022,
,,,Gualdo Tadino,54023,
,,,Guardea,55015,
,,,Gubbio,54024,
,,,Lisciano Niccone,54025,
,,,Lugnano in Teverina,55016,
,,,Magione,54026,
,,,Marsciano,54027,
,,,Massa Martana,54028,
,,,Monte Castello di Vibio,54029,
,,,Monte Santa Maria Tiberina,54032,
,,,Montecastrilli,55017,
,,,Montecchio,55018,
,,,Montefalco,54030,
,,,Montefranco,55019,
,,,Montegabbione,55020,
,,,Monteleone di Spoleto,54031,
,,,Monteleone d'Orvieto,55021,
,,,Montone,54033,
,,,Narni,55022,
,,,Nocera Umbra,54034,
,,,Norcia,54035,
,,,Orvieto,55023,
,,,Otricoli,55024,
,,,Paciano,54036,
,,,Panicale,54037,
,,,Parrano,55025,
,,,Passignano sul Trasimeno,54038,
,,,Penna in Teverina,55026,
,,,Perugia,54039,
,,,Piegaro,54040,
,,,Pietralunga,54041,
,,,Poggiodomo,54042,
,,,Polino,55027,
,,,Porano,55028,
,,,Preci,54043,
,,,San Gemini,55029,
,,,San Giustino,54044,
,,,San Venanzo,55030,
,,,Sant'Anatolia di Narco,54045,
,,,Scheggia e Pascelupo,54046,
,,,Scheggino,54047,
,,,Sellano,54048,
,,,Sigillo,54049,
,,,Spello,54050,
,,,Spoleto,54051,
,,,Stroncone,55031,
,,,Terni,55032,
,,,Todi,54052,
,,,Torgiano,54053,
,,,Trevi,54054,
,,,Tuoro sul Trasimeno,54055,
,,,Umbertide,54056,
,,,Valfabbrica,54057,
,,,Vallo di Nera,54058,
,,,Valtopina,54059,
Regione: Marche,,,,,
Circoscrizione: Marche,,,,,
Codice della circoscrizione elettorale,Denominazione della circoscrizione elettorale,Denominazione del collegio uninominale,"Denominazione del comune o dell'area sub-comunale con la maggiore ampiezza demografica
 inclusi nel collegio","Denominazione del comune
o  dell'area sub-comunale 
 inclusi nel collegio",Codice Istat del comune o dell'area sub-comunale inclusi nel collegio
11,Marche,Marche - U01,Ascoli Piceno,,
,,,Acquasanta Terme,44001,
,,,Acquaviva Picena,44002,
,,,Altidona,109001,
,,,Amandola,109002,
,,,Apiro,43002,
,,,Appignano,43003,
,,,Appignano del Tronto,44005,
,,,Arquata del Tronto,44006,
,,,Ascoli Piceno,44007,
,,,Belforte del Chienti,43004,
,,,Belmonte Piceno,109003,
,,,Bolognola,43005,
,,,Caldarola,43006,
,,,Camerino,43007,
,,,Campofilone,109004,
,,,Camporotondo di Fiastrone,43008,
,,,Carassai,44010,
,,,Castel di Lama,44011,
,,,Castelraimondo,43009,
,,,Castelsantangelo sul Nera,43010,
,,,Castignano,44012,
,,,Castorano,44013,
,,,Cessapalombo,43011,
,,,Cingoli,43012,
,,,Civitanova Marche,43013,
,,,Colli del Tronto,44014,
,,,Colmurano,43014,
,,,Comunanza,44015,
,,,Corridonia,43015,
,,,Cossignano,44016,
,,,Cupra Marittima,44017,
,,,Esanatoglia,43016,
,,,Falerone,109005,
,,,Fermo,109006,
,,,Fiastra,43017,
,,,Fiuminata,43019,
,,,Folignano,44020,
,,,Force,44021,
,,,Francavilla d'Ete,109007,
,,,Gagliole,43020,
,,,Grottammare,44023,
,,,Grottazzolina,109008,
,,,Gualdo,43021,
,,,Lapedona,109009,
,,,Loro Piceno,43022,
,,,Macerata,43023,
,,,Magliano di Tenna,109010,
,,,Maltignano,44027,
,,,Massa Fermana,109011,
,,,Massignano,44029,
,,,Matelica,43024,
,,,Mogliano,43025,
,,,Monsampietro Morico,109012,
,,,Monsampolo del Tronto,44031,
,,,Montalto delle Marche,44032,
,,,Montappone,109013,
,,,Monte Cavallo,43027,
,,,Monte Giberto,109016,
,,,Monte Rinaldo,109021,
,,,Monte San Giusto,43031,
,,,Monte San Martino,43032,
,,,Monte San Pietrangeli,109023,
,,,Monte Urano,109024,
,,,Monte Vidon Combatte,109025,
,,,Monte Vidon Corrado,109026,
,,,Montecassiano,43026,
,,,Montecosaro,43028,
,,,Montedinove,44034,
,,,Montefalcone Appennino,109014,
,,,Montefano,43029,
,,,Montefiore dell'Aso,44036,
,,,Montefortino,109015,
,,,Montegallo,44038,
,,,Montegiorgio,109017,
,,,Montegranaro,109018,
,,,Monteleone di Fermo,109019,
,,,Montelparo,109020,
,,,Montelupone,43030,
,,,Montemonaco,44044,
,,,Monteprandone,44045,
,,,Monterubbiano,109022,
,,,Montottone,109027,
,,,Moresco,109028,
,,,Morrovalle,43033,
,,,Muccia,43034,
,,,Offida,44054,
,,,Ortezzano,109029,
,,,Palmiano,44056,
,,,Pedaso,109030,
,,,Penna San Giovanni,43035,
,,,Petriolo,43036,
,,,Petritoli,109031,
,,,Pieve Torina,43038,
,,,Pioraco,43039,
,,,Poggio San Vicino,43040,
,,,Pollenza,43041,
,,,Ponzano di Fermo,109032,
,,,Porto Recanati,43042,
,,,Porto San Giorgio,109033,
,,,Porto Sant'Elpidio,109034,
,,,Potenza Picena,43043,
,,,Rapagnano,109035,
,,,Recanati,43044,
,,,Ripatransone,44063,
,,,Ripe San Ginesio,43045,
,,,Roccafluvione,44064,
,,,Rotella,44065,
,,,San Benedetto del Tronto,44066,
,,,San Ginesio,43046,
,,,San Severino Marche,43047,
,,,Santa Vittoria in Matenano,109036,
,,,Sant'Angelo in Pontano,43048,
,,,Sant'Elpidio a Mare,109037,
,,,Sarnano,43049,
,,,Sefro,43050,
,,,Serrapetrona,43051,
,,,Serravalle di Chienti,43052,
,,,Servigliano,109038,
,,,Smerillo,109039,
,,,Spinetoli,44071,
,,,Tolentino,43053,
,,,Torre San Patrizio,109040,
,,,Treia,43054,
,,,Urbisaglia,43055,
,,,Ussita,43056,
,,,Valfornace,43058,
,,,Venarotta,44073,
,,,Visso,43057,
,,Marche - U02,Ancona,,
,,,Acqualagna,41001,
,,,Agugliano,42001,
,,,Ancona,42002,
,,,Apecchio,41002,
,,,Arcevia,42003,
,,,Barbara,42004,
,,,Belforte all'Isauro,41005,
,,,Belvedere Ostrense,42005,
,,,Borgo Pace,41006,
,,,Cagli,41007,
,,,Camerano,42006,
,,,Camerata Picena,42007,
,,,Cantiano,41008,
,,,Carpegna,41009,
,,,Cartoceto,41010,
,,,Castelbellino,42008,
,,,Castelfidardo,42010,
,,,Castelleone di Suasa,42011,
,,,Castelplanio,42012,
,,,Cerreto d'Esi,42013,
,,,Chiaravalle,42014,
,,,Colli al Metauro,41069,
,,,Corinaldo,42015,
,,,Cupramontana,42016,
,,,Fabriano,42017,
,,,Falconara Marittima,42018,
,,,Fano,41013,
,,,Fermignano,41014,
,,,Filottrano,42019,
,,,Fossombrone,41015,
,,,Fratte Rosa,41016,
,,,Frontino,41017,
,,,Frontone,41018,
,,,Gabicce Mare,41019,
,,,Genga,42020,
,,,Gradara,41020,
,,,Isola del Piano,41021,
,,,Jesi,42021,
,,,Loreto,42022,
,,,Lunano,41022,
,,,Macerata Feltria,41023,
,,,Maiolati Spontini,42023,
,,,Mercatello sul Metauro,41025,
,,,Mercatino Conca,41026,
,,,Mergo,42024,
,,,Mombaroccio,41027,
,,,Mondavio,41028,
,,,Mondolfo,41029,
,,,Monsano,42025,
,,,Monte Cerignone,41031,
,,,Monte Grimano Terme,41035,
,,,Monte Porzio,41038,
,,,Monte Roberto,42029,
,,,Monte San Vito,42030,
,,,Montecalvo in Foglia,41030,
,,,Montecarotto,42026,
,,,Montecopiolo,41033,
,,,Montefelcino,41034,
,,,Montelabbate,41036,
,,,Montemarciano,42027,
,,,Morro d'Alba,42031,
,,,Numana,42032,
,,,Offagna,42033,
,,,Osimo,42034,
,,,Ostra,42035,
,,,Ostra Vetere,42036,
,,,Peglio,41041,
,,,Pergola,41043,
,,,Pesaro,41044,
,,,Petriano,41045,
,,,Piandimeleto,41047,
,,,Pietrarubbia,41048,
,,,Piobbico,41049,
,,,Poggio San Marcello,42037,
,,,Polverigi,42038,
,,,Rosora,42040,
,,,San Costanzo,41051,
,,,San Lorenzo in Campo,41054,
,,,San Marcello,42041,
,,,San Paolo di Jesi,42042,
,,,Santa Maria Nuova,42043,
,,,Sant'Angelo in Vado,41057,
,,,Sant'Ippolito,41058,
,,,Sassocorvaro Auditore,41071,
,,,Sassofeltrio,41060,
,,,Sassoferrato,42044,
,,,Senigallia,42045,
,,,Serra de' Conti,42046,
,,,Serra San Quirico,42047,
,,,Serra Sant'Abbondio,41061,
,,,Sirolo,42048,
,,,Staffolo,42049,
,,,Tavoleto,41064,
,,,Tavullia,41065,
,,,Terre Roveresche,41070,
,,,Trecastelli,42050,
,,,Urbania,41066,
,,,Urbino,41067,
,,,Vallefoglia,41068,
Regione: Lazio,,,,,
Circoscrizione: Lazio,,,,,
Codice della circoscrizione elettorale,Denominazione della circoscrizione elettorale,Denominazione del collegio uninominale,"Denominazione del comune o dell'area sub-comunale con la maggiore ampiezza demografica
 inclusi nel collegio","Denominazione del comune
o  dell'area sub-comunale 
 inclusi nel collegio",Codice Istat del comune o dell'area sub-comunale inclusi nel collegio
12,Lazio,Lazio - U01,Viterbo,,
,,,Accumoli,57001,
,,,Acquapendente,56001,
,,,Allumiere,58004,
,,,Amatrice,57002,
,,,Anguillara Sabazia,58005,
,,,Antrodoco,57003,
,,,Arlena di Castro,56002,
,,,Ascrea,57004,
,,,Bagnoregio,56003,
,,,Barbarano Romano,56004,
,,,Bassano in Teverina,56006,
,,,Bassano Romano,56005,
,,,Belmonte in Sabina,57005,
,,,Blera,56007,
,,,Bolsena,56008,
,,,Bomarzo,56009,
,,,Borbona,57006,
,,,Borgo Velino,57008,
,,,Borgorose,57007,
,,,Bracciano,58013,
,,,Calcata,56010,
,,,Campagnano di Roma,58015,
,,,Canale Monterano,58016,
,,,Canepina,56011,
,,,Canino,56012,
,,,Cantalice,57009,
,,,Cantalupo in Sabina,57010,
,,,Capena,58018,
,,,Capodimonte,56013,
,,,Capranica,56014,
,,,Caprarola,56015,
,,,Carbognano,56016,
,,,Casaprota,57011,
,,,Casperia,57012,
,,,Castel di Tora,57013,
,,,Castel Sant'Angelo,57015,
,,,Castel Sant'Elia,56017,
,,,Castelnuovo di Farfa,57014,
,,,Castelnuovo di Porto,58024,
,,,Castiglione in Teverina,56018,
,,,Celleno,56019,
,,,Cellere,56020,
,,,Cerveteri,58029,
,,,Cittaducale,57016,
,,,Cittareale,57017,
,,,Civita Castellana,56021,
,,,Civitavecchia,58032,
,,,Civitella d'Agliano,56022,
,,,Civitella San Paolo,58033,
,,,Collalto Sabino,57018,
,,,Colle di Tora,57019,
,,,Collegiove,57020,
,,,Collevecchio,57021,
,,,Colli sul Velino,57022,
,,,Concerviano,57023,
,,,Configni,57024,
,,,Contigliano,57025,
,,,Corchiano,56023,
,,,Cottanello,57026,
,,,Fabrica di Roma,56024,
,,,Faleria,56025,
,,,Fara in Sabina,57027,
,,,Farnese,56026,
,,,Fiamignano,57028,
,,,Fiano Romano,58036,
,,,Filacciano,58037,
,,,Forano,57029,
,,,Formello,58038,
,,,Frasso Sabino,57030,
,,,Gallese,56027,
,,,Gradoli,56028,
,,,Graffignano,56029,
,,,Greccio,57031,
,,,Grotte di Castro,56030,
,,,Ischia di Castro,56031,
,,,Labro,57032,
,,,Ladispoli,58116,
,,,Latera,56032,
,,,Leonessa,57033,
,,,Longone Sabino,57034,
,,,Lubriano,56033,
,,,Magliano Romano,58052,
,,,Magliano Sabina,57035,
,,,Manziana,58054,
,,,Marcetelli,57036,
,,,Marta,56034,
,,,Mazzano Romano,58058,
,,,Micigliano,57037,
,,,Mompeo,57038,
,,,Montalto di Castro,56035,
,,,Montasola,57039,
,,,Monte Romano,56037,
,,,Monte San Giovanni in Sabina,57043,
,,,Montebuono,57040,
,,,Montefiascone,56036,
,,,Monteflavio,58061,
,,,Monteleone Sabino,57041,
,,,Montelibretti,58063,
,,,Montenero Sabino,57042,
,,,Monterosi,56038,
,,,Monterotondo,58065,
,,,Montopoli di Sabina,57044,
,,,Montorio Romano,58066,
,,,Moricone,58067,
,,,Morlupo,58068,
,,,Morro Reatino,57045,
,,,Nazzano,58069,
,,,Nepi,56039,
,,,Nerola,58071,
,,,Nespolo,57046,
,,,Onano,56040,
,,,Oriolo Romano,56041,
,,,Orte,56042,
,,,Orvinio,57047,
,,,Paganico Sabino,57048,
,,,Palombara Sabina,58075,
,,,Pescorocchiano,57049,
,,,Petrella Salto,57050,
,,,Piansano,56043,
,,,Poggio Bustone,57051,
,,,Poggio Catino,57052,
,,,Poggio Mirteto,57053,
,,,Poggio Moiano,57054,
,,,Poggio Nativo,57055,
,,,Poggio San Lorenzo,57056,
,,,Ponzano Romano,58080,
,,,Posta,57057,
,,,Pozzaglia Sabina,57058,
,,,Proceno,56044,
,,,Riano,58081,
,,,Rieti,57059,
,,,Rignano Flaminio,58082,
,,,Rivodutri,57060,
,,,Rocca Sinibalda,57062,
,,,Roccantica,57061,
,,,Ronciglione,56045,
,,,Sacrofano,58093,
,,,Salisano,57063,
,,,San Lorenzo Nuovo,56047,
,,,Santa Marinella,58097,
,,,Sant'Angelo Romano,58098,
,,,Sant'Oreste,58099,
,,,Scandriglia,57064,
,,,Selci,57065,
,,,Soriano nel Cimino,56048,
,,,Stimigliano,57066,
,,,Sutri,56049,
,,,Tarano,57067,
,,,Tarquinia,56050,
,,,Tessennano,56051,
,,,Toffia,57068,
,,,Tolfa,58105,
,,,Torri in Sabina,57070,
,,,Torricella in Sabina,57069,
,,,Torrita Tiberina,58106,
,,,Trevignano Romano,58107,
,,,Turania,57071,
,,,Tuscania,56052,
,,,Vacone,57072,
,,,Valentano,56053,
,,,Vallerano,56054,
,,,Varco Sabino,57073,
,,,Vasanello,56055,
,,,Vejano,56056,
,,,Vetralla,56057,
,,,Vignanello,56058,
,,,Villa San Giovanni in Tuscia,56046,
,,,Viterbo,56059,
,,,Vitorchiano,56060,
,,Lazio - U02,Roma: Municipio XIV,,
,,,Roma: Municipio I,58091,
,,,Roma: Municipio II,58091,
,,,"Roma: Municipio VIII, limitatamente alle Zone Urbanistiche: 11a-Ostiense, 11b-Valco San Paolo e 11c-Garbatella",58091,
,,,Roma: Municipio XI,58091,
,,,Roma: Municipio XII,58091,
,,,Roma: Municipio XIII,58091,
,,,Roma: Municipio XIV,58091,
,,,Roma: Municipio XV,58091,
,,Lazio - U03,Roma: Municipio V,,
,,,Roma: Municipio III,58091,
,,,Roma: Municipio IV,58091,
,,,Roma: Municipio V,58091,
,,,Roma: Municipio VI,58091,
,,Lazio - U04,Roma: Municipio VII,,
,,,Ciampino,58118,
,,,Fiumicino,58120,
,,,Roma: Municipio VII,58091,
,,,"Roma: Municipio VIII, limitatamente alle Zone Urbanistiche: 11d-Navigatori, 11e-Tormarancia, 11f-Tre Fontane, 11g-Grottaperfetta, 11x-Appia Antica Nord e 11y-Appia Antica Sud",58091,
,,,Roma: Municipio IX,58091,
,,,Roma: Municipio X,58091,
,,Lazio - U05,Guidonia Montecelio,,
,,,Affile,58001,
,,,Agosta,58002,
,,,Albano Laziale,58003,
,,,Anticoli Corrado,58006,
,,,Anzio,58007,
,,,Arcinazzo Romano,58008,
,,,Ardea,58117,
,,,Ariccia,58009,
,,,Arsoli,58010,
,,,Artena,58011,
,,,Bellegra,58012,
,,,Camerata Nuova,58014,
,,,Canterano,58017,
,,,Capranica Prenestina,58019,
,,,Carpineto Romano,58020,
,,,Casape,58021,
,,,Castel Gandolfo,58022,
,,,Castel Madama,58023,
,,,Castel San Pietro Romano,58025,
,,,Cave,58026,
,,,Cerreto Laziale,58027,
,,,Cervara di Roma,58028,
,,,Ciciliano,58030,
,,,Cineto Romano,58031,
,,,Colleferro,58034,
,,,Colonna,58035,
,,,Fonte Nuova,58122,
,,,Frascati,58039,
,,,Gallicano nel Lazio,58040,
,,,Gavignano,58041,
,,,Genazzano,58042,
,,,Genzano di Roma,58043,
,,,Gerano,58044,
,,,Gorga,58045,
,,,Grottaferrata,58046,
,,,Guidonia Montecelio,58047,
,,,Jenne,58048,
,,,Labico,58049,
,,,Lanuvio,58050,
,,,Lariano,58115,
,,,Licenza,58051,
,,,Mandela,58053,
,,,Marano Equo,58055,
,,,Marcellina,58056,
,,,Marino,58057,
,,,Mentana,58059,
,,,Monte Compatri,58060,
,,,Monte Porzio Catone,58064,
,,,Montelanico,58062,
,,,Nemi,58070,
,,,Nettuno,58072,
,,,Olevano Romano,58073,
,,,Palestrina,58074,
,,,Percile,58076,
,,,Pisoniano,58077,
,,,Poli,58078,
,,,Pomezia,58079,
,,,Riofreddo,58083,
,,,Rocca Canterano,58084,
,,,Rocca di Cave,58085,
,,,Rocca di Papa,58086,
,,,Rocca Priora,58088,
,,,Rocca Santo Stefano,58089,
,,,Roccagiovine,58087,
,,,Roiate,58090,
,,,Roviano,58092,
,,,Sambuci,58094,
,,,San Cesareo,58119,
,,,San Gregorio da Sassola,58095,
,,,San Polo dei Cavalieri,58096,
,,,San Vito Romano,58100,
,,,Saracinesco,58101,
,,,Segni,58102,
,,,Subiaco,58103,
,,,Tivoli,58104,
,,,Vallepietra,58108,
,,,Vallinfreda,58109,
,,,Valmontone,58110,
,,,Velletri,58111,
,,,Vicovaro,58112,
,,,Vivaro Romano,58113,
,,,Zagarolo,58114,
,,Lazio - U06,Latina,,
,,,Acquafondata,60001,
,,,Acuto,60002,
,,,Alatri,60003,
,,,Alvito,60004,
,,,Amaseno,60005,
,,,Anagni,60006,
,,,Aprilia,59001,
,,,Aquino,60007,
,,,Arce,60008,
,,,Arnara,60009,
,,,Arpino,60010,
,,,Atina,60011,
,,,Ausonia,60012,
,,,Bassiano,59002,
,,,Belmonte Castello,60013,
,,,Boville Ernica,60014,
,,,Broccostella,60015,
,,,Campodimele,59003,
,,,Campoli Appennino,60016,
,,,Casalattico,60017,
,,,Casalvieri,60018,
,,,Cassino,60019,
,,,Castelforte,59004,
,,,Castelliri,60020,
,,,Castelnuovo Parano,60021,
,,,Castro dei Volsci,60023,
,,,Castrocielo,60022,
,,,Ceccano,60024,
,,,Ceprano,60025,
,,,Cervaro,60026,
,,,Cisterna di Latina,59005,
,,,Colfelice,60027,
,,,Colle San Magno,60029,
,,,Collepardo,60028,
,,,Coreno Ausonio,60030,
,,,Cori,59006,
,,,Esperia,60031,
,,,Falvaterra,60032,
,,,Ferentino,60033,
,,,Filettino,60034,
,,,Fiuggi,60035,
,,,Fondi,59007,
,,,Fontana Liri,60036,
,,,Fontechiari,60037,
,,,Formia,59008,
,,,Frosinone,60038,
,,,Fumone,60039,
,,,Gaeta,59009,
,,,Gallinaro,60040,
,,,Giuliano di Roma,60041,
,,,Guarcino,60042,
,,,Isola del Liri,60043,
,,,Itri,59010,
,,,Latina,59011,
,,,Lenola,59012,
,,,Maenza,59013,
,,,Minturno,59014,
,,,Monte San Biagio,59015,
,,,Monte San Giovanni Campano,60044,
,,,Morolo,60045,
,,,Norma,59016,
,,,Paliano,60046,
,,,Pastena,60047,
,,,Patrica,60048,
,,,Pescosolido,60049,
,,,Picinisco,60050,
,,,Pico,60051,
,,,Piedimonte San Germano,60052,
,,,Piglio,60053,
,,,Pignataro Interamna,60054,
,,,Pofi,60055,
,,,Pontecorvo,60056,
,,,Pontinia,59017,
,,,Ponza,59018,
,,,Posta Fibreno,60057,
,,,Priverno,59019,
,,,Prossedi,59020,
,,,Ripi,60058,
,,,Rocca d'Arce,60059,
,,,Rocca Massima,59022,
,,,Roccagorga,59021,
,,,Roccasecca,60060,
,,,Roccasecca dei Volsci,59023,
,,,Sabaudia,59024,
,,,San Biagio Saracinisco,60061,
,,,San Donato Val di Comino,60062,
,,,San Felice Circeo,59025,
,,,San Giorgio a Liri,60063,
,,,San Giovanni Incarico,60064,
,,,San Vittore del Lazio,60070,
,,,Sant'Ambrogio sul Garigliano,60065,
,,,Sant'Andrea del Garigliano,60066,
,,,Sant'Apollinare,60067,
,,,Sant'Elia Fiumerapido,60068,
,,,Santi Cosma e Damiano,59026,
,,,Santopadre,60069,
,,,Sermoneta,59027,
,,,Serrone,60071,
,,,Settefrati,60072,
,,,Sezze,59028,
,,,Sgurgola,60073,
,,,Sonnino,59029,
,,,Sora,60074,
,,,Sperlonga,59030,
,,,Spigno Saturnia,59031,
,,,Strangolagalli,60075,
,,,Supino,60076,
,,,Terelle,60077,
,,,Terracina,59032,
,,,Torre Cajetani,60078,
,,,Torrice,60079,
,,,Trevi nel Lazio,60080,
,,,Trivigliano,60081,
,,,Vallecorsa,60082,
,,,Vallemaio,60083,
,,,Vallerotonda,60084,
,,,Ventotene,59033,
,,,Veroli,60085,
,,,Vicalvi,60086,
,,,Vico nel Lazio,60087,
,,,Villa Latina,60088,
,,,Villa Santa Lucia,60089,
,,,Villa Santo Stefano,60090,
,,,Viticuso,60091,
Regione: Abruzzo,,,,,
Circoscrizione: Abruzzo,,,,,
Codice della circoscrizione elettorale,Denominazione della circoscrizione elettorale,Denominazione del collegio uninominale,"Denominazione del comune o dell'area sub-comunale con la maggiore ampiezza demografica
 inclusi nel collegio","Denominazione del comune
o  dell'area sub-comunale 
 inclusi nel collegio",Codice Istat del comune o dell'area sub-comunale inclusi nel collegio
13,Abruzzo,Abruzzo - U01,Pescara,,
,,,Abbateggio,68001,
,,,Acciano,66001,
,,,Aielli,66002,
,,,Alanno,68002,
,,,Alba Adriatica,67001,
,,,Alfedena,66003,
,,,Altino,69001,
,,,Ancarano,67002,
,,,Anversa degli Abruzzi,66004,
,,,Archi,69002,
,,,Ari,69003,
,,,Arielli,69004,
,,,Arsita,67003,
,,,Ateleta,66005,
,,,Atessa,69005,
,,,Atri,67004,
,,,Avezzano,66006,
,,,Balsorano,66007,
,,,Barete,66008,
,,,Barisciano,66009,
,,,Barrea,66010,
,,,Basciano,67005,
,,,Bellante,67006,
,,,Bisegna,66011,
,,,Bisenti,67007,
,,,Bolognano,68003,
,,,Bomba,69006,
,,,Borrello,69007,
,,,Brittoli,68004,
,,,Bucchianico,69008,
,,,Bugnara,66012,
,,,Bussi sul Tirino,68005,
,,,Cagnano Amiterno,66013,
,,,Calascio,66014,
,,,Campli,67008,
,,,Campo di Giove,66015,
,,,Campotosto,66016,
,,,Canistro,66017,
,,,Canosa Sannita,69010,
,,,Cansano,66018,
,,,Canzano,67009,
,,,Capestrano,66019,
,,,Capistrello,66020,
,,,Capitignano,66021,
,,,Caporciano,66022,
,,,Cappadocia,66023,
,,,Cappelle sul Tavo,68006,
,,,Caramanico Terme,68007,
,,,Carapelle Calvisio,66024,
,,,Carpineto della Nora,68008,
,,,Carpineto Sinello,69011,
,,,Carsoli,66025,
,,,Carunchio,69012,
,,,Casacanditella,69013,
,,,Casalanguida,69014,
,,,Casalbordino,69015,
,,,Casalincontrada,69016,
,,,Casoli,69017,
,,,Castel Castagna,67010,
,,,Castel del Monte,66026,
,,,Castel di Ieri,66027,
,,,Castel di Sangro,66028,
,,,Castel Frentano,69018,
,,,Castelguidone,69019,
,,,Castellafiume,66029,
,,,Castellalto,67011,
,,,Castelli,67012,
,,,Castelvecchio Calvisio,66030,
,,,Castelvecchio Subequo,66031,
,,,Castiglione a Casauria,68009,
,,,Castiglione Messer Marino,69020,
,,,Castiglione Messer Raimondo,67013,
,,,Castilenti,67014,
,,,Catignano,68010,
,,,Celano,66032,
,,,Celenza sul Trigno,69021,
,,,Cellino Attanasio,67015,
,,,Cepagatti,68011,
,,,Cerchio,66033,
,,,Cermignano,67016,
,,,Chieti,69022,
,,,Città Sant'Angelo,68012,
,,,Civita d'Antino,66034,
,,,Civitaluparella,69023,
,,,Civitaquana,68013,
,,,Civitella Alfedena,66035,
,,,Civitella Casanova,68014,
,,,Civitella del Tronto,67017,
,,,Civitella Messer Raimondo,69024,
,,,Civitella Roveto,66036,
,,,Cocullo,66037,
,,,Collarmele,66038,
,,,Collecorvino,68015,
,,,Colledara,67018,
,,,Colledimacine,69025,
,,,Colledimezzo,69026,
,,,Collelongo,66039,
,,,Collepietro,66040,
,,,Colonnella,67019,
,,,Controguerra,67020,
,,,Corfinio,66041,
,,,Corropoli,67021,
,,,Cortino,67022,
,,,Corvara,68016,
,,,Crecchio,69027,
,,,Crognaleto,67023,
,,,Cugnoli,68017,
,,,Cupello,69028,
,,,Dogliola,69029,
,,,Elice,68018,
,,,Fagnano Alto,66042,
,,,Fallo,69104,
,,,Fano Adriano,67024,
,,,Fara Filiorum Petri,69030,
,,,Fara San Martino,69031,
,,,Farindola,68019,
,,,Filetto,69032,
,,,Fontecchio,66043,
,,,Fossa,66044,
,,,Fossacesia,69033,
,,,Fraine,69034,
,,,Francavilla al Mare,69035,
,,,Fresagrandinaria,69036,
,,,Frisa,69037,
,,,Furci,69038,
,,,Gagliano Aterno,66045,
,,,Gamberale,69039,
,,,Gessopalena,69040,
,,,Gioia dei Marsi,66046,
,,,Gissi,69041,
,,,Giuliano Teatino,69042,
,,,Giulianova,67025,
,,,Goriano Sicoli,66047,
,,,Guardiagrele,69043,
,,,Guilmi,69044,
,,,Introdacqua,66048,
,,,Isola del Gran Sasso d'Italia,67026,
,,,Lama dei Peligni,69045,
,,,Lanciano,69046,
,,,L'Aquila,66049,
,,,Lecce nei Marsi,66050,
,,,Lentella,69047,
,,,Lettomanoppello,68020,
,,,Lettopalena,69048,
,,,Liscia,69049,
,,,Loreto Aprutino,68021,
,,,Luco dei Marsi,66051,
,,,Lucoli,66052,
,,,Magliano de' Marsi,66053,
,,,Manoppello,68022,
,,,Martinsicuro,67047,
,,,Massa d'Albe,66054,
,,,Miglianico,69050,
,,,Molina Aterno,66055,
,,,Montazzoli,69051,
,,,Montebello di Bertona,68023,
,,,Montebello sul Sangro,69009,
,,,Monteferrante,69052,
,,,Montefino,67027,
,,,Montelapiano,69053,
,,,Montenerodomo,69054,
,,,Monteodorisio,69055,
,,,Montereale,66056,
,,,Montesilvano,68024,
,,,Montorio al Vomano,67028,
,,,Morino,66057,
,,,Morro d'Oro,67029,
,,,Mosciano Sant'Angelo,67030,
,,,Moscufo,68025,
,,,Mozzagrogna,69056,
,,,Navelli,66058,
,,,Nereto,67031,
,,,Nocciano,68026,
,,,Notaresco,67032,
,,,Ocre,66059,
,,,Ofena,66060,
,,,Opi,66061,
,,,Oricola,66062,
,,,Orsogna,69057,
,,,Ortona,69058,
,,,Ortona dei Marsi,66063,
,,,Ortucchio,66064,
,,,Ovindoli,66065,
,,,Pacentro,66066,
,,,Paglieta,69059,
,,,Palena,69060,
,,,Palmoli,69061,
,,,Palombaro,69062,
,,,Penna Sant'Andrea,67033,
,,,Pennadomo,69063,
,,,Pennapiedimonte,69064,
,,,Penne,68027,
,,,Perano,69065,
,,,Pereto,66067,
,,,Pescara,68028,
,,,Pescasseroli,66068,
,,,Pescina,66069,
,,,Pescocostanzo,66070,
,,,Pescosansonesco,68029,
,,,Pettorano sul Gizio,66071,
,,,Pianella,68030,
,,,Picciano,68031,
,,,Pietracamela,67034,
,,,Pietraferrazzana,69103,
,,,Pietranico,68032,
,,,Pineto,67035,
,,,Pizzoferrato,69066,
,,,Pizzoli,66072,
,,,Poggio Picenze,66073,
,,,Poggiofiorito,69067,
,,,Pollutri,69068,
,,,Popoli,68033,
,,,Prata d'Ansidonia,66074,
,,,Pratola Peligna,66075,
,,,Pretoro,69069,
,,,Prezza,66076,
,,,Quadri,69070,
,,,Raiano,66077,
,,,Rapino,69071,
,,,Ripa Teatina,69072,
,,,Rivisondoli,66078,
,,,Rocca di Botte,66080,
,,,Rocca di Cambio,66081,
,,,Rocca di Mezzo,66082,
,,,Rocca Pia,66083,
,,,Rocca San Giovanni,69074,
,,,Rocca Santa Maria,67036,
,,,Roccacasale,66079,
,,,Roccamontepiano,69073,
,,,Roccamorice,68034,
,,,Roccaraso,66084,
,,,Roccascalegna,69075,
,,,Roccaspinalveti,69076,
,,,Roio del Sangro,69077,
,,,Rosciano,68035,
,,,Rosello,69078,
,,,Roseto degli Abruzzi,67037,
,,,Salle,68036,
,,,San Benedetto dei Marsi,66085,
,,,San Benedetto in Perillis,66086,
,,,San Buono,69079,
,,,San Demetrio ne' Vestini,66087,
,,,San Giovanni Lipioni,69080,
,,,San Giovanni Teatino,69081,
,,,San Martino sulla Marrucina,69082,
,,,San Pio delle Camere,66088,
,,,San Salvo,69083,
,,,San Valentino in Abruzzo Citeriore,68038,
,,,San Vincenzo Valle Roveto,66092,
,,,San Vito Chietino,69086,
,,,Santa Maria Imbaro,69084,
,,,Sante Marie,66089,
,,,Sant'Egidio alla Vibrata,67038,
,,,Sant'Eufemia a Maiella,68037,
,,,Sant'Eusanio del Sangro,69085,
,,,Sant'Eusanio Forconese,66090,
,,,Santo Stefano di Sessanio,66091,
,,,Sant'Omero,67039,
,,,Scafa,68039,
,,,Scanno,66093,
,,,Scerni,69087,
,,,Schiavi di Abruzzo,69088,
,,,Scontrone,66094,
,,,Scoppito,66095,
,,,Scurcola Marsicana,66096,
,,,Secinaro,66097,
,,,Serramonacesca,68040,
,,,Silvi,67040,
,,,Spoltore,68041,
,,,Sulmona,66098,
,,,Tagliacozzo,66099,
,,,Taranta Peligna,69089,
,,,Teramo,67041,
,,,Tione degli Abruzzi,66100,
,,,Tocco da Casauria,68042,
,,,Tollo,69090,
,,,Torano Nuovo,67042,
,,,Torino di Sangro,69091,
,,,Tornareccio,69092,
,,,Tornimparte,66101,
,,,Torre de' Passeri,68043,
,,,Torrebruna,69093,
,,,Torrevecchia Teatina,69094,
,,,Torricella Peligna,69095,
,,,Torricella Sicura,67043,
,,,Tortoreto,67044,
,,,Tossicia,67045,
,,,Trasacco,66102,
,,,Treglio,69096,
,,,Tufillo,69097,
,,,Turrivalignani,68044,
,,,Vacri,69098,
,,,Valle Castellana,67046,
,,,Vasto,69099,
,,,Vicoli,68045,
,,,Villa Celiera,68046,
,,,Villa Santa Lucia degli Abruzzi,66104,
,,,Villa Santa Maria,69102,
,,,Villa Sant'Angelo,66105,
,,,Villalago,66103,
,,,Villalfonsina,69100,
,,,Villamagna,69101,
,,,Villavallelonga,66106,
,,,Villetta Barrea,66107,
,,,Vittorito,66108,
Regione: Molise,,,,,
Circoscrizione: Molise,,,,,
Codice della circoscrizione elettorale,Denominazione della circoscrizione elettorale,Denominazione del collegio uninominale,"Denominazione del comune o dell'area sub-comunale con la maggiore ampiezza demografica
 inclusi nel collegio","Denominazione del comune
o  dell'area sub-comunale 
 inclusi nel collegio",Codice Istat del comune o dell'area sub-comunale inclusi nel collegio
14,Molise,Molise - U01,Campobasso,,
,,,Acquaviva Collecroce,70001,
,,,Acquaviva d'Isernia,94001,
,,,Agnone,94002,
,,,Bagnoli del Trigno,94003,
,,,Baranello,70002,
,,,Belmonte del Sannio,94004,
,,,Bojano,70003,
,,,Bonefro,70004,
,,,Busso,70005,
,,,Campobasso,70006,
,,,Campochiaro,70007,
,,,Campodipietra,70008,
,,,Campolieto,70009,
,,,Campomarino,70010,
,,,Cantalupo nel Sannio,94005,
,,,Capracotta,94006,
,,,Carovilli,94007,
,,,Carpinone,94008,
,,,Casacalenda,70011,
,,,Casalciprano,70012,
,,,Castel del Giudice,94009,
,,,Castel San Vincenzo,94012,
,,,Castelbottaccio,70013,
,,,Castellino del Biferno,70014,
,,,Castelmauro,70015,
,,,Castelpetroso,94010,
,,,Castelpizzuto,94011,
,,,Castelverrino,94013,
,,,Castropignano,70016,
,,,Cercemaggiore,70017,
,,,Cercepiccola,70018,
,,,Cerro al Volturno,94014,
,,,Chiauci,94015,
,,,Civitacampomarano,70019,
,,,Civitanova del Sannio,94016,
,,,Colle d'Anchise,70020,
,,,Colletorto,70021,
,,,Colli a Volturno,94017,
,,,Conca Casale,94018,
,,,Duronia,70022,
,,,Ferrazzano,70023,
,,,Filignano,94019,
,,,Forlì del Sannio,94020,
,,,Fornelli,94021,
,,,Fossalto,70024,
,,,Frosolone,94022,
,,,Gambatesa,70025,
,,,Gildone,70026,
,,,Guardialfiera,70027,
,,,Guardiaregia,70028,
,,,Guglionesi,70029,
,,,Isernia,94023,
,,,Jelsi,70030,
,,,Larino,70031,
,,,Limosano,70032,
,,,Longano,94024,
,,,Lucito,70033,
,,,Lupara,70034,
,,,Macchia d'Isernia,94025,
,,,Macchia Valfortore,70035,
,,,Macchiagodena,94026,
,,,Mafalda,70036,
,,,Matrice,70037,
,,,Mirabello Sannitico,70038,
,,,Miranda,94027,
,,,Molise,70039,
,,,Monacilioni,70040,
,,,Montagano,70041,
,,,Montaquila,94028,
,,,Montecilfone,70042,
,,,Montefalcone nel Sannio,70043,
,,,Montelongo,70044,
,,,Montemitro,70045,
,,,Montenero di Bisaccia,70046,
,,,Montenero Val Cocchiara,94029,
,,,Monteroduni,94030,
,,,Montorio nei Frentani,70047,
,,,Morrone del Sannio,70048,
,,,Oratino,70049,
,,,Palata,70050,
,,,Pesche,94031,
,,,Pescolanciano,94032,
,,,Pescopennataro,94033,
,,,Petacciato,70051,
,,,Petrella Tifernina,70052,
,,,Pettoranello del Molise,94034,
,,,Pietrabbondante,94035,
,,,Pietracatella,70053,
,,,Pietracupa,70054,
,,,Pizzone,94036,
,,,Poggio Sannita,94037,
,,,Portocannone,70055,
,,,Pozzilli,94038,
,,,Provvidenti,70056,
,,,Riccia,70057,
,,,Rionero Sannitico,94039,
,,,Ripabottoni,70058,
,,,Ripalimosani,70059,
,,,Roccamandolfi,94040,
,,,Roccasicura,94041,
,,,Roccavivara,70060,
,,,Rocchetta a Volturno,94042,
,,,Rotello,70061,
,,,Salcito,70062,
,,,San Biase,70063,
,,,San Felice del Molise,70064,
,,,San Giacomo degli Schiavoni,70065,
,,,San Giovanni in Galdo,70066,
,,,San Giuliano del Sannio,70067,
,,,San Giuliano di Puglia,70068,
,,,San Martino in Pensilis,70069,
,,,San Massimo,70070,
,,,San Pietro Avellana,94043,
,,,San Polo Matese,70071,
,,,Santa Croce di Magliano,70072,
,,,Santa Maria del Molise,94045,
,,,Sant'Agapito,94044,
,,,Sant'Angelo del Pesco,94046,
,,,Sant'Angelo Limosano,70073,
,,,Sant'Elena Sannita,94047,
,,,Sant'Elia a Pianisi,70074,
,,,Scapoli,94048,
,,,Sepino,70075,
,,,Sessano del Molise,94049,
,,,Sesto Campano,94050,
,,,Spinete,70076,
,,,Tavenna,70077,
,,,Termoli,70078,
,,,Torella del Sannio,70079,
,,,Toro,70080,
,,,Trivento,70081,
,,,Tufara,70082,
,,,Ururi,70083,
,,,Vastogirardi,94051,
,,,Venafro,94052,
,,,Vinchiaturo,70084,
Regione: Campania,,,,,
Circoscrizione: Campania,,,,,
Codice della circoscrizione elettorale,Denominazione della circoscrizione elettorale,Denominazione del collegio uninominale,"Denominazione del comune o dell'area sub-comunale con la maggiore ampiezza demografica
 inclusi nel collegio","Denominazione del comune
o  dell'area sub-comunale 
 inclusi nel collegio",Codice Istat del comune o dell'area sub-comunale inclusi nel collegio
15,Campania,Campania - U01,Caserta,,
,,,Ailano,61001,
,,,Alife,61002,
,,,Alvignano,61003,
,,,Arienzo,61004,
,,,Aversa,61005,
,,,Baia e Latina,61006,
,,,Bellona,61007,
,,,Caianello,61008,
,,,Caiazzo,61009,
,,,Calvi Risorta,61010,
,,,Camigliano,61011,
,,,Cancello ed Arnone,61012,
,,,Capodrise,61013,
,,,Capriati a Volturno,61014,
,,,Capua,61015,
,,,Carinaro,61016,
,,,Carinola,61017,
,,,Casagiove,61018,
,,,Casal di Principe,61019,
,,,Casaluce,61020,
,,,Casapesenna,61103,
,,,Casapulla,61021,
,,,Caserta,61022,
,,,Castel Campagnano,61023,
,,,Castel di Sasso,61024,
,,,Castel Morrone,61026,
,,,Castel Volturno,61027,
,,,Castello del Matese,61025,
,,,Cellole,61102,
,,,Cervino,61028,
,,,Cesa,61029,
,,,Ciorlano,61030,
,,,Conca della Campania,61031,
,,,Curti,61032,
,,,Dragoni,61033,
,,,Falciano del Massico,61101,
,,,Fontegreca,61034,
,,,Formicola,61035,
,,,Francolise,61036,
,,,Frignano,61037,
,,,Gallo Matese,61038,
,,,Galluccio,61039,
,,,Giano Vetusto,61040,
,,,Gioia Sannitica,61041,
,,,Grazzanise,61042,
,,,Gricignano di Aversa,61043,
,,,Letino,61044,
,,,Liberi,61045,
,,,Lusciano,61046,
,,,Macerata Campania,61047,
,,,Maddaloni,61048,
,,,Marcianise,61049,
,,,Marzano Appio,61050,
,,,Mignano Monte Lungo,61051,
,,,Mondragone,61052,
,,,Orta di Atella,61053,
,,,Parete,61054,
,,,Pastorano,61055,
,,,Piana di Monte Verna,61056,
,,,Piedimonte Matese,61057,
,,,Pietramelara,61058,
,,,Pietravairano,61059,
,,,Pignataro Maggiore,61060,
,,,Pontelatone,61061,
,,,Portico di Caserta,61062,
,,,Prata Sannita,61063,
,,,Pratella,61064,
,,,Presenzano,61065,
,,,Raviscanina,61066,
,,,Recale,61067,
,,,Riardo,61068,
,,,Rocca d'Evandro,61069,
,,,Roccamonfina,61070,
,,,Roccaromana,61071,
,,,Rocchetta e Croce,61072,
,,,Ruviano,61073,
,,,San Cipriano d'Aversa,61074,
,,,San Felice a Cancello,61075,
,,,San Gregorio Matese,61076,
,,,San Marcellino,61077,
,,,San Marco Evangelista,61104,
,,,San Nicola la Strada,61078,
,,,San Pietro Infine,61079,
,,,San Potito Sannitico,61080,
,,,San Prisco,61081,
,,,San Tammaro,61085,
,,,Santa Maria a Vico,61082,
,,,Santa Maria Capua Vetere,61083,
,,,Santa Maria la Fossa,61084,
,,,Sant'Angelo d'Alife,61086,
,,,Sant'Arpino,61087,
,,,Sessa Aurunca,61088,
,,,Sparanise,61089,
,,,Succivo,61090,
,,,Teano,61091,
,,,Teverola,61092,
,,,Tora e Piccilli,61093,
,,,Trentola Ducenta,61094,
,,,Vairano Patenora,61095,
,,,Valle Agricola,61096,
,,,Valle di Maddaloni,61097,
,,,Villa di Briano,61098,
,,,Villa Literno,61099,
,,,Vitulazio,61100,
,,Campania - U02,Benevento,,
,,,Aiello del Sabato,64001,
,,,Airola,62001,
,,,Altavilla Irpina,64002,
,,,Amorosi,62002,
,,,Andretta,64003,
,,,Apice,62003,
,,,Apollosa,62004,
,,,Aquilonia,64004,
,,,Ariano Irpino,64005,
,,,Arpaia,62005,
,,,Arpaise,62006,
,,,Atripalda,64006,
,,,Avella,64007,
,,,Avellino,64008,
,,,Bagnoli Irpino,64009,
,,,Baiano,64010,
,,,Baselice,62007,
,,,Benevento,62008,
,,,Bisaccia,64011,
,,,Bonea,62009,
,,,Bonito,64012,
,,,Bucciano,62010,
,,,Buonalbergo,62011,
,,,Cairano,64013,
,,,Calabritto,64014,
,,,Calitri,64015,
,,,Calvi,62012,
,,,Campolattaro,62013,
,,,Campoli del Monte Taburno,62014,
,,,Candida,64016,
,,,Caposele,64017,
,,,Capriglia Irpina,64018,
,,,Carife,64019,
,,,Casalbore,64020,
,,,Casalduni,62015,
,,,Cassano Irpino,64021,
,,,Castel Baronia,64022,
,,,Castelfranci,64023,
,,,Castelfranco in Miscano,62016,
,,,Castelpagano,62017,
,,,Castelpoto,62018,
,,,Castelvenere,62019,
,,,Castelvetere in Val Fortore,62020,
,,,Castelvetere sul Calore,64024,
,,,Cautano,62021,
,,,Ceppaloni,62022,
,,,Cerreto Sannita,62023,
,,,Cervinara,64025,
,,,Cesinali,64026,
,,,Chianche,64027,
,,,Chiusano di San Domenico,64028,
,,,Circello,62024,
,,,Colle Sannita,62025,
,,,Contrada,64029,
,,,Conza della Campania,64030,
,,,Cusano Mutri,62026,
,,,Domicella,64031,
,,,Dugenta,62027,
,,,Durazzano,62028,
,,,Faicchio,62029,
,,,Flumeri,64032,
,,,Foglianise,62030,
,,,Foiano di Val Fortore,62031,
,,,Fontanarosa,64033,
,,,Forchia,62032,
,,,Forino,64034,
,,,Fragneto l'Abate,62033,
,,,Fragneto Monforte,62034,
,,,Frasso Telesino,62035,
,,,Frigento,64035,
,,,Gesualdo,64036,
,,,Ginestra degli Schiavoni,62036,
,,,Greci,64037,
,,,Grottaminarda,64038,
,,,Grottolella,64039,
,,,Guardia Lombardi,64040,
,,,Guardia Sanframondi,62037,
,,,Lacedonia,64041,
,,,Lapio,64042,
,,,Lauro,64043,
,,,Limatola,62038,
,,,Lioni,64044,
,,,Luogosano,64045,
,,,Manocalzati,64046,
,,,Marzano di Nola,64047,
,,,Melito Irpino,64048,
,,,Melizzano,62039,
,,,Mercogliano,64049,
,,,Mirabella Eclano,64050,
,,,Moiano,62040,
,,,Molinara,62041,
,,,Montaguto,64051,
,,,Montecalvo Irpino,64052,
,,,Montefalcione,64053,
,,,Montefalcone di Val Fortore,62042,
,,,Monteforte Irpino,64054,
,,,Montefredane,64055,
,,,Montefusco,64056,
,,,Montella,64057,
,,,Montemarano,64058,
,,,Montemiletto,64059,
,,,Montesarchio,62043,
,,,Monteverde,64060,
,,,Montoro,64121,
,,,Morcone,62044,
,,,Morra De Sanctis,64063,
,,,Moschiano,64064,
,,,Mugnano del Cardinale,64065,
,,,Nusco,64066,
,,,Ospedaletto d'Alpinolo,64067,
,,,Paduli,62045,
,,,Pago del Vallo di Lauro,64068,
,,,Pago Veiano,62046,
,,,Pannarano,62047,
,,,Paolisi,62048,
,,,Parolise,64069,
,,,Paternopoli,64070,
,,,Paupisi,62049,
,,,Pesco Sannita,62050,
,,,Petruro Irpino,64071,
,,,Pietradefusi,64072,
,,,Pietraroja,62051,
,,,Pietrastornina,64073,
,,,Pietrelcina,62052,
,,,Ponte,62053,
,,,Pontelandolfo,62054,
,,,Prata di Principato Ultra,64074,
,,,Pratola Serra,64075,
,,,Puglianello,62055,
,,,Quadrelle,64076,
,,,Quindici,64077,
,,,Reino,62056,
,,,Rocca San Felice,64079,
,,,Roccabascerana,64078,
,,,Rotondi,64080,
,,,Salza Irpina,64081,
,,,San Bartolomeo in Galdo,62057,
,,,San Giorgio del Sannio,62058,
,,,San Giorgio La Molara,62059,
,,,San Leucio del Sannio,62060,
,,,San Lorenzello,62061,
,,,San Lorenzo Maggiore,62062,
,,,San Lupo,62063,
,,,San Mango sul Calore,64082,
,,,San Marco dei Cavoti,62064,
,,,San Martino Sannita,62065,
,,,San Martino Valle Caudina,64083,
,,,San Michele di Serino,64084,
,,,San Nazzaro,62066,
,,,San Nicola Baronia,64085,
,,,San Nicola Manfredi,62067,
,,,San Potito Ultra,64086,
,,,San Salvatore Telesino,62068,
,,,San Sossio Baronia,64087,
,,,Santa Croce del Sannio,62069,
,,,Santa Lucia di Serino,64088,
,,,Santa Paolina,64093,
,,,Sant'Agata de' Goti,62070,
,,,Sant'Andrea di Conza,64089,
,,,Sant'Angelo a Cupolo,62071,
,,,Sant'Angelo a Scala,64091,
,,,Sant'Angelo all'Esca,64090,
,,,Sant'Angelo dei Lombardi,64092,
,,,Sant'Arcangelo Trimonte,62078,
,,,Santo Stefano del Sole,64095,
,,,Sassinoro,62072,
,,,Savignano Irpino,64096,
,,,Scampitella,64097,
,,,Senerchia,64098,
,,,Serino,64099,
,,,Sirignano,64100,
,,,Solofra,64101,
,,,Solopaca,62073,
,,,Sorbo Serpico,64102,
,,,Sperone,64103,
,,,Sturno,64104,
,,,Summonte,64105,
,,,Taurano,64106,
,,,Taurasi,64107,
,,,Telese Terme,62074,
,,,Teora,64108,
,,,Tocco Caudio,62075,
,,,Torella dei Lombardi,64109,
,,,Torre Le Nocelle,64110,
,,,Torrecuso,62076,
,,,Torrioni,64111,
,,,Trevico,64112,
,,,Tufo,64113,
,,,Vallata,64114,
,,,Vallesaccarda,64115,
,,,Venticano,64116,
,,,Villamaina,64117,
,,,Villanova del Battista,64118,
,,,Vitulano,62077,
,,,Volturara Irpina,64119,
,,,Zungoli,64120,
,,Campania - U03,Salerno,,
,,,Acerno,65001,
,,,Agropoli,65002,
,,,Albanella,65003,
,,,Alfano,65004,
,,,Altavilla Silentina,65005,
,,,Aquara,65008,
,,,Ascea,65009,
,,,Atena Lucana,65010,
,,,Auletta,65012,
,,,Baronissi,65013,
,,,Battipaglia,65014,
,,,Bellizzi,65158,
,,,Bellosguardo,65015,
,,,Bracigliano,65016,
,,,Buccino,65017,
,,,Buonabitacolo,65018,
,,,Caggiano,65019,
,,,Calvanico,65020,
,,,Camerota,65021,
,,,Campagna,65022,
,,,Campora,65023,
,,,Cannalonga,65024,
,,,Capaccio Paestum,65025,
,,,Casal Velino,65028,
,,,Casalbuono,65026,
,,,Casaletto Spartano,65027,
,,,Caselle in Pittari,65029,
,,,Castel San Giorgio,65034,
,,,Castel San Lorenzo,65035,
,,,Castelcivita,65030,
,,,Castellabate,65031,
,,,Castelnuovo Cilento,65032,
,,,Castelnuovo di Conza,65033,
,,,Castiglione del Genovesi,65036,
,,,Cava de' Tirreni,65037,
,,,Celle di Bulgheria,65038,
,,,Centola,65039,
,,,Ceraso,65040,
,,,Cicerale,65042,
,,,Colliano,65043,
,,,Controne,65045,
,,,Contursi Terme,65046,
,,,Corleto Monforte,65048,
,,,Cuccaro Vetere,65049,
,,,Eboli,65050,
,,,Felitto,65051,
,,,Fisciano,65052,
,,,Futani,65054,
,,,Giffoni Sei Casali,65055,
,,,Giffoni Valle Piana,65056,
,,,Gioi,65057,
,,,Giungano,65058,
,,,Ispani,65059,
,,,Laureana Cilento,65060,
,,,Laurino,65061,
,,,Laurito,65062,
,,,Laviano,65063,
,,,Lustra,65064,
,,,Magliano Vetere,65065,
,,,Mercato San Severino,65067,
,,,Moio della Civitella,65069,
,,,Montano Antilia,65070,
,,,Monte San Giacomo,65075,
,,,Montecorice,65071,
,,,Montecorvino Pugliano,65072,
,,,Montecorvino Rovella,65073,
,,,Monteforte Cilento,65074,
,,,Montesano sulla Marcellana,65076,
,,,Morigerati,65077,
,,,Nocera Inferiore,65078,
,,,Nocera Superiore,65079,
,,,Novi Velia,65080,
,,,Ogliastro Cilento,65081,
,,,Olevano sul Tusciano,65082,
,,,Oliveto Citra,65083,
,,,Omignano,65084,
,,,Orria,65085,
,,,Ottati,65086,
,,,Padula,65087,
,,,Palomonte,65089,
,,,Pellezzano,65090,
,,,Perdifumo,65091,
,,,Perito,65092,
,,,Pertosa,65093,
,,,Petina,65094,
,,,Piaggine,65095,
,,,Pisciotta,65096,
,,,Polla,65097,
,,,Pollica,65098,
,,,Pontecagnano Faiano,65099,
,,,Postiglione,65101,
,,,Prignano Cilento,65103,
,,,Ricigliano,65105,
,,,Roccadaspide,65106,
,,,Roccagloriosa,65107,
,,,Roccapiemonte,65108,
,,,Rofrano,65109,
,,,Romagnano al Monte,65110,
,,,Roscigno,65111,
,,,Rutino,65112,
,,,Sacco,65113,
,,,Sala Consilina,65114,
,,,Salento,65115,
,,,Salerno,65116,
,,,Salvitelle,65117,
,,,San Cipriano Picentino,65118,
,,,San Giovanni a Piro,65119,
,,,San Gregorio Magno,65120,
,,,San Mango Piemonte,65121,
,,,San Mauro Cilento,65123,
,,,San Mauro la Bruca,65124,
,,,San Pietro al Tanagro,65125,
,,,San Rufo,65126,
,,,Santa Marina,65127,
,,,Sant'Angelo a Fasanella,65128,
,,,Sant'Arsenio,65129,
,,,Santomenna,65131,
,,,Sanza,65133,
,,,Sapri,65134,
,,,Sassano,65136,
,,,Serramezzana,65139,
,,,Serre,65140,
,,,Sessa Cilento,65141,
,,,Siano,65142,
,,,Sicignano degli Alburni,65143,
,,,Stella Cilento,65144,
,,,Stio,65145,
,,,Teggiano,65146,
,,,Torchiara,65147,
,,,Torraca,65148,
,,,Torre Orsaia,65149,
,,,Tortorella,65150,
,,,Trentinara,65152,
,,,Valle dell'Angelo,65153,
,,,Vallo della Lucania,65154,
,,,Valva,65155,
,,,Vibonati,65156,
,,Campania - U04,Napoli: Quartiere 19 - Fuorigrotta,,
,,,Napoli: Quartiere 1 - San Ferdinando,63049,
,,,Napoli: Quartiere 2 - Chiaia,63049,
,,,Napoli: Quartiere 3 - San Giuseppe,63049,
,,,Napoli: Quartiere 4 - Montecalvario,63049,
,,,Napoli: Quartiere 5 - Avvocata,63049,
,,,Napoli: Quartiere 6 - Stella,63049,
,,,Napoli: Quartiere 7 - San Carlo all'Arena,63049,
,,,Napoli: Quartiere 8 - Vicaria,63049,
,,,Napoli: Quartiere 9 - San Lorenzo,63049,
,,,Napoli: Quartiere 10 - Mercato,63049,
,,,Napoli: Quartiere 11 - Pendino,63049,
,,,Napoli: Quartiere 12 - Porto,63049,
,,,Napoli: Quartiere 13 - Vomero,63049,
,,,Napoli: Quartiere 14 - Arenella,63049,
,,,Napoli: Quartiere 15 - Posillipo,63049,
,,,Napoli: Quartiere 16 - Poggioreale,63049,
,,,Napoli: Quartiere 17 - Zona Industriale,63049,
,,,Napoli: Quartiere 18 - Bagnoli,63049,
,,,Napoli: Quartiere 19 - Fuorigrotta,63049,
,,,Napoli: Quartiere 20 - Soccavo,63049,
,,,Napoli: Quartiere 21 - Pianura,63049,
,,,Napoli: Quartiere 22 - Chiaiano,63049,
,,,Napoli: Quartiere 23 - Piscinola,63049,
,,,Napoli: Quartiere 24 - Miano,63049,
,,,Napoli: Quartiere 25 - Secondigliano,63049,
,,,Napoli: Quartiere 26 - Scampia,63049,
,,,Napoli: Quartiere 27 - San Pietro a Patierno,63049,
,,,Napoli: Quartiere 28 - Ponticelli,63049,
,,,Napoli: Quartiere 29 - Barra,63049,
,,,Napoli: Quartiere 30 - San Giovanni a Teduccio,63049,
,,Campania - U05,Giugliano in Campania,,
,,,Afragola,63002,
,,,Arzano,63005,
,,,Bacoli,63006,
,,,Barano d'Ischia,63007,
,,,Caivano,63011,
,,,Calvizzano,63012,
,,,Cardito,63016,
,,,Casamicciola Terme,63019,
,,,Casandrino,63020,
,,,Casavatore,63021,
,,,Casoria,63023,
,,,Crispano,63030,
,,,Forio,63031,
,,,Frattamaggiore,63032,
,,,Frattaminore,63033,
,,,Giugliano in Campania,63034,
,,,Grumo Nevano,63036,
,,,Ischia,63037,
,,,Lacco Ameno,63038,
,,,Marano di Napoli,63041,
,,,Melito di Napoli,63045,
,,,Monte di Procida,63047,
,,,Mugnano di Napoli,63048,
,,,Pozzuoli,63060,
,,,Procida,63061,
,,,Qualiano,63062,
,,,Quarto,63063,
,,,Sant'Antimo,63073,
,,,Serrara Fontana,63078,
,,,Villaricca,63087,
,,Campania - U06,Torre del Greco,,
,,,Agerola,63003,
,,,Amalfi,65006,
,,,Anacapri,63004,
,,,Angri,65007,
,,,Atrani,65011,
,,,Boscoreale,63008,
,,,Boscotrecase,63009,
,,,Capri,63014,
,,,Casola di Napoli,63022,
,,,Castellammare di Stabia,63024,
,,,Cetara,65041,
,,,Conca dei Marini,65044,
,,,Corbara,65047,
,,,Ercolano,63064,
,,,Furore,65053,
,,,Gragnano,63035,
,,,Lettere,63039,
,,,Maiori,65066,
,,,Massa Lubrense,63044,
,,,Meta,63046,
,,,Minori,65068,
,,,Pagani,65088,
,,,Piano di Sorrento,63053,
,,,Pimonte,63054,
,,,Pompei,63058,
,,,Portici,63059,
,,,Positano,65100,
,,,Praiano,65102,
,,,Ravello,65104,
,,,San Marzano sul Sarno,65122,
,,,Santa Maria la Carità,63090,
,,,Sant'Agnello,63071,
,,,Sant'Antonio Abate,63074,
,,,Sant'Egidio del Monte Albino,65130,
,,,Scafati,65137,
,,,Scala,65138,
,,,Sorrento,63080,
,,,Torre Annunziata,63083,
,,,Torre del Greco,63084,
,,,Tramonti,65151,
,,,Trecase,63091,
,,,Vico Equense,63086,
,,,Vietri sul Mare,65157,
,,Campania - U07,Acerra,,
,,,Acerra,63001,
,,,Brusciano,63010,
,,,Camposano,63013,
,,,Carbonara di Nola,63015,
,,,Casalnuovo di Napoli,63017,
,,,Casamarciano,63018,
,,,Castello di Cisterna,63025,
,,,Cercola,63026,
,,,Cicciano,63027,
,,,Cimitile,63028,
,,,Comiziano,63029,
,,,Liveri,63040,
,,,Mariglianella,63042,
,,,Marigliano,63043,
,,,Massa di Somma,63092,
,,,Nola,63050,
,,,Ottaviano,63051,
,,,Palma Campania,63052,
,,,Poggiomarino,63055,
,,,Pollena Trocchia,63056,
,,,Pomigliano d'Arco,63057,
,,,Roccarainola,63065,
,,,San Gennaro Vesuviano,63066,
,,,San Giorgio a Cremano,63067,
,,,San Giuseppe Vesuviano,63068,
,,,San Paolo Bel Sito,63069,
,,,San Sebastiano al Vesuvio,63070,
,,,San Valentino Torio,65132,
,,,San Vitaliano,63075,
,,,Sant'Anastasia,63072,
,,,Sarno,65135,
,,,Saviano,63076,
,,,Scisciano,63077,
,,,Somma Vesuviana,63079,
,,,Striano,63081,
,,,Terzigno,63082,
,,,Tufino,63085,
,,,Visciano,63088,
,,,Volla,63089,
Regione: Puglia,,,,,
Circoscrizione: Puglia,,,,,
Codice della circoscrizione elettorale,Denominazione della circoscrizione elettorale,Denominazione del collegio uninominale,"Denominazione del comune o dell'area sub-comunale con la maggiore ampiezza demografica
 inclusi nel collegio","Denominazione del comune
o  dell'area sub-comunale 
 inclusi nel collegio",Codice Istat del comune o dell'area sub-comunale inclusi nel collegio
16,Puglia,Puglia - U01,Foggia,,
,,,Accadia,71001,
,,,Alberona,71002,
,,,Anzano di Puglia,71003,
,,,Apricena,71004,
,,,Ascoli Satriano,71005,
,,,Biccari,71006,
,,,Bovino,71007,
,,,Cagnano Varano,71008,
,,,Candela,71009,
,,,Carapelle,71010,
,,,Carlantino,71011,
,,,Carpino,71012,
,,,Casalnuovo Monterotaro,71013,
,,,Casalvecchio di Puglia,71014,
,,,Castelluccio dei Sauri,71015,
,,,Castelluccio Valmaggiore,71016,
,,,Castelnuovo della Daunia,71017,
,,,Celenza Valfortore,71018,
,,,Celle di San Vito,71019,
,,,Cerignola,71020,
,,,Chieuti,71021,
,,,Deliceto,71022,
,,,Faeto,71023,
,,,Foggia,71024,
,,,Ischitella,71025,
,,,Isole Tremiti,71026,
,,,Lesina,71027,
,,,Lucera,71028,
,,,Manfredonia,71029,
,,,Mattinata,71031,
,,,Monte Sant'Angelo,71033,
,,,Monteleone di Puglia,71032,
,,,Motta Montecorvino,71034,
,,,Ordona,71063,
,,,Orsara di Puglia,71035,
,,,Orta Nova,71036,
,,,Panni,71037,
,,,Peschici,71038,
,,,Pietramontecorvino,71039,
,,,Poggio Imperiale,71040,
,,,Rignano Garganico,71041,
,,,Rocchetta Sant'Antonio,71042,
,,,Rodi Garganico,71043,
,,,Roseto Valfortore,71044,
,,,San Ferdinando di Puglia,110007,
,,,San Giovanni Rotondo,71046,
,,,San Marco in Lamis,71047,
,,,San Marco la Catola,71048,
,,,San Nicandro Garganico,71049,
,,,San Paolo di Civitate,71050,
,,,San Severo,71051,
,,,Sant'Agata di Puglia,71052,
,,,Serracapriola,71053,
,,,Stornara,71054,
,,,Stornarella,71055,
,,,Torremaggiore,71056,
,,,Trinitapoli,110010,
,,,Troia,71058,
,,,Vico del Gargano,71059,
,,,Vieste,71060,
,,,Volturara Appula,71061,
,,,Volturino,71062,
,,,Zapponeta,71064,
,,Puglia - U02,Andria,,
,,,Acquaviva delle Fonti,72001,
,,,Alberobello,72003,
,,,Altamura,72004,
,,,Andria,110001,
,,,Barletta,110002,
,,,Bisceglie,110003,
,,,Canosa di Puglia,110004,
,,,Cassano delle Murge,72016,
,,,Castellana Grotte,72017,
,,,Gioia del Colle,72021,
,,,Gravina in Puglia,72023,
,,,Grumo Appula,72024,
,,,Locorotondo,72025,
,,,Margherita di Savoia,110005,
,,,Martina Franca,73013,
,,,Minervino Murge,110006,
,,,Noci,72031,
,,,Poggiorsini,72034,
,,,Putignano,72036,
,,,Sammichele di Bari,72039,
,,,Santeramo in Colle,72041,
,,,Spinazzola,110008,
,,,Toritto,72044,
,,,Trani,110009,
,,Puglia - U03,Bari,,
,,,Adelfia,72002,
,,,Bari,72006,
,,,Binetto,72008,
,,,Bitetto,72010,
,,,Bitonto,72011,
,,,Bitritto,72012,
,,,Capurso,72014,
,,,Casamassima,72015,
,,,Cellamare,72018,
,,,Conversano,72019,
,,,Corato,72020,
,,,Giovinazzo,72022,
,,,Modugno,72027,
,,,Mola di Bari,72028,
,,,Molfetta,72029,
,,,Monopoli,72030,
,,,Noicattaro,72032,
,,,Palo del Colle,72033,
,,,Polignano a Mare,72035,
,,,Rutigliano,72037,
,,,Ruvo di Puglia,72038,
,,,Sannicandro di Bari,72040,
,,,Terlizzi,72043,
,,,Triggiano,72046,
,,,Turi,72047,
,,,Valenzano,72048,
,,Puglia - U04,Taranto,,
,,,Avetrana,73001,
,,,Brindisi,74001,
,,,Carosino,73002,
,,,Carovigno,74002,
,,,Castellaneta,73003,
,,,Ceglie Messapica,74003,
,,,Cellino San Marco,74004,
,,,Cisternino,74005,
,,,Crispiano,73004,
,,,Erchie,74006,
,,,Faggiano,73005,
,,,Fasano,74007,
,,,Fragagnano,73006,
,,,Francavilla Fontana,74008,
,,,Ginosa,73007,
,,,Grottaglie,73008,
,,,Laterza,73009,
,,,Latiano,74009,
,,,Leporano,73010,
,,,Lizzano,73011,
,,,Manduria,73012,
,,,Maruggio,73014,
,,,Massafra,73015,
,,,Mesagne,74010,
,,,Monteiasi,73016,
,,,Montemesola,73017,
,,,Monteparano,73018,
,,,Mottola,73019,
,,,Oria,74011,
,,,Ostuni,74012,
,,,Palagianello,73020,
,,,Palagiano,73021,
,,,Pulsano,73022,
,,,Roccaforzata,73023,
,,,San Donaci,74013,
,,,San Giorgio Ionico,73024,
,,,San Marzano di San Giuseppe,73025,
,,,San Michele Salentino,74014,
,,,San Pancrazio Salentino,74015,
,,,San Pietro Vernotico,74016,
,,,San Vito dei Normanni,74017,
,,,Sava,73026,
,,,Statte,73029,
,,,Taranto,73027,
,,,Torchiarolo,74018,
,,,Torre Santa Susanna,74019,
,,,Torricella,73028,
,,,Villa Castelli,74020,
,,Puglia - U05,Lecce,,
,,,Alessano,75002,
,,,Alezio,75003,
,,,Alliste,75004,
,,,Andrano,75005,
,,,Aradeo,75006,
,,,Arnesano,75007,
,,,Bagnolo del Salento,75008,
,,,Botrugno,75009,
,,,Calimera,75010,
,,,Campi Salentina,75011,
,,,Cannole,75012,
,,,Caprarica di Lecce,75013,
,,,Carmiano,75014,
,,,Carpignano Salentino,75015,
,,,Casarano,75016,
,,,Castri di Lecce,75017,
,,,Castrignano de' Greci,75018,
,,,Castrignano del Capo,75019,
,,,Castro,75096,
,,,Cavallino,75020,
,,,Collepasso,75021,
,,,Copertino,75022,
,,,Corigliano d'Otranto,75023,
,,,Corsano,75024,
,,,Cursi,75025,
,,,Cutrofiano,75026,
,,,Diso,75027,
,,,Gagliano del Capo,75028,
,,,Galatina,75029,
,,,Galatone,75030,
,,,Gallipoli,75031,
,,,Giuggianello,75032,
,,,Giurdignano,75033,
,,,Guagnano,75034,
,,,Lecce,75035,
,,,Lequile,75036,
,,,Leverano,75037,
,,,Lizzanello,75038,
,,,Maglie,75039,
,,,Martano,75040,
,,,Martignano,75041,
,,,Matino,75042,
,,,Melendugno,75043,
,,,Melissano,75044,
,,,Melpignano,75045,
,,,Miggiano,75046,
,,,Minervino di Lecce,75047,
,,,Monteroni di Lecce,75048,
,,,Montesano Salentino,75049,
,,,Morciano di Leuca,75050,
,,,Muro Leccese,75051,
,,,Nardò,75052,
,,,Neviano,75053,
,,,Nociglia,75054,
,,,Novoli,75055,
,,,Ortelle,75056,
,,,Otranto,75057,
,,,Palmariggi,75058,
,,,Parabita,75059,
,,,Patù,75060,
,,,Poggiardo,75061,
,,,Porto Cesareo,75097,
,,,Presicce-Acquarica,75098,
,,,Racale,75063,
,,,Ruffano,75064,
,,,Salice Salentino,75065,
,,,Salve,75066,
,,,San Cassiano,75095,
,,,San Cesario di Lecce,75068,
,,,San Donato di Lecce,75069,
,,,San Pietro in Lama,75071,
,,,Sanarica,75067,
,,,Sannicola,75070,
,,,Santa Cesarea Terme,75072,
,,,Scorrano,75073,
,,,Seclì,75074,
,,,Sogliano Cavour,75075,
,,,Soleto,75076,
,,,Specchia,75077,
,,,Spongano,75078,
,,,Squinzano,75079,
,,,Sternatia,75080,
,,,Supersano,75081,
,,,Surano,75082,
,,,Surbo,75083,
,,,Taurisano,75084,
,,,Taviano,75085,
,,,Tiggiano,75086,
,,,Trepuzzi,75087,
,,,Tricase,75088,
,,,Tuglie,75089,
,,,Ugento,75090,
,,,Uggiano la Chiesa,75091,
,,,Veglie,75092,
,,,Vernole,75093,
,,,Zollino,75094,
Regione: Basilicata,,,,,
Circoscrizione: Basilicata,,,,,
Codice della circoscrizione elettorale,Denominazione della circoscrizione elettorale,Denominazione del collegio uninominale,"Denominazione del comune o dell'area sub-comunale con la maggiore ampiezza demografica
 inclusi nel collegio","Denominazione del comune
o  dell'area sub-comunale 
 inclusi nel collegio",Codice Istat del comune o dell'area sub-comunale inclusi nel collegio
17,Basilicata,Basilicata - U01,Potenza,,
,,,Abriola,76001,
,,,Accettura,77001,
,,,Acerenza,76002,
,,,Albano di Lucania,76003,
,,,Aliano,77002,
,,,Anzi,76004,
,,,Armento,76005,
,,,Atella,76006,
,,,Avigliano,76007,
,,,Balvano,76008,
,,,Banzi,76009,
,,,Baragiano,76010,
,,,Barile,76011,
,,,Bella,76012,
,,,Bernalda,77003,
,,,Brienza,76013,
,,,Brindisi Montagna,76014,
,,,Calciano,77004,
,,,Calvello,76015,
,,,Calvera,76016,
,,,Campomaggiore,76017,
,,,Cancellara,76018,
,,,Carbone,76019,
,,,Castelgrande,76021,
,,,Castelluccio Inferiore,76022,
,,,Castelluccio Superiore,76023,
,,,Castelmezzano,76024,
,,,Castelsaraceno,76025,
,,,Castronuovo di Sant'Andrea,76026,
,,,Cersosimo,76027,
,,,Chiaromonte,76028,
,,,Cirigliano,77005,
,,,Colobraro,77006,
,,,Corleto Perticara,76029,
,,,Craco,77007,
,,,Episcopia,76030,
,,,Fardella,76031,
,,,Ferrandina,77008,
,,,Filiano,76032,
,,,Forenza,76033,
,,,Francavilla in Sinni,76034,
,,,Gallicchio,76035,
,,,Garaguso,77009,
,,,Genzano di Lucania,76036,
,,,Ginestra,76099,
,,,Gorgoglione,77010,
,,,Grassano,77011,
,,,Grottole,77012,
,,,Grumento Nova,76037,
,,,Guardia Perticara,76038,
,,,Irsina,77013,
,,,Lagonegro,76039,
,,,Latronico,76040,
,,,Laurenzana,76041,
,,,Lauria,76042,
,,,Lavello,76043,
,,,Maratea,76044,
,,,Marsico Nuovo,76045,
,,,Marsicovetere,76046,
,,,Maschito,76047,
,,,Matera,77014,
,,,Melfi,76048,
,,,Miglionico,77015,
,,,Missanello,76049,
,,,Moliterno,76050,
,,,Montalbano Jonico,77016,
,,,Montemilone,76051,
,,,Montemurro,76052,
,,,Montescaglioso,77017,
,,,Muro Lucano,76053,
,,,Nemoli,76054,
,,,Noepoli,76055,
,,,Nova Siri,77018,
,,,Oliveto Lucano,77019,
,,,Oppido Lucano,76056,
,,,Palazzo San Gervasio,76057,
,,,Paterno,76100,
,,,Pescopagano,76058,
,,,Picerno,76059,
,,,Pietragalla,76060,
,,,Pietrapertosa,76061,
,,,Pignola,76062,
,,,Pisticci,77020,
,,,Policoro,77021,
,,,Pomarico,77022,
,,,Potenza,76063,
,,,Rapolla,76064,
,,,Rapone,76065,
,,,Rionero in Vulture,76066,
,,,Ripacandida,76067,
,,,Rivello,76068,
,,,Roccanova,76069,
,,,Rotonda,76070,
,,,Rotondella,77023,
,,,Ruoti,76071,
,,,Ruvo del Monte,76072,
,,,Salandra,77024,
,,,San Chirico Nuovo,76073,
,,,San Chirico Raparo,76074,
,,,San Costantino Albanese,76075,
,,,San Fele,76076,
,,,San Giorgio Lucano,77025,
,,,San Martino d'Agri,76077,
,,,San Mauro Forte,77026,
,,,San Paolo Albanese,76020,
,,,San Severino Lucano,76078,
,,,Sant'Angelo Le Fratte,76079,
,,,Sant'Arcangelo,76080,
,,,Sarconi,76081,
,,,Sasso di Castalda,76082,
,,,Satriano di Lucania,76083,
,,,Savoia di Lucania,76084,
,,,Scanzano Jonico,77031,
,,,Senise,76085,
,,,Spinoso,76086,
,,,Stigliano,77027,
,,,Teana,76087,
,,,Terranova di Pollino,76088,
,,,Tito,76089,
,,,Tolve,76090,
,,,Tramutola,76091,
,,,Trecchina,76092,
,,,Tricarico,77028,
,,,Trivigno,76093,
,,,Tursi,77029,
,,,Vaglio Basilicata,76094,
,,,Valsinni,77030,
,,,Venosa,76095,
,,,Vietri di Potenza,76096,
,,,Viggianello,76097,
,,,Viggiano,76098,
Regione: Calabria,,,,,
Circoscrizione: Calabria,,,,,
Codice della circoscrizione elettorale,Denominazione della circoscrizione elettorale,Denominazione del collegio uninominale,"Denominazione del comune o dell'area sub-comunale con la maggiore ampiezza demografica
 inclusi nel collegio","Denominazione del comune
o  dell'area sub-comunale 
 inclusi nel collegio",Codice Istat del comune o dell'area sub-comunale inclusi nel collegio
18,Calabria,Calabria - U01,Corigliano-Rossano,,
,,,Acquaformosa,78001,
,,,Acquappesa,78002,
,,,Acri,78003,
,,,Aiello Calabro,78004,
,,,Aieta,78005,
,,,Albidona,78006,
,,,Alessandria del Carretto,78007,
,,,Altilia,78008,
,,,Altomonte,78009,
,,,Amantea,78010,
,,,Amendolara,78011,
,,,Aprigliano,78012,
,,,Belmonte Calabro,78013,
,,,Belsito,78014,
,,,Belvedere di Spinello,101001,
,,,Belvedere Marittimo,78015,
,,,Bianchi,78016,
,,,Bisignano,78017,
,,,Bocchigliero,78018,
,,,Bonifati,78019,
,,,Buonvicino,78020,
,,,Caccuri,101002,
,,,Calopezzati,78021,
,,,Caloveto,78022,
,,,Campana,78023,
,,,Canna,78024,
,,,Carfizzi,101003,
,,,Cariati,78025,
,,,Carolei,78026,
,,,Carpanzano,78027,
,,,Casabona,101004,
,,,Casali del Manco,78156,
,,,Cassano all'Ionio,78029,
,,,Castelsilano,101005,
,,,Castiglione Cosentino,78030,
,,,Castrolibero,78031,
,,,Castroregio,78032,
,,,Castrovillari,78033,
,,,Celico,78034,
,,,Cellara,78035,
,,,Cerchiara di Calabria,78036,
,,,Cerenzia,101006,
,,,Cerisano,78037,
,,,Cervicati,78038,
,,,Cerzeto,78039,
,,,Cetraro,78040,
,,,Cirò,101007,
,,,Cirò Marina,101008,
,,,Civita,78041,
,,,Cleto,78042,
,,,Colosimi,78043,
,,,Corigliano-Rossano,78157,
,,,Cosenza,78045,
,,,Cotronei,101009,
,,,Cropalati,78046,
,,,Crosia,78047,
,,,Crotone,101010,
,,,Crucoli,101011,
,,,Cutro,101012,
,,,Diamante,78048,
,,,Dipignano,78049,
,,,Domanico,78050,
,,,Fagnano Castello,78051,
,,,Falconara Albanese,78052,
,,,Figline Vegliaturo,78053,
,,,Firmo,78054,
,,,Fiumefreddo Bruzio,78055,
,,,Francavilla Marittima,78056,
,,,Frascineto,78057,
,,,Fuscaldo,78058,
,,,Grimaldi,78059,
,,,Grisolia,78060,
,,,Guardia Piemontese,78061,
,,,Isola di Capo Rizzuto,101013,
,,,Lago,78062,
,,,Laino Borgo,78063,
,,,Laino Castello,78064,
,,,Lappano,78065,
,,,Lattarico,78066,
,,,Longobardi,78067,
,,,Longobucco,78068,
,,,Lungro,78069,
,,,Luzzi,78070,
,,,Maierà,78071,
,,,Malito,78072,
,,,Malvito,78073,
,,,Mandatoriccio,78074,
,,,Mangone,78075,
,,,Marano Marchesato,78076,
,,,Marano Principato,78077,
,,,Marzi,78078,
,,,Melissa,101014,
,,,Mendicino,78079,
,,,Mesoraca,101015,
,,,Mongrassano,78080,
,,,Montalto Uffugo,78081,
,,,Montegiordano,78082,
,,,Morano Calabro,78083,
,,,Mormanno,78084,
,,,Mottafollone,78085,
,,,Nocara,78086,
,,,Oriolo,78087,
,,,Orsomarso,78088,
,,,Pallagorio,101016,
,,,Paludi,78089,
,,,Panettieri,78090,
,,,Paola,78091,
,,,Papasidero,78092,
,,,Parenti,78093,
,,,Paterno Calabro,78094,
,,,Pedivigliano,78096,
,,,Petilia Policastro,101017,
,,,Piane Crati,78097,
,,,Pietrafitta,78098,
,,,Pietrapaola,78099,
,,,Plataci,78100,
,,,Praia a Mare,78101,
,,,Rende,78102,
,,,Rocca di Neto,101019,
,,,Rocca Imperiale,78103,
,,,Roccabernarda,101018,
,,,Roggiano Gravina,78104,
,,,Rogliano,78105,
,,,Rose,78106,
,,,Roseto Capo Spulico,78107,
,,,Rota Greca,78109,
,,,Rovito,78110,
,,,San Basile,78111,
,,,San Benedetto Ullano,78112,
,,,San Cosmo Albanese,78113,
,,,San Demetrio Corone,78114,
,,,San Donato di Ninea,78115,
,,,San Fili,78116,
,,,San Giorgio Albanese,78118,
,,,San Giovanni in Fiore,78119,
,,,San Lorenzo Bellizzi,78120,
,,,San Lorenzo del Vallo,78121,
,,,San Lucido,78122,
,,,San Marco Argentano,78123,
,,,San Martino di Finita,78124,
,,,San Mauro Marchesato,101020,
,,,San Nicola Arcella,78125,
,,,San Nicola dell'Alto,101021,
,,,San Pietro in Amantea,78126,
,,,San Pietro in Guarano,78127,
,,,San Sosti,78128,
,,,San Vincenzo La Costa,78135,
,,,Sangineto,78117,
,,,Santa Caterina Albanese,78129,
,,,Santa Domenica Talao,78130,
,,,Santa Maria del Cedro,78132,
,,,Santa Severina,101022,
,,,Santa Sofia d'Epiro,78133,
,,,Sant'Agata di Esaro,78131,
,,,Santo Stefano di Rogliano,78134,
,,,Saracena,78136,
,,,Savelli,101023,
,,,Scala Coeli,78137,
,,,Scalea,78138,
,,,Scandale,101024,
,,,Scigliano,78139,
,,,Serra d'Aiello,78140,
,,,Spezzano Albanese,78142,
,,,Spezzano della Sila,78143,
,,,Strongoli,101025,
,,,Tarsia,78145,
,,,Terranova da Sibari,78146,
,,,Terravecchia,78147,
,,,Torano Castello,78148,
,,,Tortora,78149,
,,,Trebisacce,78150,
,,,Umbriatico,101026,
,,,Vaccarizzo Albanese,78152,
,,,Verbicaro,78153,
,,,Verzino,101027,
,,,Villapiana,78154,
,,,Zumpano,78155,
,,Calabria - U02,Reggio di Calabria,,
,,,Acquaro,102001,
,,,Africo,80001,
,,,Agnana Calabra,80002,
,,,Albi,79002,
,,,Amaroni,79003,
,,,Amato,79004,
,,,Andali,79005,
,,,Anoia,80003,
,,,Antonimina,80004,
,,,Ardore,80005,
,,,Arena,102002,
,,,Argusto,79007,
,,,Badolato,79008,
,,,Bagaladi,80006,
,,,Bagnara Calabra,80007,
,,,Belcastro,79009,
,,,Benestare,80008,
,,,Bianco,80009,
,,,Bivongi,80010,
,,,Borgia,79011,
,,,Botricello,79012,
,,,Bova,80011,
,,,Bova Marina,80013,
,,,Bovalino,80012,
,,,Brancaleone,80014,
,,,Briatico,102003,
,,,Brognaturo,102004,
,,,Bruzzano Zeffirio,80015,
,,,Calanna,80016,
,,,Camini,80017,
,,,Campo Calabro,80018,
,,,Candidoni,80019,
,,,Canolo,80020,
,,,Capistrano,102005,
,,,Caraffa del Bianco,80021,
,,,Caraffa di Catanzaro,79017,
,,,Cardeto,80022,
,,,Cardinale,79018,
,,,Careri,80023,
,,,Carlopoli,79020,
,,,Casignana,80024,
,,,Catanzaro,79023,
,,,Caulonia,80025,
,,,Cenadi,79024,
,,,Centrache,79025,
,,,Cerva,79027,
,,,Cessaniti,102006,
,,,Chiaravalle Centrale,79029,
,,,Cicala,79030,
,,,Ciminà,80026,
,,,Cinquefrondi,80027,
,,,Cittanova,80028,
,,,Condofuri,80029,
,,,Conflenti,79033,
,,,Cortale,79034,
,,,Cosoleto,80030,
,,,Cropani,79036,
,,,Curinga,79039,
,,,Dasà,102007,
,,,Davoli,79042,
,,,Decollatura,79043,
,,,Delianuova,80031,
,,,Dinami,102008,
,,,Drapia,102009,
,,,Fabrizia,102010,
,,,Falerna,79047,
,,,Feroleto Antico,79048,
,,,Feroleto della Chiesa,80032,
,,,Ferruzzano,80033,
,,,Filadelfia,102011,
,,,Filandari,102012,
,,,Filogaso,102013,
,,,Fiumara,80034,
,,,Fossato Serralta,79052,
,,,Francavilla Angitola,102014,
,,,Francica,102015,
,,,Gagliato,79055,
,,,Galatro,80035,
,,,Gasperina,79056,
,,,Gerace,80036,
,,,Gerocarne,102016,
,,,Giffone,80037,
,,,Gimigliano,79058,
,,,Gioia Tauro,80038,
,,,Gioiosa Ionica,80039,
,,,Girifalco,79059,
,,,Gizzeria,79060,
,,,Grotteria,80040,
,,,Guardavalle,79061,
,,,Ionadi,102017,
,,,Isca sullo Ionio,79063,
,,,Jacurso,79065,
,,,Joppolo,102018,
,,,Laganadi,80041,
,,,Lamezia Terme,79160,
,,,Laureana di Borrello,80042,
,,,Limbadi,102019,
,,,Locri,80043,
,,,Magisano,79068,
,,,Maida,79069,
,,,Maierato,102020,
,,,Mammola,80044,
,,,Marcedusa,79071,
,,,Marcellinara,79072,
,,,Marina di Gioiosa Ionica,80045,
,,,Maropati,80046,
,,,Martirano,79073,
,,,Martirano Lombardo,79074,
,,,Martone,80047,
,,,Melicuccà,80048,
,,,Melicucco,80049,
,,,Melito di Porto Salvo,80050,
,,,Miglierina,79077,
,,,Mileto,102021,
,,,Molochio,80051,
,,,Monasterace,80052,
,,,Mongiana,102022,
,,,Montauro,79080,
,,,Montebello Jonico,80053,
,,,Montepaone,79081,
,,,Monterosso Calabro,102023,
,,,Motta San Giovanni,80054,
,,,Motta Santa Lucia,79083,
,,,Nardodipace,102024,
,,,Nicotera,102025,
,,,Nocera Terinese,79087,
,,,Olivadi,79088,
,,,Oppido Mamertina,80055,
,,,Palermiti,79089,
,,,Palizzi,80056,
,,,Palmi,80057,
,,,Parghelia,102026,
,,,Pazzano,80058,
,,,Pentone,79092,
,,,Petrizzi,79094,
,,,Petronà,79095,
,,,Pianopoli,79096,
,,,Pizzo,102027,
,,,Pizzoni,102028,
,,,Placanica,80059,
,,,Platania,79099,
,,,Platì,80060,
,,,Polia,102029,
,,,Polistena,80061,
,,,Portigliola,80062,
,,,Reggio di Calabria,80063,
,,,Riace,80064,
,,,Ricadi,102030,
,,,Rizziconi,80065,
,,,Roccaforte del Greco,80066,
,,,Roccella Ionica,80067,
,,,Roghudi,80068,
,,,Rombiolo,102031,
,,,Rosarno,80069,
,,,Samo,80070,
,,,San Calogero,102032,
,,,San Costantino Calabro,102033,
,,,San Ferdinando,80097,
,,,San Floro,79108,
,,,San Giorgio Morgeto,80071,
,,,San Giovanni di Gerace,80072,
,,,San Gregorio d'Ippona,102034,
,,,San Lorenzo,80073,
,,,San Luca,80074,
,,,San Mango d'Aquino,79110,
,,,San Nicola da Crissa,102035,
,,,San Pietro a Maida,79114,
,,,San Pietro Apostolo,79115,
,,,San Pietro di Caridà,80075,
,,,San Procopio,80076,
,,,San Roberto,80077,
,,,San Sostene,79116,
,,,San Vito sullo Ionio,79122,
,,,Santa Caterina dello Ionio,79117,
,,,Santa Cristina d'Aspromonte,80078,
,,,Sant'Agata del Bianco,80079,
,,,Sant'Alessio in Aspromonte,80080,
,,,Sant'Andrea Apostolo dello Ionio,79118,
,,,Sant'Eufemia d'Aspromonte,80081,
,,,Sant'Ilario dello Ionio,80082,
,,,Santo Stefano in Aspromonte,80083,
,,,Sant'Onofrio,102036,
,,,Satriano,79123,
,,,Scido,80084,
,,,Scilla,80085,
,,,Sellia,79126,
,,,Sellia Marina,79127,
,,,Seminara,80086,
,,,Serra San Bruno,102037,
,,,Serrastretta,79129,
,,,Serrata,80087,
,,,Sersale,79130,
,,,Settingiano,79131,
,,,Siderno,80088,
,,,Simbario,102038,
,,,Simeri Crichi,79133,
,,,Sinopoli,80089,
,,,Sorbo San Basile,79134,
,,,Sorianello,102039,
,,,Soriano Calabro,102040,
,,,Soverato,79137,
,,,Soveria Mannelli,79138,
,,,Soveria Simeri,79139,
,,,Spadola,102041,
,,,Spilinga,102042,
,,,Squillace,79142,
,,,Staiti,80090,
,,,Stalettì,79143,
,,,Stefanaconi,102043,
,,,Stignano,80091,
,,,Stilo,80092,
,,,Taurianova,80093,
,,,Taverna,79146,
,,,Terranova Sappo Minulio,80094,
,,,Tiriolo,79147,
,,,Torre di Ruggiero,79148,
,,,Tropea,102044,
,,,Vallefiorita,79151,
,,,Vallelonga,102045,
,,,Varapodio,80095,
,,,Vazzano,102046,
,,,Vibo Valentia,102047,
,,,Villa San Giovanni,80096,
,,,Zaccanopoli,102048,
,,,Zagarise,79157,
,,,Zambrone,102049,
,,,Zungri,102050,
Regione: Sicilia,,,,,
Circoscrizione: Sicilia,,,,,
Codice della circoscrizione elettorale,Denominazione della circoscrizione elettorale,Denominazione del collegio uninominale,"Denominazione del comune o dell'area sub-comunale con la maggiore ampiezza demografica
 inclusi nel collegio","Denominazione del comune
o  dell'area sub-comunale 
 inclusi nel collegio",Codice Istat del comune o dell'area sub-comunale inclusi nel collegio
19,Sicilia,Sicilia - U01,Palermo: Quartiere 11 - Settecannoli,,
,,,Altofonte,82005,
,,,Belmonte Mezzagno,82009,
,,,Capaci,82020,
,,,Carini,82021,
,,,Cinisi,82031,
,,,Ficarazzi,82035,
,,,Isola delle Femmine,82043,
,,,Misilmeri,82048,
,,,Palermo: Quartiere 1 - Tribunali-Castellammare,82053,
,,,Palermo: Quartiere 2 - Palazzo Reale - Monte Di Pieta',82053,
,,,Palermo: Quartiere 3 - Oreto- Stazione,82053,
,,,Palermo: Quartiere 4 - S. Rosalia - Montegrappa,82053,
,,,Palermo: Quartiere 5 - Cuba-Calatafimi,82053,
,,,Palermo: Quartiere 6 - Zisa,82053,
,,,Palermo: Quartiere 7 - Noce,82053,
,,,Palermo: Quartiere 8 - Malaspina -Palagonia,82053,
,,,Palermo: Quartiere 9 - Liberta',82053,
,,,Palermo: Quartiere 10 - Politeama,82053,
,,,Palermo: Quartiere 11 - Settecannoli,82053,
,,,Palermo: Quartiere 12 - Brancaccio-Ciaculli,82053,
,,,Palermo: Quartiere 13 - Villagrazia-Falsomiele,82053,
,,,Palermo: Quartiere 14 - Mezzomonreale -Villa Tasca,82053,
,,,Palermo: Quartiere 15 - Altarello,82053,
,,,Palermo: Quartiere 16 - Boccadifalco,82053,
,,,Palermo: Quartiere 17 - Uditore-Passo Di Rigano,82053,
,,,Palermo: Quartiere 18 - Borgo Nuovo,82053,
,,,Palermo: Quartiere 19 - Cruillas - S.Giovanni Apostolo,82053,
,,,Palermo: Quartiere 20 - Resuttana - S.Lorenzo,82053,
,,,Palermo: Quartiere 21 - Tommaso Natale - Sferracavallo,82053,
,,,Palermo: Quartiere 22 - Partanna Mondello,82053,
,,,Palermo: Quartiere 23 - Pallavicino,82053,
,,,Palermo: Quartiere 24 - Montepellegrino,82053,
,,,Palermo: Quartiere 25 - Arenella - Vergine Maria,82053,
,,,Terrasini,82071,
,,,Torretta,82072,
,,,Ustica,82075,
,,,Villabate,82079,
,,Sicilia - U02,Marsala,,
,,,Alcamo,81001,
,,,Alia,82001,
,,,Alimena,82002,
,,,Aliminusa,82003,
,,,Altavilla Milicia,82004,
,,,Bagheria,82006,
,,,Balestrate,82007,
,,,Baucina,82008,
,,,Bisacquino,82010,
,,,Blufi,82082,
,,,Bolognetta,82011,
,,,Bompietro,82012,
,,,Borgetto,82013,
,,,Buseto Palizzolo,81002,
,,,Caccamo,82014,
,,,Calatafimi-Segesta,81003,
,,,Caltavuturo,82015,
,,,Campobello di Mazara,81004,
,,,Campofelice di Fitalia,82016,
,,,Campofelice di Roccella,82017,
,,,Campofiorito,82018,
,,,Camporeale,82019,
,,,Castelbuono,82022,
,,,Casteldaccia,82023,
,,,Castellammare del Golfo,81005,
,,,Castellana Sicula,82024,
,,,Castelvetrano,81006,
,,,Castronovo di Sicilia,82025,
,,,Cefalà Diana,82026,
,,,Cefalù,82027,
,,,Cerda,82028,
,,,Chiusa Sclafani,82029,
,,,Ciminna,82030,
,,,Collesano,82032,
,,,Contessa Entellina,82033,
,,,Corleone,82034,
,,,Custonaci,81007,
,,,Erice,81008,
,,,Favignana,81009,
,,,Gangi,82036,
,,,Geraci Siculo,82037,
,,,Giardinello,82038,
,,,Gibellina,81010,
,,,Giuliana,82039,
,,,Godrano,82040,
,,,Gratteri,82041,
,,,Isnello,82042,
,,,Lascari,82044,
,,,Lercara Friddi,82045,
,,,Marineo,82046,
,,,Marsala,81011,
,,,Mazara del Vallo,81012,
,,,Mezzojuso,82047,
,,,Monreale,82049,
,,,Montelepre,82050,
,,,Montemaggiore Belsito,82051,
,,,Paceco,81013,
,,,Palazzo Adriano,82052,
,,,Pantelleria,81014,
,,,Partanna,81015,
,,,Partinico,82054,
,,,Petralia Soprana,82055,
,,,Petralia Sottana,82056,
,,,Petrosino,81024,
,,,Piana degli Albanesi,82057,
,,,Poggioreale,81016,
,,,Polizzi Generosa,82058,
,,,Pollina,82059,
,,,Prizzi,82060,
,,,Roccamena,82061,
,,,Roccapalumba,82062,
,,,Salaparuta,81017,
,,,Salemi,81018,
,,,San Cipirello,82063,
,,,San Giuseppe Jato,82064,
,,,San Mauro Castelverde,82065,
,,,San Vito Lo Capo,81020,
,,,Santa Cristina Gela,82066,
,,,Santa Flavia,82067,
,,,Santa Ninfa,81019,
,,,Sciara,82068,
,,,Scillato,82081,
,,,Sclafani Bagni,82069,
,,,Termini Imerese,82070,
,,,Trabia,82073,
,,,Trapani,81021,
,,,Trappeto,82074,
,,,Valderice,81022,
,,,Valledolmo,82076,
,,,Ventimiglia di Sicilia,82077,
,,,Vicari,82078,
,,,Villafrati,82080,
,,,Vita,81023,
,,Sicilia - U03,Gela,,
,,,Acquaviva Platani,85001,
,,,Agrigento,84001,
,,,Alessandria della Rocca,84002,
,,,Aragona,84003,
,,,Bivona,84004,
,,,Bompensiere,85002,
,,,Burgio,84005,
,,,Butera,85003,
,,,Calamonaci,84006,
,,,Caltabellotta,84007,
,,,Caltanissetta,85004,
,,,Camastra,84008,
,,,Cammarata,84009,
,,,Campobello di Licata,84010,
,,,Campofranco,85005,
,,,Canicattì,84011,
,,,Casteltermini,84012,
,,,Castrofilippo,84013,
,,,Cattolica Eraclea,84014,
,,,Cianciana,84015,
,,,Comitini,84016,
,,,Delia,85006,
,,,Favara,84017,
,,,Gela,85007,
,,,Grotte,84018,
,,,Joppolo Giancaxio,84019,
,,,Lampedusa e Linosa,84020,
,,,Licata,84021,
,,,Lucca Sicula,84022,
,,,Marianopoli,85008,
,,,Mazzarino,85009,
,,,Menfi,84023,
,,,Milena,85010,
,,,Montallegro,84024,
,,,Montedoro,85011,
,,,Montevago,84025,
,,,Mussomeli,85012,
,,,Naro,84026,
,,,Niscemi,85013,
,,,Palma di Montechiaro,84027,
,,,Porto Empedocle,84028,
,,,Racalmuto,84029,
,,,Raffadali,84030,
,,,Ravanusa,84031,
,,,Realmonte,84032,
,,,Resuttano,85014,
,,,Ribera,84033,
,,,Riesi,85015,
,,,Sambuca di Sicilia,84034,
,,,San Biagio Platani,84035,
,,,San Cataldo,85016,
,,,San Giovanni Gemini,84036,
,,,Santa Caterina Villarmosa,85017,
,,,Santa Elisabetta,84037,
,,,Santa Margherita di Belice,84038,
,,,Sant'Angelo Muxaro,84039,
,,,Santo Stefano Quisquina,84040,
,,,Sciacca,84041,
,,,Serradifalco,85018,
,,,Siculiana,84042,
,,,Sommatino,85019,
,,,Sutera,85020,
,,,Vallelunga Pratameno,85021,
,,,Villafranca Sicula,84043,
,,,Villalba,85022,
,,Sicilia - U04,Catania,,
,,,Aci Bonaccorsi,87001,
,,,Aci Castello,87002,
,,,Aci Catena,87003,
,,,Aci Sant'Antonio,87005,
,,,Acireale,87004,
,,,Adrano,87006,
,,,Belpasso,87007,
,,,Biancavilla,87008,
,,,Bronte,87009,
,,,Calatabiano,87010,
,,,Camporotondo Etneo,87012,
,,,Castiglione di Sicilia,87014,
,,,Catania,87015,
,,,Fiumefreddo di Sicilia,87016,
,,,Giarre,87017,
,,,Gravina di Catania,87019,
,,,Linguaglossa,87021,
,,,Maletto,87022,
,,,Maniace,87057,
,,,Mascali,87023,
,,,Mascalucia,87024,
,,,Milo,87026,
,,,Misterbianco,87029,
,,,Motta Sant'Anastasia,87030,
,,,Nicolosi,87031,
,,,Paternò,87033,
,,,Pedara,87034,
,,,Piedimonte Etneo,87035,
,,,Ragalna,87058,
,,,Randazzo,87038,
,,,Riposto,87039,
,,,San Giovanni la Punta,87041,
,,,San Gregorio di Catania,87042,
,,,San Pietro Clarenza,87044,
,,,Santa Maria di Licodia,87047,
,,,Santa Venerina,87048,
,,,Sant'Agata li Battiati,87045,
,,,Sant'Alfio,87046,
,,,Trecastagni,87050,
,,,Tremestieri Etneo,87051,
,,,Valverde,87052,
,,,Viagrande,87053,
,,,Zafferana Etnea,87055,
,,Sicilia - U05,Siracusa,,
,,,Acate,88001,
,,,Augusta,89001,
,,,Avola,89002,
,,,Buccheri,89003,
,,,Buscemi,89004,
,,,Caltagirone,87011,
,,,Canicattini Bagni,89005,
,,,Carlentini,89006,
,,,Cassaro,89007,
,,,Castel di Iudica,87013,
,,,Chiaramonte Gulfi,88002,
,,,Comiso,88003,
,,,Ferla,89008,
,,,Floridia,89009,
,,,Francofonte,89010,
,,,Giarratana,88004,
,,,Grammichele,87018,
,,,Ispica,88005,
,,,Lentini,89011,
,,,Licodia Eubea,87020,
,,,Mazzarrone,87056,
,,,Melilli,89012,
,,,Militello in Val di Catania,87025,
,,,Mineo,87027,
,,,Mirabella Imbaccari,87028,
,,,Modica,88006,
,,,Monterosso Almo,88007,
,,,Noto,89013,
,,,Pachino,89014,
,,,Palagonia,87032,
,,,Palazzolo Acreide,89015,
,,,Portopalo di Capo Passero,89020,
,,,Pozzallo,88008,
,,,Priolo Gargallo,89021,
,,,Raddusa,87036,
,,,Ragusa,88009,
,,,Ramacca,87037,
,,,Rosolini,89016,
,,,San Cono,87040,
,,,San Michele di Ganzaria,87043,
,,,Santa Croce Camerina,88010,
,,,Scicli,88011,
,,,Scordia,87049,
,,,Siracusa,89017,
,,,Solarino,89018,
,,,Sortino,89019,
,,,Vittoria,88012,
,,,Vizzini,87054,
,,Sicilia - U06,Messina,,
,,,Acquedolci,83107,
,,,Agira,86001,
,,,Aidone,86002,
,,,Alcara li Fusi,83001,
,,,Alì,83002,
,,,Alì Terme,83003,
,,,Antillo,83004,
,,,Assoro,86003,
,,,Barcellona Pozzo di Gotto,83005,
,,,Barrafranca,86004,
,,,Basicò,83006,
,,,Brolo,83007,
,,,Calascibetta,86005,
,,,Capizzi,83008,
,,,Capo d'Orlando,83009,
,,,Capri Leone,83010,
,,,Caronia,83011,
,,,Casalvecchio Siculo,83012,
,,,Castel di Lucio,83013,
,,,Castell'Umberto,83014,
,,,Castelmola,83015,
,,,Castroreale,83016,
,,,Catenanuova,86006,
,,,Centuripe,86007,
,,,Cerami,86008,
,,,Cesarò,83017,
,,,Condrò,83018,
,,,Enna,86009,
,,,Falcone,83019,
,,,Ficarra,83020,
,,,Fiumedinisi,83021,
,,,Floresta,83022,
,,,Fondachelli-Fantina,83023,
,,,Forza d'Agrò,83024,
,,,Francavilla di Sicilia,83025,
,,,Frazzanò,83026,
,,,Furci Siculo,83027,
,,,Furnari,83028,
,,,Gaggi,83029,
,,,Gagliano Castelferrato,86010,
,,,Galati Mamertino,83030,
,,,Gallodoro,83031,
,,,Giardini-Naxos,83032,
,,,Gioiosa Marea,83033,
,,,Graniti,83034,
,,,Gualtieri Sicaminò,83035,
,,,Itala,83036,
,,,Leni,83037,
,,,Leonforte,86011,
,,,Letojanni,83038,
,,,Librizzi,83039,
,,,Limina,83040,
,,,Lipari,83041,
,,,Longi,83042,
,,,Malfa,83043,
,,,Malvagna,83044,
,,,Mandanici,83045,
,,,Mazzarrà Sant'Andrea,83046,
,,,Merì,83047,
,,,Messina,83048,
,,,Milazzo,83049,
,,,Militello Rosmarino,83050,
,,,Mirto,83051,
,,,Mistretta,83052,
,,,Moio Alcantara,83053,
,,,Monforte San Giorgio,83054,
,,,Mongiuffi Melia,83055,
,,,Montagnareale,83056,
,,,Montalbano Elicona,83057,
,,,Motta Camastra,83058,
,,,Motta d'Affermo,83059,
,,,Naso,83060,
,,,Nicosia,86012,
,,,Nissoria,86013,
,,,Nizza di Sicilia,83061,
,,,Novara di Sicilia,83062,
,,,Oliveri,83063,
,,,Pace del Mela,83064,
,,,Pagliara,83065,
,,,Patti,83066,
,,,Pettineo,83067,
,,,Piazza Armerina,86014,
,,,Pietraperzia,86015,
,,,Piraino,83068,
,,,Raccuja,83069,
,,,Regalbuto,86016,
,,,Reitano,83070,
,,,Roccafiorita,83071,
,,,Roccalumera,83072,
,,,Roccavaldina,83073,
,,,Roccella Valdemone,83074,
,,,Rodì Milici,83075,
,,,Rometta,83076,
,,,San Filippo del Mela,83077,
,,,San Fratello,83078,
,,,San Marco d'Alunzio,83079,
,,,San Pier Niceto,83080,
,,,San Piero Patti,83081,
,,,San Salvatore di Fitalia,83082,
,,,San Teodoro,83090,
,,,Santa Domenica Vittoria,83083,
,,,Santa Lucia del Mela,83086,
,,,Santa Marina Salina,83087,
,,,Santa Teresa di Riva,83089,
,,,Sant'Agata di Militello,83084,
,,,Sant'Alessio Siculo,83085,
,,,Sant'Angelo di Brolo,83088,
,,,Santo Stefano di Camastra,83091,
,,,Saponara,83092,
,,,Savoca,83093,
,,,Scaletta Zanclea,83094,
,,,Sinagra,83095,
,,,Spadafora,83096,
,,,Sperlinga,86017,
,,,Taormina,83097,
,,,Terme Vigliatore,83106,
,,,Torregrotta,83098,
,,,Torrenova,83108,
,,,Tortorici,83099,
,,,Tripi,83100,
,,,Troina,86018,
,,,Tusa,83101,
,,,Ucria,83102,
,,,Valdina,83103,
,,,Valguarnera Caropepe,86019,
,,,Venetico,83104,
,,,Villafranca Tirrena,83105,
,,,Villarosa,86020,
Regione: Sardegna,,,,,
Circoscrizione: Sardegna,,,,,
Codice della circoscrizione elettorale,Denominazione della circoscrizione elettorale,Denominazione del collegio uninominale,"Denominazione del comune o dell'area sub-comunale con la maggiore ampiezza demografica
 inclusi nel collegio","Denominazione del comune
o  dell'area sub-comunale 
 inclusi nel collegio",Codice Istat del comune o dell'area sub-comunale inclusi nel collegio
20,Sardegna,Sardegna - U01,Cagliari,,
,,,Arbus,111001,
,,,Armungia,111002,
,,,Assemini,92003,
,,,Ballao,111003,
,,,Barrali,111004,
,,,Barumini,111005,
,,,Buggerru,111006,
,,,Burcei,111007,
,,,Cagliari,92009,
,,,Calasetta,111008,
,,,Capoterra,92011,
,,,Carbonia,111009,
,,,Carloforte,111010,
,,,Castiadas,111011,
,,,Collinas,111012,
,,,Decimomannu,92015,
,,,Decimoputzu,111013,
,,,Dolianova,111014,
,,,Domus de Maria,111015,
,,,Domusnovas,111016,
,,,Donori,111017,
,,,Elmas,92108,
,,,Escalaplano,111018,
,,,Escolca,111019,
,,,Esterzili,111020,
,,,Fluminimaggiore,111021,
,,,Furtei,111022,
,,,Genoni,111023,
,,,Genuri,111024,
,,,Gergei,111025,
,,,Gesico,111026,
,,,Gesturi,111027,
,,,Giba,111028,
,,,Goni,111029,
,,,Gonnesa,111030,
,,,Gonnosfanadiga,111031,
,,,Guamaggiore,111032,
,,,Guasila,111033,
,,,Guspini,111034,
,,,Iglesias,111035,
,,,Isili,111036,
,,,Las Plassas,111037,
,,,Lunamatrona,111038,
,,,Mandas,111039,
,,,Maracalagonis,92037,
,,,Masainas,111040,
,,,Monastir,111041,
,,,Monserrato,92109,
,,,Muravera,111042,
,,,Musei,111043,
,,,Narcao,111044,
,,,Nuragus,111045,
,,,Nurallao,111046,
,,,Nuraminis,111047,
,,,Nurri,111048,
,,,Nuxis,111049,
,,,Orroli,111050,
,,,Ortacesus,111051,
,,,Pabillonis,111052,
,,,Pauli Arbarei,111053,
,,,Perdaxius,111054,
,,,Pimentel,111055,
,,,Piscinas,111056,
,,,Portoscuso,111057,
,,,Pula,92050,
,,,Quartu Sant'Elena,92051,
,,,Quartucciu,92105,
,,,Sadali,111058,
,,,Samassi,111059,
,,,Samatzai,111060,
,,,San Basilio,111061,
,,,San Gavino Monreale,111062,
,,,San Giovanni Suergiu,111063,
,,,San Nicolò Gerrei,111064,
,,,San Sperate,111065,
,,,San Vito,111066,
,,,Sanluri,111067,
,,,Santadi,111068,
,,,Sant'Andrea Frius,111069,
,,,Sant'Anna Arresi,111070,
,,,Sant'Antioco,111071,
,,,Sardara,111072,
,,,Sarroch,92066,
,,,Segariu,111073,
,,,Selargius,92068,
,,,Selegas,111074,
,,,Senorbì,111075,
,,,Serdiana,111076,
,,,Serramanna,111077,
,,,Serrenti,111078,
,,,Serri,111079,
,,,Sestu,92074,
,,,Settimo San Pietro,92075,
,,,Setzu,111080,
,,,Seui,111081,
,,,Seulo,111082,
,,,Siddi,111083,
,,,Siliqua,111084,
,,,Silius,111085,
,,,Sinnai,92080,
,,,Siurgus Donigala,111086,
,,,Soleminis,111087,
,,,Suelli,111088,
,,,Teulada,111089,
,,,Tratalias,111090,
,,,Tuili,111091,
,,,Turri,111092,
,,,Ussana,111093,
,,,Ussaramanna,111094,
,,,Uta,92090,
,,,Vallermosa,111095,
,,,Villa San Pietro,92099,
,,,Villacidro,111096,
,,,Villamar,111097,
,,,Villamassargia,111098,
,,,Villanova Tulo,111099,
,,,Villanovaforru,111100,
,,,Villanovafranca,111101,
,,,Villaperuccio,111102,
,,,Villaputzu,111103,
,,,Villasalto,111104,
,,,Villasimius,111105,
,,,Villasor,111106,
,,,Villaspeciosa,111107,
,,Sardegna - U02,Sassari,,
,,,Abbasanta,95001,
,,,Aggius,90001,
,,,Aglientu,90062,
,,,Aidomaggiore,95002,
,,,Alà dei Sardi,90002,
,,,Albagiara,95003,
,,,Ales,95004,
,,,Alghero,90003,
,,,Allai,95005,
,,,Anela,90004,
,,,Arborea,95006,
,,,Ardara,90005,
,,,Ardauli,95007,
,,,Aritzo,91001,
,,,Arzachena,90006,
,,,Arzana,91002,
,,,Assolo,95008,
,,,Asuni,95009,
,,,Atzara,91003,
,,,Austis,91004,
,,,Badesi,90081,
,,,Banari,90007,
,,,Baradili,95010,
,,,Baratili San Pietro,95011,
,,,Baressa,95012,
,,,Bari Sardo,91005,
,,,Bauladu,95013,
,,,Baunei,91006,
,,,Belvì,91007,
,,,Benetutti,90008,
,,,Berchidda,90009,
,,,Bessude,90010,
,,,Bidonì,95014,
,,,Birori,91008,
,,,Bitti,91009,
,,,Bolotana,91010,
,,,Bonarcado,95015,
,,,Bonnanaro,90011,
,,,Bono,90012,
,,,Bonorva,90013,
,,,Boroneddu,95016,
,,,Borore,91011,
,,,Bortigali,91012,
,,,Bortigiadas,90014,
,,,Borutta,90015,
,,,Bosa,95079,
,,,Bottidda,90016,
,,,Buddusò,90017,
,,,Budoni,90091,
,,,Bultei,90018,
,,,Bulzi,90019,
,,,Burgos,90020,
,,,Busachi,95017,
,,,Cabras,95018,
,,,Calangianus,90021,
,,,Cardedu,91103,
,,,Cargeghe,90022,
,,,Castelsardo,90023,
,,,Cheremule,90024,
,,,Chiaramonti,90025,
,,,Codrongianos,90026,
,,,Cossoine,90027,
,,,Cuglieri,95019,
,,,Curcuris,95077,
,,,Desulo,91016,
,,,Dorgali,91017,
,,,Dualchi,91018,
,,,Elini,91019,
,,,Erula,90088,
,,,Esporlatu,90028,
,,,Florinas,90029,
,,,Flussio,95080,
,,,Fonni,91024,
,,,Fordongianus,95020,
,,,Gadoni,91025,
,,,Gairo,91026,
,,,Galtellì,91027,
,,,Gavoi,91028,
,,,Ghilarza,95021,
,,,Giave,90030,
,,,Girasole,91031,
,,,Golfo Aranci,90083,
,,,Gonnoscodina,95022,
,,,Gonnosnò,95023,
,,,Gonnostramatza,95024,
,,,Ilbono,91032,
,,,Illorai,90031,
,,,Irgoli,91033,
,,,Ittireddu,90032,
,,,Ittiri,90033,
,,,Jerzu,91035,
,,,La Maddalena,90035,
,,,Laconi,95082,
,,,Laerru,90034,
,,,Lanusei,91037,
,,,Lei,91038,
,,,Loceri,91039,
,,,Loculi,91040,
,,,Lodè,91041,
,,,Lodine,91104,
,,,Loiri Porto San Paolo,90084,
,,,Lotzorai,91042,
,,,Lula,91043,
,,,Luogosanto,90036,
,,,Luras,90037,
,,,Macomer,91044,
,,,Magomadas,95083,
,,,Mamoiada,91046,
,,,Mara,90038,
,,,Marrubiu,95025,
,,,Martis,90039,
,,,Masullas,95026,
,,,Meana Sardo,91047,
,,,Milis,95027,
,,,Modolo,95084,
,,,Mogorella,95028,
,,,Mogoro,95029,
,,,Monteleone Rocca Doria,90040,
,,,Monti,90041,
,,,Montresta,95085,
,,,Mores,90042,
,,,Morgongiori,95030,
,,,Muros,90043,
,,,Narbolia,95031,
,,,Neoneli,95032,
,,,Noragugume,91050,
,,,Norbello,95033,
,,,Nughedu San Nicolò,90044,
,,,Nughedu Santa Vittoria,95034,
,,,Nule,90045,
,,,Nulvi,90046,
,,,Nuoro,91051,
,,,Nurachi,95035,
,,,Nureci,95036,
,,,Olbia,90047,
,,,Oliena,91055,
,,,Ollastra,95037,
,,,Ollolai,91056,
,,,Olmedo,90048,
,,,Olzai,91057,
,,,Onanì,91058,
,,,Onifai,91059,
,,,Oniferi,91060,
,,,Orani,91061,
,,,Orgosolo,91062,
,,,Oristano,95038,
,,,Orosei,91063,
,,,Orotelli,91064,
,,,Ortueri,91066,
,,,Orune,91067,
,,,Oschiri,90049,
,,,Osidda,91068,
,,,Osilo,90050,
,,,Osini,91069,
,,,Ossi,90051,
,,,Ottana,91070,
,,,Ovodda,91071,
,,,Ozieri,90052,
,,,Padria,90053,
,,,Padru,90090,
,,,Palau,90054,
,,,Palmas Arborea,95039,
,,,Pattada,90055,
,,,Pau,95040,
,,,Paulilatino,95041,
,,,Perdasdefogu,91072,
,,,Perfugas,90056,
,,,Ploaghe,90057,
,,,Pompu,95042,
,,,Porto Torres,90058,
,,,Posada,91073,
,,,Pozzomaggiore,90059,
,,,Putifigari,90060,
,,,Riola Sardo,95043,
,,,Romana,90061,
,,,Ruinas,95044,
,,,Sagama,95086,
,,,Samugheo,95045,
,,,San Nicolò d'Arcidano,95046,
,,,San Teodoro,90092,
,,,San Vero Milis,95050,
,,,Santa Giusta,95047,
,,,Santa Maria Coghinas,90087,
,,,Santa Teresa Gallura,90063,
,,,Sant'Antonio di Gallura,90085,
,,,Santu Lussurgiu,95049,
,,,Sarule,91077,
,,,Sassari,90064,
,,,Scano di Montiferro,95051,
,,,Sedilo,95052,
,,,Sedini,90065,
,,,Semestene,90066,
,,,Seneghe,95053,
,,,Senis,95054,
,,,Sennariolo,95055,
,,,Sennori,90067,
,,,Siamaggiore,95056,
,,,Siamanna,95057,
,,,Siapiccia,95076,
,,,Silanus,91083,
,,,Siligo,90068,
,,,Simala,95058,
,,,Simaxis,95059,
,,,Sindia,91084,
,,,Sini,95060,
,,,Siniscola,91085,
,,,Siris,95061,
,,,Soddì,95078,
,,,Solarussa,95062,
,,,Sorgono,91086,
,,,Sorradile,95063,
,,,Sorso,90069,
,,,Stintino,90089,
,,,Suni,95087,
,,,Tadasuni,95064,
,,,Talana,91088,
,,,Telti,90080,
,,,Tempio Pausania,90070,
,,,Tergu,90086,
,,,Terralba,95065,
,,,Tertenia,91089,
,,,Teti,91090,
,,,Thiesi,90071,
,,,Tiana,91091,
,,,Tinnura,95088,
,,,Tissi,90072,
,,,Tonara,91093,
,,,Torpè,91094,
,,,Torralba,90073,
,,,Tortolì,91095,
,,,Tramatza,95066,
,,,Tresnuraghes,95067,
,,,Triei,91097,
,,,Trinità d'Agultu e Vignola,90074,
,,,Tula,90075,
,,,Ulà Tirso,95068,
,,,Ulassai,91098,
,,,Uras,95069,
,,,Uri,90076,
,,,Urzulei,91099,
,,,Usellus,95070,
,,,Usini,90077,
,,,Ussassai,91100,
,,,Valledoria,90079,
,,,Viddalba,90082,
,,,Villa Sant'Antonio,95048,
,,,Villa Verde,95073,
,,,Villagrande Strisaili,91101,
,,,Villanova Monteleone,90078,
,,,Villanova Truschedu,95071,
,,,Villaurbana,95072,
,,,Zeddiani,95074,
,,,Zerfaliu,95075,
