istatCode,municipalityName,regionId,population
001001,Agliè,piemonte,2562
001002,Airasca,piemonte,3660
001003,Ala di Stura,piemonte,467
001004,Albiano d'Ivrea,piemonte,1637
001006,Almese,piemonte,6331
001007,Alpette,piemonte,240
001008,Alpignano,piemonte,16501
001009,Andezeno,piemonte,2036
001010,Andrate,piemonte,474
001011,Angrogna,piemonte,827
001012,Arignano,piemonte,1072
001013,Avigliana,piemonte,12350
001014,Azeglio,piemonte,1240
001015,Bairo,piemonte,790
001016,Balangero,piemonte,3064
001017,Baldissero Canavese,piemonte,530
001018,Baldissero Torinese,piemonte,3755
001019,Balme,piemonte,105
001020,Banchette,piemonte,3085
001021,Barbania,piemonte,1570
001022,Bardonecchia,piemonte,3044
001023,Barone Canavese,piemonte,556
001024,Beinasco,piemonte,17464
001025,Bibiana,piemonte,3378
001026,Bobbio Pellice,piemonte,539
001027,Bollengo,piemonte,2098
001028,Borgaro Torinese,piemonte,11827
001029,Borgiallo,piemonte,582
001030,Borgofranco d'Ivrea,piemonte,3555
001031,Borgomasino,piemonte,773
001032,Borgone Susa,piemonte,2151
001033,Bosconero,piemonte,3066
001034,Brandizzo,piemonte,8701
001035,Bricherasio,piemonte,4616
001036,Brosso,piemonte,394
001037,Brozolo,piemonte,454
001038,Bruino,piemonte,8489
001039,Brusasco,piemonte,1490
001040,Bruzolo,piemonte,1492
001041,Buriasco,piemonte,1337
001042,Burolo,piemonte,1105
001043,Busano,piemonte,1622
001044,Bussoleno,piemonte,5652
001045,Buttigliera Alta,piemonte,6304
001046,Cafasse,piemonte,3310
001047,Caluso,piemonte,7388
001048,Cambiano,piemonte,5900
001049,Campiglione Fenile,piemonte,1330
001050,Candia Canavese,piemonte,1209
001051,Candiolo,piemonte,5610
001052,Canischio,piemonte,286
001053,Cantalupa,piemonte,2602
001054,Cantoira,piemonte,596
001055,Caprie,piemonte,2060
001056,Caravino,piemonte,901
001057,Carema,piemonte,739
001058,Carignano,piemonte,9052
001059,Carmagnola,piemonte,28313
001060,Casalborgone,piemonte,1855
001061,Cascinette d'Ivrea,piemonte,1524
001062,Caselette,piemonte,3034
001063,Caselle Torinese,piemonte,13834
001064,Castagneto Po,piemonte,1763
001065,Castagnole Piemonte,piemonte,2179
001066,Castellamonte,piemonte,9695
001067,Castelnuovo Nigra,piemonte,401
001068,Castiglione Torinese,piemonte,6469
001069,Cavagnolo,piemonte,2226
001070,Cavour,piemonte,5374
001071,Cercenasco,piemonte,1782
001072,Ceres,piemonte,1017
001073,Ceresole Reale,piemonte,159
001074,Cesana Torinese,piemonte,913
001075,Chialamberto,piemonte,344
001076,Chianocco,piemonte,1552
001077,Chiaverano,piemonte,1985
001078,Chieri,piemonte,35916
001079,Chiesanuova,piemonte,231
001080,Chiomonte,piemonte,870
001081,Chiusa di San Michele,piemonte,1556
001082,Chivasso,piemonte,26275
001083,Ciconio,piemonte,364
001084,Cintano,piemonte,240
001085,Cinzano,piemonte,323
001086,Ciriè,piemonte,18212
001087,Claviere,piemonte,204
001088,Coassolo Torinese,piemonte,1444
001089,Coazze,piemonte,3218
001090,Collegno,piemonte,48574
001091,Colleretto Castelnuovo,piemonte,312
001092,Colleretto Giacosa,piemonte,596
001093,Condove,piemonte,4437
001094,Corio,piemonte,3048
001095,Cossano Canavese,piemonte,440
001096,Cuceglio,piemonte,930
001097,Cumiana,piemonte,7821
001098,Cuorgnè,piemonte,9411
001099,Druento,piemonte,8973
001100,Exilles,piemonte,241
001101,Favria,piemonte,5115
001102,Feletto,piemonte,2190
001103,Fenestrelle,piemonte,481
001104,Fiano,piemonte,2679
001105,Fiorano Canavese,piemonte,735
001106,Foglizzo,piemonte,2265
001107,Forno Canavese,piemonte,3230
001108,Frassinetto,piemonte,279
001109,Front,piemonte,1613
001110,Frossasco,piemonte,2799
001111,Garzigliana,piemonte,530
001112,Gassino Torinese,piemonte,9361
001113,Germagnano,piemonte,1120
001114,Giaglione,piemonte,592
001115,Giaveno,piemonte,16214
001116,Givoletto,piemonte,4095
001117,Gravere,piemonte,666
001118,Groscavallo,piemonte,191
001119,Grosso,piemonte,987
001120,Grugliasco,piemonte,37090
001121,Ingria,piemonte,42
001122,Inverso Pinasca,piemonte,697
001123,Isolabella,piemonte,375
001124,Issiglio,piemonte,409
001125,Ivrea,piemonte,22604
001126,La Cassa,piemonte,1773
001127,La Loggia,piemonte,8779
001128,Lanzo Torinese,piemonte,4893
001129,Lauriano,piemonte,1401
001130,Leini,piemonte,16321
001131,Lemie,piemonte,185
001132,Lessolo,piemonte,1777
001133,Levone,piemonte,443
001134,Locana,piemonte,1339
001135,Lombardore,piemonte,1670
001136,Lombriasco,piemonte,1090
001137,Loranzè,piemonte,1149
001139,Luserna San Giovanni,piemonte,7162
001140,Lusernetta,piemonte,480
001141,Lusigliè,piemonte,541
001142,Macello,piemonte,1155
001143,Maglione,piemonte,419
001144,Marentino,piemonte,1300
001145,Massello,piemonte,57
001146,Mathi,piemonte,3777
001147,Mattie,piemonte,658
001148,Mazzè,piemonte,4181
001149,Meana di Susa,piemonte,805
001150,Mercenasco,piemonte,1291
001152,Mezzenile,piemonte,736
001153,Mombello di Torino,piemonte,387
001154,Mompantero,piemonte,642
001155,Monastero di Lanzo,piemonte,328
001156,Moncalieri,piemonte,56193
001157,Moncenisio,piemonte,41
001158,Montaldo Torinese,piemonte,736
001159,Montalenghe,piemonte,970
001160,Montalto Dora,piemonte,3304
001161,Montanaro,piemonte,5118
001162,Monteu da Po,piemonte,858
001163,Moriondo Torinese,piemonte,853
001164,Nichelino,piemonte,46458
001165,Noasca,piemonte,107
001166,Nole,piemonte,6803
001167,Nomaglio,piemonte,283
001168,None,piemonte,7830
001169,Novalesa,piemonte,516
001170,Oglianico,piemonte,1455
001171,Orbassano,piemonte,23044
001172,Orio Canavese,piemonte,756
001173,Osasco,piemonte,1153
001174,Osasio,piemonte,936
001175,Oulx,piemonte,3293
001176,Ozegna,piemonte,1176
001177,Palazzo Canavese,piemonte,839
001178,Pancalieri,piemonte,1992
001179,Parella,piemonte,412
001180,Pavarolo,piemonte,1148
001181,Pavone Canavese,piemonte,3635
001183,Pecetto Torinese,piemonte,4046
001184,Perosa Argentina,piemonte,3094
001185,Perosa Canavese,piemonte,525
001186,Perrero,piemonte,583
001187,Pertusio,piemonte,752
001188,Pessinetto,piemonte,608
001189,Pianezza,piemonte,15449
001190,Pinasca,piemonte,2853
001191,Pinerolo,piemonte,35440
001192,Pino Torinese,piemonte,8333
001193,Piobesi Torinese,piemonte,3818
001194,Piossasco,piemonte,18087
001195,Piscina,piemonte,3319
001196,Piverone,piemonte,1302
001197,Poirino,piemonte,10179
001198,Pomaretto,piemonte,971
001199,Pont Canavese,piemonte,3087
001200,Porte,piemonte,1079
001201,Pragelato,piemonte,735
001202,Prali,piemonte,249
001203,Pralormo,piemonte,1899
001204,Pramollo,piemonte,222
001205,Prarostino,piemonte,1255
001206,Prascorsano,piemonte,726
001207,Pratiglione,piemonte,458
001208,Quagliuzzo,piemonte,333
001209,Quassolo,piemonte,339
001210,Quincinetto,piemonte,992
001211,Reano,piemonte,1753
001212,Ribordone,piemonte,49
001213,Rivalba,piemonte,1158
001214,Rivalta di Torino,piemonte,20172
001215,Riva presso Chieri,piemonte,4750
001216,Rivara,piemonte,2496
001217,Rivarolo Canavese,piemonte,12280
001218,Rivarossa,piemonte,1548
001219,Rivoli,piemonte,47481
001220,Robassomero,piemonte,3052
001221,Rocca Canavese,piemonte,1667
001222,Roletto,piemonte,1988
001223,Romano Canavese,piemonte,2642
001224,Ronco Canavese,piemonte,293
001225,Rondissone,piemonte,1849
001226,Rorà,piemonte,227
001227,Roure,piemonte,765
001228,Rosta,piemonte,5056
001229,Rubiana,piemonte,2391
001230,Rueglio,piemonte,788
001231,Salassa,piemonte,1792
001232,Salbertrand,piemonte,605
001233,Salerano Canavese,piemonte,458
001234,Salza di Pinerolo,piemonte,74
001235,Samone,piemonte,1468
001236,San Benigno Canavese,piemonte,5999
001237,San Carlo Canavese,piemonte,4010
001238,San Colombano Belmonte,piemonte,358
001239,San Didero,piemonte,516
001240,San Francesco al Campo,piemonte,4847
001241,Sangano,piemonte,3686
001242,San Germano Chisone,piemonte,1691
001243,San Gillio,piemonte,3217
001244,San Giorgio Canavese,piemonte,2534
001245,San Giorio di Susa,piemonte,987
001246,San Giusto Canavese,piemonte,3261
001247,San Martino Canavese,piemonte,811
001248,San Maurizio Canavese,piemonte,10228
001249,San Mauro Torinese,piemonte,18635
001250,San Pietro Val Lemina,piemonte,1457
001251,San Ponso,piemonte,248
001252,San Raffaele Cimena,piemonte,3146
001253,San Sebastiano da Po,piemonte,1861
001254,San Secondo di Pinerolo,piemonte,3597
001255,Sant'Ambrogio di Torino,piemonte,4597
001256,Sant'Antonino di Susa,piemonte,4064
001257,Santena,piemonte,10531
001258,Sauze di Cesana,piemonte,251
001259,Sauze d'Oulx,piemonte,1043
001260,Scalenghe,piemonte,3244
001261,Scarmagno,piemonte,802
001262,Sciolze,piemonte,1463
001263,Sestriere,piemonte,919
001264,Settimo Rottaro,piemonte,473
001265,Settimo Torinese,piemonte,46056
001266,Settimo Vittone,piemonte,1491
001267,Sparone,piemonte,928
001268,Strambinello,piemonte,260
001269,Strambino,piemonte,6080
001270,Susa,piemonte,5940
001271,Tavagnasco,piemonte,745
001272,Torino,piemonte,848748
001273,Torrazza Piemonte,piemonte,3000
001274,Torre Canavese,piemonte,620
001275,Torre Pellice,piemonte,4591
001276,Trana,piemonte,3813
001278,Traversella,piemonte,319
001279,Traves,piemonte,486
001280,Trofarello,piemonte,10580
001281,Usseaux,piemonte,178
001282,Usseglio,piemonte,195
001283,Vaie,piemonte,1389
001284,Val della Torre,piemonte,3982
001285,Valgioie,piemonte,976
001286,Vallo Torinese,piemonte,780
001287,Valperga,piemonte,2974
001288,Valprato Soana,piemonte,90
001289,Varisella,piemonte,850
001290,Vauda Canavese,piemonte,1435
001291,Venaus,piemonte,871
001292,Venaria Reale,piemonte,32462
001293,Verolengo,piemonte,4782
001294,Verrua Savoia,piemonte,1341
001295,Vestignè,piemonte,753
001296,Vialfrè,piemonte,257
001298,Vidracco,piemonte,482
001299,Vigone,piemonte,5086
001300,Villafranca Piemonte,piemonte,4562
001301,Villanova Canavese,piemonte,1205
001302,Villarbasse,piemonte,3500
001303,Villar Dora,piemonte,2795
001304,Villareggia,piemonte,996
001305,Villar Focchiardo,piemonte,1955
001306,Villar Pellice,piemonte,1047
001307,Villar Perosa,piemonte,3898
001308,Villastellone,piemonte,4472
001309,Vinovo,piemonte,15154
001310,Virle Piemonte,piemonte,1153
001311,Vische,piemonte,1196
001312,Vistrorio,piemonte,506
001313,Viù,piemonte,1023
001314,Volpiano,piemonte,15199
001315,Volvera,piemonte,8521
001316,Mappano,piemonte,7369
001317,Val di Chy,piemonte,1235
001318,Valchiusa,piemonte,1003
002002,Alagna Valsesia,piemonte,730
002003,Albano Vercellese,piemonte,310
002004,Alice Castello,piemonte,2503
002006,Arborio,piemonte,830
002007,Asigliano Vercellese,piemonte,1382
002008,Balmuccia,piemonte,110
002009,Balocco,piemonte,217
002011,Bianzè,piemonte,1841
002014,Boccioleto,piemonte,163
002015,Borgo d'Ale,piemonte,2223
002016,Borgosesia,piemonte,12189
002017,Borgo Vercelli,piemonte,2260
002021,Buronzo,piemonte,851
002025,Campertogno,piemonte,221
002029,Carcoforo,piemonte,72
002030,Caresana,piemonte,1057
002031,Caresanablot,piemonte,1088
002032,Carisio,piemonte,772
002033,Casanova Elvo,piemonte,222
002035,San Giacomo Vercellese,piemonte,277
002041,Cervatto,piemonte,50
002042,Cigliano,piemonte,4295
002043,Civiasco,piemonte,234
002045,Collobiano,piemonte,86
002047,Costanzana,piemonte,761
002048,Cravagliana,piemonte,268
002049,Crescentino,piemonte,7636
002052,Crova,piemonte,372
002054,Desana,piemonte,1063
002057,Fobello,piemonte,186
002058,Fontanetto Po,piemonte,1053
002059,Formigliana,piemonte,497
002061,Gattinara,piemonte,7611
002062,Ghislarengo,piemonte,816
002065,Greggio,piemonte,328
002066,Guardabosone,piemonte,334
002067,Lamporo,piemonte,506
002068,Lenta,piemonte,795
002070,Lignana,piemonte,529
002071,Livorno Ferraris,piemonte,4180
002072,Lozzolo,piemonte,797
002078,Mollia,piemonte,93
002079,Moncrivello,piemonte,1376
002082,Motta de' Conti,piemonte,741
002088,Olcenengo,piemonte,787
002089,Oldenico,piemonte,217
002090,Palazzolo Vercellese,piemonte,1105
002091,Pertengo,piemonte,305
002093,Pezzana,piemonte,1271
002096,Pila,piemonte,144
002097,Piode,piemonte,188
002102,Postua,piemonte,561
002104,Prarolo,piemonte,708
002107,Quarona,piemonte,3804
002108,Quinto Vercellese,piemonte,391
002110,Rassa,piemonte,62
002113,Rimella,piemonte,133
002115,Rive,piemonte,424
002116,Roasio,piemonte,2250
002118,Ronsecco,piemonte,543
002121,Rossa,piemonte,175
002122,Rovasenda,piemonte,912
002126,Salasco,piemonte,207
002127,Sali Vercellese,piemonte,99
002128,Saluggia,piemonte,3777
002131,San Germano Vercellese,piemonte,1473
002133,Santhià,piemonte,8109
002134,Scopa,piemonte,373
002135,Scopello,piemonte,372
002137,Serravalle Sesia,piemonte,4751
002142,Stroppiana,piemonte,1172
002147,Tricerro,piemonte,680
002148,Trino,piemonte,6692
002150,Tronzano Vercellese,piemonte,3318
002152,Valduggia,piemonte,1875
002156,Varallo,piemonte,6926
002158,Vercelli,piemonte,45176
002163,Villarboit,piemonte,386
002164,Villata,piemonte,1550
002166,Vocca,piemonte,157
002170,Alto Sermenza,piemonte,145
002171,Cellio con Breia,piemonte,940
003001,Agrate Conturbia,piemonte,1520
003002,Ameno,piemonte,850
003006,Armeno,piemonte,2110
003008,Arona,piemonte,13675
003012,Barengo,piemonte,730
003016,Bellinzago Novarese,piemonte,9444
003018,Biandrate,piemonte,1307
003019,Boca,piemonte,1131
003021,Bogogno,piemonte,1297
003022,Bolzano Novarese,piemonte,1149
003023,Borgolavezzaro,piemonte,1956
003024,Borgomanero,piemonte,21277
003025,Borgo Ticino,piemonte,5174
003026,Briga Novarese,piemonte,2763
003027,Briona,piemonte,1105
003030,Caltignaga,piemonte,2504
003032,Cameri,piemonte,10660
003036,Carpignano Sesia,piemonte,2470
003037,Casalbeltrame,piemonte,991
003039,Casaleggio Novara,piemonte,905
003040,Casalino,piemonte,1523
003041,Casalvolone,piemonte,875
003042,Castellazzo Novarese,piemonte,316
003043,Castelletto sopra Ticino,piemonte,9826
003044,Cavaglietto,piemonte,381
003045,Cavaglio d'Agogna,piemonte,1165
003047,Cavallirio,piemonte,1307
003049,Cerano,piemonte,6712
003051,Colazza,piemonte,530
003052,Comignago,piemonte,1209
003055,Cressa,piemonte,1604
003058,Cureggio,piemonte,2576
003060,Divignano,piemonte,1433
003062,Dormelletto,piemonte,2561
003065,Fara Novarese,piemonte,2007
003066,Fontaneto d'Agogna,piemonte,2592
003068,Galliate,piemonte,15551
003069,Garbagna Novarese,piemonte,1405
003070,Gargallo,piemonte,1764
003073,Ghemme,piemonte,3386
003076,Gozzano,piemonte,5487
003077,Granozzo con Monticello,piemonte,1332
003079,Grignasco,piemonte,4345
003082,Invorio,piemonte,4308
003083,Landiona,piemonte,537
003084,Lesa,piemonte,2152
003088,Maggiora,piemonte,1609
003090,Mandello Vitta,piemonte,228
003091,Marano Ticino,piemonte,1568
003093,Massino Visconti,piemonte,1124
003095,Meina,piemonte,2372
003097,Mezzomerico,piemonte,1203
003098,Miasino,piemonte,811
003100,Momo,piemonte,2393
003103,Nebbiuno,piemonte,1788
003104,Nibbiola,piemonte,825
003106,Novara,piemonte,101367
003108,Oleggio,piemonte,14204
003109,Oleggio Castello,piemonte,2203
003112,Orta San Giulio,piemonte,1131
003114,Paruzzaro,piemonte,2143
003115,Pella,piemonte,894
003116,Pettenasco,piemonte,1341
003119,Pisano,piemonte,779
003120,Pogno,piemonte,1350
003121,Pombia,piemonte,2118
003122,Prato Sesia,piemonte,1849
003129,Recetto,piemonte,956
003130,Romagnano Sesia,piemonte,3677
003131,Romentino,piemonte,5625
003133,San Maurizio d'Opaglio,piemonte,2994
003134,San Nazzaro Sesia,piemonte,731
003135,San Pietro Mosezzo,piemonte,1971
003138,Sillavengo,piemonte,556
003139,Sizzano,piemonte,1360
003140,Soriso,piemonte,719
003141,Sozzago,piemonte,1088
003143,Suno,piemonte,2706
003144,Terdobbiate,piemonte,459
003146,Tornaco,piemonte,875
003149,Trecate,piemonte,20496
003153,Vaprio d'Agogna,piemonte,967
003154,Varallo Pombia,piemonte,4946
003158,Vespolate,piemonte,2015
003159,Vicolungo,piemonte,826
003164,Vinzaglio,piemonte,523
003166,Gattico-Veruno,piemonte,5224
004001,Acceglio,piemonte,157
004002,Aisone,piemonte,205
004003,Alba,piemonte,31095
004004,Albaretto della Torre,piemonte,221
004005,Alto,piemonte,142
004006,Argentera,piemonte,78
004007,Arguello,piemonte,199
004008,Bagnasco,piemonte,973
004009,Bagnolo Piemonte,piemonte,5817
004010,Baldissero d'Alba,piemonte,1048
004011,Barbaresco,piemonte,609
004012,Barge,piemonte,7430
004013,Barolo,piemonte,660
004014,Bastia Mondovì,piemonte,628
004015,Battifollo,piemonte,211
004016,Beinette,piemonte,3441
004017,Bellino,piemonte,95
004018,Belvedere Langhe,piemonte,337
004019,Bene Vagienna,piemonte,3643
004020,Benevello,piemonte,467
004021,Bergolo,piemonte,55
004022,Bernezzo,piemonte,4219
004023,Bonvicino,piemonte,100
004024,Borgomale,piemonte,386
004025,Borgo San Dalmazzo,piemonte,12477
004026,Bosia,piemonte,170
004027,Bossolasco,piemonte,639
004028,Boves,piemonte,9641
004029,Bra,piemonte,29536
004030,Briaglia,piemonte,305
004031,Briga Alta,piemonte,40
004032,Brondello,piemonte,261
004033,Brossasco,piemonte,1005
004034,Busca,piemonte,10127
004035,Camerana,piemonte,575
004037,Canale,piemonte,5514
004038,Canosio,piemonte,79
004039,Caprauna,piemonte,96
004040,Caraglio,piemonte,6755
004041,Caramagna Piemonte,piemonte,3072
004042,Cardè,piemonte,1143
004043,Carrù,piemonte,4382
004044,Cartignano,piemonte,175
004045,Casalgrasso,piemonte,1412
004046,Castagnito,piemonte,2184
004047,Casteldelfino,piemonte,143
004049,Castelletto Stura,piemonte,1349
004050,Castelletto Uzzone,piemonte,310
004051,Castellinaldo d'Alba,piemonte,915
004052,Castellino Tanaro,piemonte,281
004053,Castelmagno,piemonte,53
004054,Castelnuovo di Ceva,piemonte,102
004055,Castiglione Falletto,piemonte,690
004056,Castiglione Tinella,piemonte,811
004057,Castino,piemonte,458
004058,Cavallerleone,piemonte,673
004059,Cavallermaggiore,piemonte,5333
004060,Celle di Macra,piemonte,84
004061,Centallo,piemonte,6875
004062,Ceresole Alba,piemonte,2006
004063,Cerretto Langhe,piemonte,402
004064,Cervasca,piemonte,5148
004065,Cervere,piemonte,2255
004066,Ceva,piemonte,5641
004067,Cherasco,piemonte,9447
004068,Chiusa di Pesio,piemonte,3548
004069,Cigliè,piemonte,183
004070,Cissone,piemonte,80
004071,Clavesana,piemonte,799
004072,Corneliano d'Alba,piemonte,2142
004073,Cortemilia,piemonte,2188
004074,Cossano Belbo,piemonte,901
004075,Costigliole Saluzzo,piemonte,3295
004076,Cravanzana,piemonte,377
004077,Crissolo,piemonte,156
004078,Cuneo,piemonte,55557
004079,Demonte,piemonte,1853
004080,Diano d'Alba,piemonte,3622
004081,Dogliani,piemonte,4553
004082,Dronero,piemonte,6902
004083,Elva,piemonte,82
004084,Entracque,piemonte,770
004085,Envie,piemonte,1954
004086,Farigliano,piemonte,1698
004087,Faule,piemonte,464
004088,Feisoglio,piemonte,295
004089,Fossano,piemonte,24242
004090,Frabosa Soprana,piemonte,719
004091,Frabosa Sottana,piemonte,1604
004092,Frassino,piemonte,262
004093,Gaiola,piemonte,574
004094,Gambasca,piemonte,347
004095,Garessio,piemonte,2881
004096,Genola,piemonte,2587
004097,Gorzegno,piemonte,255
004098,Gottasecca,piemonte,130
004099,Govone,piemonte,2255
004100,Grinzane Cavour,piemonte,1987
004101,Guarene,piemonte,3513
004102,Igliano,piemonte,67
004103,Isasca,piemonte,72
004104,Lagnasco,piemonte,1395
004105,La Morra,piemonte,2675
004106,Lequio Berria,piemonte,432
004107,Lequio Tanaro,piemonte,752
004108,Lesegno,piemonte,788
004109,Levice,piemonte,204
004110,Limone Piemonte,piemonte,1402
004111,Lisio,piemonte,191
004112,Macra,piemonte,43
004113,Magliano Alfieri,piemonte,2173
004114,Magliano Alpi,piemonte,2130
004115,Mango,piemonte,1253
004116,Manta,piemonte,3765
004117,Marene,piemonte,3269
004118,Margarita,piemonte,1429
004119,Marmora,piemonte,54
004120,Marsaglia,piemonte,214
004121,Martiniana Po,piemonte,752
004122,Melle,piemonte,298
004123,Moiola,piemonte,218
004124,Mombarcaro,piemonte,250
004125,Mombasiglio,piemonte,617
004126,Monastero di Vasco,piemonte,1259
004127,Monasterolo Casotto,piemonte,80
004128,Monasterolo di Savigliano,piemonte,1335
004129,Monchiero,piemonte,585
004130,Mondovì,piemonte,22015
004131,Monesiglio,piemonte,595
004132,Monforte d'Alba,piemonte,1954
004133,Montà,piemonte,4684
004134,Montaldo di Mondovì,piemonte,530
004135,Montaldo Roero,piemonte,862
004136,Montanera,piemonte,714
004137,Montelupo Albese,piemonte,480
004138,Montemale di Cuneo,piemonte,214
004139,Monterosso Grana,piemonte,514
004140,Monteu Roero,piemonte,1634
004141,Montezemolo,piemonte,225
004142,Monticello d'Alba,piemonte,2351
004143,Moretta,piemonte,4078
004144,Morozzo,piemonte,2000
004145,Murazzano,piemonte,830
004146,Murello,piemonte,937
004147,Narzole,piemonte,3493
004148,Neive,piemonte,3328
004149,Neviglie,piemonte,367
004150,Niella Belbo,piemonte,347
004151,Niella Tanaro,piemonte,956
004152,Novello,piemonte,960
004153,Nucetto,piemonte,393
004154,Oncino,piemonte,87
004155,Ormea,piemonte,1477
004156,Ostana,piemonte,85
004157,Paesana,piemonte,2637
004158,Pagno,piemonte,584
004159,Pamparato,piemonte,270
004160,Paroldo,piemonte,195
004161,Perletto,piemonte,260
004162,Perlo,piemonte,108
004163,Peveragno,piemonte,5494
004164,Pezzolo Valle Uzzone,piemonte,310
004165,Pianfei,piemonte,2100
004166,Piasco,piemonte,2696
004167,Pietraporzio,piemonte,73
004168,Piobesi d'Alba,piemonte,1403
004169,Piozzo,piemonte,984
004170,Pocapaglia,piemonte,3287
004171,Polonghera,piemonte,1112
004172,Pontechianale,piemonte,187
004173,Pradleves,piemonte,241
004174,Prazzo,piemonte,177
004175,Priero,piemonte,525
004176,Priocca,piemonte,2025
004177,Priola,piemonte,658
004178,Prunetto,piemonte,409
004179,Racconigi,piemonte,9622
004180,Revello,piemonte,4193
004181,Rifreddo,piemonte,1050
004182,Rittana,piemonte,109
004183,Roaschia,piemonte,95
004184,Roascio,piemonte,91
004185,Robilante,piemonte,2147
004186,Roburent,piemonte,476
004187,Roccabruna,piemonte,1531
004188,Rocca Cigliè,piemonte,125
004189,Rocca de' Baldi,piemonte,1565
004190,Roccaforte Mondovì,piemonte,2056
004191,Roccasparvera,piemonte,743
004192,Roccavione,piemonte,2636
004193,Rocchetta Belbo,piemonte,155
004194,Roddi,piemonte,1572
004195,Roddino,piemonte,409
004196,Rodello,piemonte,963
004197,Rossana,piemonte,820
004198,Ruffia,piemonte,364
004199,Sale delle Langhe,piemonte,472
004200,Sale San Giovanni,piemonte,154
004201,Saliceto,piemonte,1184
004202,Salmour,piemonte,716
004203,Saluzzo,piemonte,17433
004204,Sambuco,piemonte,86
004205,Sampeyre,piemonte,988
004206,San Benedetto Belbo,piemonte,151
004207,San Damiano Macra,piemonte,414
004208,Sanfrè,piemonte,3050
004209,Sanfront,piemonte,2289
004210,San Michele Mondovì,piemonte,1810
004211,Sant'Albano Stura,piemonte,2357
004212,Santa Vittoria d'Alba,piemonte,2874
004213,Santo Stefano Belbo,piemonte,3823
004214,Santo Stefano Roero,piemonte,1325
004215,Savigliano,piemonte,21453
004216,Scagnello,piemonte,174
004217,Scarnafigi,piemonte,2149
004218,Serralunga d'Alba,piemonte,554
004219,Serravalle Langhe,piemonte,300
004220,Sinio,piemonte,478
004221,Somano,piemonte,310
004222,Sommariva del Bosco,piemonte,6271
004223,Sommariva Perno,piemonte,2694
004224,Stroppo,piemonte,96
004225,Tarantasca,piemonte,2166
004226,Torre Bormida,piemonte,162
004227,Torre Mondovì,piemonte,489
004228,Torre San Giorgio,piemonte,744
004229,Torresina,piemonte,48
004230,Treiso,piemonte,761
004231,Trezzo Tinella,piemonte,303
004232,Trinità,piemonte,2231
004233,Valdieri,piemonte,912
004234,Valgrana,piemonte,808
004235,Valloriate,piemonte,99
004237,Venasca,piemonte,1348
004238,Verduno,piemonte,562
004239,Vernante,piemonte,1104
004240,Verzuolo,piemonte,6417
004241,Vezza d'Alba,piemonte,2352
004242,Vicoforte,piemonte,3168
004243,Vignolo,piemonte,2643
004244,Villafalletto,piemonte,2859
004245,Villanova Mondovì,piemonte,5819
004246,Villanova Solaro,piemonte,735
004247,Villar San Costanzo,piemonte,1541
004248,Vinadio,piemonte,599
004249,Viola,piemonte,359
004250,Vottignasco,piemonte,497
005001,Agliano Terme,piemonte,1526
005002,Albugnano,piemonte,498
005003,Antignano,piemonte,949
005004,Aramengo,piemonte,565
005005,Asti,piemonte,73723
005006,Azzano d'Asti,piemonte,384
005007,Baldichieri d'Asti,piemonte,1090
005008,Belveglio,piemonte,314
005009,Berzano di San Pietro,piemonte,397
005010,Bruno,piemonte,297
005011,Bubbio,piemonte,802
005012,Buttigliera d'Asti,piemonte,2496
005013,Calamandrana,piemonte,1661
005014,Calliano,piemonte,1209
005015,Calosso,piemonte,1146
005016,Camerano Casasco,piemonte,407
005017,Canelli,piemonte,10181
005018,Cantarana,piemonte,987
005019,Capriglio,piemonte,306
005020,Casorzo,piemonte,610
005021,Cassinasco,piemonte,542
005022,Castagnole delle Lanze,piemonte,3648
005023,Castagnole Monferrato,piemonte,1152
005024,Castel Boglione,piemonte,572
005025,Castell'Alfero,piemonte,2637
005026,Castellero,piemonte,291
005027,Castelletto Molina,piemonte,143
005028,Castello di Annone,piemonte,1809
005029,Castelnuovo Belbo,piemonte,805
005030,Castelnuovo Calcea,piemonte,692
005031,Castelnuovo Don Bosco,piemonte,3109
005032,Castel Rocchero,piemonte,389
005033,Cellarengo,piemonte,710
005034,Celle Enomondo,piemonte,452
005035,Cerreto d'Asti,piemonte,222
005036,Cerro Tanaro,piemonte,588
005037,Cessole,piemonte,362
005038,Chiusano d'Asti,piemonte,250
005039,Cinaglio,piemonte,423
005040,Cisterna d'Asti,piemonte,1224
005041,Coazzolo,piemonte,293
005042,Cocconato,piemonte,1406
005044,Corsione,piemonte,192
005045,Cortandone,piemonte,311
005046,Cortanze,piemonte,265
005047,Cortazzone,piemonte,588
005048,Cortiglione,piemonte,536
005049,Cossombrato,piemonte,518
005050,Costigliole d'Asti,piemonte,5679
005051,Cunico,piemonte,437
005052,Dusino San Michele,piemonte,1088
005053,Ferrere,piemonte,1499
005054,Fontanile,piemonte,493
005055,Frinco,piemonte,762
005056,Grana,piemonte,523
005057,Grazzano Badoglio,piemonte,577
005058,Incisa Scapaccino,piemonte,2028
005059,Isola d'Asti,piemonte,1964
005060,Loazzolo,piemonte,296
005061,Maranzana,piemonte,230
005062,Maretto,piemonte,380
005063,Moasca,piemonte,514
005064,Mombaldone,piemonte,193
005065,Mombaruzzo,piemonte,986
005066,Mombercelli,piemonte,2109
005067,Monale,piemonte,984
005068,Monastero Bormida,piemonte,872
005069,Moncalvo,piemonte,2745
005070,Moncucco Torinese,piemonte,883
005071,Mongardino,piemonte,863
005072,Montabone,piemonte,311
005073,Montafia,piemonte,927
005074,Montaldo Scarampi,piemonte,699
005075,Montechiaro d'Asti,piemonte,1206
005076,Montegrosso d'Asti,piemonte,2290
005077,Montemagno,piemonte,1053
005079,Moransengo,piemonte,186
005080,Nizza Monferrato,piemonte,10094
005081,Olmo Gentile,piemonte,70
005082,Passerano Marmorito,piemonte,432
005083,Penango,piemonte,445
005084,Piea,piemonte,522
005085,Pino d'Asti,piemonte,205
005086,Piovà Massaia,piemonte,581
005087,Portacomaro,piemonte,1926
005088,Quaranti,piemonte,150
005089,Refrancore,piemonte,1579
005090,Revigliasco d'Asti,piemonte,729
005091,Roatto,piemonte,368
005092,Robella,piemonte,437
005093,Rocca d'Arazzo,piemonte,909
005094,Roccaverano,piemonte,368
005095,Rocchetta Palafea,piemonte,342
005096,Rocchetta Tanaro,piemonte,1367
005097,San Damiano d'Asti,piemonte,8075
005098,San Giorgio Scarampi,piemonte,97
005099,San Martino Alfieri,piemonte,660
005100,San Marzano Oliveto,piemonte,989
005101,San Paolo Solbrito,piemonte,1160
005103,Scurzolengo,piemonte,516
005104,Serole,piemonte,102
005105,Sessame,piemonte,239
005106,Settime,piemonte,559
005107,Soglio,piemonte,135
005108,Tigliole,piemonte,1703
005109,Tonco,piemonte,774
005110,Tonengo,piemonte,211
005111,Vaglio Serra,piemonte,276
005112,Valfenera,piemonte,2416
005113,Vesime,piemonte,592
005114,Viale,piemonte,250
005115,Viarigi,piemonte,868
005116,Vigliano d'Asti,piemonte,816
005117,Villafranca d'Asti,piemonte,2930
005118,Villanova d'Asti,piemonte,5497
005119,Villa San Secondo,piemonte,379
005120,Vinchio,piemonte,548
005121,Montiglio Monferrato,piemonte,1516
006001,Acqui Terme,piemonte,19043
006002,Albera Ligure,piemonte,314
006003,Alessandria,piemonte,90825
006004,Alfiano Natta,piemonte,727
006005,Alice Bel Colle,piemonte,713
006007,Altavilla Monferrato,piemonte,399
006008,Alzano Scrivia,piemonte,348
006009,Arquata Scrivia,piemonte,6236
006010,Avolasca,piemonte,253
006011,Balzola,piemonte,1261
006012,Basaluzzo,piemonte,2001
006013,Bassignana,piemonte,1556
006014,Belforte Monferrato,piemonte,499
006015,Bergamasco,piemonte,709
006016,Berzano di Tortona,piemonte,157
006017,Bistagno,piemonte,1765
006018,Borghetto di Borbera,piemonte,1924
006019,Borgoratto Alessandrino,piemonte,536
006020,Borgo San Martino,piemonte,1343
006021,Bosco Marengo,piemonte,2241
006022,Bosio,piemonte,1062
006023,Bozzole,piemonte,311
006024,Brignano-Frascata,piemonte,426
006025,Cabella Ligure,piemonte,468
006026,Camagna Monferrato,piemonte,468
006027,Camino,piemonte,736
006028,Cantalupo Ligure,piemonte,454
006029,Capriata d'Orba,piemonte,1777
006030,Carbonara Scrivia,piemonte,1104
006031,Carentino,piemonte,321
006032,Carezzano,piemonte,426
006033,Carpeneto,piemonte,911
006034,Carrega Ligure,piemonte,88
006035,Carrosio,piemonte,494
006036,Cartosio,piemonte,720
006037,Casal Cermelli,piemonte,1182
006038,Casaleggio Boiro,piemonte,370
006039,Casale Monferrato,piemonte,32399
006040,Casalnoceto,piemonte,969
006041,Casasco,piemonte,121
006043,Cassine,piemonte,2821
006044,Cassinelle,piemonte,852
006045,Castellania Coppi,piemonte,88
006046,Castellar Guidobono,piemonte,398
006047,Castellazzo Bormida,piemonte,4435
006048,Castelletto d'Erro,piemonte,135
006049,Castelletto d'Orba,piemonte,1855
006050,Castelletto Merli,piemonte,452
006051,Castelletto Monferrato,piemonte,1443
006052,Castelnuovo Bormida,piemonte,612
006053,Castelnuovo Scrivia,piemonte,4874
006054,Castelspina,piemonte,392
006055,Cavatore,piemonte,261
006056,Cella Monte,piemonte,467
006057,Cereseto,piemonte,396
006058,Cerreto Grue,piemonte,302
006059,Cerrina Monferrato,piemonte,1309
006060,Coniolo,piemonte,445
006061,Conzano,piemonte,951
006062,Costa Vescovato,piemonte,316
006063,Cremolino,piemonte,1012
006065,Denice,piemonte,171
006066,Dernice,piemonte,180
006067,Fabbrica Curone,piemonte,586
006068,Felizzano,piemonte,2131
006069,Fraconalto,piemonte,303
006070,Francavilla Bisio,piemonte,506
006071,Frascaro,piemonte,449
006072,Frassinello Monferrato,piemonte,470
006073,Frassineto Po,piemonte,1362
006074,Fresonara,piemonte,623
006075,Frugarolo,piemonte,1893
006076,Fubine Monferrato,piemonte,1577
006077,Gabiano,piemonte,1022
006078,Gamalero,piemonte,817
006079,Garbagna,piemonte,615
006081,Gavi,piemonte,4444
006082,Giarole,piemonte,671
006083,Gremiasco,piemonte,292
006084,Grognardo,piemonte,221
006085,Grondona,piemonte,476
006086,Guazzora,piemonte,292
006087,Isola Sant'Antonio,piemonte,644
006088,Lerma,piemonte,801
006090,Malvicino,piemonte,79
006091,Masio,piemonte,1278
006092,Melazzo,piemonte,1258
006093,Merana,piemonte,185
006094,Mirabello Monferrato,piemonte,1211
006095,Molare,piemonte,2013
006096,Molino dei Torti,piemonte,565
006097,Mombello Monferrato,piemonte,925
006098,Momperone,piemonte,195
006099,Moncestino,piemonte,196
006100,Mongiardino Ligure,piemonte,154
006101,Monleale,piemonte,553
006102,Montacuto,piemonte,251
006103,Montaldeo,piemonte,232
006104,Montaldo Bormida,piemonte,608
006105,Montecastello,piemonte,290
006106,Montechiaro d'Acqui,piemonte,501
006107,Montegioco,piemonte,284
006108,Montemarzino,piemonte,311
006109,Morano sul Po,piemonte,1319
006110,Morbello,piemonte,389
006111,Mornese,piemonte,710
006112,Morsasco,piemonte,606
006113,Murisengo,piemonte,1291
006114,Novi Ligure,piemonte,27449
006115,Occimiano,piemonte,1242
006116,Odalengo Grande,piemonte,407
006117,Odalengo Piccolo,piemonte,239
006118,Olivola,piemonte,114
006119,Orsara Bormida,piemonte,400
006120,Ottiglio,piemonte,594
006121,Ovada,piemonte,10873
006122,Oviglio,piemonte,1196
006123,Ozzano Monferrato,piemonte,1366
006124,Paderna,piemonte,198
006125,Pareto,piemonte,517
006126,Parodi Ligure,piemonte,614
006127,Pasturana,piemonte,1286
006128,Pecetto di Valenza,piemonte,1166
006129,Pietra Marazzi,piemonte,867
006131,Pomaro Monferrato,piemonte,313
006132,Pontecurone,piemonte,3427
006133,Pontestura,piemonte,1312
006134,Ponti,piemonte,544
006135,Ponzano Monferrato,piemonte,315
006136,Ponzone,piemonte,999
006137,Pozzol Groppo,piemonte,296
006138,Pozzolo Formigaro,piemonte,4513
006139,Prasco,piemonte,479
006140,Predosa,piemonte,1895
006141,Quargnento,piemonte,1347
006142,Quattordio,piemonte,1497
006143,Ricaldone,piemonte,612
006144,Rivalta Bormida,piemonte,1394
006145,Rivarone,piemonte,393
006146,Roccaforte Ligure,piemonte,123
006147,Rocca Grimalda,piemonte,1430
006148,Rocchetta Ligure,piemonte,218
006149,Rosignano Monferrato,piemonte,1458
006150,Sala Monferrato,piemonte,340
006151,Sale,piemonte,3916
006152,San Cristoforo,piemonte,542
006153,San Giorgio Monferrato,piemonte,1201
006154,San Salvatore Monferrato,piemonte,4045
006155,San Sebastiano Curone,piemonte,525
006156,Sant'Agata Fossili,piemonte,367
006157,Sardigliano,piemonte,386
006158,Sarezzano,piemonte,1124
006159,Serralunga di Crea,piemonte,509
006160,Serravalle Scrivia,piemonte,5878
006161,Sezzadio,piemonte,1174
006162,Silvano d'Orba,piemonte,1914
006163,Solero,piemonte,1565
006164,Solonghello,piemonte,195
006165,Spigno Monferrato,piemonte,923
006166,Spineto Scrivia,piemonte,367
006167,Stazzano,piemonte,2337
006168,Strevi,piemonte,1896
006169,Tagliolo Monferrato,piemonte,1503
006170,Tassarolo,piemonte,599
006171,Terruggia,piemonte,912
006172,Terzo,piemonte,838
006173,Ticineto,piemonte,1307
006174,Tortona,piemonte,26461
006175,Treville,piemonte,258
006176,Trisobbio,piemonte,667
006177,Valenza,piemonte,18090
006178,Valmacca,piemonte,966
006179,Vignale Monferrato,piemonte,943
006180,Vignole Borbera,piemonte,2022
006181,Viguzzolo,piemonte,3054
006182,Villadeati,piemonte,481
006183,Villalvernia,piemonte,876
006184,Villamiroglio,piemonte,299
006185,Villanova Monferrato,piemonte,1748
006186,Villaromagnano,piemonte,653
006187,Visone,piemonte,1138
006188,Volpedo,piemonte,1157
006189,Volpeglino,piemonte,134
006190,Voltaggio,piemonte,667
006191,Cassano Spinola,piemonte,1825
006192,Alluvioni Piovera,piemonte,1616
006193,Lu e Cuccaro Monferrato,piemonte,1330
008001,Airole,liguria,363
008002,Apricale,liguria,628
008003,Aquila d'Arroscia,liguria,147
008004,Armo,liguria,118
008005,Aurigo,liguria,337
008006,Badalucco,liguria,1068
008007,Bajardo,liguria,372
008008,Bordighera,liguria,10130
008009,Borghetto d'Arroscia,liguria,408
008010,Borgomaro,liguria,827
008011,Camporosso,liguria,5577
008012,Caravonica,liguria,262
008014,Castellaro,liguria,1267
008015,Castel Vittorio,liguria,261
008016,Ceriana,liguria,1099
008017,Cervo,liguria,1118
008018,Cesio,liguria,273
008019,Chiusanico,liguria,593
008020,Chiusavecchia,liguria,513
008021,Cipressa,liguria,1181
008022,Civezza,liguria,628
008023,Cosio d'Arroscia,liguria,175
008024,Costarainera,liguria,777
008025,Diano Arentino,liguria,685
008026,Diano Castello,liguria,2260
008027,Diano Marina,liguria,5628
008028,Diano San Pietro,liguria,1098
008029,Dolceacqua,liguria,2145
008030,Dolcedo,liguria,1273
008031,Imperia,liguria,41960
008032,Isolabona,liguria,677
008033,Lucinasco,liguria,293
008034,Mendatica,liguria,162
008035,Molini di Triora,liguria,622
008037,Montegrosso Pian Latte,liguria,120
008038,Olivetta San Michele,liguria,201
008039,Ospedaletti,liguria,3168
008040,Perinaldo,liguria,845
008041,Pietrabruna,liguria,453
008042,Pieve di Teco,liguria,1322
008043,Pigna,liguria,763
008044,Pompeiana,liguria,852
008045,Pontedassio,liguria,2341
008046,Pornassio,liguria,656
008047,Prelà,liguria,482
008048,Ranzo,liguria,558
008049,Rezzo,liguria,312
008050,Riva Ligure,liguria,2812
008051,Rocchetta Nervina,liguria,293
008052,San Bartolomeo al Mare,liguria,2943
008053,San Biagio della Cima,liguria,1246
008054,San Lorenzo al Mare,liguria,1226
008055,Sanremo,liguria,52918
008056,Santo Stefano al Mare,liguria,2031
008057,Seborga,liguria,281
008058,Soldano,liguria,996
008059,Taggia,liguria,13766
008060,Terzorio,liguria,235
008061,Triora,liguria,360
008062,Vallebona,liguria,1257
008063,Vallecrosia,liguria,6727
008064,Vasia,liguria,366
008065,Ventimiglia,liguria,23018
008066,Vessalico,liguria,247
008067,Villa Faraldi,liguria,448
008068,Montalto Carpasio,liguria,502
009001,Alassio,liguria,10168
009002,Albenga,liguria,23435
009003,Albissola Marina,liguria,5259
009004,Albisola Superiore,liguria,9644
009005,Altare,liguria,1932
009006,Andora,liguria,7261
009007,Arnasco,liguria,573
009008,Balestrino,liguria,525
009009,Bardineto,liguria,748
009010,Bergeggi,liguria,1068
009011,Boissano,liguria,2527
009012,Borghetto Santo Spirito,liguria,4612
009013,Borgio Verezzi,liguria,2086
009014,Bormida,liguria,343
009015,Cairo Montenotte,liguria,12648
009016,Calice Ligure,liguria,1692
009017,Calizzano,liguria,1423
009018,Carcare,liguria,5254
009019,Casanova Lerrone,liguria,737
009020,Castelbianco,liguria,316
009021,Castelvecchio di Rocca Barbena,liguria,133
009022,Celle Ligure,liguria,4910
009023,Cengio,liguria,3293
009024,Ceriale,liguria,5365
009025,Cisano sul Neva,liguria,2122
009026,Cosseria,liguria,1053
009027,Dego,liguria,1856
009028,Erli,liguria,215
009029,Finale Ligure,liguria,11157
009030,Garlenda,liguria,1348
009031,Giustenice,liguria,993
009032,Giusvalla,liguria,401
009033,Laigueglia,liguria,1696
009034,Loano,liguria,10788
009035,Magliolo,liguria,933
009036,Mallare,liguria,1061
009037,Massimino,liguria,97
009038,Millesimo,liguria,3212
009039,Mioglia,liguria,490
009040,Murialdo,liguria,773
009041,Nasino,liguria,174
009042,Noli,liguria,2442
009043,Onzo,liguria,219
009044,Orco Feglino,liguria,919
009045,Ortovero,liguria,1599
009046,Osiglia,liguria,443
009047,Pallare,liguria,900
009048,Piana Crixia,liguria,760
009049,Pietra Ligure,liguria,8326
009050,Plodio,liguria,622
009051,Pontinvrea,liguria,820
009052,Quiliano,liguria,6902
009053,Rialto,liguria,546
009054,Roccavignale,liguria,741
009055,Sassello,liguria,1747
009056,Savona,liguria,58534
009057,Spotorno,liguria,3498
009058,Stella,liguria,2937
009059,Stellanello,liguria,852
009060,Testico,liguria,177
009061,Toirano,liguria,2640
009062,Tovo San Giacomo,liguria,2504
009063,Urbe,liguria,653
009064,Vado Ligure,liguria,8105
009065,Varazze,liguria,12620
009066,Vendone,liguria,366
009067,Vezzi Portio,liguria,795
009068,Villanova d'Albenga,liguria,2764
009069,Zuccarello,liguria,286
010001,Arenzano,liguria,11163
010002,Avegno,liguria,2519
010003,Bargagli,liguria,2558
010004,Bogliasco,liguria,4379
010005,Borzonasca,liguria,1834
010006,Busalla,liguria,5168
010007,Camogli,liguria,5022
010008,Campo Ligure,liguria,2790
010009,Campomorone,liguria,6482
010010,Carasco,liguria,3770
010011,Casarza Ligure,liguria,6729
010012,Casella,liguria,3125
010013,Castiglione Chiavarese,liguria,1580
010014,Ceranesi,liguria,3637
010015,Chiavari,liguria,27228
010016,Cicagna,liguria,2250
010017,Cogoleto,liguria,8603
010018,Cogorno,liguria,5724
010019,Coreglia Ligure,liguria,267
010020,Crocefieschi,liguria,522
010021,Davagna,liguria,1857
010022,Fascia,liguria,73
010023,Favale di Malvaro,liguria,433
010024,Fontanigorda,liguria,244
010025,Genova,liguria,561203
010026,Gorreto,liguria,94
010027,Isola del Cantone,liguria,1392
010028,Lavagna,liguria,12315
010029,Leivi,liguria,2404
010030,Lorsica,liguria,412
010031,Lumarzo,liguria,1433
010032,Masone,liguria,3443
010033,Mele,liguria,2592
010034,Mezzanego,liguria,1483
010035,Mignanego,liguria,3495
010036,Moconesi,liguria,2437
010037,Moneglia,liguria,2589
010038,Montebruno,liguria,207
010039,Montoggio,liguria,2008
010040,Ne,liguria,2130
010041,Neirone,liguria,843
010042,Orero,liguria,503
010043,Pieve Ligure,liguria,2429
010044,Portofino,liguria,369
010045,Propata,liguria,113
010046,Rapallo,liguria,29107
010047,Recco,liguria,9464
010048,Rezzoaglio,liguria,875
010049,Ronco Scrivia,liguria,4179
010050,Rondanina,liguria,60
010051,Rossiglione,liguria,2560
010052,Rovegno,liguria,492
010053,San Colombano Certenoli,liguria,2563
010054,Santa Margherita Ligure,liguria,8575
010055,Sant'Olcese,liguria,5601
010056,Santo Stefano d'Aveto,liguria,991
010057,Savignone,liguria,3038
010058,Serra Riccò,liguria,7615
010059,Sestri Levante,liguria,17607
010060,Sori,liguria,4018
010061,Tiglieto,liguria,476
010062,Torriglia,liguria,2195
010063,Tribogna,liguria,566
010064,Uscio,liguria,2141
010065,Valbrevenna,liguria,757
010066,Vobbia,liguria,365
010067,Zoagli,liguria,2306
011001,Ameglia,liguria,4318
011002,Arcola,liguria,10183
011003,Beverino,liguria,2264
011004,Bolano,liguria,7451
011005,Bonassola,liguria,816
011006,Borghetto di Vara,liguria,878
011007,Brugnato,liguria,1284
011008,Calice al Cornoviglio,liguria,1053
011009,Carro,liguria,514
011010,Carrodano,liguria,477
011011,Castelnuovo Magra,liguria,8361
011012,Deiva Marina,liguria,1292
011013,Follo,liguria,6133
011014,Framura,liguria,599
011015,La Spezia,liguria,92169
011016,Lerici,liguria,9497
011017,Levanto,liguria,5218
011018,Maissana,liguria,583
011019,Monterosso al Mare,liguria,1371
011020,Luni,liguria,8208
011021,Pignone,liguria,519
011022,Portovenere,liguria,3310
011023,Riccò del Golfo di Spezia,liguria,3615
011024,Riomaggiore,liguria,1353
011025,Rocchetta di Vara,liguria,674
011026,Santo Stefano di Magra,liguria,9837
011027,Sarzana,liguria,21610
011028,Sesta Godano,liguria,1273
011029,Varese Ligure,liguria,1811
011030,Vernazza,liguria,759
011031,Vezzano Ligure,liguria,7212
011032,Zignago,liguria,475
012001,Agra,lombardia,407
012002,Albizzate,lombardia,5195
012003,Angera,lombardia,5396
012004,Arcisate,lombardia,9915
012005,Arsago Seprio,lombardia,4785
012006,Azzate,lombardia,4621
012007,Azzio,lombardia,755
012008,Barasso,lombardia,1620
012009,Bardello,lombardia,1598
012010,Bedero Valcuvia,lombardia,665
012011,Besano,lombardia,2509
012012,Besnate,lombardia,5475
012013,Besozzo,lombardia,8756
012014,Biandronno,lombardia,3167
012015,Bisuschio,lombardia,4250
012016,Bodio Lomnago,lombardia,2231
012017,Brebbia,lombardia,3155
012018,Bregano,lombardia,821
012019,Brenta,lombardia,1735
012020,Brezzo di Bedero,lombardia,1246
012021,Brinzio,lombardia,773
012022,Brissago-Valtravaglia,lombardia,1245
012023,Brunello,lombardia,929
012024,Brusimpiano,lombardia,1170
012025,Buguggiate,lombardia,3075
012026,Busto Arsizio,lombardia,82754
012027,Cadegliano-Viconago,lombardia,2131
012029,Cairate,lombardia,7729
012030,Cantello,lombardia,4726
012031,Caravate,lombardia,2551
012032,Cardano al Campo,lombardia,14728
012033,Carnago,lombardia,6600
012034,Caronno Pertusella,lombardia,18116
012035,Caronno Varesino,lombardia,4786
012036,Casale Litta,lombardia,2729
012037,Casalzuigno,lombardia,1362
012038,Casciago,lombardia,3617
012039,Casorate Sempione,lombardia,5671
012040,Cassano Magnago,lombardia,21362
012041,Cassano Valcuvia,lombardia,670
012042,Castellanza,lombardia,14077
012043,Castello Cabiaglio,lombardia,558
012044,Castelseprio,lombardia,1309
012045,Castelveccana,lombardia,1867
012046,Castiglione Olona,lombardia,7582
012047,Castronno,lombardia,5039
012048,Cavaria con Premezzo,lombardia,5638
012049,Cazzago Brabbia,lombardia,802
012050,Cislago,lombardia,10413
012051,Cittiglio,lombardia,3807
012052,Clivio,lombardia,1938
012053,Cocquio-Trevisago,lombardia,4623
012054,Comabbio,lombardia,1221
012055,Comerio,lombardia,2835
012056,Cremenaga,lombardia,775
012057,Crosio della Valle,lombardia,601
012058,Cuasso al Monte,lombardia,3574
012059,Cugliate-Fabiasco,lombardia,3070
012060,Cunardo,lombardia,2885
012061,Curiglia con Monteviasco,lombardia,156
012062,Cuveglio,lombardia,3246
012063,Cuvio,lombardia,1631
012064,Daverio,lombardia,3085
012065,Dumenza,lombardia,1461
012066,Duno,lombardia,144
012067,Fagnano Olona,lombardia,12433
012068,Ferno,lombardia,6685
012069,Ferrera di Varese,lombardia,700
012070,Gallarate,lombardia,52452
012071,Galliate Lombardo,lombardia,989
012072,Gavirate,lombardia,9136
012073,Gazzada Schianno,lombardia,4559
012074,Gemonio,lombardia,2847
012075,Gerenzano,lombardia,10751
012076,Germignaga,lombardia,3743
012077,Golasecca,lombardia,2654
012078,Gorla Maggiore,lombardia,4872
012079,Gorla Minore,lombardia,8094
012080,Gornate Olona,lombardia,2179
012081,Grantola,lombardia,1237
012082,Inarzo,lombardia,1061
012083,Induno Olona,lombardia,10278
012084,Ispra,lombardia,5297
012085,Jerago con Orago,lombardia,5273
012086,Lavena Ponte Tresa,lombardia,5631
012087,Laveno-Mombello,lombardia,8324
012088,Leggiuno,lombardia,3618
012089,Lonate Ceppino,lombardia,5033
012090,Lonate Pozzolo,lombardia,11366
012091,Lozza,lombardia,1203
012092,Luino,lombardia,14128
012093,Luvinate,lombardia,1310
012095,Malgesso,lombardia,1215
012096,Malnate,lombardia,16347
012097,Marchirolo,lombardia,3512
012098,Marnate,lombardia,8032
012099,Marzio,lombardia,310
012100,Masciago Primo,lombardia,303
012101,Mercallo,lombardia,1797
012102,Mesenzana,lombardia,1656
012103,Montegrino Valtravaglia,lombardia,1491
012104,Monvalle,lombardia,1939
012105,Morazzone,lombardia,4278
012106,Mornago,lombardia,4926
012107,Oggiona con Santo Stefano,lombardia,4319
012108,Olgiate Olona,lombardia,12599
012109,Origgio,lombardia,7939
012110,Orino,lombardia,819
012113,Porto Ceresio,lombardia,2838
012114,Porto Valtravaglia,lombardia,2266
012115,Rancio Valcuvia,lombardia,906
012116,Ranco,lombardia,1251
012117,Saltrio,lombardia,2987
012118,Samarate,lombardia,16037
012119,Saronno,lombardia,38582
012120,Sesto Calende,lombardia,10969
012121,Solbiate Arno,lombardia,4021
012122,Solbiate Olona,lombardia,5359
012123,Somma Lombardo,lombardia,17749
012124,Sumirago,lombardia,5974
012125,Taino,lombardia,3621
012126,Ternate,lombardia,2485
012127,Tradate,lombardia,18834
012128,Travedona-Monate,lombardia,3949
012129,Tronzano Lago Maggiore,lombardia,225
012130,Uboldo,lombardia,10719
012131,Valganna,lombardia,1595
012132,Varano Borghi,lombardia,2455
012133,Varese,lombardia,78740
012134,Vedano Olona,lombardia,7281
012136,Venegono Inferiore,lombardia,5952
012137,Venegono Superiore,lombardia,7257
012138,Vergiate,lombardia,8652
012139,Viggiù,lombardia,5167
012140,Vizzola Ticino,lombardia,586
012141,Sangiano,lombardia,1459
012142,Maccagno con Pino e Veddasca,lombardia,2403
012143,Cadrezzate con Osmate,lombardia,2651
013003,Albavilla,lombardia,6360
013004,Albese con Cassano,lombardia,4189
013005,Albiolo,lombardia,2725
013006,Alserio,lombardia,1303
013007,Alzate Brianza,lombardia,4842
013009,Anzano del Parco,lombardia,1755
013010,Appiano Gentile,lombardia,7685
013011,Argegno,lombardia,679
013012,Arosio,lombardia,5114
013013,Asso,lombardia,3528
013015,Barni,lombardia,559
013021,Bene Lario,lombardia,330
013022,Beregazzo con Figliaro,lombardia,2794
013023,Binago,lombardia,4824
013024,Bizzarone,lombardia,1725
013025,Blessagno,lombardia,290
013026,Blevio,lombardia,1091
013028,Bregnano,lombardia,6384
013029,Brenna,lombardia,2177
013030,Brienno,lombardia,335
013032,Brunate,lombardia,1623
013034,Bulgarograsso,lombardia,4002
013035,Cabiate,lombardia,7405
013036,Cadorago,lombardia,7931
013037,Caglio,lombardia,475
013040,Campione d'Italia,lombardia,1748
013041,Cantù,lombardia,39382
013042,Canzo,lombardia,5111
013043,Capiago Intimiano,lombardia,5474
013044,Carate Urio,lombardia,1101
013045,Carbonate,lombardia,2896
013046,Carimate,lombardia,4429
013047,Carlazzo,lombardia,3144
013048,Carugo,lombardia,6569
013052,Caslino d'Erba,lombardia,1644
013053,Casnate con Bernate,lombardia,5011
013055,Cassina Rizzardi,lombardia,3294
013058,Castelmarte,lombardia,1265
013059,Castelnuovo Bozzente,lombardia,903
013062,Cavargna,lombardia,189
013063,Cerano d'Intelvi,lombardia,572
013064,Cermenate,lombardia,9274
013065,Cernobbio,lombardia,6402
013068,Cirimido,lombardia,2121
013071,Claino con Osteno,lombardia,539
013074,Colonno,lombardia,447
013075,Como,lombardia,83361
013077,Corrido,lombardia,847
013083,Cremia,lombardia,691
013084,Cucciago,lombardia,3442
013085,Cusino,lombardia,218
013087,Dizzasco,lombardia,636
013089,Domaso,lombardia,1451
013090,Dongo,lombardia,3233
013092,Dosso del Liro,lombardia,236
013095,Erba,lombardia,16091
013097,Eupilio,lombardia,2575
013098,Faggeto Lario,lombardia,1148
013099,Faloppio,lombardia,4831
013100,Fenegrò,lombardia,3230
013101,Figino Serenza,lombardia,4968
013102,Fino Mornasco,lombardia,9829
013106,Garzeno,lombardia,676
013107,Gera Lario,lombardia,1054
013110,Grandate,lombardia,2814
013111,Grandola ed Uniti,lombardia,1317
013113,Griante,lombardia,591
013114,Guanzate,lombardia,5795
013118,Inverigo,lombardia,9117
013119,Laglio,lombardia,899
013120,Laino,lombardia,544
013121,Lambrugo,lombardia,2523
013123,Lasnigo,lombardia,456
013126,Lezzeno,lombardia,1962
013128,Limido Comasco,lombardia,3864
013129,Lipomo,lombardia,5985
013130,Livo,lombardia,165
013131,Locate Varesino,lombardia,4303
013133,Lomazzo,lombardia,9944
013134,Longone al Segrino,lombardia,1947
013135,Luisago,lombardia,2730
013136,Lurago d'Erba,lombardia,5405
013137,Lurago Marinone,lombardia,2553
013138,Lurate Caccivio,lombardia,9708
013139,Magreglio,lombardia,687
013143,Mariano Comense,lombardia,25182
013144,Maslianico,lombardia,3131
013145,Menaggio,lombardia,3035
013147,Merone,lombardia,4058
013152,Moltrasio,lombardia,1544
013153,Monguzzo,lombardia,2367
013154,Montano Lucino,lombardia,5340
013155,Montemezzo,lombardia,220
013157,Montorfano,lombardia,2516
013159,Mozzate,lombardia,8677
013160,Musso,lombardia,934
013161,Nesso,lombardia,1163
013163,Novedrate,lombardia,2880
013165,Olgiate Comasco,lombardia,11780
013169,Oltrona di San Mamette,lombardia,2373
013170,Orsenigo,lombardia,2649
013178,Peglio,lombardia,189
013183,Pianello del Lario,lombardia,1047
013184,Pigra,lombardia,248
013185,Plesio,lombardia,817
013186,Pognana Lario,lombardia,667
013187,Ponna,lombardia,230
013188,Ponte Lambro,lombardia,4242
013189,Porlezza,lombardia,4820
013192,Proserpio,lombardia,940
013193,Pusiano,lombardia,1334
013195,Rezzago,lombardia,308
013197,Rodero,lombardia,1259
013199,Ronago,lombardia,1630
013201,Rovellasca,lombardia,7923
013202,Rovello Porro,lombardia,6209
013203,Sala Comacina,lombardia,481
013204,San Bartolomeo Val Cavargna,lombardia,967
013206,San Fermo della Battaglia,lombardia,7799
013207,San Nazzaro Val Cavargna,lombardia,278
013211,Schignano,lombardia,884
013212,Senna Comasco,lombardia,3161
013216,Sorico,lombardia,1246
013217,Sormano,lombardia,643
013218,Stazzona,lombardia,613
013222,Tavernerio,lombardia,5700
013223,Torno,lombardia,1106
013226,Trezzone,lombardia,237
013227,Turate,lombardia,9555
013228,Uggiate-Trevano,lombardia,5037
013229,Valbrona,lombardia,2625
013232,Valmorea,lombardia,2583
013233,Val Rezzo,lombardia,162
013234,Valsolda,lombardia,1426
013236,Veleso,lombardia,203
013238,Veniano,lombardia,3078
013239,Vercana,lombardia,743
013242,Vertemate con Minoprio,lombardia,4118
013245,Villa Guardia,lombardia,7877
013246,Zelbio,lombardia,182
013248,San Siro,lombardia,1693
013249,Gravedona ed Uniti,lombardia,4085
013250,Bellagio,lombardia,3577
013251,Colverde,lombardia,5451
013252,Tremezzina,lombardia,5027
013253,Alta Valle Intelvi,lombardia,3022
013254,Centro Valle Intelvi,lombardia,3573
013255,Solbiate con Cagno,lombardia,4631
014001,Albaredo per San Marco,lombardia,291
014002,Albosaggia,lombardia,3011
014003,Andalo Valtellino,lombardia,597
014004,Aprica,lombardia,1495
014005,Ardenno,lombardia,3222
014006,Bema,lombardia,117
014007,Berbenno di Valtellina,lombardia,4078
014008,Bianzone,lombardia,1262
014009,Bormio,lombardia,3990
014010,Buglio in Monte,lombardia,1967
014011,Caiolo,lombardia,1048
014012,Campodolcino,lombardia,928
014013,Caspoggio,lombardia,1342
014014,Castello dell'Acqua,lombardia,615
014015,Castione Andevenno,lombardia,1533
014016,Cedrasco,lombardia,422
014017,Cercino,lombardia,782
014018,Chiavenna,lombardia,7235
014019,Chiesa in Valmalenco,lombardia,2350
014020,Chiuro,lombardia,2426
014021,Cino,lombardia,333
014022,Civo,lombardia,1118
014023,Colorina,lombardia,1390
014024,Cosio Valtellino,lombardia,5482
014025,Dazio,lombardia,482
014026,Delebio,lombardia,3331
014027,Dubino,lombardia,3752
014028,Faedo Valtellino,lombardia,503
014029,Forcola,lombardia,765
014030,Fusine,lombardia,553
014031,Gerola Alta,lombardia,161
014032,Gordona,lombardia,1936
014033,Grosio,lombardia,4371
014034,Grosotto,lombardia,1637
014035,Madesimo,lombardia,530
014036,Lanzada,lombardia,1256
014037,Livigno,lombardia,6811
014038,Lovero,lombardia,627
014039,Mantello,lombardia,753
014040,Mazzo di Valtellina,lombardia,1028
014041,Mello,lombardia,928
014043,Mese,lombardia,1824
014044,Montagna in Valtellina,lombardia,2963
014045,Morbegno,lombardia,12227
014046,Novate Mezzola,lombardia,1883
014047,Pedesina,lombardia,35
014048,Piantedo,lombardia,1415
014049,Piateda,lombardia,2073
014050,Piuro,lombardia,1901
014051,Poggiridenti,lombardia,1819
014052,Ponte in Valtellina,lombardia,2255
014053,Postalesio,lombardia,659
014054,Prata Camportaccio,lombardia,2918
014055,Rasura,lombardia,291
014056,Rogolo,lombardia,561
014057,Samolaco,lombardia,2886
014058,San Giacomo Filippo,lombardia,369
014059,Sernio,lombardia,475
014060,Sondalo,lombardia,3930
014061,Sondrio,lombardia,21192
014062,Spriana,lombardia,79
014063,Talamona,lombardia,4623
014064,Tartano,lombardia,196
014065,Teglio,lombardia,4410
014066,Tirano,lombardia,8823
014067,Torre di Santa Maria,lombardia,745
014068,Tovo di Sant'Agata,lombardia,626
014069,Traona,lombardia,2842
014070,Tresivio,lombardia,2011
014071,Valdidentro,lombardia,4134
014072,Valdisotto,lombardia,3594
014073,Valfurva,lombardia,2498
014074,Val Masino,lombardia,841
014075,Verceia,lombardia,1063
014076,Vervio,lombardia,202
014077,Villa di Chiavenna,lombardia,967
014078,Villa di Tirano,lombardia,2996
015002,Abbiategrasso,lombardia,32383
015005,Albairate,lombardia,4713
015007,Arconate,lombardia,6758
015009,Arese,lombardia,19551
015010,Arluno,lombardia,12275
015011,Assago,lombardia,9140
015012,Bareggio,lombardia,17174
015014,Basiano,lombardia,3654
015015,Basiglio,lombardia,8040
015016,Bellinzago Lombardo,lombardia,3809
015019,Bernate Ticino,lombardia,2976
015022,Besate,lombardia,2028
015024,Binasco,lombardia,7086
015026,Boffalora sopra Ticino,lombardia,4110
015027,Bollate,lombardia,36166
015032,Bresso,lombardia,26081
015035,Bubbiano,lombardia,2460
015036,Buccinasco,lombardia,26912
015038,Buscate,lombardia,4633
015040,Bussero,lombardia,8341
015041,Busto Garolfo,lombardia,14043
015042,Calvignasco,lombardia,1222
015044,Cambiago,lombardia,7118
015046,Canegrate,lombardia,12499
015050,Carpiano,lombardia,4150
015051,Carugate,lombardia,15664
015055,Casarile,lombardia,4020
015058,Casorezzo,lombardia,5535
015059,Cassano d'Adda,lombardia,19194
015060,Cassina de' Pecchi,lombardia,13941
015061,Cassinetta di Lugagnano,lombardia,1906
015062,Castano Primo,lombardia,10862
015070,Cernusco sul Naviglio,lombardia,34969
015071,Cerro al Lambro,lombardia,5090
015072,Cerro Maggiore,lombardia,14984
015074,Cesano Boscone,lombardia,23520
015076,Cesate,lombardia,14218
015077,Cinisello Balsamo,lombardia,74391
015078,Cisliano,lombardia,5031
015081,Cologno Monzese,lombardia,46633
015082,Colturano,lombardia,2041
015085,Corbetta,lombardia,18763
015086,Cormano,lombardia,20327
015087,Cornaredo,lombardia,20576
015093,Corsico,lombardia,34438
015096,Cuggiono,lombardia,8138
015097,Cusago,lombardia,4402
015098,Cusano Milanino,lombardia,18869
015099,Dairago,lombardia,6372
015101,Dresano,lombardia,3035
015103,Gaggiano,lombardia,9218
015105,Garbagnate Milanese,lombardia,26792
015106,Gessate,lombardia,8791
015108,Gorgonzola,lombardia,20949
015110,Grezzago,lombardia,3071
015112,Gudo Visconti,lombardia,1634
015113,Inveruno,lombardia,8487
015114,Inzago,lombardia,11245
015115,Lacchiarella,lombardia,9060
015116,Lainate,lombardia,26126
015118,Legnano,lombardia,59955
015122,Liscate,lombardia,4009
015125,Locate di Triulzi,lombardia,10264
015130,Magenta,lombardia,24130
015131,Magnago,lombardia,9336
015134,Marcallo con Casone,lombardia,6186
015136,Masate,lombardia,3671
015139,Mediglia,lombardia,12293
015140,Melegnano,lombardia,17972
015142,Melzo,lombardia,18503
015144,Mesero,lombardia,4191
015146,Milano,lombardia,1349930
015150,Morimondo,lombardia,1024
015151,Motta Visconti,lombardia,8120
015154,Nerviano,lombardia,16928
015155,Nosate,lombardia,636
015157,Novate Milanese,lombardia,19877
015158,Noviglio,lombardia,4528
015159,Opera,lombardia,14152
015164,Ossona,lombardia,4343
015165,Ozzero,lombardia,1405
015166,Paderno Dugnano,lombardia,47090
015167,Pantigliate,lombardia,5796
015168,Parabiago,lombardia,27859
015169,Paullo,lombardia,11108
015170,Pero,lombardia,11477
015171,Peschiera Borromeo,lombardia,24084
015172,Pessano con Bornago,lombardia,8983
015173,Pieve Emanuele,lombardia,15671
015175,Pioltello,lombardia,36202
015176,Pogliano Milanese,lombardia,8393
015177,Pozzo d'Adda,lombardia,6472
015178,Pozzuolo Martesana,lombardia,8543
015179,Pregnana Milanese,lombardia,7286
015181,Rescaldina,lombardia,14129
015182,Rho,lombardia,50618
015183,Robecchetto con Induno,lombardia,4767
015184,Robecco sul Naviglio,lombardia,6745
015185,Rodano,lombardia,4627
015188,Rosate,lombardia,5758
015189,Rozzano,lombardia,41435
015191,San Colombano al Lambro,lombardia,7239
015192,San Donato Milanese,lombardia,32008
015194,San Giorgio su Legnano,lombardia,6697
015195,San Giuliano Milanese,lombardia,39253
015200,Santo Stefano Ticino,lombardia,4932
015201,San Vittore Olona,lombardia,8259
015202,San Zenone al Lambro,lombardia,4489
015204,Sedriano,lombardia,12551
015205,Segrate,lombardia,36591
015206,Senago,lombardia,21360
015209,Sesto San Giovanni,lombardia,79442
015210,Settala,lombardia,7267
015211,Settimo Milanese,lombardia,20062
015213,Solaro,lombardia,13924
015219,Trezzano Rosa,lombardia,5374
015220,Trezzano sul Naviglio,lombardia,21460
015221,Trezzo sull'Adda,lombardia,11930
015222,Tribiano,lombardia,3672
015224,Truccazzano,lombardia,5844
015226,Turbigo,lombardia,7046
015229,Vanzago,lombardia,9327
015230,Vaprio d'Adda,lombardia,9462
015236,Vernate,lombardia,3332
015237,Vignate,lombardia,9253
015242,Vimodrone,lombardia,16753
015243,Vittuone,lombardia,9274
015244,Vizzolo Predabissi,lombardia,3852
015247,Zibido San Giacomo,lombardia,6837
015248,Villa Cortese,lombardia,6175
015249,Vanzaghello,lombardia,5262
015250,Baranzate,lombardia,11762
015251,Vermezzo con Zelo,lombardia,5831
016001,Adrara San Martino,lombardia,2172
016002,Adrara San Rocco,lombardia,807
016003,Albano Sant'Alessandro,lombardia,8274
016004,Albino,lombardia,17492
016005,Almè,lombardia,5507
016006,Almenno San Bartolomeo,lombardia,6504
016007,Almenno San Salvatore,lombardia,5536
016008,Alzano Lombardo,lombardia,13424
016009,Ambivere,lombardia,2366
016010,Antegnate,lombardia,3227
016011,Arcene,lombardia,4815
016012,Ardesio,lombardia,3344
016013,Arzago d'Adda,lombardia,2744
016014,Averara,lombardia,173
016015,Aviatico,lombardia,575
016016,Azzano San Paolo,lombardia,7596
016017,Azzone,lombardia,372
016018,Bagnatica,lombardia,4439
016019,Barbata,lombardia,687
016020,Bariano,lombardia,4252
016021,Barzana,lombardia,2004
016022,Bedulita,lombardia,705
016023,Berbenno,lombardia,2431
016024,Bergamo,lombardia,119476
016025,Berzo San Fermo,lombardia,1428
016026,Bianzano,lombardia,602
016027,Blello,lombardia,72
016028,Bolgare,lombardia,6521
016029,Boltiere,lombardia,6210
016030,Bonate Sopra,lombardia,10242
016031,Bonate Sotto,lombardia,6629
016032,Borgo di Terzo,lombardia,1147
016033,Bossico,lombardia,976
016034,Bottanuco,lombardia,5040
016035,Bracca,lombardia,724
016036,Branzi,lombardia,667
016037,Brembate,lombardia,8513
016038,Brembate di Sopra,lombardia,7920
016040,Brignano Gera d'Adda,lombardia,6098
016041,Brumano,lombardia,122
016042,Brusaporto,lombardia,5632
016043,Calcinate,lombardia,6089
016044,Calcio,lombardia,5386
016046,Calusco d'Adda,lombardia,8231
016047,Calvenzano,lombardia,4279
016048,Camerata Cornello,lombardia,558
016049,Canonica d'Adda,lombardia,4235
016050,Capizzone,lombardia,1206
016051,Capriate San Gervasio,lombardia,8190
016052,Caprino Bergamasco,lombardia,3039
016053,Caravaggio,lombardia,16109
016055,Carobbio degli Angeli,lombardia,4811
016056,Carona,lombardia,286
016057,Carvico,lombardia,4646
016058,Casazza,lombardia,3838
016059,Casirate d'Adda,lombardia,4069
016060,Casnigo,lombardia,3075
016061,Cassiglio,lombardia,111
016062,Castelli Calepio,lombardia,10398
016063,Castel Rozzone,lombardia,2773
016064,Castione della Presolana,lombardia,3353
016065,Castro,lombardia,1232
016066,Cavernago,lombardia,2720
016067,Cazzano Sant'Andrea,lombardia,1640
016068,Cenate Sopra,lombardia,2515
016069,Cenate Sotto,lombardia,3928
016070,Cene,lombardia,4095
016071,Cerete,lombardia,1597
016072,Chignolo d'Isola,lombardia,3364
016073,Chiuduno,lombardia,6067
016074,Cisano Bergamasco,lombardia,6158
016075,Ciserano,lombardia,5484
016076,Cividate al Piano,lombardia,5036
016077,Clusone,lombardia,8510
016078,Colere,lombardia,1108
016079,Cologno al Serio,lombardia,11065
016080,Colzate,lombardia,1620
016081,Comun Nuovo,lombardia,4371
016082,Corna Imagna,lombardia,931
016083,Cortenuova,lombardia,1953
016084,Costa di Mezzate,lombardia,3317
016085,Costa Valle Imagna,lombardia,547
016086,Costa Volpino,lombardia,8922
016087,Covo,lombardia,4218
016088,Credaro,lombardia,3556
016089,Curno,lombardia,7453
016090,Cusio,lombardia,210
016091,Dalmine,lombardia,23241
016092,Dossena,lombardia,882
016093,Endine Gaiano,lombardia,3379
016094,Entratico,lombardia,1992
016096,Fara Gera d'Adda,lombardia,7977
016097,Fara Olivana con Sola,lombardia,1312
016098,Filago,lombardia,3108
016099,Fino del Monte,lombardia,1155
016100,Fiorano al Serio,lombardia,2961
016101,Fontanella,lombardia,4722
016102,Fonteno,lombardia,567
016103,Foppolo,lombardia,168
016104,Foresto Sparso,lombardia,3053
016105,Fornovo San Giovanni,lombardia,3386
016106,Fuipiano Valle Imagna,lombardia,208
016107,Gandellino,lombardia,965
016108,Gandino,lombardia,5174
016109,Gandosso,lombardia,1445
016110,Gaverina Terme,lombardia,868
016111,Gazzaniga,lombardia,4928
016113,Ghisalba,lombardia,6157
016114,Gorlago,lombardia,5119
016115,Gorle,lombardia,6573
016116,Gorno,lombardia,1498
016117,Grassobbio,lombardia,6436
016118,Gromo,lombardia,1134
016119,Grone,lombardia,865
016120,Grumello del Monte,lombardia,7392
016121,Isola di Fondra,lombardia,171
016122,Isso,lombardia,622
016123,Lallio,lombardia,4119
016124,Leffe,lombardia,4308
016125,Lenna,lombardia,554
016126,Levate,lombardia,3720
016127,Locatello,lombardia,823
016128,Lovere,lombardia,5001
016129,Lurano,lombardia,2811
016130,Luzzana,lombardia,881
016131,Madone,lombardia,4025
016132,Mapello,lombardia,6878
016133,Martinengo,lombardia,10733
016134,Mezzoldo,lombardia,164
016135,Misano di Gera d'Adda,lombardia,2944
016136,Moio de' Calvi,lombardia,195
016137,Monasterolo del Castello,lombardia,1141
016139,Montello,lombardia,3176
016140,Morengo,lombardia,2488
016141,Mornico al Serio,lombardia,2914
016142,Mozzanica,lombardia,4349
016143,Mozzo,lombardia,7311
016144,Nembro,lombardia,11222
016145,Olmo al Brembo,lombardia,486
016146,Oltre il Colle,lombardia,980
016147,Oltressenda Alta,lombardia,144
016148,Oneta,lombardia,571
016149,Onore,lombardia,920
016150,Orio al Serio,lombardia,1667
016151,Ornica,lombardia,145
016152,Osio Sopra,lombardia,5211
016153,Osio Sotto,lombardia,12487
016154,Pagazzano,lombardia,2098
016155,Paladina,lombardia,3976
016156,Palazzago,lombardia,4492
016157,Palosco,lombardia,5747
016158,Parre,lombardia,2698
016159,Parzanica,lombardia,345
016160,Pedrengo,lombardia,5883
016161,Peia,lombardia,1720
016162,Pianico,lombardia,1436
016163,Piario,lombardia,1006
016164,Piazza Brembana,lombardia,1195
016165,Piazzatorre,lombardia,389
016166,Piazzolo,lombardia,87
016167,Pognano,lombardia,1560
016168,Ponte Nossa,lombardia,1719
016169,Ponteranica,lombardia,6682
016170,Ponte San Pietro,lombardia,11481
016171,Pontida,lombardia,3276
016172,Pontirolo Nuovo,lombardia,4946
016173,Pradalunga,lombardia,4518
016174,Predore,lombardia,1846
016175,Premolo,lombardia,1061
016176,Presezzo,lombardia,4802
016177,Pumenengo,lombardia,1679
016178,Ranica,lombardia,5879
016179,Ranzanico,lombardia,1239
016180,Riva di Solto,lombardia,881
016182,Rogno,lombardia,3874
016183,Romano di Lombardia,lombardia,20613
016184,Roncobello,lombardia,420
016185,Roncola,lombardia,869
016186,Rota d'Imagna,lombardia,895
016187,Rovetta,lombardia,4110
016188,San Giovanni Bianco,lombardia,4625
016189,San Paolo d'Argon,lombardia,5802
016190,San Pellegrino Terme,lombardia,4704
016191,Santa Brigida,lombardia,523
016193,Sarnico,lombardia,6731
016194,Scanzorosciate,lombardia,9881
016195,Schilpario,lombardia,1140
016196,Sedrina,lombardia,2438
016197,Selvino,lombardia,2000
016198,Seriate,lombardia,25169
016199,Serina,lombardia,2051
016200,Solto Collina,lombardia,1779
016201,Songavazzo,lombardia,696
016202,Sorisole,lombardia,8901
016203,Sotto il Monte Giovanni XXIII,lombardia,4401
016204,Sovere,lombardia,5229
016205,Spinone al Lago,lombardia,965
016206,Spirano,lombardia,5609
016207,Stezzano,lombardia,13339
016208,Strozza,lombardia,1077
016209,Suisio,lombardia,3774
016210,Taleggio,lombardia,539
016211,Tavernola Bergamasca,lombardia,1961
016212,Telgate,lombardia,4978
016213,Terno d'Isola,lombardia,8016
016214,Torre Boldone,lombardia,8620
016215,Torre de' Busi,lombardia,2183
016216,Torre de' Roveri,lombardia,2526
016217,Torre Pallavicina,lombardia,1127
016218,Trescore Balneario,lombardia,9711
016219,Treviglio,lombardia,30567
016220,Treviolo,lombardia,10857
016221,Ubiale Clanezzo,lombardia,1353
016222,Urgnano,lombardia,9821
016223,Valbondione,lombardia,968
016224,Valbrembo,lombardia,4352
016225,Valgoglio,lombardia,585
016226,Valleve,lombardia,127
016227,Valnegra,lombardia,215
016229,Valtorta,lombardia,249
016230,Vedeseta,lombardia,187
016232,Verdellino,lombardia,7509
016233,Verdello,lombardia,8118
016234,Vertova,lombardia,4443
016235,Viadanica,lombardia,1123
016236,Vigano San Martino,lombardia,1322
016237,Vigolo,lombardia,577
016238,Villa d'Adda,lombardia,4575
016239,Villa d'Almè,lombardia,6573
016240,Villa di Serio,lombardia,6630
016241,Villa d'Ogna,lombardia,1782
016242,Villongo,lombardia,8027
016243,Vilminore di Scalve,lombardia,1441
016244,Zandobbio,lombardia,2666
016245,Zanica,lombardia,8671
016246,Zogno,lombardia,8585
016247,Costa Serina,lombardia,866
016248,Algua,lombardia,656
016249,Cornalba,lombardia,297
016250,Medolago,lombardia,2345
016251,Solza,lombardia,1985
016252,Sant'Omobono Terme,lombardia,3862
016253,Val Brembilla,lombardia,4156
017001,Acquafredda,lombardia,1518
017002,Adro,lombardia,7171
017003,Agnosine,lombardia,1622
017004,Alfianello,lombardia,2372
017005,Anfo,lombardia,450
017006,Angolo Terme,lombardia,2309
017007,Artogne,lombardia,3567
017008,Azzano Mella,lombardia,3398
017009,Bagnolo Mella,lombardia,12494
017010,Bagolino,lombardia,3755
017011,Barbariga,lombardia,2317
017012,Barghe,lombardia,1138
017013,Bassano Bresciano,lombardia,2333
017014,Bedizzole,lombardia,12278
017015,Berlingo,lombardia,2752
017016,Berzo Demo,lombardia,1525
017017,Berzo Inferiore,lombardia,2447
017018,Bienno,lombardia,3760
017019,Bione,lombardia,1311
017020,Borgo San Giacomo,lombardia,5388
017021,Borgosatollo,lombardia,9061
017022,Borno,lombardia,2479
017023,Botticino,lombardia,10706
017024,Bovegno,lombardia,2025
017025,Bovezzo,lombardia,7356
017026,Brandico,lombardia,1744
017027,Braone,lombardia,682
017028,Breno,lombardia,4632
017029,Brescia,lombardia,195906
017030,Brione,lombardia,737
017031,Caino,lombardia,2136
017032,Calcinato,lombardia,12890
017033,Calvagese della Riviera,lombardia,3644
017034,Calvisano,lombardia,8375
017035,Capo di Ponte,lombardia,2327
017036,Capovalle,lombardia,345
017037,Capriano del Colle,lombardia,4633
017038,Capriolo,lombardia,9431
017039,Carpenedolo,lombardia,12977
017040,Castegnato,lombardia,8327
017041,Castelcovati,lombardia,6785
017042,Castel Mella,lombardia,10993
017043,Castenedolo,lombardia,11553
017044,Casto,lombardia,1625
017045,Castrezzato,lombardia,7494
017046,Cazzago San Martino,lombardia,10749
017047,Cedegolo,lombardia,1098
017048,Cellatica,lombardia,4862
017049,Cerveno,lombardia,657
017050,Ceto,lombardia,1788
017051,Cevo,lombardia,820
017052,Chiari,lombardia,19131
017053,Cigole,lombardia,1441
017054,Cimbergo,lombardia,543
017055,Cividate Camuno,lombardia,2655
017056,Coccaglio,lombardia,8728
017057,Collebeato,lombardia,4479
017058,Collio,lombardia,2041
017059,Cologne,lombardia,7562
017060,Comezzano-Cizzago,lombardia,4029
017061,Concesio,lombardia,15623
017062,Corte Franca,lombardia,7147
017063,Corteno Golgi,lombardia,1922
017064,Corzano,lombardia,1419
017065,Darfo Boario Terme,lombardia,15546
017066,Dello,lombardia,5578
017067,Desenzano del Garda,lombardia,29093
017068,Edolo,lombardia,4411
017069,Erbusco,lombardia,8668
017070,Esine,lombardia,5118
017071,Fiesse,lombardia,2003
017072,Flero,lombardia,8808
017073,Gambara,lombardia,4549
017074,Gardone Riviera,lombardia,2608
017075,Gardone Val Trompia,lombardia,11352
017076,Gargnano,lombardia,2731
017077,Gavardo,lombardia,12198
017078,Ghedi,lombardia,18518
017079,Gianico,lombardia,2121
017080,Gottolengo,lombardia,4957
017081,Gussago,lombardia,16439
017082,Idro,lombardia,1873
017083,Incudine,lombardia,345
017084,Irma,lombardia,136
017085,Iseo,lombardia,8924
017086,Isorella,lombardia,4064
017087,Lavenone,lombardia,486
017088,Leno,lombardia,14243
017089,Limone sul Garda,lombardia,1141
017090,Lodrino,lombardia,1624
017091,Lograto,lombardia,3804
017092,Lonato del Garda,lombardia,16827
017093,Longhena,lombardia,560
017094,Losine,lombardia,625
017095,Lozio,lombardia,353
017096,Lumezzane,lombardia,21410
017097,Maclodio,lombardia,1483
017098,Magasa,lombardia,107
017099,Mairano,lombardia,3492
017100,Malegno,lombardia,1960
017101,Malonno,lombardia,3030
017102,Manerba del Garda,lombardia,5415
017103,Manerbio,lombardia,13163
017104,Marcheno,lombardia,4196
017105,Marmentino,lombardia,665
017106,Marone,lombardia,3114
017107,Mazzano,lombardia,12519
017108,Milzano,lombardia,1723
017109,Moniga del Garda,lombardia,2603
017110,Monno,lombardia,515
017111,Monte Isola,lombardia,1628
017112,Monticelli Brusati,lombardia,4568
017113,Montichiari,lombardia,26088
017114,Montirone,lombardia,5064
017115,Mura,lombardia,774
017116,Muscoline,lombardia,2680
017117,Nave,lombardia,10640
017118,Niardo,lombardia,1968
017119,Nuvolento,lombardia,3865
017120,Nuvolera,lombardia,4695
017121,Odolo,lombardia,1927
017122,Offlaga,lombardia,4117
017123,Ome,lombardia,3152
017124,Ono San Pietro,lombardia,965
017125,Orzinuovi,lombardia,12372
017126,Orzivecchi,lombardia,2430
017127,Ospitaletto,lombardia,14663
017128,Ossimo,lombardia,1452
017129,Padenghe sul Garda,lombardia,4773
017130,Paderno Franciacorta,lombardia,3637
017131,Paisco Loveno,lombardia,176
017132,Paitone,lombardia,2170
017133,Palazzolo sull'Oglio,lombardia,19937
017134,Paratico,lombardia,4884
017135,Paspardo,lombardia,579
017136,Passirano,lombardia,6914
017137,Pavone del Mella,lombardia,2706
017138,San Paolo,lombardia,4417
017139,Pertica Alta,lombardia,557
017140,Pertica Bassa,lombardia,576
017141,Pezzaze,lombardia,1448
017142,Pian Camuno,lombardia,4733
017143,Pisogne,lombardia,7803
017144,Polaveno,lombardia,2464
017145,Polpenazze del Garda,lombardia,2705
017146,Pompiano,lombardia,3744
017147,Poncarale,lombardia,5161
017148,Ponte di Legno,lombardia,1747
017149,Pontevico,lombardia,6991
017150,Pontoglio,lombardia,6902
017151,Pozzolengo,lombardia,3556
017152,Pralboino,lombardia,2803
017153,Preseglie,lombardia,1465
017155,Prevalle,lombardia,6815
017156,Provaglio d'Iseo,lombardia,7161
017157,Provaglio Val Sabbia,lombardia,884
017158,Puegnago del Garda,lombardia,3464
017159,Quinzano d'Oglio,lombardia,6177
017160,Remedello,lombardia,3346
017161,Rezzato,lombardia,13345
017162,Roccafranca,lombardia,4835
017163,Rodengo Saiano,lombardia,9797
017164,Roè Volciano,lombardia,4366
017165,Roncadelle,lombardia,9282
017166,Rovato,lombardia,19198
017167,Rudiano,lombardia,5857
017168,Sabbio Chiese,lombardia,3932
017169,Sale Marasino,lombardia,3290
017170,Salò,lombardia,10448
017171,San Felice del Benaco,lombardia,3465
017172,San Gervasio Bresciano,lombardia,2685
017173,San Zeno Naviglio,lombardia,4704
017174,Sarezzo,lombardia,13132
017175,Saviore dell'Adamello,lombardia,802
017176,Sellero,lombardia,1400
017177,Seniga,lombardia,1427
017178,Serle,lombardia,3060
017179,Sirmione,lombardia,8257
017180,Soiano del Lago,lombardia,1949
017181,Sonico,lombardia,1211
017182,Sulzano,lombardia,1944
017183,Tavernole sul Mella,lombardia,1219
017184,Temù,lombardia,1105
017185,Tignale,lombardia,1158
017186,Torbole Casaglia,lombardia,6401
017187,Toscolano-Maderno,lombardia,7550
017188,Travagliato,lombardia,13725
017189,Tremosine sul Garda,lombardia,2046
017190,Trenzano,lombardia,5470
017191,Treviso Bresciano,lombardia,507
017192,Urago d'Oglio,lombardia,3733
017193,Vallio Terme,lombardia,1410
017194,Valvestino,lombardia,173
017195,Verolanuova,lombardia,8018
017196,Verolavecchia,lombardia,3754
017197,Vestone,lombardia,4181
017198,Vezza d'Oglio,lombardia,1473
017199,Villa Carcina,lombardia,10694
017200,Villachiara,lombardia,1360
017201,Villanuova sul Clisi,lombardia,5834
017202,Vione,lombardia,627
017203,Visano,lombardia,1992
017204,Vobarno,lombardia,8257
017205,Zone,lombardia,1039
017206,Piancogno,lombardia,4742
018001,Alagna,lombardia,799
018002,Albaredo Arnaboldi,lombardia,225
018003,Albonese,lombardia,533
018004,Albuzzano,lombardia,3574
018005,Arena Po,lombardia,1522
018006,Badia Pavese,lombardia,394
018007,Bagnaria,lombardia,632
018008,Barbianello,lombardia,874
018009,Bascapè,lombardia,1779
018011,Bastida Pancarana,lombardia,983
018012,Battuda,lombardia,683
018013,Belgioioso,lombardia,6301
018014,Bereguardo,lombardia,2861
018015,Borgarello,lombardia,2662
018016,Borgo Priolo,lombardia,1319
018017,Borgoratto Mormorolo,lombardia,417
018018,Borgo San Siro,lombardia,953
018019,Bornasco,lombardia,2671
018020,Bosnasco,lombardia,636
018021,Brallo di Pregola,lombardia,514
018022,Breme,lombardia,715
018023,Bressana Bottarone,lombardia,3443
018024,Broni,lombardia,9585
018025,Calvignano,lombardia,106
018026,Campospinoso,lombardia,1091
018027,Candia Lomellina,lombardia,1445
018029,Canneto Pavese,lombardia,1306
018030,Carbonara al Ticino,lombardia,1428
018031,Casanova Lonati,lombardia,453
018032,Casatisma,lombardia,866
018033,Casei Gerola,lombardia,2379
018034,Casorate Primo,lombardia,8766
018035,Cassolnovo,lombardia,6762
018036,Castana,lombardia,710
018037,Casteggio,lombardia,6490
018038,Castelletto di Branduzzo,lombardia,989
018039,Castello d'Agogna,lombardia,1072
018040,Castelnovetto,lombardia,525
018041,Cava Manara,lombardia,6649
018042,Cecima,lombardia,244
018043,Ceranova,lombardia,2283
018044,Ceretto Lomellina,lombardia,178
018045,Cergnago,lombardia,681
018046,Certosa di Pavia,lombardia,5455
018047,Cervesina,lombardia,1133
018048,Chignolo Po,lombardia,3932
018049,Cigognola,lombardia,1312
018050,Cilavegna,lombardia,5308
018051,Codevilla,lombardia,942
018052,Confienza,lombardia,1545
018053,Copiano,lombardia,1708
018054,Corana,lombardia,765
018057,Corvino San Quirico,lombardia,972
018058,Costa de' Nobili,lombardia,380
018059,Cozzo,lombardia,355
018060,Cura Carpignano,lombardia,4915
018061,Dorno,lombardia,4528
018062,Ferrera Erbognone,lombardia,1065
018063,Filighera,lombardia,815
018064,Fortunago,lombardia,348
018065,Frascarolo,lombardia,1088
018066,Galliavola,lombardia,171
018067,Gambarana,lombardia,200
018068,Gambolò,lombardia,9697
018069,Garlasco,lombardia,9456
018071,Gerenzago,lombardia,1424
018072,Giussago,lombardia,5245
018073,Godiasco Salice Terme,lombardia,3192
018074,Golferenzo,lombardia,175
018075,Gravellona Lomellina,lombardia,2711
018076,Gropello Cairoli,lombardia,4242
018077,Inverno e Monteleone,lombardia,1452
018078,Landriano,lombardia,6446
018079,Langosco,lombardia,382
018080,Lardirago,lombardia,1138
018081,Linarolo,lombardia,2810
018082,Lirio,lombardia,134
018083,Lomello,lombardia,2022
018084,Lungavilla,lombardia,2457
018085,Magherno,lombardia,1754
018086,Marcignago,lombardia,2426
018087,Marzano,lombardia,1684
018088,Mede,lombardia,6211
018089,Menconico,lombardia,352
018090,Mezzana Bigli,lombardia,1051
018091,Mezzana Rabattone,lombardia,467
018092,Mezzanino,lombardia,1320
018093,Miradolo Terme,lombardia,3677
018094,Montalto Pavese,lombardia,860
018095,Montebello della Battaglia,lombardia,1467
018096,Montecalvo Versiggia,lombardia,516
018097,Montescano,lombardia,416
018098,Montesegale,lombardia,263
018099,Monticelli Pavese,lombardia,631
018100,Montù Beccaria,lombardia,1618
018101,Mornico Losana,lombardia,590
018102,Mortara,lombardia,15300
018103,Nicorvo,lombardia,277
018104,Olevano di Lomellina,lombardia,723
018105,Oliva Gessi,lombardia,170
018106,Ottobiano,lombardia,1073
018107,Palestro,lombardia,1785
018108,Pancarana,lombardia,315
018109,Parona,lombardia,1849
018110,Pavia,lombardia,70380
018111,Pietra de' Giorgi,lombardia,755
018112,Pieve Albignola,lombardia,836
018113,Pieve del Cairo,lombardia,1761
018114,Pieve Porto Morone,lombardia,2568
018115,Pinarolo Po,lombardia,1688
018116,Pizzale,lombardia,691
018117,Ponte Nizza,lombardia,772
018118,Portalbera,lombardia,1449
018119,Rea,lombardia,389
018120,Redavalle,lombardia,1064
018121,Retorbido,lombardia,1530
018122,Rivanazzano Terme,lombardia,5139
018123,Robbio,lombardia,5767
018124,Robecco Pavese,lombardia,518
018125,Rocca de' Giorgi,lombardia,60
018126,Rocca Susella,lombardia,228
018127,Rognano,lombardia,660
018128,Romagnese,lombardia,580
018129,Roncaro,lombardia,1555
018130,Rosasco,lombardia,546
018131,Rovescala,lombardia,845
018133,San Cipriano Po,lombardia,465
018134,San Damiano al Colle,lombardia,629
018135,San Genesio ed Uniti,lombardia,4010
018136,San Giorgio di Lomellina,lombardia,1013
018137,San Martino Siccomario,lombardia,6326
018138,Sannazzaro de' Burgondi,lombardia,5098
018139,Santa Cristina e Bissone,lombardia,1873
018140,Santa Giuletta,lombardia,1563
018141,Sant'Alessio con Vialone,lombardia,1017
018142,Santa Margherita di Staffora,lombardia,448
018143,Santa Maria della Versa,lombardia,2242
018144,Sant'Angelo Lomellina,lombardia,817
018145,San Zenone al Po,lombardia,540
018146,Sartirana Lomellina,lombardia,1457
018147,Scaldasole,lombardia,852
018148,Semiana,lombardia,197
018149,Silvano Pietra,lombardia,632
018150,Siziano,lombardia,6451
018151,Sommo,lombardia,1145
018152,Spessa,lombardia,554
018153,Stradella,lombardia,11406
018154,Suardi,lombardia,588
018155,Torrazza Coste,lombardia,1569
018156,Torre Beretti e Castellaro,lombardia,507
018157,Torre d'Arese,lombardia,929
018158,Torre de' Negri,lombardia,313
018159,Torre d'Isola,lombardia,2387
018160,Torrevecchia Pia,lombardia,3480
018161,Torricella Verzate,lombardia,816
018162,Travacò Siccomario,lombardia,4402
018163,Trivolzio,lombardia,2364
018164,Tromello,lombardia,3647
018165,Trovo,lombardia,1017
018166,Val di Nizza,lombardia,579
018167,Valeggio,lombardia,195
018168,Valle Lomellina,lombardia,2066
018169,Valle Salimbene,lombardia,1451
018171,Varzi,lombardia,3013
018172,Velezzo Lomellina,lombardia,96
018173,Vellezzo Bellini,lombardia,3344
018174,Verretto,lombardia,377
018175,Verrua Po,lombardia,1187
018176,Vidigulfo,lombardia,6555
018177,Vigevano,lombardia,62201
018178,Villa Biscossi,lombardia,61
018179,Villanova d'Ardenghi,lombardia,770
018180,Villanterio,lombardia,3324
018181,Vistarino,lombardia,1518
018182,Voghera,lombardia,38316
018183,Volpara,lombardia,124
018184,Zavattarello,lombardia,925
018185,Zeccone,lombardia,1696
018186,Zeme,lombardia,996
018187,Zenevredo,lombardia,476
018188,Zerbo,lombardia,396
018189,Zerbolò,lombardia,1645
018190,Zinasco,lombardia,3075
018191,Cornale e Bastida,lombardia,820
018192,Corteolona e Genzone,lombardia,2534
018193,Colli Verdi,lombardia,1018
019001,Acquanegra Cremonese,lombardia,1123
019002,Agnadello,lombardia,3842
019003,Annicco,lombardia,1983
019004,Azzanello,lombardia,615
019005,Bagnolo Cremasco,lombardia,4931
019006,Bonemerse,lombardia,1464
019007,Bordolano,lombardia,563
019009,Calvatone,lombardia,1174
019010,Camisano,lombardia,1237
019011,Campagnola Cremasca,lombardia,662
019012,Capergnanica,lombardia,2148
019013,Cappella Cantone,lombardia,543
019014,Cappella de' Picenardi,lombardia,416
019015,Capralba,lombardia,2267
019016,Casalbuttano ed Uniti,lombardia,3652
019017,Casale Cremasco-Vidolasco,lombardia,1829
019018,Casaletto Ceredano,lombardia,1151
019019,Casaletto di Sopra,lombardia,515
019020,Casaletto Vaprio,lombardia,1771
019021,Casalmaggiore,lombardia,14974
019022,Casalmorano,lombardia,1621
019023,Casteldidone,lombardia,569
019024,Castel Gabbiano,lombardia,458
019025,Castelleone,lombardia,9270
019026,Castelverde,lombardia,5549
019027,Castelvisconti,lombardia,295
019028,Cella Dati,lombardia,486
019029,Chieve,lombardia,2235
019030,Cicognolo,lombardia,915
019031,Cingia de' Botti,lombardia,1149
019032,Corte de' Cortesi con Cignone,lombardia,1061
019033,Corte de' Frati,lombardia,1311
019034,Credera Rubbiano,lombardia,1551
019035,Crema,lombardia,33970
019036,Cremona,lombardia,70841
019037,Cremosano,lombardia,1725
019038,Crotta d'Adda,lombardia,620
019039,Cumignano sul Naviglio,lombardia,408
019040,Derovere,lombardia,286
019041,Dovera,lombardia,3762
019043,Fiesco,lombardia,1200
019044,Formigara,lombardia,1001
019045,Gabbioneta-Binanuova,lombardia,859
019046,Gadesco-Pieve Delmona,lombardia,1889
019047,Genivolta,lombardia,1127
019048,Gerre de' Caprioli,lombardia,1306
019049,Gombito,lombardia,617
019050,Grontardo,lombardia,1489
019051,Grumello Cremonese ed Uniti,lombardia,1692
019052,Gussola,lombardia,2610
019053,Isola Dovarese,lombardia,1091
019054,Izano,lombardia,1949
019055,Madignano,lombardia,2760
019056,Malagnino,lombardia,1719
019057,Martignana di Po,lombardia,2045
019058,Monte Cremasco,lombardia,2241
019059,Montodine,lombardia,2441
019060,Moscazzano,lombardia,714
019061,Motta Baluffi,lombardia,796
019062,Offanengo,lombardia,5927
019063,Olmeneta,lombardia,905
019064,Ostiano,lombardia,2699
019065,Paderno Ponchielli,lombardia,1345
019066,Palazzo Pignano,lombardia,3777
019067,Pandino,lombardia,8908
019068,Persico Dosimo,lombardia,3279
019069,Pescarolo ed Uniti,lombardia,1516
019070,Pessina Cremonese,lombardia,573
019072,Pianengo,lombardia,2528
019073,Pieranica,lombardia,1120
019074,Pieve d'Olmi,lombardia,1233
019075,Pieve San Giacomo,lombardia,1585
019076,Pizzighettone,lombardia,6273
019077,Pozzaglio ed Uniti,lombardia,1443
019078,Quintano,lombardia,894
019079,Ricengo,lombardia,1738
019080,Ripalta Arpina,lombardia,1001
019081,Ripalta Cremasca,lombardia,3414
019082,Ripalta Guerina,lombardia,532
019083,Rivarolo del Re ed Uniti,lombardia,1824
019084,Rivolta d'Adda,lombardia,8137
019085,Robecco d'Oglio,lombardia,2249
019086,Romanengo,lombardia,3190
019087,Salvirola,lombardia,1162
019088,San Bassano,lombardia,2105
019089,San Daniele Po,lombardia,1291
019090,San Giovanni in Croce,lombardia,1889
019091,San Martino del Lago,lombardia,397
019092,Scandolara Ravara,lombardia,1297
019093,Scandolara Ripa d'Oglio,lombardia,532
019094,Sergnano,lombardia,3505
019095,Sesto ed Uniti,lombardia,3185
019096,Solarolo Rainerio,lombardia,900
019097,Soncino,lombardia,7507
019098,Soresina,lombardia,8744
019099,Sospiro,lombardia,3050
019100,Spinadesco,lombardia,1476
019101,Spineda,lombardia,600
019102,Spino d'Adda,lombardia,6846
019103,Stagno Lombardo,lombardia,1429
019104,Ticengo,lombardia,417
019105,Torlino Vimercati,lombardia,480
019106,Tornata,lombardia,426
019107,Torre de' Picenardi,lombardia,2103
019108,Torricella del Pizzo,lombardia,574
019109,Trescore Cremasco,lombardia,2794
019110,Trigolo,lombardia,1638
019111,Vaiano Cremasco,lombardia,3554
019112,Vailate,lombardia,4600
019113,Vescovato,lombardia,3817
019114,Volongo,lombardia,463
019115,Voltido,lombardia,328
019116,Piadena Drizzona,lombardia,3967
020001,Acquanegra sul Chiese,lombardia,2736
020002,Asola,lombardia,9912
020003,Bagnolo San Vito,lombardia,5850
020007,Bozzolo,lombardia,4054
020008,Canneto sull'Oglio,lombardia,4237
020010,Casalmoro,lombardia,2208
020011,Casaloldo,lombardia,2654
020012,Casalromano,lombardia,1483
020013,Castelbelforte,lombardia,3231
020014,Castel d'Ario,lombardia,4594
020015,Castel Goffredo,lombardia,12548
020016,Castellucchio,lombardia,5198
020017,Castiglione delle Stiviere,lombardia,23313
020018,Cavriana,lombardia,3747
020019,Ceresara,lombardia,2554
020020,Commessaggio,lombardia,1090
020021,Curtatone,lombardia,14711
020022,Dosolo,lombardia,3263
020024,Gazoldo degli Ippoliti,lombardia,3007
020025,Gazzuolo,lombardia,2087
020026,Goito,lombardia,10063
020027,Gonzaga,lombardia,8663
020028,Guidizzolo,lombardia,5971
020029,Magnacavallo,lombardia,1428
020030,Mantova,lombardia,48441
020031,Marcaria,lombardia,6363
020032,Mariana Mantovana,lombardia,804
020033,Marmirolo,lombardia,7625
020034,Medole,lombardia,4096
020035,Moglia,lombardia,5353
020036,Monzambano,lombardia,4859
020037,Motteggiana,lombardia,2458
020038,Ostiglia,lombardia,6583
020039,Pegognaga,lombardia,6888
020041,Piubega,lombardia,1711
020042,Poggio Rusco,lombardia,6478
020043,Pomponesco,lombardia,1671
020044,Ponti sul Mincio,lombardia,2275
020045,Porto Mantovano,lombardia,16498
020046,Quingentole,lombardia,1058
020047,Quistello,lombardia,5320
020048,Redondesco,lombardia,1214
020050,Rivarolo Mantovano,lombardia,2415
020051,Rodigo,lombardia,5153
020052,Roncoferraro,lombardia,6802
020053,Roverbella,lombardia,8670
020054,Sabbioneta,lombardia,4100
020055,San Benedetto Po,lombardia,6716
020056,San Giacomo delle Segnate,lombardia,1462
020057,San Giorgio Bigarello,lombardia,11812
020058,San Giovanni del Dosso,lombardia,1245
020059,San Martino dall'Argine,lombardia,1598
020060,Schivenoglia,lombardia,1090
020061,Sermide e Felonica,lombardia,7112
020062,Serravalle a Po,lombardia,1441
020063,Solferino,lombardia,2621
020064,Sustinente,lombardia,2023
020065,Suzzara,lombardia,20842
020066,Viadana,lombardia,19781
020068,Villimpenta,lombardia,2093
020070,Volta Mantovana,lombardia,7205
020071,Borgo Virgilio,lombardia,14778
020072,Borgo Mantovano,lombardia,5319
020073,Borgocarbonara,lombardia,1901
023001,Affi,veneto,2387
023002,Albaredo d'Adige,veneto,5272
023003,Angiari,veneto,2448
023004,Arcole,veneto,6329
023005,Badia Calavena,veneto,2581
023006,Bardolino,veneto,7003
023007,Belfiore,veneto,3271
023008,Bevilacqua,veneto,1771
023009,Bonavigo,veneto,2010
023010,Boschi Sant'Anna,veneto,1361
023011,Bosco Chiesanuova,veneto,3560
023012,Bovolone,veneto,16031
023013,Brentino Belluno,veneto,1350
023014,Brenzone sul Garda,veneto,2456
023015,Bussolengo,veneto,20663
023016,Buttapietra,veneto,6987
023017,Caldiero,veneto,7896
023018,Caprino Veronese,veneto,8604
023019,Casaleone,veneto,5551
023020,Castagnaro,veneto,3587
023021,Castel d'Azzano,veneto,12053
023022,Castelnuovo del Garda,veneto,13370
023023,Cavaion Veronese,veneto,6067
023024,Cazzano di Tramigna,veneto,1508
023025,Cerea,veneto,16751
023026,Cerro Veronese,veneto,2581
023027,Cologna Veneta,veneto,8423
023028,Colognola ai Colli,veneto,8770
023029,Concamarise,veneto,1074
023030,Costermano sul Garda,veneto,3933
023031,Dolcè,veneto,2502
023032,Erbè,veneto,1886
023033,Erbezzo,veneto,797
023034,Ferrara di Monte Baldo,veneto,259
023035,Fumane,veneto,4106
023036,Garda,veneto,4142
023037,Gazzo Veronese,veneto,5178
023038,Grezzana,veneto,10717
023039,Illasi,veneto,5156
023040,Isola della Scala,veneto,11528
023041,Isola Rizza,veneto,3230
023042,Lavagno,veneto,8546
023043,Lazise,veneto,6849
023044,Legnago,veneto,25313
023045,Malcesine,veneto,3596
023046,Marano di Valpolicella,veneto,3115
023047,Mezzane di Sotto,veneto,2541
023048,Minerbe,veneto,4534
023049,Montecchia di Crosara,veneto,4218
023050,Monteforte d'Alpone,veneto,9006
023051,Mozzecane,veneto,8045
023052,Negrar di Valpolicella,veneto,16651
023053,Nogara,veneto,8343
023054,Nogarole Rocca,veneto,3835
023055,Oppeano,veneto,10202
023056,Palù,veneto,1216
023057,Pastrengo,veneto,3088
023058,Pescantina,veneto,17426
023059,Peschiera del Garda,veneto,10911
023060,Povegliano Veronese,veneto,7330
023061,Pressana,veneto,2510
023062,Rivoli Veronese,veneto,2175
023063,Roncà,veneto,3752
023064,Ronco all'Adige,veneto,5946
023065,Roverchiara,veneto,2582
023066,Roveredo di Guà,veneto,1618
023067,Roverè Veronese,veneto,2094
023068,Salizzole,veneto,3759
023069,San Bonifacio,veneto,21354
023070,San Giovanni Ilarione,veneto,4898
023071,San Giovanni Lupatoto,veneto,25334
023072,Sanguinetto,veneto,4069
023073,San Martino Buon Albergo,veneto,16021
023074,San Mauro di Saline,veneto,580
023075,San Pietro di Morubio,veneto,3054
023076,San Pietro in Cariano,veneto,12888
023077,Sant'Ambrogio di Valpolicella,veneto,11923
023078,Sant'Anna d'Alfaedo,veneto,2540
023079,San Zeno di Montagna,veneto,1440
023080,Selva di Progno,veneto,884
023081,Soave,veneto,7156
023082,Sommacampagna,veneto,14572
023083,Sona,veneto,17585
023084,Sorgà,veneto,2930
023085,Terrazzo,veneto,2140
023086,Torri del Benaco,veneto,2967
023087,Tregnago,veneto,4969
023088,Trevenzuolo,veneto,2757
023089,Valeggio sul Mincio,veneto,15857
023090,Velo Veronese,veneto,771
023091,Verona,veneto,255985
023092,Veronella,veneto,5140
023093,Vestenanova,veneto,2498
023094,Vigasio,veneto,10220
023095,Villa Bartolomea,veneto,5782
023096,Villafranca di Verona,veneto,33044
023097,Zevio,veneto,15492
023098,Zimella,veneto,4824
024001,Agugliaro,veneto,1414
024002,Albettone,veneto,1982
024003,Alonte,veneto,1593
024004,Altavilla Vicentina,veneto,11820
024005,Altissimo,veneto,2152
024006,Arcugnano,veneto,7717
024007,Arsiero,veneto,3021
024008,Arzignano,veneto,25094
024009,Asiago,veneto,6361
024010,Asigliano Veneto,veneto,844
024012,Bassano del Grappa,veneto,42334
024013,Bolzano Vicentino,veneto,6504
024014,Breganze,veneto,8381
024015,Brendola,veneto,6639
024016,Bressanvido,veneto,3167
024017,Brogliano,veneto,4015
024018,Caldogno,veneto,11321
024019,Caltrano,veneto,2527
024020,Calvene,veneto,1289
024021,Camisano Vicentino,veneto,11165
024022,Campiglia dei Berici,veneto,1669
024024,Carrè,veneto,3500
024025,Cartigliano,veneto,3711
024026,Cassola,veneto,15090
024027,Castegnero,veneto,2849
024028,Castelgomberto,veneto,6132
024029,Chiampo,veneto,12534
024030,Chiuppano,veneto,2496
024032,Cogollo del Cengio,veneto,3156
024034,Cornedo Vicentino,veneto,11708
024035,Costabissara,veneto,7656
024036,Creazzo,veneto,11227
024037,Crespadoro,veneto,1289
024038,Dueville,veneto,13714
024039,Enego,veneto,1554
024040,Fara Vicentino,veneto,3721
024041,Foza,veneto,661
024042,Gallio,veneto,2342
024043,Gambellara,veneto,3399
024044,Gambugliano,veneto,829
024046,Grisignano di Zocco,veneto,4277
024047,Grumolo delle Abbadesse,veneto,3808
024048,Isola Vicentina,veneto,10268
024049,Laghi,veneto,120
024050,Lastebasse,veneto,189
024051,Longare,veneto,5523
024052,Lonigo,veneto,15746
024053,Lugo di Vicenza,veneto,3562
024055,Malo,veneto,14682
024056,Marano Vicentino,veneto,9351
024057,Marostica,veneto,13966
024060,Montebello Vicentino,veneto,6319
024061,Montecchio Maggiore,veneto,23216
024062,Montecchio Precalcino,veneto,4907
024063,Monte di Malo,veneto,2797
024064,Montegalda,veneto,3376
024065,Montegaldella,veneto,1785
024066,Monteviale,veneto,2801
024067,Monticello Conte Otto,veneto,8983
024068,Montorso Vicentino,veneto,3031
024070,Mussolente,veneto,7634
024071,Nanto,veneto,3105
024072,Nogarole Vicentino,veneto,1219
024073,Nove,veneto,4894
024074,Noventa Vicentina,veneto,8929
024075,Orgiano,veneto,3012
024076,Pedemonte,veneto,700
024077,Pianezze,veneto,2163
024078,Piovene Rocchette,veneto,8160
024079,Pojana Maggiore,veneto,4271
024080,Posina,veneto,558
024081,Pove del Grappa,veneto,3160
024082,Pozzoleone,veneto,2773
024083,Quinto Vicentino,veneto,5868
024084,Recoaro Terme,veneto,6076
024085,Roana,veneto,4161
024086,Romano d'Ezzelino,veneto,14150
024087,Rosà,veneto,14649
024088,Rossano Veneto,veneto,8183
024089,Rotzo,veneto,641
024090,Salcedo,veneto,1024
024091,Sandrigo,veneto,8221
024094,San Pietro Mussolino,veneto,1544
024095,Santorso,veneto,5530
024096,San Vito di Leguzzano,veneto,3571
024097,Sarcedo,veneto,5337
024098,Sarego,veneto,6709
024099,Schiavon,veneto,2603
024100,Schio,veneto,38533
024101,Solagna,veneto,1807
024102,Sossano,veneto,4185
024103,Sovizzo,veneto,7454
024104,Tezze sul Brenta,veneto,12891
024105,Thiene,veneto,23945
024106,Tonezza del Cimone,veneto,501
024107,Torrebelvicino,veneto,5817
024108,Torri di Quartesolo,veneto,11738
024110,Trissino,veneto,8638
024111,Valdagno,veneto,25697
024112,Valdastico,veneto,1175
024113,Valli del Pasubio,veneto,3064
024115,Velo d'Astico,veneto,2244
024116,Vicenza,veneto,110293
024117,Villaga,veneto,1872
024118,Villaverla,veneto,6047
024119,Zanè,veneto,6587
024120,Zermeghedo,veneto,1347
024121,Zovencedo,veneto,798
024122,Zugliano,veneto,6783
024123,Val Liona,veneto,3060
024124,Barbarano Mossano,veneto,6200
024125,Valbrenta,veneto,4870
024126,Colceresa,veneto,5911
024127,Lusiana Conco,veneto,4553
025001,Agordo,veneto,4085
025002,Alano di Piave,veneto,2665
025003,Alleghe,veneto,1110
025004,Arsiè,veneto,2203
025005,Auronzo di Cadore,veneto,3110
025006,Belluno,veneto,35395
025007,Borca di Cadore,veneto,826
025008,Calalzo di Cadore,veneto,1857
025010,Cencenighe Agordino,veneto,1243
025011,Cesiomaggiore,veneto,3919
025012,Chies d'Alpago,veneto,1256
025013,Cibiana di Cadore,veneto,350
025014,Colle Santa Lucia,veneto,353
025015,Comelico Superiore,veneto,2089
025016,Cortina d'Ampezzo,veneto,5627
025017,Danta di Cadore,veneto,438
025018,Domegge di Cadore,veneto,2258
025019,Falcade,veneto,1824
025021,Feltre,veneto,20451
025022,Fonzaso,veneto,3053
025023,Canale d'Agordo,veneto,1069
025025,Gosaldo,veneto,539
025026,Lamon,veneto,2666
025027,La Valle Agordina,veneto,1060
025029,Limana,veneto,5340
025030,Livinallongo del Col di Lana,veneto,1263
025032,Lorenzago di Cadore,veneto,575
025033,Lozzo di Cadore,veneto,1272
025035,Ospitale di Cadore,veneto,267
025036,Pedavena,veneto,4328
025037,Perarolo di Cadore,veneto,373
025039,Pieve di Cadore,veneto,3681
025040,Ponte nelle Alpi,veneto,7930
025043,Rivamonte Agordino,veneto,627
025044,Rocca Pietore,veneto,1146
025045,San Gregorio nelle Alpi,veneto,1552
025046,San Nicolò di Comelico,veneto,377
025047,San Pietro di Cadore,veneto,1542
025048,Santa Giustina,veneto,6634
025049,San Tomaso Agordino,veneto,608
025050,Santo Stefano di Cadore,veneto,2405
025051,San Vito di Cadore,veneto,1935
025053,Sedico,veneto,10161
025054,Selva di Cadore,veneto,493
025055,Seren del Grappa,veneto,2375
025056,Sospirolo,veneto,3053
025057,Soverzene,veneto,364
025058,Sovramonte,veneto,1311
025059,Taibon Agordino,veneto,1720
025060,Tambre,veneto,1285
025062,Vallada Agordina,veneto,466
025063,Valle di Cadore,veneto,1862
025065,Vigo di Cadore,veneto,1358
025066,Vodo Cadore,veneto,822
025067,Voltago Agordino,veneto,829
025069,Zoppè di Cadore,veneto,191
025070,Quero Vas,veneto,3116
025071,Longarone,veneto,5078
025072,Alpago,veneto,6617
025073,Val di Zoldo,veneto,2817
025074,Borgo Valbelluna,veneto,13457
026001,Altivole,veneto,7015
026002,Arcade,veneto,4504
026003,Asolo,veneto,8960
026004,Borso del Grappa,veneto,5878
026005,Breda di Piave,veneto,7659
026006,Caerano di San Marco,veneto,7849
026007,Cappella Maggiore,veneto,4657
026008,Carbonera,veneto,11277
026009,Casale sul Sile,veneto,13160
026010,Casier,veneto,11356
026011,Castelcucco,veneto,2299
026012,Castelfranco Veneto,veneto,33056
026013,Castello di Godego,veneto,7112
026014,Cavaso del Tomba,veneto,2872
026015,Cessalto,veneto,3776
026016,Chiarano,veneto,3665
026017,Cimadolmo,veneto,3343
026018,Cison di Valmarino,veneto,2540
026019,Codognè,veneto,5225
026020,Colle Umberto,veneto,5071
026021,Conegliano,veneto,34274
026022,Cordignano,veneto,6900
026023,Cornuda,veneto,6286
026025,Crocetta del Montello,veneto,6057
026026,Farra di Soligo,veneto,8508
026027,Follina,veneto,3634
026028,Fontanelle,veneto,5657
026029,Fonte,veneto,6066
026030,Fregona,veneto,2815
026031,Gaiarine,veneto,6025
026032,Giavera del Montello,veneto,5165
026033,Godega di Sant'Urbano,veneto,5942
026034,Gorgo al Monticano,veneto,4013
026035,Istrana,veneto,9088
026036,Loria,veneto,9313
026037,Mansuè,veneto,4967
026038,Mareno di Piave,veneto,9548
026039,Maser,veneto,5125
026040,Maserada sul Piave,veneto,9225
026041,Meduna di Livenza,veneto,2947
026042,Miane,veneto,3144
026043,Mogliano Veneto,veneto,27626
026044,Monastier di Treviso,veneto,4429
026045,Monfumo,veneto,1315
026046,Montebelluna,veneto,31062
026047,Morgano,veneto,4428
026048,Moriago della Battaglia,veneto,2783
026049,Motta di Livenza,veneto,10661
026050,Nervesa della Battaglia,veneto,6543
026051,Oderzo,veneto,20042
026052,Ormelle,veneto,4515
026053,Orsago,veneto,3850
026055,Paese,veneto,22012
026056,Pederobba,veneto,7280
026057,Pieve di Soligo,veneto,11680
026058,Ponte di Piave,veneto,8286
026059,Ponzano Veneto,veneto,12981
026060,Portobuffolè,veneto,736
026061,Possagno,veneto,2224
026062,Povegliano,veneto,5104
026063,Preganziol,veneto,16799
026064,Quinto di Treviso,veneto,9945
026065,Refrontolo,veneto,1728
026066,Resana,veneto,9380
026067,Revine Lago,veneto,2103
026068,Riese Pio X,veneto,10901
026069,Roncade,veneto,14680
026070,Salgareda,veneto,6567
026071,San Biagio di Callalta,veneto,12761
026072,San Fior,veneto,6843
026073,San Pietro di Feletto,veneto,5141
026074,San Polo di Piave,veneto,4914
026075,Santa Lucia di Piave,veneto,9127
026076,San Vendemiano,veneto,9884
026077,San Zenone degli Ezzelini,veneto,7282
026078,Sarmede,veneto,2951
026079,Segusino,veneto,1823
026080,Sernaglia della Battaglia,veneto,6086
026081,Silea,veneto,10219
026082,Spresiano,veneto,12298
026083,Susegana,veneto,11740
026084,Tarzo,veneto,4226
026085,Trevignano,veneto,10722
026086,Treviso,veneto,84452
026087,Valdobbiadene,veneto,10002
026088,Vazzola,veneto,6746
026089,Vedelago,veneto,16554
026090,Vidor,veneto,3690
026091,Villorba,veneto,17603
026092,Vittorio Veneto,veneto,27310
026093,Volpago del Montello,veneto,10062
026094,Zenson di Piave,veneto,1741
026095,Zero Branco,veneto,11488
026096,Pieve del Grappa,veneto,6592
027001,Annone Veneto,veneto,3814
027002,Campagna Lupia,veneto,7128
027003,Campolongo Maggiore,veneto,10725
027004,Camponogara,veneto,13005
027005,Caorle,veneto,11155
027006,Cavarzere,veneto,12962
027007,Ceggia,veneto,6146
027008,Chioggia,veneto,47903
027009,Cinto Caomaggiore,veneto,3114
027010,Cona,veneto,2788
027011,Concordia Sagittaria,veneto,10224
027012,Dolo,veneto,14941
027013,Eraclea,veneto,12006
027014,Fiesso d'Artico,veneto,8422
027015,Fossalta di Piave,veneto,4147
027016,Fossalta di Portogruaro,veneto,5792
027017,Fossò,veneto,7051
027018,Gruaro,veneto,2741
027019,Jesolo,veneto,26556
027020,Marcon,veneto,17558
027021,Martellago,veneto,21279
027022,Meolo,veneto,6229
027023,Mira,veneto,37576
027024,Mirano,veneto,27183
027025,Musile di Piave,veneto,11326
027026,Noale,veneto,16128
027027,Noventa di Piave,veneto,6952
027028,Pianiga,veneto,12237
027029,Portogruaro,veneto,24488
027030,Pramaggiore,veneto,4721
027031,Quarto d'Altino,veneto,8000
027032,Salzano,veneto,12802
027033,San Donà di Piave,veneto,41664
027034,San Michele al Tagliamento,veneto,11431
027035,Santa Maria di Sala,veneto,17449
027036,San Stino di Livenza,veneto,12720
027037,Scorzè,veneto,18965
027038,Spinea,veneto,27749
027039,Stra,veneto,7599
027040,Teglio Veneto,veneto,2256
027041,Torre di Mosto,veneto,4766
027042,Venezia,veneto,251944
027043,Vigonovo,veneto,9890
027044,Cavallino-Treporti,veneto,13384
028001,Abano Terme,veneto,20123
028002,Agna,veneto,3152
028003,Albignasego,veneto,26642
028004,Anguillara Veneta,veneto,4156
028005,Arquà Petrarca,veneto,1817
028006,Arre,veneto,2097
028007,Arzergrande,veneto,4800
028008,Bagnoli di Sopra,veneto,3386
028009,Baone,veneto,3067
028010,Barbona,veneto,608
028011,Battaglia Terme,veneto,3782
028012,Boara Pisani,veneto,2393
028013,Borgoricco,veneto,8906
028014,Bovolenta,veneto,3449
028015,Brugine,veneto,7147
028016,Cadoneghe,veneto,15773
028017,Campodarsego,veneto,14943
028018,Campodoro,veneto,2616
028019,Camposampiero,veneto,11867
028020,Campo San Martino,veneto,5652
028021,Candiana,veneto,2214
028022,Carceri,veneto,1492
028023,Carmignano di Brenta,veneto,7478
028026,Cartura,veneto,4582
028027,Casale di Scodosia,veneto,4701
028028,Casalserugo,veneto,5390
028029,Castelbaldo,veneto,1430
028030,Cervarese Santa Croce,veneto,5652
028031,Cinto Euganeo,veneto,1928
028032,Cittadella,veneto,20076
028033,Codevigo,veneto,6336
028034,Conselve,veneto,10011
028035,Correzzola,veneto,5055
028036,Curtarolo,veneto,7138
028037,Este,veneto,15975
028038,Fontaniva,veneto,7965
028039,Galliera Veneta,veneto,7105
028040,Galzignano Terme,veneto,4301
028041,Gazzo,veneto,4291
028042,Grantorto,veneto,4511
028043,Granze,veneto,1948
028044,Legnaro,veneto,9353
028045,Limena,veneto,8097
028046,Loreggia,veneto,7659
028047,Lozzo Atestino,veneto,2981
028048,Maserà di Padova,veneto,9092
028049,Masi,veneto,1780
028050,Massanzago,veneto,6043
028052,Megliadino San Vitale,veneto,1819
028053,Merlara,veneto,2522
028054,Mestrino,veneto,11655
028055,Monselice,veneto,17242
028056,Montagnana,veneto,8898
028057,Montegrotto Terme,veneto,11362
028058,Noventa Padovana,veneto,11524
028059,Ospedaletto Euganeo,veneto,5543
028060,Padova,veneto,206651
028061,Pernumia,veneto,3766
028062,Piacenza d'Adige,veneto,1231
028063,Piazzola sul Brenta,veneto,11093
028064,Piombino Dese,veneto,9480
028065,Piove di Sacco,veneto,20138
028066,Polverara,veneto,3373
028067,Ponso,veneto,2397
028068,Pontelongo,veneto,3641
028069,Ponte San Nicolò,veneto,13307
028070,Pozzonovo,veneto,3482
028071,Rovolon,veneto,4878
028072,Rubano,veneto,16794
028073,Saccolongo,veneto,4900
028075,San Giorgio delle Pertiche,veneto,10130
028076,San Giorgio in Bosco,veneto,6389
028077,San Martino di Lupari,veneto,13184
028078,San Pietro in Gu,veneto,4257
028079,San Pietro Viminario,veneto,3048
028080,Santa Giustina in Colle,veneto,7156
028082,Sant'Angelo di Piove di Sacco,veneto,7289
028083,Sant'Elena,veneto,2530
028084,Sant'Urbano,veneto,1903
028085,Saonara,veneto,10476
028086,Selvazzano Dentro,veneto,22961
028087,Solesino,veneto,6810
028088,Stanghella,veneto,4138
028089,Teolo,veneto,8867
028090,Terrassa Padovana,veneto,2677
028091,Tombolo,veneto,8240
028092,Torreglia,veneto,6110
028093,Trebaseleghe,veneto,12889
028094,Tribano,veneto,4247
028095,Urbana,veneto,2044
028096,Veggiano,veneto,4802
028097,Vescovana,veneto,1720
028098,Vighizzolo d'Este,veneto,897
028099,Vigodarzere,veneto,13104
028100,Vigonza,veneto,23082
028101,Villa del Conte,veneto,5562
028102,Villa Estense,veneto,2105
028103,Villafranca Padovana,veneto,10515
028104,Villanova di Camposampiero,veneto,6111
028105,Vo',veneto,3283
028106,Due Carrare,veneto,8963
028107,Borgo Veneto,veneto,7053
029001,Adria,veneto,18781
029002,Ariano nel Polesine,veneto,4000
029003,Arquà Polesine,veneto,2616
029004,Badia Polesine,veneto,10020
029005,Bagnolo di Po,veneto,1235
029006,Bergantino,veneto,2422
029007,Bosaro,veneto,1451
029008,Calto,veneto,659
029009,Canaro,veneto,2599
029010,Canda,veneto,855
029011,Castelguglielmo,veneto,1514
029012,Castelmassa,veneto,3997
029013,Castelnovo Bariano,veneto,2639
029014,Ceneselli,veneto,1552
029015,Ceregnano,veneto,3440
029017,Corbola,veneto,2171
029018,Costa di Rovigo,veneto,2448
029019,Crespino,veneto,1733
029021,Ficarolo,veneto,2190
029022,Fiesso Umbertiano,veneto,3869
029023,Frassinelle Polesine,veneto,1344
029024,Fratta Polesine,veneto,2501
029025,Gaiba,veneto,970
029026,Gavello,veneto,1451
029027,Giacciano con Baruchella,veneto,2043
029028,Guarda Veneta,veneto,1102
029029,Lendinara,veneto,11457
029030,Loreo,veneto,3275
029031,Lusia,veneto,3323
029032,Melara,veneto,1702
029033,Occhiobello,veneto,12002
029034,Papozze,veneto,1355
029035,Pettorazza Grimani,veneto,1483
029036,Pincara,veneto,1095
029037,Polesella,veneto,3740
029038,Pontecchio Polesine,veneto,2214
029039,Porto Tolle,veneto,9135
029040,Rosolina,veneto,6221
029041,Rovigo,veneto,50190
029042,Salara,veneto,1053
029043,San Bellino,veneto,1035
029044,San Martino di Venezze,veneto,3758
029045,Stienta,veneto,3113
029046,Taglio di Po,veneto,7970
029047,Trecenta,veneto,2591
029048,Villadose,veneto,4796
029049,Villamarzana,veneto,1148
029050,Villanova del Ghebbo,veneto,1983
029051,Villanova Marchesana,veneto,879
029052,Porto Viro,veneto,13782
030001,Aiello del Friuli,friuli-venezia-giulia,2174
030002,Amaro,friuli-venezia-giulia,844
030003,Ampezzo,friuli-venezia-giulia,920
030004,Aquileia,friuli-venezia-giulia,3148
030005,Arta Terme,friuli-venezia-giulia,2056
030006,Artegna,friuli-venezia-giulia,2882
030007,Attimis,friuli-venezia-giulia,1683
030008,Bagnaria Arsa,friuli-venezia-giulia,3453
030009,Basiliano,friuli-venezia-giulia,5233
030010,Bertiolo,friuli-venezia-giulia,2376
030011,Bicinicco,friuli-venezia-giulia,1811
030012,Bordano,friuli-venezia-giulia,710
030013,Buja,friuli-venezia-giulia,6337
030014,Buttrio,friuli-venezia-giulia,3878
030015,Camino al Tagliamento,friuli-venezia-giulia,1544
030016,Campoformido,friuli-venezia-giulia,7857
030018,Carlino,friuli-venezia-giulia,2702
030019,Cassacco,friuli-venezia-giulia,2807
030020,Castions di Strada,friuli-venezia-giulia,3694
030021,Cavazzo Carnico,friuli-venezia-giulia,937
030022,Cercivento,friuli-venezia-giulia,652
030023,Cervignano del Friuli,friuli-venezia-giulia,13546
030024,Chiopris-Viscone,friuli-venezia-giulia,682
030025,Chiusaforte,friuli-venezia-giulia,614
030026,Cividale del Friuli,friuli-venezia-giulia,10875
030027,Codroipo,friuli-venezia-giulia,15877
030028,Colloredo di Monte Albano,friuli-venezia-giulia,2192
030029,Comeglians,friuli-venezia-giulia,442
030030,Corno di Rosazzo,friuli-venezia-giulia,3118
030031,Coseano,friuli-venezia-giulia,2045
030032,Dignano,friuli-venezia-giulia,2262
030033,Dogna,friuli-venezia-giulia,154
030034,Drenchia,friuli-venezia-giulia,99
030035,Enemonzo,friuli-venezia-giulia,1280
030036,Faedis,friuli-venezia-giulia,2775
030037,Fagagna,friuli-venezia-giulia,6010
030039,Flaibano,friuli-venezia-giulia,1095
030040,Forni Avoltri,friuli-venezia-giulia,515
030041,Forni di Sopra,friuli-venezia-giulia,923
030042,Forni di Sotto,friuli-venezia-giulia,548
030043,Gemona del Friuli,friuli-venezia-giulia,10544
030044,Gonars,friuli-venezia-giulia,4554
030045,Grimacco,friuli-venezia-giulia,293
030046,Latisana,friuli-venezia-giulia,13201
030047,Lauco,friuli-venezia-giulia,663
030048,Lestizza,friuli-venezia-giulia,3677
030049,Lignano Sabbiadoro,friuli-venezia-giulia,6833
030051,Lusevera,friuli-venezia-giulia,585
030052,Magnano in Riviera,friuli-venezia-giulia,2273
030053,Majano,friuli-venezia-giulia,5834
030054,Malborghetto Valbruna,friuli-venezia-giulia,910
030055,Manzano,friuli-venezia-giulia,6238
030056,Marano Lagunare,friuli-venezia-giulia,1756
030057,Martignacco,friuli-venezia-giulia,6847
030058,Mereto di Tomba,friuli-venezia-giulia,2530
030059,Moggio Udinese,friuli-venezia-giulia,1621
030060,Moimacco,friuli-venezia-giulia,1632
030061,Montenars,friuli-venezia-giulia,483
030062,Mortegliano,friuli-venezia-giulia,4814
030063,Moruzzo,friuli-venezia-giulia,2452
030064,Muzzana del Turgnano,friuli-venezia-giulia,2360
030065,Nimis,friuli-venezia-giulia,2558
030066,Osoppo,friuli-venezia-giulia,2826
030067,Ovaro,friuli-venezia-giulia,1752
030068,Pagnacco,friuli-venezia-giulia,5112
030069,Palazzolo dello Stella,friuli-venezia-giulia,2891
030070,Palmanova,friuli-venezia-giulia,5288
030071,Paluzza,friuli-venezia-giulia,1995
030072,Pasian di Prato,friuli-venezia-giulia,9265
030073,Paularo,friuli-venezia-giulia,2373
030074,Pavia di Udine,friuli-venezia-giulia,5514
030075,Pocenia,friuli-venezia-giulia,2363
030076,Pontebba,friuli-venezia-giulia,1322
030077,Porpetto,friuli-venezia-giulia,2475
030078,Povoletto,friuli-venezia-giulia,5410
030079,Pozzuolo del Friuli,friuli-venezia-giulia,6906
030080,Pradamano,friuli-venezia-giulia,3522
030081,Prato Carnico,friuli-venezia-giulia,853
030082,Precenicco,friuli-venezia-giulia,1433
030083,Premariacco,friuli-venezia-giulia,3973
030084,Preone,friuli-venezia-giulia,252
030085,Prepotto,friuli-venezia-giulia,713
030086,Pulfero,friuli-venezia-giulia,855
030087,Ragogna,friuli-venezia-giulia,2812
030088,Ravascletto,friuli-venezia-giulia,494
030089,Raveo,friuli-venezia-giulia,444
030090,Reana del Rojale,friuli-venezia-giulia,4737
030091,Remanzacco,friuli-venezia-giulia,6064
030092,Resia,friuli-venezia-giulia,933
030093,Resiutta,friuli-venezia-giulia,259
030094,Rigolato,friuli-venezia-giulia,369
030095,Rive d'Arcano,friuli-venezia-giulia,2358
030097,Ronchis,friuli-venezia-giulia,1942
030098,Ruda,friuli-venezia-giulia,2790
030099,San Daniele del Friuli,friuli-venezia-giulia,7914
030100,San Giorgio di Nogaro,friuli-venezia-giulia,7280
030101,San Giovanni al Natisone,friuli-venezia-giulia,6052
030102,San Leonardo,friuli-venezia-giulia,1045
030103,San Pietro al Natisone,friuli-venezia-giulia,2086
030104,Santa Maria la Longa,friuli-venezia-giulia,2313
030105,San Vito al Torre,friuli-venezia-giulia,1202
030106,San Vito di Fagagna,friuli-venezia-giulia,1679
030107,Sauris,friuli-venezia-giulia,390
030108,Savogna,friuli-venezia-giulia,351
030109,Sedegliano,friuli-venezia-giulia,3704
030110,Socchieve,friuli-venezia-giulia,860
030111,Stregna,friuli-venezia-giulia,304
030112,Sutrio,friuli-venezia-giulia,1239
030113,Taipana,friuli-venezia-giulia,565
030114,Talmassons,friuli-venezia-giulia,3878
030116,Tarcento,friuli-venezia-giulia,8835
030117,Tarvisio,friuli-venezia-giulia,3997
030118,Tavagnacco,friuli-venezia-giulia,14730
030120,Terzo d'Aquileia,friuli-venezia-giulia,2729
030121,Tolmezzo,friuli-venezia-giulia,9891
030122,Torreano,friuli-venezia-giulia,2068
030123,Torviscosa,friuli-venezia-giulia,2648
030124,Trasaghis,friuli-venezia-giulia,2099
030126,Treppo Grande,friuli-venezia-giulia,1699
030127,Tricesimo,friuli-venezia-giulia,7596
030128,Trivignano Udinese,friuli-venezia-giulia,1564
030129,Udine,friuli-venezia-giulia,97736
030130,Varmo,friuli-venezia-giulia,2642
030131,Venzone,friuli-venezia-giulia,1953
030132,Verzegnis,friuli-venezia-giulia,838
030133,Villa Santina,friuli-venezia-giulia,2170
030135,Visco,friuli-venezia-giulia,816
030136,Zuglio,friuli-venezia-giulia,552
030137,Forgaria nel Friuli,friuli-venezia-giulia,1708
030138,Campolongo Tapogliano,friuli-venezia-giulia,1132
030188,Rivignano Teor,friuli-venezia-giulia,6185
030189,Sappada,friuli-venezia-giulia,1308
030190,Fiumicello Villa Vicentina,friuli-venezia-giulia,6299
030191,Treppo Ligosullo,friuli-venezia-giulia,682
031001,Capriva del Friuli,friuli-venezia-giulia,1617
031002,Cormons,friuli-venezia-giulia,7198
031003,Doberdò del Lago-Doberdob,friuli-venezia-giulia,1350
031004,Dolegna del Collio,friuli-venezia-giulia,317
031005,Farra d'Isonzo,friuli-venezia-giulia,1671
031006,Fogliano Redipuglia,friuli-venezia-giulia,2992
031007,Gorizia,friuli-venezia-giulia,33615
031008,Gradisca d'Isonzo,friuli-venezia-giulia,6370
031009,Grado,friuli-venezia-giulia,7789
031010,Mariano del Friuli,friuli-venezia-giulia,1464
031011,Medea,friuli-venezia-giulia,949
031012,Monfalcone,friuli-venezia-giulia,29072
031013,Moraro,friuli-venezia-giulia,695
031014,Mossa,friuli-venezia-giulia,1522
031015,Romans d'Isonzo,friuli-venezia-giulia,3636
031016,Ronchi dei Legionari,friuli-venezia-giulia,11807
031017,Sagrado,friuli-venezia-giulia,2168
031018,San Canzian d'Isonzo,friuli-venezia-giulia,6040
031019,San Floriano del Collio-Števerjan,friuli-venezia-giulia,742
031020,San Lorenzo Isontino,friuli-venezia-giulia,1506
031021,San Pier d'Isonzo,friuli-venezia-giulia,1993
031022,Savogna d'Isonzo-Sovodnje ob So¿i,friuli-venezia-giulia,1694
031023,Staranzano,friuli-venezia-giulia,7246
031024,Turriaco,friuli-venezia-giulia,2806
031025,Villesse,friuli-venezia-giulia,1640
032001,Duino Aurisina-Devin Nabrežina,friuli-venezia-giulia,8353
032002,Monrupino-Repentabor,friuli-venezia-giulia,857
032003,Muggia,friuli-venezia-giulia,12916
032004,San Dorligo della Valle-Dolina,friuli-venezia-giulia,5693
032005,Sgonico-Zgonik,friuli-venezia-giulia,1999
032006,Trieste,friuli-venezia-giulia,199015
033001,Agazzano,emilia-romagna,1975
033002,Alseno,emilia-romagna,4672
033003,Besenzone,emilia-romagna,938
033004,Bettola,emilia-romagna,2608
033005,Bobbio,emilia-romagna,3417
033006,Borgonovo Val Tidone,emilia-romagna,8026
033007,Cadeo,emilia-romagna,5983
033008,Calendasco,emilia-romagna,2397
033010,Caorso,emilia-romagna,4701
033011,Carpaneto Piacentino,emilia-romagna,7649
033012,Castell'Arquato,emilia-romagna,4577
033013,Castel San Giovanni,emilia-romagna,13981
033014,Castelvetro Piacentino,emilia-romagna,5242
033015,Cerignale,emilia-romagna,117
033016,Coli,emilia-romagna,832
033017,Corte Brugnatella,emilia-romagna,535
033018,Cortemaggiore,emilia-romagna,4610
033019,Farini,emilia-romagna,1078
033020,Ferriere,emilia-romagna,1116
033021,Fiorenzuola d'Arda,emilia-romagna,14858
033022,Gazzola,emilia-romagna,2096
033023,Gossolengo,emilia-romagna,5711
033024,Gragnano Trebbiense,emilia-romagna,4538
033025,Gropparello,emilia-romagna,2127
033026,Lugagnano Val d'Arda,emilia-romagna,3880
033027,Monticelli d'Ongina,emilia-romagna,5106
033028,Morfasso,emilia-romagna,888
033030,Ottone,emilia-romagna,444
033032,Piacenza,emilia-romagna,102364
033033,Pianello Val Tidone,emilia-romagna,2183
033034,Piozzano,emilia-romagna,580
033035,Podenzano,emilia-romagna,9025
033036,Ponte dell'Olio,emilia-romagna,4614
033037,Pontenure,emilia-romagna,6511
033038,Rivergaro,emilia-romagna,7023
033039,Rottofreno,emilia-romagna,12200
033040,San Giorgio Piacentino,emilia-romagna,5605
033041,San Pietro in Cerro,emilia-romagna,794
033042,Sarmato,emilia-romagna,2950
033043,Travo,emilia-romagna,2165
033044,Vernasca,emilia-romagna,2000
033045,Vigolzone,emilia-romagna,4218
033046,Villanova sull'Arda,emilia-romagna,1684
033047,Zerba,emilia-romagna,70
033048,Ziano Piacentino,emilia-romagna,2441
033049,Alta Val Tidone,emilia-romagna,2906
034001,Albareto,emilia-romagna,2072
034002,Bardi,emilia-romagna,2043
034003,Bedonia,emilia-romagna,3150
034004,Berceto,emilia-romagna,1996
034005,Bore,emilia-romagna,676
034006,Borgo Val di Taro,emilia-romagna,6723
034007,Busseto,emilia-romagna,6767
034008,Calestano,emilia-romagna,2060
034009,Collecchio,emilia-romagna,14556
034010,Colorno,emilia-romagna,8958
034011,Compiano,emilia-romagna,1067
034012,Corniglio,emilia-romagna,1740
034013,Felino,emilia-romagna,9150
034014,Fidenza,emilia-romagna,26981
034015,Fontanellato,emilia-romagna,7005
034016,Fontevivo,emilia-romagna,5577
034017,Fornovo di Taro,emilia-romagna,5863
034018,Langhirano,emilia-romagna,10661
034019,Lesignano de' Bagni,emilia-romagna,5054
034020,Medesano,emilia-romagna,10693
034022,Monchio delle Corti,emilia-romagna,837
034023,Montechiarugolo,emilia-romagna,11154
034024,Neviano degli Arduini,emilia-romagna,3428
034025,Noceto,emilia-romagna,13115
034026,Palanzano,emilia-romagna,1051
034027,Parma,emilia-romagna,195436
034028,Pellegrino Parmense,emilia-romagna,962
034030,Roccabianca,emilia-romagna,2887
034031,Sala Baganza,emilia-romagna,5802
034032,Salsomaggiore Terme,emilia-romagna,19906
034033,San Secondo Parmense,emilia-romagna,5816
034035,Solignano,emilia-romagna,1701
034036,Soragna,emilia-romagna,4778
034038,Terenzo,emilia-romagna,1162
034039,Tizzano Val Parma,emilia-romagna,2120
034040,Tornolo,emilia-romagna,915
034041,Torrile,emilia-romagna,7686
034042,Traversetolo,emilia-romagna,9454
034044,Valmozzola,emilia-romagna,530
034045,Varano de' Melegari,emilia-romagna,2592
034046,Varsi,emilia-romagna,1138
034049,Sissa Trecasali,emilia-romagna,7842
034050,Polesine Zibello,emilia-romagna,3093
034051,Sorbolo Mezzani,emilia-romagna,12719
035001,Albinea,emilia-romagna,8788
035002,Bagnolo in Piano,emilia-romagna,9540
035003,Baiso,emilia-romagna,3218
035004,Bibbiano,emilia-romagna,10183
035005,Boretto,emilia-romagna,5252
035006,Brescello,emilia-romagna,5623
035008,Cadelbosco di Sopra,emilia-romagna,10638
035009,Campagnola Emilia,emilia-romagna,5500
035010,Campegine,emilia-romagna,5292
035011,Carpineti,emilia-romagna,3884
035012,Casalgrande,emilia-romagna,18857
035013,Casina,emilia-romagna,4510
035014,Castellarano,emilia-romagna,15319
035015,Castelnovo di Sotto,emilia-romagna,8385
035016,Castelnovo ne' Monti,emilia-romagna,10309
035017,Cavriago,emilia-romagna,9835
035018,Canossa,emilia-romagna,3708
035020,Correggio,emilia-romagna,25008
035021,Fabbrico,emilia-romagna,6610
035022,Gattatico,emilia-romagna,5712
035023,Gualtieri,emilia-romagna,6262
035024,Guastalla,emilia-romagna,14661
035026,Luzzara,emilia-romagna,8402
035027,Montecchio Emilia,emilia-romagna,10384
035028,Novellara,emilia-romagna,13337
035029,Poviglio,emilia-romagna,7096
035030,Quattro Castella,emilia-romagna,13123
035032,Reggiolo,emilia-romagna,9123
035033,Reggio nell'Emilia,emilia-romagna,169908
035034,Rio Saliceto,emilia-romagna,6002
035035,Rolo,emilia-romagna,4016
035036,Rubiera,emilia-romagna,14765
035037,San Martino in Rio,emilia-romagna,8194
035038,San Polo d'Enza,emilia-romagna,6146
035039,Sant'Ilario d'Enza,emilia-romagna,11205
035040,Scandiano,emilia-romagna,25767
035041,Toano,emilia-romagna,4123
035042,Vetto,emilia-romagna,1784
035043,Vezzano sul Crostolo,emilia-romagna,4298
035044,Viano,emilia-romagna,3338
035045,Villa Minozzo,emilia-romagna,3517
035046,Ventasso,emilia-romagna,3964
036001,Bastiglia,emilia-romagna,4126
036002,Bomporto,emilia-romagna,10144
036003,Campogalliano,emilia-romagna,8578
036004,Camposanto,emilia-romagna,3261
036005,Carpi,emilia-romagna,71402
036006,Castelfranco Emilia,emilia-romagna,33061
036007,Castelnuovo Rangone,emilia-romagna,15040
036008,Castelvetro di Modena,emilia-romagna,11158
036009,Cavezzo,emilia-romagna,6997
036010,Concordia sulla Secchia,emilia-romagna,8172
036011,Fanano,emilia-romagna,2941
036012,Finale Emilia,emilia-romagna,14978
036013,Fiorano Modenese,emilia-romagna,16870
036014,Fiumalbo,emilia-romagna,1180
036015,Formigine,emilia-romagna,34494
036016,Frassinoro,emilia-romagna,1754
036017,Guiglia,emilia-romagna,4049
036018,Lama Mocogno,emilia-romagna,2667
036019,Maranello,emilia-romagna,17270
036020,Marano sul Panaro,emilia-romagna,5323
036021,Medolla,emilia-romagna,6352
036022,Mirandola,emilia-romagna,24135
036023,Modena,emilia-romagna,184971
036024,Montecreto,emilia-romagna,919
036025,Montefiorino,emilia-romagna,2085
036026,Montese,emilia-romagna,3222
036027,Nonantola,emilia-romagna,16022
036028,Novi di Modena,emilia-romagna,10001
036029,Palagano,emilia-romagna,2059
036030,Pavullo nel Frignano,emilia-romagna,18042
036031,Pievepelago,emilia-romagna,2142
036032,Polinago,emilia-romagna,1582
036033,Prignano sulla Secchia,emilia-romagna,3763
036034,Ravarino,emilia-romagna,6214
036035,Riolunato,emilia-romagna,662
036036,San Cesario sul Panaro,emilia-romagna,6574
036037,San Felice sul Panaro,emilia-romagna,10679
036038,San Possidonio,emilia-romagna,3451
036039,San Prospero,emilia-romagna,6020
036040,Sassuolo,emilia-romagna,40469
036041,Savignano sul Panaro,emilia-romagna,9415
036042,Serramazzoni,emilia-romagna,8516
036043,Sestola,emilia-romagna,2443
036044,Soliera,emilia-romagna,15425
036045,Spilamberto,emilia-romagna,12865
036046,Vignola,emilia-romagna,25686
036047,Zocca,emilia-romagna,4572
037001,Anzola dell'Emilia,emilia-romagna,12313
037002,Argelato,emilia-romagna,9693
037003,Baricella,emilia-romagna,7021
037005,Bentivoglio,emilia-romagna,5700
037006,Bologna,emilia-romagna,387842
037007,Borgo Tossignano,emilia-romagna,3240
037008,Budrio,emilia-romagna,18294
037009,Calderara di Reno,emilia-romagna,13434
037010,Camugnano,emilia-romagna,1804
037011,Casalecchio di Reno,emilia-romagna,35784
037012,Casalfiumanese,emilia-romagna,3367
037013,Castel d'Aiano,emilia-romagna,1886
037014,Castel del Rio,emilia-romagna,1186
037015,Castel di Casio,emilia-romagna,3309
037016,Castel Guelfo di Bologna,emilia-romagna,4516
037017,Castello d'Argile,emilia-romagna,6565
037019,Castel Maggiore,emilia-romagna,18500
037020,Castel San Pietro Terme,emilia-romagna,20666
037021,Castenaso,emilia-romagna,15895
037022,Castiglione dei Pepoli,emilia-romagna,5363
037024,Crevalcore,emilia-romagna,13598
037025,Dozza,emilia-romagna,6533
037026,Fontanelice,emilia-romagna,1931
037027,Gaggio Montano,emilia-romagna,4797
037028,Galliera,emilia-romagna,5529
037030,Granarolo dell'Emilia,emilia-romagna,12578
037031,Grizzana Morandi,emilia-romagna,3883
037032,Imola,emilia-romagna,69551
037033,Lizzano in Belvedere,emilia-romagna,2172
037034,Loiano,emilia-romagna,4369
037035,Malalbergo,emilia-romagna,9045
037036,Marzabotto,emilia-romagna,6806
037037,Medicina,emilia-romagna,16646
037038,Minerbio,emilia-romagna,8854
037039,Molinella,emilia-romagna,15630
037040,Monghidoro,emilia-romagna,3751
037041,Monterenzio,emilia-romagna,6161
037042,Monte San Pietro,emilia-romagna,10764
037044,Monzuno,emilia-romagna,6358
037045,Mordano,emilia-romagna,4591
037046,Ozzano dell'Emilia,emilia-romagna,13922
037047,Pianoro,emilia-romagna,17586
037048,Pieve di Cento,emilia-romagna,7153
037050,Sala Bolognese,emilia-romagna,8462
037051,San Benedetto Val di Sambro,emilia-romagna,4202
037052,San Giorgio di Piano,emilia-romagna,9163
037053,San Giovanni in Persiceto,emilia-romagna,27869
037054,San Lazzaro di Savena,emilia-romagna,32606
037055,San Pietro in Casale,emilia-romagna,12661
037056,Sant'Agata Bolognese,emilia-romagna,7335
037057,Sasso Marconi,emilia-romagna,14798
037059,Vergato,emilia-romagna,7521
037060,Zola Predosa,emilia-romagna,19117
037061,Valsamoggia,emilia-romagna,31605
037062,Alto Reno Terme,emilia-romagna,6887
038001,Argenta,emilia-romagna,20995
038003,Bondeno,emilia-romagna,13872
038004,Cento,emilia-romagna,35228
038005,Codigoro,emilia-romagna,11179
038006,Comacchio,emilia-romagna,21989
038007,Copparo,emilia-romagna,15753
038008,Ferrara,emilia-romagna,129872
038010,Jolanda di Savoia,emilia-romagna,2638
038011,Lagosanto,emilia-romagna,4730
038012,Masi Torello,emilia-romagna,2291
038014,Mesola,emilia-romagna,6511
038017,Ostellato,emilia-romagna,5719
038018,Poggio Renatico,emilia-romagna,9750
038019,Portomaggiore,emilia-romagna,11584
038022,Vigarano Mainarda,emilia-romagna,7571
038023,Voghiera,emilia-romagna,3633
038025,Goro,emilia-romagna,3533
038027,Fiscaglia,emilia-romagna,8385
038028,Terre del Reno,emilia-romagna,9878
038029,Riva del Po,emilia-romagna,7511
038030,Tresignana,emilia-romagna,6951
039001,Alfonsine,emilia-romagna,11506
039002,Bagnacavallo,emilia-romagna,16398
039003,Bagnara di Romagna,emilia-romagna,2405
039004,Brisighella,emilia-romagna,7189
039005,Casola Valsenio,emilia-romagna,2541
039006,Castel Bolognese,emilia-romagna,9535
039007,Cervia,emilia-romagna,28758
039008,Conselice,emilia-romagna,9491
039009,Cotignola,emilia-romagna,7353
039010,Faenza,emilia-romagna,58899
039011,Fusignano,emilia-romagna,8075
039012,Lugo,emilia-romagna,31919
039013,Massa Lombarda,emilia-romagna,10590
039014,Ravenna,emilia-romagna,155836
039015,Riolo Terme,emilia-romagna,5767
039016,Russi,emilia-romagna,12107
039017,Sant'Agata sul Santerno,emilia-romagna,2869
039018,Solarolo,emilia-romagna,4393
040001,Bagno di Romagna,emilia-romagna,5618
040003,Bertinoro,emilia-romagna,10984
040004,Borghi,emilia-romagna,2882
040005,Castrocaro Terme e Terra del Sole,emilia-romagna,6272
040007,Cesena,emilia-romagna,96168
040008,Cesenatico,emilia-romagna,25958
040009,Civitella di Romagna,emilia-romagna,3642
040011,Dovadola,emilia-romagna,1563
040012,Forlì,emilia-romagna,116558
040013,Forlimpopoli,emilia-romagna,13113
040014,Galeata,emilia-romagna,2438
040015,Gambettola,emilia-romagna,10659
040016,Gatteo,emilia-romagna,9320
040018,Longiano,emilia-romagna,7225
040019,Meldola,emilia-romagna,9881
040020,Mercato Saraceno,emilia-romagna,6812
040022,Modigliana,emilia-romagna,4326
040028,Montiano,emilia-romagna,1683
040031,Portico e San Benedetto,emilia-romagna,735
040032,Predappio,emilia-romagna,6237
040033,Premilcuore,emilia-romagna,708
040036,Rocca San Casciano,emilia-romagna,1791
040037,Roncofreddo,emilia-romagna,3379
040041,San Mauro Pascoli,emilia-romagna,12192
040043,Santa Sofia,emilia-romagna,4018
040044,Sarsina,emilia-romagna,3303
040045,Savignano sul Rubicone,emilia-romagna,17797
040046,Sogliano al Rubicone,emilia-romagna,3147
040049,Tredozio,emilia-romagna,1121
040050,Verghereto,emilia-romagna,1763
041001,Acqualagna,marche,4182
041002,Apecchio,marche,1735
041005,Belforte all'Isauro,marche,749
041006,Borgo Pace,marche,532
041007,Cagli,marche,8068
041008,Cantiano,marche,2026
041009,Carpegna,marche,1634
041010,Cartoceto,marche,7966
041013,Fano,marche,59926
041014,Fermignano,marche,8239
041015,Fossombrone,marche,9096
041016,Fratte Rosa,marche,859
041017,Frontino,marche,285
041018,Frontone,marche,1204
041019,Gabicce Mare,marche,5540
041020,Gradara,marche,4919
041021,Isola del Piano,marche,556
041022,Lunano,marche,1434
041023,Macerata Feltria,marche,1915
041025,Mercatello sul Metauro,marche,1317
041026,Mercatino Conca,marche,1005
041027,Mombaroccio,marche,2063
041028,Mondavio,marche,3658
041029,Mondolfo,marche,14338
041030,Montecalvo in Foglia,marche,2698
041031,Monte Cerignone,marche,620
041034,Montefelcino,marche,2509
041035,Monte Grimano Terme,marche,1066
041036,Montelabbate,marche,7006
041038,Monte Porzio,marche,2752
041041,Peglio,marche,651
041043,Pergola,marche,5830
041044,Pesaro,marche,95670
041045,Petriano,marche,2726
041047,Piandimeleto,marche,2061
041048,Pietrarubbia,marche,602
041049,Piobbico,marche,1798
041051,San Costanzo,marche,4554
041054,San Lorenzo in Campo,marche,3201
041057,Sant'Angelo in Vado,marche,3907
041058,Sant'Ippolito,marche,1459
041061,Serra Sant'Abbondio,marche,919
041064,Tavoleto,marche,831
041065,Tavullia,marche,7883
041066,Urbania,marche,6888
041067,Urbino,marche,13772
041068,Vallefoglia,marche,14917
041069,Colli al Metauro,marche,12235
041070,Terre Roveresche,marche,5147
041071,Sassocorvaro Auditore,marche,4870
042001,Agugliano,marche,4682
042002,Ancona,marche,98402
042003,Arcevia,marche,4286
042004,Barbara,marche,1280
042005,Belvedere Ostrense,marche,2096
042006,Camerano,marche,7107
042007,Camerata Picena,marche,2506
042008,Castelbellino,marche,4928
042010,Castelfidardo,marche,18468
042011,Castelleone di Suasa,marche,1568
042012,Castelplanio,marche,3515
042013,Cerreto d'Esi,marche,3415
042014,Chiaravalle,marche,14306
042015,Corinaldo,marche,4797
042016,Cupramontana,marche,4420
042017,Fabriano,marche,29070
042018,Falconara Marittima,marche,25576
042019,Filottrano,marche,8986
042020,Genga,marche,1664
042021,Jesi,marche,39217
042022,Loreto,marche,12843
042023,Maiolati Spontini,marche,6097
042024,Mergo,marche,1001
042025,Monsano,marche,3310
042026,Montecarotto,marche,1860
042027,Montemarciano,marche,9754
042029,Monte Roberto,marche,3018
042030,Monte San Vito,marche,6728
042031,Morro d'Alba,marche,1803
042032,Numana,marche,3757
042033,Offagna,marche,2037
042034,Osimo,marche,34792
042035,Ostra,marche,6398
042036,Ostra Vetere,marche,3141
042037,Poggio San Marcello,marche,654
042038,Polverigi,marche,4601
042040,Rosora,marche,1858
042041,San Marcello,marche,2026
042042,San Paolo di Jesi,marche,885
042043,Santa Maria Nuova,marche,3980
042044,Sassoferrato,marche,6875
042045,Senigallia,marche,44245
042046,Serra de' Conti,marche,3558
042047,Serra San Quirico,marche,2552
042048,Sirolo,marche,4096
042049,Staffolo,marche,2087
042050,Trecastelli,marche,7442
043002,Apiro,marche,2050
043003,Appignano,marche,4030
043004,Belforte del Chienti,marche,1826
043005,Bolognola,marche,145
043006,Caldarola,marche,1639
043007,Camerino,marche,6268
043008,Camporotondo di Fiastrone,marche,501
043009,Castelraimondo,marche,4368
043010,Castelsantangelo sul Nera,marche,232
043011,Cessapalombo,marche,439
043012,Cingoli,marche,9679
043013,Civitanova Marche,marche,41768
043014,Colmurano,marche,1185
043015,Corridonia,marche,14821
043016,Esanatoglia,marche,1916
043017,Fiastra,marche,621
043019,Fiuminata,marche,1275
043020,Gagliole,marche,523
043021,Gualdo,marche,721
043022,Loro Piceno,marche,2181
043023,Macerata,marche,40503
043024,Matelica,marche,9290
043025,Mogliano,marche,4372
043026,Montecassiano,marche,6878
043027,Monte Cavallo,marche,104
043028,Montecosaro,marche,7303
043029,Montefano,marche,3302
043030,Montelupone,marche,3392
043031,Monte San Giusto,marche,7530
043032,Monte San Martino,marche,709
043033,Morrovalle,marche,9882
043034,Muccia,marche,823
043035,Penna San Giovanni,marche,971
043036,Petriolo,marche,1843
043038,Pieve Torina,marche,1268
043039,Pioraco,marche,992
043040,Poggio San Vicino,marche,225
043041,Pollenza,marche,6307
043042,Porto Recanati,marche,12324
043043,Potenza Picena,marche,15515
043044,Recanati,marche,20697
043045,Ripe San Ginesio,marche,818
043046,San Ginesio,marche,3114
043047,San Severino Marche,marche,11985
043048,Sant'Angelo in Pontano,marche,1244
043049,Sarnano,marche,3069
043050,Sefro,marche,418
043051,Serrapetrona,marche,896
043052,Serravalle di Chienti,marche,1055
043053,Tolentino,marche,18142
043054,Treia,marche,9093
043055,Urbisaglia,marche,2439
043056,Ussita,marche,378
043057,Visso,marche,996
043058,Valfornace,marche,921
044001,Acquasanta Terme,marche,2531
044002,Acquaviva Picena,marche,3692
044005,Appignano del Tronto,marche,1693
044006,Arquata del Tronto,marche,1013
044007,Ascoli Piceno,marche,46085
044010,Carassai,marche,981
044011,Castel di Lama,marche,8414
044012,Castignano,marche,2582
044013,Castorano,marche,2251
044014,Colli del Tronto,marche,3624
044015,Comunanza,marche,2943
044016,Cossignano,marche,861
044017,Cupra Marittima,marche,5402
044020,Folignano,marche,8872
044021,Force,marche,1159
044023,Grottammare,marche,15925
044027,Maltignano,marche,2259
044029,Massignano,marche,1635
044031,Monsampolo del Tronto,marche,4449
044032,Montalto delle Marche,marche,1939
044034,Montedinove,marche,472
044036,Montefiore dell'Aso,marche,1980
044038,Montegallo,marche,448
044044,Montemonaco,marche,528
044045,Monteprandone,marche,12869
044054,Offida,marche,4702
044056,Palmiano,marche,163
044063,Ripatransone,marche,4042
044064,Roccafluvione,marche,1903
044065,Rotella,marche,815
044066,San Benedetto del Tronto,marche,47000
044071,Spinetoli,marche,7219
044073,Venarotta,marche,1914
045001,Aulla,toscana,10719
045002,Bagnone,toscana,1722
045003,Carrara,toscana,60185
045004,Casola in Lunigiana,toscana,969
045005,Comano,toscana,662
045006,Filattiera,toscana,2210
045007,Fivizzano,toscana,7190
045008,Fosdinovo,toscana,4597
045009,Licciana Nardi,toscana,4739
045010,Massa,toscana,66498
045011,Montignoso,toscana,10122
045012,Mulazzo,toscana,2288
045013,Podenzana,toscana,2118
045014,Pontremoli,toscana,6931
045015,Tresana,toscana,1952
045016,Villafranca in Lunigiana,toscana,4611
045017,Zeri,toscana,970
046001,Altopascio,toscana,15726
046002,Bagni di Lucca,toscana,5593
046003,Barga,toscana,9491
046004,Borgo a Mozzano,toscana,6667
046005,Camaiore,toscana,31821
046006,Camporgiano,toscana,2041
046007,Capannori,toscana,46390
046008,Careggine,toscana,509
046009,Castelnuovo di Garfagnana,toscana,5650
046010,Castiglione di Garfagnana,toscana,1707
046011,Coreglia Antelminelli,toscana,5096
046013,Forte dei Marmi,toscana,6943
046014,Fosciandora,toscana,559
046015,Gallicano,toscana,3613
046017,Lucca,toscana,89078
046018,Massarosa,toscana,21823
046019,Minucciano,toscana,1826
046020,Molazzana,toscana,1010
046021,Montecarlo,toscana,4366
046022,Pescaglia,toscana,3306
046023,Piazza al Serchio,toscana,2144
046024,Pietrasanta,toscana,23066
046025,Pieve Fosciana,toscana,2263
046026,Porcari,toscana,8789
046027,San Romano in Garfagnana,toscana,1352
046028,Seravezza,toscana,12441
046030,Stazzema,toscana,2890
046031,Vagli Sotto,toscana,839
046033,Viareggio,toscana,61045
046034,Villa Basilica,toscana,1491
046035,Villa Collemandina,toscana,1215
046036,Fabbriche di Vergemoli,toscana,715
046037,Sillano Giuncugnano,toscana,999
047002,Agliana,toscana,17950
047003,Buggiano,toscana,8746
047005,Lamporecchio,toscana,7398
047006,Larciano,toscana,6312
047007,Marliana,toscana,3149
047008,Massa e Cozzile,toscana,7698
047009,Monsummano Terme,toscana,20821
047010,Montale,toscana,10608
047011,Montecatini-Terme,toscana,20468
047012,Pescia,toscana,19223
047013,Pieve a Nievole,toscana,9120
047014,Pistoia,toscana,89493
047016,Ponte Buggianese,toscana,8795
047017,Quarrata,toscana,26795
047018,Sambuca Pistoiese,toscana,1446
047020,Serravalle Pistoiese,toscana,11742
047021,Uzzano,toscana,5609
047022,Chiesina Uzzanese,toscana,4468
047023,Abetone Cutigliano,toscana,1902
047024,San Marcello Piteglio,toscana,7671
048001,Bagno a Ripoli,toscana,25314
048002,Barberino di Mugello,toscana,10884
048004,Borgo San Lorenzo,toscana,18184
048005,Calenzano,toscana,18041
048006,Campi Bisenzio,toscana,47541
048008,Capraia e Limite,toscana,7881
048010,Castelfiorentino,toscana,17364
048011,Cerreto Guidi,toscana,10794
048012,Certaldo,toscana,15483
048013,Dicomano,toscana,5443
048014,Empoli,toscana,48397
048015,Fiesole,toscana,13727
048017,Firenze,toscana,361619
048018,Firenzuola,toscana,4436
048019,Fucecchio,toscana,22764
048020,Gambassi Terme,toscana,4791
048021,Greve in Chianti,toscana,13327
048022,Impruneta,toscana,14477
048024,Lastra a Signa,toscana,19674
048025,Londa,toscana,1824
048026,Marradi,toscana,2891
048027,Montaione,toscana,3499
048028,Montelupo Fiorentino,toscana,14226
048030,Montespertoli,toscana,13236
048031,Palazzuolo sul Senio,toscana,1111
048032,Pelago,toscana,7760
048033,Pontassieve,toscana,20304
048035,Reggello,toscana,16529
048036,Rignano sull'Arno,toscana,8566
048037,Rufina,toscana,7118
048038,San Casciano in Val di Pesa,toscana,16643
048039,San Godenzo,toscana,1060
048041,Scandicci,toscana,49659
048043,Sesto Fiorentino,toscana,48782
048044,Signa,toscana,18964
048046,Vaglia,toscana,5208
048049,Vicchio,toscana,8022
048050,Vinci,toscana,14574
048052,Figline e Incisa Valdarno,toscana,23219
048053,Scarperia e San Piero,toscana,12018
048054,Barberino Tavarnelle,toscana,11906
049001,Bibbona,toscana,3172
049002,Campiglia Marittima,toscana,12538
049003,Campo nell'Elba,toscana,4706
049004,Capoliveri,toscana,3878
049005,Capraia Isola,toscana,378
049006,Castagneto Carducci,toscana,8785
049007,Cecina,toscana,27898
049008,Collesalvetti,toscana,16370
049009,Livorno,toscana,154483
049010,Marciana,toscana,2030
049011,Marciana Marina,toscana,1876
049012,Piombino,toscana,32304
049013,Porto Azzurro,toscana,3640
049014,Portoferraio,toscana,11864
049017,Rosignano Marittimo,toscana,30072
049018,San Vincenzo,toscana,6498
049019,Sassetta,toscana,475
049020,Suvereto,toscana,2980
049021,Rio,toscana,3315
050001,Bientina,toscana,8553
050002,Buti,toscana,5575
050003,Calci,toscana,6293
050004,Calcinaia,toscana,12711
050005,Capannoli,toscana,6430
050006,Casale Marittimo,toscana,1076
050008,Cascina,toscana,44865
050009,Castelfranco di Sotto,toscana,13460
050010,Castellina Marittima,toscana,1835
050011,Castelnuovo di Val di Cecina,toscana,2094
050012,Chianni,toscana,1315
050014,Fauglia,toscana,3674
050015,Guardistallo,toscana,1161
050016,Lajatico,toscana,1282
050019,Montecatini Val di Cecina,toscana,1669
050020,Montescudaio,toscana,2167
050021,Monteverdi Marittimo,toscana,753
050022,Montopoli in Val d'Arno,toscana,11109
050023,Orciano Pisano,toscana,633
050024,Palaia,toscana,4535
050025,Peccioli,toscana,4666
050026,Pisa,toscana,89002
050027,Pomarance,toscana,5390
050028,Ponsacco,toscana,15577
050029,Pontedera,toscana,29284
050030,Riparbella,toscana,1572
050031,San Giuliano Terme,toscana,30836
050032,San Miniato,toscana,27767
050033,Santa Croce sull'Arno,toscana,14608
050034,Santa Luce,toscana,1637
050035,Santa Maria a Monte,toscana,13307
050036,Terricciola,toscana,4460
050037,Vecchiano,toscana,11910
050038,Vicopisano,toscana,8553
050039,Volterra,toscana,9696
050040,Casciana Terme Lari,toscana,12160
050041,Crespina Lorenzana,toscana,5426
051001,Anghiari,toscana,5385
051002,Arezzo,toscana,96717
051003,Badia Tedalda,toscana,971
051004,Bibbiena,toscana,11806
051005,Bucine,toscana,9910
051006,Capolona,toscana,5244
051007,Caprese Michelangelo,toscana,1355
051008,Castel Focognano,toscana,2963
051010,Castel San Niccolò,toscana,2517
051011,Castiglion Fibocchi,toscana,2103
051012,Castiglion Fiorentino,toscana,13052
051013,Cavriglia,toscana,9462
051014,Chitignano,toscana,866
051015,Chiusi della Verna,toscana,1889
051016,Civitella in Val di Chiana,toscana,8814
051017,Cortona,toscana,21324
051018,Foiano della Chiana,toscana,9183
051020,Loro Ciuffenna,toscana,5854
051021,Lucignano,toscana,3396
051022,Marciano della Chiana,toscana,3458
051023,Montemignaio,toscana,523
051024,Monterchi,toscana,1708
051025,Monte San Savino,toscana,8615
051026,Montevarchi,toscana,24047
051027,Ortignano Raggiolo,toscana,852
051030,Pieve Santo Stefano,toscana,2994
051031,Poppi,toscana,5879
051033,San Giovanni Valdarno,toscana,16644
051034,Sansepolcro,toscana,15227
051035,Sestino,toscana,1218
051037,Subbiano,toscana,6274
051038,Talla,toscana,975
051039,Terranuova Bracciolini,toscana,11983
051040,Castelfranco Piandiscò,toscana,9832
051041,Pratovecchio Stia,toscana,5439
051042,Laterina Pergine Valdarno,toscana,6447
052001,Abbadia San Salvatore,toscana,6023
052002,Asciano,toscana,6812
052003,Buonconvento,toscana,3004
052004,Casole d'Elsa,toscana,3716
052005,Castellina in Chianti,toscana,2677
052006,Castelnuovo Berardenga,toscana,8970
052007,Castiglione d'Orcia,toscana,2148
052008,Cetona,toscana,2516
052009,Chianciano Terme,toscana,6848
052010,Chiusdino,toscana,1767
052011,Chiusi,toscana,8051
052012,Colle di Val d'Elsa,toscana,21677
052013,Gaiole in Chianti,toscana,2584
052015,Montepulciano,toscana,13386
052016,Monteriggioni,toscana,9993
052017,Monteroni d'Arbia,toscana,8984
052018,Monticiano,toscana,1534
052019,Murlo,toscana,2408
052020,Piancastagnaio,toscana,3968
052021,Pienza,toscana,2007
052022,Poggibonsi,toscana,28576
052023,Radda in Chianti,toscana,1470
052024,Radicofani,toscana,1065
052025,Radicondoli,toscana,925
052026,Rapolano Terme,toscana,5030
052027,San Casciano dei Bagni,toscana,1516
052028,San Gimignano,toscana,7487
052030,San Quirico d'Orcia,toscana,2610
052031,Sarteano,toscana,4476
052032,Siena,toscana,53062
052033,Sinalunga,toscana,12128
052034,Sovicille,toscana,9906
052035,Torrita di Siena,toscana,7014
052036,Trequanda,toscana,1195
052037,Montalcino,toscana,5676
053001,Arcidosso,toscana,4226
053002,Campagnatico,toscana,2335
053003,Capalbio,toscana,3887
053004,Castel del Piano,toscana,4808
053005,Castell'Azzara,toscana,1311
053006,Castiglione della Pescaia,toscana,7098
053007,Cinigiano,toscana,2390
053008,Civitella Paganico,toscana,2989
053009,Follonica,toscana,20607
053010,Gavorrano,toscana,8192
053011,Grosseto,toscana,81503
053012,Isola del Giglio,toscana,1344
053013,Magliano in Toscana,toscana,3316
053014,Manciano,toscana,7113
053015,Massa Marittima,toscana,8124
053016,Monte Argentario,toscana,12040
053017,Montieri,toscana,1173
053018,Orbetello,toscana,14352
053019,Pitigliano,toscana,3608
053020,Roccalbegna,toscana,923
053021,Roccastrada,toscana,8761
053022,Santa Fiora,toscana,2485
053023,Scansano,toscana,4263
053024,Scarlino,toscana,3814
053025,Seggiano,toscana,983
053026,Sorano,toscana,3097
053027,Monterotondo Marittimo,toscana,1283
053028,Semproniano,toscana,984
054001,Assisi,umbria,27880
054002,Bastia Umbra,umbria,21256
054003,Bettona,umbria,4288
054004,Bevagna,umbria,4777
054005,Campello sul Clitunno,umbria,2347
054006,Cannara,umbria,4198
054007,Cascia,umbria,2979
054008,Castel Ritaldi,umbria,3048
054009,Castiglione del Lago,umbria,15193
054010,Cerreto di Spoleto,umbria,985
054011,Citerna,umbria,3428
054012,Città della Pieve,umbria,7512
054013,Città di Castello,umbria,38505
054014,Collazzone,umbria,3365
054015,Corciano,umbria,21429
054016,Costacciaro,umbria,1110
054017,Deruta,umbria,9444
054018,Foligno,umbria,55503
054019,Fossato di Vico,umbria,2652
054020,Fratta Todina,umbria,1845
054021,Giano dell'Umbria,umbria,3654
054022,Gualdo Cattaneo,umbria,5691
054023,Gualdo Tadino,umbria,14313
054024,Gubbio,umbria,30650
054025,Lisciano Niccone,umbria,596
054026,Magione,umbria,14602
054027,Marsciano,umbria,18038
054028,Massa Martana,umbria,3641
054029,Monte Castello di Vibio,umbria,1450
054030,Montefalco,umbria,5421
054031,Monteleone di Spoleto,umbria,567
054032,Monte Santa Maria Tiberina,umbria,1112
054033,Montone,umbria,1579
054034,Nocera Umbra,umbria,5584
054035,Norcia,umbria,4556
054036,Paciano,umbria,952
054037,Panicale,umbria,5332
054038,Passignano sul Trasimeno,umbria,5662
054039,Perugia,umbria,162362
054040,Piegaro,umbria,3389
054041,Pietralunga,umbria,1990
054042,Poggiodomo,umbria,99
054043,Preci,umbria,683
054044,San Giustino,umbria,10956
054045,Sant'Anatolia di Narco,umbria,526
054046,Scheggia e Pascelupo,umbria,1280
054047,Scheggino,umbria,451
054048,Sellano,umbria,1002
054049,Sigillo,umbria,2305
054050,Spello,umbria,8314
054051,Spoleto,umbria,36467
054052,Todi,umbria,15789
054053,Torgiano,umbria,6640
054054,Trevi,umbria,8127
054055,Tuoro sul Trasimeno,umbria,3743
054056,Umbertide,umbria,16358
054057,Valfabbrica,umbria,3246
054058,Vallo di Nera,umbria,340
054059,Valtopina,umbria,1271
055001,Acquasparta,umbria,4436
055002,Allerona,umbria,1685
055003,Alviano,umbria,1396
055004,Amelia,umbria,11607
055005,Arrone,umbria,2561
055006,Attigliano,umbria,1969
055007,Baschi,umbria,2590
055008,Calvi dell'Umbria,umbria,1697
055009,Castel Giorgio,umbria,2034
055010,Castel Viscardo,umbria,2731
055011,Fabro,umbria,2626
055012,Ferentillo,umbria,1822
055013,Ficulle,umbria,1584
055014,Giove,umbria,1846
055015,Guardea,umbria,1750
055016,Lugnano in Teverina,umbria,1431
055017,Montecastrilli,umbria,4820
055018,Montecchio,umbria,1559
055019,Montefranco,umbria,1263
055020,Montegabbione,umbria,1120
055021,Monteleone d'Orvieto,umbria,1369
055022,Narni,umbria,18258
055023,Orvieto,umbria,19689
055024,Otricoli,umbria,1724
055025,Parrano,umbria,485
055026,Penna in Teverina,umbria,1029
055027,Polino,umbria,207
055028,Porano,umbria,1904
055029,San Gemini,umbria,4769
055030,San Venanzo,umbria,2182
055031,Stroncone,umbria,4638
055032,Terni,umbria,107165
055033,Avigliano Umbro,umbria,2384
056001,Acquapendente,lazio,5304
056002,Arlena di Castro,lazio,827
056003,Bagnoregio,lazio,3482
056004,Barbarano Romano,lazio,990
056005,Bassano Romano,lazio,4627
056006,Bassano in Teverina,lazio,1251
056007,Blera,lazio,3003
056008,Bolsena,lazio,3739
056009,Bomarzo,lazio,1692
056010,Calcata,lazio,915
056011,Canepina,lazio,2913
056012,Canino,lazio,5089
056013,Capodimonte,lazio,1655
056014,Capranica,lazio,6377
056015,Caprarola,lazio,5218
056016,Carbognano,lazio,1934
056017,Castel Sant'Elia,lazio,2471
056018,Castiglione in Teverina,lazio,2281
056019,Celleno,lazio,1322
056020,Cellere,lazio,1075
056021,Civita Castellana,lazio,15416
056022,Civitella d'Agliano,lazio,1493
056023,Corchiano,lazio,3594
056024,Fabrica di Roma,lazio,8133
056025,Faleria,lazio,1997
056026,Farnese,lazio,1382
056027,Gallese,lazio,2623
056028,Gradoli,lazio,1280
056029,Graffignano,lazio,2120
056030,Grotte di Castro,lazio,2442
056031,Ischia di Castro,lazio,2188
056032,Latera,lazio,777
056033,Lubriano,lazio,888
056034,Marta,lazio,3271
056035,Montalto di Castro,lazio,8795
056036,Montefiascone,lazio,13020
056037,Monte Romano,lazio,1915
056038,Monterosi,lazio,4775
056039,Nepi,lazio,9318
056040,Onano,lazio,912
056041,Oriolo Romano,lazio,3728
056042,Orte,lazio,9055
056043,Piansano,lazio,1886
056044,Proceno,lazio,528
056045,Ronciglione,lazio,8417
056046,Villa San Giovanni in Tuscia,lazio,1202
056047,San Lorenzo Nuovo,lazio,1994
056048,Soriano nel Cimino,lazio,8021
056049,Sutri,lazio,6597
056050,Tarquinia,lazio,16075
056051,Tessennano,lazio,288
056052,Tuscania,lazio,8242
056053,Valentano,lazio,2762
056054,Vallerano,lazio,2442
056055,Vasanello,lazio,3979
056056,Vejano,lazio,2154
056057,Vetralla,lazio,13384
056058,Vignanello,lazio,4299
056059,Viterbo,lazio,65931
056060,Vitorchiano,lazio,5249
057001,Accumoli,lazio,547
057002,Amatrice,lazio,2293
057003,Antrodoco,lazio,2356
057004,Ascrea,lazio,215
057005,Belmonte in Sabina,lazio,645
057006,Borbona,lazio,589
057007,Borgorose,lazio,4247
057008,Borgo Velino,lazio,940
057009,Cantalice,lazio,2457
057010,Cantalupo in Sabina,lazio,1642
057011,Casaprota,lazio,691
057012,Casperia,lazio,1199
057013,Castel di Tora,lazio,268
057014,Castelnuovo di Farfa,lazio,1020
057015,Castel Sant'Angelo,lazio,1195
057016,Cittaducale,lazio,6447
057017,Cittareale,lazio,413
057018,Collalto Sabino,lazio,390
057019,Colle di Tora,lazio,362
057020,Collegiove,lazio,130
057021,Collevecchio,lazio,1548
057022,Colli sul Velino,lazio,458
057023,Concerviano,lazio,278
057024,Configni,lazio,586
057025,Contigliano,lazio,3689
057026,Cottanello,lazio,530
057027,Fara in Sabina,lazio,13848
057028,Fiamignano,lazio,1205
057029,Forano,lazio,3078
057030,Frasso Sabino,lazio,736
057031,Greccio,lazio,1514
057032,Labro,lazio,372
057033,Leonessa,lazio,2149
057034,Longone Sabino,lazio,541
057035,Magliano Sabina,lazio,3483
057036,Marcetelli,lazio,69
057037,Micigliano,lazio,115
057038,Mompeo,lazio,504
057039,Montasola,lazio,404
057040,Montebuono,lazio,835
057041,Monteleone Sabino,lazio,1197
057042,Montenero Sabino,lazio,280
057043,Monte San Giovanni in Sabina,lazio,655
057044,Montopoli di Sabina,lazio,4103
057045,Morro Reatino,lazio,328
057046,Nespolo,lazio,191
057047,Orvinio,lazio,398
057048,Paganico Sabino,lazio,148
057049,Pescorocchiano,lazio,1928
057050,Petrella Salto,lazio,1036
057051,Poggio Bustone,lazio,1975
057052,Poggio Catino,lazio,1241
057053,Poggio Mirteto,lazio,6145
057054,Poggio Moiano,lazio,2818
057055,Poggio Nativo,lazio,2569
057056,Poggio San Lorenzo,lazio,545
057057,Posta,lazio,566
057058,Pozzaglia Sabina,lazio,308
057059,Rieti,lazio,45557
057060,Rivodutri,lazio,1150
057061,Roccantica,lazio,548
057062,Rocca Sinibalda,lazio,790
057063,Salisano,lazio,498
057064,Scandriglia,lazio,3232
057065,Selci,lazio,1112
057066,Stimigliano,lazio,2203
057067,Tarano,lazio,1377
057068,Toffia,lazio,1089
057069,Torricella in Sabina,lazio,1333
057070,Torri in Sabina,lazio,1221
057071,Turania,lazio,223
057072,Vacone,lazio,226
057073,Varco Sabino,lazio,165
058001,Affile,lazio,1433
058002,Agosta,lazio,1704
058003,Albano Laziale,lazio,39674
058004,Allumiere,lazio,3778
058005,Anguillara Sabazia,lazio,19167
058006,Anticoli Corrado,lazio,837
058007,Anzio,lazio,58593
058008,Arcinazzo Romano,lazio,1236
058009,Ariccia,lazio,18117
058010,Arsoli,lazio,1387
058011,Artena,lazio,13666
058012,Bellegra,lazio,2707
058013,Bracciano,lazio,18543
058014,Camerata Nuova,lazio,410
058015,Campagnano di Roma,lazio,11092
058016,Canale Monterano,lazio,4156
058017,Canterano,lazio,356
058018,Capena,lazio,10733
058019,Capranica Prenestina,lazio,309
058020,Carpineto Romano,lazio,4094
058021,Casape,lazio,643
058022,Castel Gandolfo,lazio,8652
058023,Castel Madama,lazio,7107
058024,Castelnuovo di Porto,lazio,8587
058025,Castel San Pietro Romano,lazio,841
058026,Cave,lazio,10781
058027,Cerreto Laziale,lazio,1104
058028,Cervara di Roma,lazio,441
058029,Cerveteri,lazio,37741
058030,Ciciliano,lazio,1255
058031,Cineto Romano,lazio,575
058032,Civitavecchia,lazio,51880
058033,Civitella San Paolo,lazio,1989
058034,Colleferro,lazio,20664
058035,Colonna,lazio,4231
058036,Fiano Romano,lazio,16027
058037,Filacciano,lazio,472
058038,Formello,lazio,13481
058039,Frascati,lazio,22705
058040,Gallicano nel Lazio,lazio,6500
058041,Gavignano,lazio,1928
058042,Genazzano,lazio,5611
058043,Genzano di Roma,lazio,23058
058044,Gerano,lazio,1157
058045,Gorga,lazio,689
058046,Grottaferrata,lazio,20455
058047,Guidonia Montecelio,lazio,88642
058048,Jenne,lazio,336
058049,Labico,lazio,6449
058050,Lanuvio,lazio,12936
058051,Licenza,lazio,891
058052,Magliano Romano,lazio,1415
058053,Mandela,lazio,906
058054,Manziana,lazio,7735
058055,Marano Equo,lazio,784
058056,Marcellina,lazio,7090
058057,Marino,lazio,46048
058058,Mazzano Romano,lazio,2969
058059,Mentana,lazio,22643
058060,Monte Compatri,lazio,11899
058061,Monteflavio,lazio,1195
058062,Montelanico,lazio,2066
058063,Montelibretti,lazio,5140
058064,Monte Porzio Catone,lazio,8584
058065,Monterotondo,lazio,41060
058066,Montorio Romano,lazio,1939
058067,Moricone,lazio,2469
058068,Morlupo,lazio,8488
058069,Nazzano,lazio,1367
058070,Nemi,lazio,1890
058071,Nerola,lazio,1897
058072,Nettuno,lazio,48159
058073,Olevano Romano,lazio,6404
058074,Palestrina,lazio,22082
058075,Palombara Sabina,lazio,12882
058076,Percile,lazio,215
058077,Pisoniano,lazio,741
058078,Poli,lazio,2260
058079,Pomezia,lazio,64005
058080,Ponzano Romano,lazio,1161
058081,Riano,lazio,10271
058082,Rignano Flaminio,lazio,10105
058083,Riofreddo,lazio,739
058084,Rocca Canterano,lazio,182
058085,Rocca di Cave,lazio,349
058086,Rocca di Papa,lazio,17390
058087,Roccagiovine,lazio,259
058088,Rocca Priora,lazio,12076
058089,Rocca Santo Stefano,lazio,934
058090,Roiate,lazio,649
058091,Roma,lazio,2749031
058092,Roviano,lazio,1256
058093,Sacrofano,lazio,7403
058094,Sambuci,lazio,839
058095,San Gregorio da Sassola,lazio,1457
058096,San Polo dei Cavalieri,lazio,2789
058097,Santa Marinella,lazio,18531
058098,Sant'Angelo Romano,lazio,4945
058099,Sant'Oreste,lazio,3504
058100,San Vito Romano,lazio,3075
058101,Saracinesco,lazio,166
058102,Segni,lazio,8983
058103,Subiaco,lazio,8538
058104,Tivoli,lazio,55176
058105,Tolfa,lazio,4789
058106,Torrita Tiberina,lazio,1079
058107,Trevignano Romano,lazio,5832
058108,Vallepietra,lazio,248
058109,Vallinfreda,lazio,298
058110,Valmontone,lazio,15698
058111,Velletri,lazio,52472
058112,Vicovaro,lazio,3624
058113,Vivaro Romano,lazio,165
058114,Zagarolo,lazio,18344
058115,Lariano,lazio,13200
058116,Ladispoli,lazio,40593
058117,Ardea,lazio,48864
058118,Ciampino,lazio,38519
058119,San Cesareo,lazio,15960
058120,Fiumicino,lazio,80738
058122,Fonte Nuova,lazio,32491
059001,Aprilia,lazio,74119
059002,Bassiano,lazio,1461
059003,Campodimele,lazio,561
059004,Castelforte,lazio,4160
059005,Cisterna di Latina,lazio,36536
059006,Cori,lazio,10456
059007,Fondi,lazio,39507
059008,Formia,lazio,37278
059009,Gaeta,lazio,19598
059010,Itri,lazio,10371
059011,Latina,lazio,127861
059012,Lenola,lazio,4072
059013,Maenza,lazio,2977
059014,Minturno,lazio,20215
059015,Monte San Biagio,lazio,6104
059016,Norma,lazio,3675
059017,Pontinia,lazio,14913
059018,Ponza,lazio,3305
059019,Priverno,lazio,13792
059020,Prossedi,lazio,1171
059021,Roccagorga,lazio,4202
059022,Rocca Massima,lazio,1080
059023,Roccasecca dei Volsci,lazio,1050
059024,Sabaudia,lazio,19666
059025,San Felice Circeo,lazio,10100
059026,Santi Cosma e Damiano,lazio,6854
059027,Sermoneta,lazio,10044
059028,Sezze,lazio,23726
059029,Sonnino,lazio,7440
059030,Sperlonga,lazio,3081
059031,Spigno Saturnia,lazio,2856
059032,Terracina,lazio,44504
059033,Ventotene,lazio,704
060001,Acquafondata,lazio,276
060002,Acuto,lazio,1875
060003,Alatri,lazio,27860
060004,Alvito,lazio,2511
060005,Amaseno,lazio,4095
060006,Anagni,lazio,20792
060007,Aquino,lazio,4999
060008,Arce,lazio,5430
060009,Arnara,lazio,2199
060010,Arpino,lazio,6799
060011,Atina,lazio,4129
060012,Ausonia,lazio,2431
060013,Belmonte Castello,lazio,693
060014,Boville Ernica,lazio,8423
060015,Broccostella,lazio,2684
060016,Campoli Appennino,lazio,1610
060017,Casalattico,lazio,544
060018,Casalvieri,lazio,2438
060019,Cassino,lazio,35235
060020,Castelliri,lazio,3202
060021,Castelnuovo Parano,lazio,858
060022,Castrocielo,lazio,3848
060023,Castro dei Volsci,lazio,4519
060024,Ceccano,lazio,22501
060025,Ceprano,lazio,8260
060026,Cervaro,lazio,7812
060027,Colfelice,lazio,1813
060028,Collepardo,lazio,891
060029,Colle San Magno,lazio,636
060030,Coreno Ausonio,lazio,1545
060031,Esperia,lazio,3577
060032,Falvaterra,lazio,516
060033,Ferentino,lazio,20162
060034,Filettino,lazio,517
060035,Fiuggi,lazio,10120
060036,Fontana Liri,lazio,2752
060037,Fontechiari,lazio,1256
060038,Frosinone,lazio,43830
060039,Fumone,lazio,1997
060040,Gallinaro,lazio,1220
060041,Giuliano di Roma,lazio,2348
060042,Guarcino,lazio,1505
060043,Isola del Liri,lazio,10854
060044,Monte San Giovanni Campano,lazio,12139
060045,Morolo,lazio,3182
060046,Paliano,lazio,7951
060047,Pastena,lazio,1284
060048,Patrica,lazio,3071
060049,Pescosolido,lazio,1462
060050,Picinisco,lazio,1130
060051,Pico,lazio,2650
060052,Piedimonte San Germano,lazio,6310
060053,Piglio,lazio,4382
060054,Pignataro Interamna,lazio,2447
060055,Pofi,lazio,3972
060056,Pontecorvo,lazio,12438
060057,Posta Fibreno,lazio,1060
060058,Ripi,lazio,5059
060059,Rocca d'Arce,lazio,911
060060,Roccasecca,lazio,6975
060061,San Biagio Saracinisco,lazio,313
060062,San Donato Val di Comino,lazio,1897
060063,San Giorgio a Liri,lazio,3043
060064,San Giovanni Incarico,lazio,3094
060065,Sant'Ambrogio sul Garigliano,lazio,879
060066,Sant'Andrea del Garigliano,lazio,1311
060067,Sant'Apollinare,lazio,1842
060068,Sant'Elia Fiumerapido,lazio,5732
060069,Santopadre,lazio,1215
060070,San Vittore del Lazio,lazio,2474
060071,Serrone,lazio,3016
060072,Settefrati,lazio,709
060073,Sgurgola,lazio,2389
060074,Sora,lazio,25059
060075,Strangolagalli,lazio,2278
060076,Supino,lazio,4665
060077,Terelle,lazio,312
060078,Torre Cajetani,lazio,1315
060079,Torrice,lazio,4733
060080,Trevi nel Lazio,lazio,1749
060081,Trivigliano,lazio,1631
060082,Vallecorsa,lazio,2438
060083,Vallemaio,lazio,892
060084,Vallerotonda,lazio,1414
060085,Veroli,lazio,19849
060086,Vicalvi,lazio,743
060087,Vico nel Lazio,lazio,2072
060088,Villa Latina,lazio,1156
060089,Villa Santa Lucia,lazio,2529
060090,Villa Santo Stefano,lazio,1651
060091,Viticuso,lazio,304
061001,Ailano,campania,1225
061002,Alife,campania,7390
061003,Alvignano,campania,4564
061004,Arienzo,campania,5290
061005,Aversa,campania,50194
061006,Baia e Latina,campania,2036
061007,Bellona,campania,6039
061008,Caianello,campania,1761
061009,Caiazzo,campania,5224
061010,Calvi Risorta,campania,5518
061011,Camigliano,campania,1993
061012,Cancello ed Arnone,campania,5511
061013,Capodrise,campania,10065
061014,Capriati a Volturno,campania,1469
061015,Capua,campania,17645
061016,Carinaro,campania,7121
061017,Carinola,campania,7216
061018,Casagiove,campania,13116
061019,Casal di Principe,campania,21244
061020,Casaluce,campania,9543
061021,Casapulla,campania,8374
061022,Caserta,campania,73037
061023,Castel Campagnano,campania,1473
061024,Castel di Sasso,campania,1076
061025,Castello del Matese,campania,1410
061026,Castel Morrone,campania,3627
061027,Castel Volturno,campania,27804
061028,Cervino,campania,4805
061029,Cesa,campania,9444
061030,Ciorlano,campania,372
061031,Conca della Campania,campania,1165
061032,Curti,campania,6698
061033,Dragoni,campania,1987
061034,Fontegreca,campania,760
061035,Formicola,campania,1405
061036,Francolise,campania,4623
061037,Frignano,campania,9010
061038,Gallo Matese,campania,494
061039,Galluccio,campania,2041
061040,Giano Vetusto,campania,655
061041,Gioia Sannitica,campania,3357
061042,Grazzanise,campania,6741
061043,Gricignano di Aversa,campania,12628
061044,Letino,campania,640
061045,Liberi,campania,1087
061046,Lusciano,campania,15842
061047,Macerata Campania,campania,10048
061048,Maddaloni,campania,37146
061049,Marcianise,campania,38523
061050,Marzano Appio,campania,2013
061051,Mignano Monte Lungo,campania,2999
061052,Mondragone,campania,28474
061053,Orta di Atella,campania,27118
061054,Parete,campania,12192
061055,Pastorano,campania,2899
061056,Piana di Monte Verna,campania,2095
061057,Piedimonte Matese,campania,10308
061058,Pietramelara,campania,4515
061059,Pietravairano,campania,2833
061060,Pignataro Maggiore,campania,5761
061061,Pontelatone,campania,1543
061062,Portico di Caserta,campania,7768
061063,Prata Sannita,campania,1394
061064,Pratella,campania,1457
061065,Presenzano,campania,1658
061066,Raviscanina,campania,1184
061067,Recale,campania,7647
061068,Riardo,campania,2245
061069,Rocca d'Evandro,campania,3042
061070,Roccamonfina,campania,3206
061071,Roccaromana,campania,839
061072,Rocchetta e Croce,campania,451
061073,Ruviano,campania,1716
061074,San Cipriano d'Aversa,campania,13130
061075,San Felice a Cancello,campania,16963
061076,San Gregorio Matese,campania,888
061077,San Marcellino,campania,14643
061078,San Nicola la Strada,campania,22232
061079,San Pietro Infine,campania,859
061080,San Potito Sannitico,campania,1961
061081,San Prisco,campania,12114
061082,Santa Maria a Vico,campania,14249
061083,Santa Maria Capua Vetere,campania,31934
061084,Santa Maria la Fossa,campania,2559
061085,San Tammaro,campania,5714
061086,Sant'Angelo d'Alife,campania,2089
061087,Sant'Arpino,campania,14910
061088,Sessa Aurunca,campania,20366
061089,Sparanise,campania,7220
061090,Succivo,campania,8705
061091,Teano,campania,11448
061092,Teverola,campania,14651
061093,Tora e Piccilli,campania,792
061094,Trentola Ducenta,campania,20137
061095,Vairano Patenora,campania,6307
061096,Valle Agricola,campania,766
061097,Valle di Maddaloni,campania,2643
061098,Villa di Briano,campania,7308
061099,Villa Literno,campania,12331
061100,Vitulazio,campania,7560
061101,Falciano del Massico,campania,3362
061102,Cellole,campania,8086
061103,Casapesenna,campania,6869
061104,San Marco Evangelista,campania,6456
062001,Airola,campania,8134
062002,Amorosi,campania,2641
062003,Apice,campania,5349
062004,Apollosa,campania,2485
062005,Arpaia,campania,1981
062006,Arpaise,campania,727
062007,Baselice,campania,2121
062008,Benevento,campania,56916
062009,Bonea,campania,1383
062010,Bucciano,campania,2000
062011,Buonalbergo,campania,1562
062012,Calvi,campania,2515
062013,Campolattaro,campania,972
062014,Campoli del Monte Taburno,campania,1594
062015,Casalduni,campania,1238
062016,Castelfranco in Miscano,campania,819
062017,Castelpagano,campania,1350
062018,Castelpoto,campania,1114
062019,Castelvenere,campania,2426
062020,Castelvetere in Val Fortore,campania,1027
062021,Cautano,campania,1950
062022,Ceppaloni,campania,3231
062023,Cerreto Sannita,campania,3630
062024,Circello,campania,2183
062025,Colle Sannita,campania,2209
062026,Cusano Mutri,campania,3822
062027,Dugenta,campania,2634
062028,Durazzano,campania,2132
062029,Faicchio,campania,3370
062030,Foglianise,campania,3184
062031,Foiano di Val Fortore,campania,1336
062032,Forchia,campania,1200
062033,Fragneto l'Abate,campania,983
062034,Fragneto Monforte,campania,1689
062035,Frasso Telesino,campania,2047
062036,Ginestra degli Schiavoni,campania,417
062037,Guardia Sanframondi,campania,4638
062038,Limatola,campania,4151
062039,Melizzano,campania,1712
062040,Moiano,campania,4052
062041,Molinara,campania,1471
062042,Montefalcone di Val Fortore,campania,1335
062043,Montesarchio,campania,13001
062044,Morcone,campania,4548
062045,Paduli,campania,3651
062046,Pago Veiano,campania,2304
062047,Pannarano,campania,1989
062048,Paolisi,campania,2007
062049,Paupisi,campania,1432
062050,Pesco Sannita,campania,1869
062051,Pietraroja,campania,512
062052,Pietrelcina,campania,2897
062053,Ponte,campania,2438
062054,Pontelandolfo,campania,2021
062055,Puglianello,campania,1304
062056,Reino,campania,1112
062057,San Bartolomeo in Galdo,campania,4417
062058,San Giorgio del Sannio,campania,9815
062059,San Giorgio La Molara,campania,2821
062060,San Leucio del Sannio,campania,2949
062061,San Lorenzello,campania,2125
062062,San Lorenzo Maggiore,campania,1918
062063,San Lupo,campania,723
062064,San Marco dei Cavoti,campania,3014
062065,San Martino Sannita,campania,1158
062066,San Nazzaro,campania,862
062067,San Nicola Manfredi,campania,3524
062068,San Salvatore Telesino,campania,3842
062069,Santa Croce del Sannio,campania,858
062070,Sant'Agata de' Goti,campania,10388
062071,Sant'Angelo a Cupolo,campania,4117
062072,Sassinoro,campania,633
062073,Solopaca,campania,3517
062074,Telese Terme,campania,7645
062075,Tocco Caudio,campania,1440
062076,Torrecuso,campania,3260
062077,Vitulano,campania,2734
062078,Sant'Arcangelo Trimonte,campania,480
063001,Acerra,campania,58494
063002,Afragola,campania,62198
063003,Agerola,campania,7666
063004,Anacapri,campania,6882
063005,Arzano,campania,32465
063006,Bacoli,campania,25410
063007,Barano d'Ischia,campania,9975
063008,Boscoreale,campania,26317
063009,Boscotrecase,campania,9897
063010,Brusciano,campania,15889
063011,Caivano,campania,36048
063012,Calvizzano,campania,12397
063013,Camposano,campania,5102
063014,Capri,campania,6827
063015,Carbonara di Nola,campania,2482
063016,Cardito,campania,21599
063017,Casalnuovo di Napoli,campania,47428
063018,Casamarciano,campania,3048
063019,Casamicciola Terme,campania,7715
063020,Casandrino,campania,13363
063021,Casavatore,campania,18282
063022,Casola di Napoli,campania,3663
063023,Casoria,campania,74394
063024,Castellammare di Stabia,campania,63330
063025,Castello di Cisterna,campania,7815
063026,Cercola,campania,17124
063027,Cicciano,campania,12311
063028,Cimitile,campania,6940
063029,Comiziano,campania,1698
063030,Crispano,campania,11884
063031,Forio,campania,17456
063032,Frattamaggiore,campania,28721
063033,Frattaminore,campania,15580
063034,Giugliano in Campania,campania,123758
063035,Gragnano,campania,28167
063036,Grumo Nevano,campania,17203
063037,Ischia,campania,19542
063038,Lacco Ameno,campania,4642
063039,Lettere,campania,6073
063040,Liveri,campania,1504
063041,Marano di Napoli,campania,58042
063042,Mariglianella,campania,7832
063043,Marigliano,campania,29166
063044,Massa Lubrense,campania,14146
063045,Melito di Napoli,campania,36456
063046,Meta,campania,7862
063047,Monte di Procida,campania,11929
063048,Mugnano di Napoli,campania,34578
063049,Napoli,campania,921142
063050,Nola,campania,33619
063051,Ottaviano,campania,23064
063052,Palma Campania,campania,16223
063053,Piano di Sorrento,campania,12486
063054,Pimonte,campania,5868
063055,Poggiomarino,campania,22011
063056,Pollena Trocchia,campania,12976
063057,Pomigliano d'Arco,campania,39762
063058,Pompei,campania,24098
063059,Portici,campania,52500
063060,Pozzuoli,campania,76952
063061,Procida,campania,10160
063062,Qualiano,campania,24723
063063,Quarto,campania,41290
063064,Ercolano,campania,50580
063065,Roccarainola,campania,6623
063066,San Gennaro Vesuviano,campania,12031
063067,San Giorgio a Cremano,campania,43057
063068,San Giuseppe Vesuviano,campania,30045
063069,San Paolo Bel Sito,campania,3370
063070,San Sebastiano al Vesuvio,campania,8721
063071,Sant'Agnello,campania,8729
063072,Sant'Anastasia,campania,26460
063073,Sant'Antimo,campania,32576
063074,Sant'Antonio Abate,campania,19169
063075,San Vitaliano,campania,6421
063076,Saviano,campania,15933
063077,Scisciano,campania,6150
063078,Serrara Fontana,campania,3044
063079,Somma Vesuviana,campania,33935
063080,Sorrento,campania,15600
063081,Striano,campania,8709
063082,Terzigno,campania,17256
063083,Torre Annunziata,campania,40523
063084,Torre del Greco,campania,81289
063085,Tufino,campania,3427
063086,Vico Equense,campania,20363
063087,Villaricca,campania,31284
063088,Visciano,campania,4199
063089,Volla,campania,25369
063090,Santa Maria la Carità,campania,11689
063091,Trecase,campania,8594
063092,Massa di Somma,campania,5056
064001,Aiello del Sabato,campania,4007
064002,Altavilla Irpina,campania,4004
064003,Andretta,campania,1688
064004,Aquilonia,campania,1507
064005,Ariano Irpino,campania,21240
064006,Atripalda,campania,10455
064007,Avella,campania,7606
064008,Avellino,campania,52498
064009,Bagnoli Irpino,campania,3029
064010,Baiano,campania,4515
064011,Bisaccia,campania,3554
064012,Bonito,campania,2242
064013,Cairano,campania,275
064014,Calabritto,campania,2185
064015,Calitri,campania,4278
064016,Candida,campania,1104
064017,Caposele,campania,3271
064018,Capriglia Irpina,campania,2263
064019,Carife,campania,1289
064020,Casalbore,campania,1608
064021,Cassano Irpino,campania,930
064022,Castel Baronia,campania,1069
064023,Castelfranci,campania,1821
064024,Castelvetere sul Calore,campania,1511
064025,Cervinara,campania,8796
064026,Cesinali,campania,2565
064027,Chianche,campania,468
064028,Chiusano di San Domenico,campania,2110
064029,Contrada,campania,2961
064030,Conza della Campania,campania,1286
064031,Domicella,campania,1838
064032,Flumeri,campania,2527
064033,Fontanarosa,campania,2886
064034,Forino,campania,5177
064035,Frigento,campania,3461
064036,Gesualdo,campania,3274
064037,Greci,campania,591
064038,Grottaminarda,campania,7733
064039,Grottolella,campania,1816
064040,Guardia Lombardi,campania,1526
064041,Lacedonia,campania,2064
064042,Lapio,campania,1446
064043,Lauro,campania,3330
064044,Lioni,campania,6016
064045,Luogosano,campania,1097
064046,Manocalzati,campania,3051
064047,Marzano di Nola,campania,1624
064048,Melito Irpino,campania,1797
064049,Mercogliano,campania,11635
064050,Mirabella Eclano,campania,6732
064051,Montaguto,campania,350
064052,Montecalvo Irpino,campania,3380
064053,Montefalcione,campania,3141
064054,Monteforte Irpino,campania,11428
064055,Montefredane,campania,2134
064056,Montefusco,campania,1212
064057,Montella,campania,7367
064058,Montemarano,campania,2636
064059,Montemiletto,campania,5067
064060,Monteverde,campania,714
064063,Morra De Sanctis,campania,1133
064064,Moschiano,campania,1553
064065,Mugnano del Cardinale,campania,5145
064066,Nusco,campania,3918
064067,Ospedaletto d'Alpinolo,campania,2063
064068,Pago del Vallo di Lauro,campania,1741
064069,Parolise,campania,638
064070,Paternopoli,campania,2158
064071,Petruro Irpino,campania,298
064072,Pietradefusi,campania,1965
064073,Pietrastornina,campania,1455
064074,Prata di Principato Ultra,campania,2781
064075,Pratola Serra,campania,3643
064076,Quadrelle,campania,1802
064077,Quindici,campania,1825
064078,Roccabascerana,campania,2319
064079,Rocca San Felice,campania,797
064080,Rotondi,campania,3424
064081,Salza Irpina,campania,723
064082,San Mango sul Calore,campania,1094
064083,San Martino Valle Caudina,campania,4805
064084,San Michele di Serino,campania,2435
064085,San Nicola Baronia,campania,757
064086,San Potito Ultra,campania,1477
064087,San Sossio Baronia,campania,1523
064088,Santa Lucia di Serino,campania,1405
064089,Sant'Andrea di Conza,campania,1368
064090,Sant'Angelo all'Esca,campania,747
064091,Sant'Angelo a Scala,campania,702
064092,Sant'Angelo dei Lombardi,campania,3913
064093,Santa Paolina,campania,1175
064095,Santo Stefano del Sole,campania,2076
064096,Savignano Irpino,campania,1026
064097,Scampitella,campania,1049
064098,Senerchia,campania,751
064099,Serino,campania,6769
064100,Sirignano,campania,2831
064101,Solofra,campania,12163
064102,Sorbo Serpico,campania,534
064103,Sperone,campania,3660
064104,Sturno,campania,2817
064105,Summonte,campania,1512
064106,Taurano,campania,1486
064107,Taurasi,campania,2191
064108,Teora,campania,1463
064109,Torella dei Lombardi,campania,1970
064110,Torre Le Nocelle,campania,1202
064111,Torrioni,campania,456
064112,Trevico,campania,867
064113,Tufo,campania,795
064114,Vallata,campania,2540
064115,Vallesaccarda,campania,1250
064116,Venticano,campania,2289
064117,Villamaina,campania,916
064118,Villanova del Battista,campania,1478
064119,Volturara Irpina,campania,3021
064120,Zungoli,campania,976
064121,Montoro,campania,19396
065001,Acerno,campania,2500
065002,Agropoli,campania,21173
065003,Albanella,campania,6273
065004,Alfano,campania,964
065005,Altavilla Silentina,campania,6962
065006,Amalfi,campania,4830
065007,Angri,campania,33963
065008,Aquara,campania,1362
065009,Ascea,campania,5808
065010,Atena Lucana,campania,2396
065011,Atrani,campania,802
065012,Auletta,campania,2150
065013,Baronissi,campania,16798
065014,Battipaglia,campania,49655
065015,Bellosguardo,campania,705
065016,Bracigliano,campania,5336
065017,Buccino,campania,4661
065018,Buonabitacolo,campania,2416
065019,Caggiano,campania,2548
065020,Calvanico,campania,1397
065021,Camerota,campania,6882
065022,Campagna,campania,16562
065023,Campora,campania,325
065024,Cannalonga,campania,981
065025,Capaccio Paestum,campania,22331
065026,Casalbuono,campania,1065
065027,Casaletto Spartano,campania,1303
065028,Casal Velino,campania,5343
065029,Caselle in Pittari,campania,1864
065030,Castelcivita,campania,1470
065031,Castellabate,campania,8658
065032,Castelnuovo Cilento,campania,2802
065033,Castelnuovo di Conza,campania,595
065034,Castel San Giorgio,campania,13655
065035,Castel San Lorenzo,campania,2246
065036,Castiglione del Genovesi,campania,1310
065037,Cava de' Tirreni,campania,51067
065038,Celle di Bulgheria,campania,1773
065039,Centola,campania,5020
065040,Ceraso,campania,2268
065041,Cetara,campania,1997
065042,Cicerale,campania,1169
065043,Colliano,campania,3455
065044,Conca dei Marini,campania,674
065045,Controne,campania,791
065046,Contursi Terme,campania,3255
065047,Corbara,campania,2509
065048,Corleto Monforte,campania,523
065049,Cuccaro Vetere,campania,538
065050,Eboli,campania,37594
065051,Felitto,campania,1163
065052,Fisciano,campania,13859
065053,Furore,campania,700
065054,Futani,campania,1100
065055,Giffoni Sei Casali,campania,4987
065056,Giffoni Valle Piana,campania,11602
065057,Gioi,campania,1127
065058,Giungano,campania,1300
065059,Ispani,campania,988
065060,Laureana Cilento,campania,1225
065061,Laurino,campania,1309
065062,Laurito,campania,712
065063,Laviano,campania,1338
065064,Lustra,campania,994
065065,Magliano Vetere,campania,606
065066,Maiori,campania,5397
065067,Mercato San Severino,campania,21679
065068,Minori,campania,2596
065069,Moio della Civitella,campania,1802
065070,Montano Antilia,campania,1731
065071,Montecorice,campania,2553
065072,Montecorvino Pugliano,campania,11108
065073,Montecorvino Rovella,campania,12318
065074,Monteforte Cilento,campania,539
065075,Monte San Giacomo,campania,1436
065076,Montesano sulla Marcellana,campania,6275
065077,Morigerati,campania,610
065078,Nocera Inferiore,campania,44331
065079,Nocera Superiore,campania,23842
065080,Novi Velia,campania,2312
065081,Ogliastro Cilento,campania,2263
065082,Olevano sul Tusciano,campania,6536
065083,Oliveto Citra,campania,3650
065084,Omignano,campania,1632
065085,Orria,campania,993
065086,Ottati,campania,631
065087,Padula,campania,4936
065088,Pagani,campania,34472
065089,Palomonte,campania,3754
065090,Pellezzano,campania,10951
065091,Perdifumo,campania,1758
065092,Perito,campania,829
065093,Pertosa,campania,652
065094,Petina,campania,1037
065095,Piaggine,campania,1180
065096,Pisciotta,campania,2447
065097,Polla,campania,5174
065098,Pollica,campania,2178
065099,Pontecagnano Faiano,campania,25839
065100,Positano,campania,3772
065101,Postiglione,campania,1998
065102,Praiano,campania,2009
065103,Prignano Cilento,campania,1070
065104,Ravello,campania,2395
065105,Ricigliano,campania,1073
065106,Roccadaspide,campania,6971
065107,Roccagloriosa,campania,1563
065108,Roccapiemonte,campania,8718
065109,Rofrano,campania,1293
065110,Romagnano al Monte,campania,375
065111,Roscigno,campania,662
065112,Rutino,campania,765
065113,Sacco,campania,443
065114,Sala Consilina,campania,12258
065115,Salento,campania,1802
065116,Salerno,campania,128136
065117,Salvitelle,campania,496
065118,San Cipriano Picentino,campania,6516
065119,San Giovanni a Piro,campania,3648
065120,San Gregorio Magno,campania,3990
065121,San Mango Piemonte,campania,2610
065122,San Marzano sul Sarno,campania,10325
065123,San Mauro Cilento,campania,863
065124,San Mauro la Bruca,campania,542
065125,San Pietro al Tanagro,campania,1659
065126,San Rufo,campania,1637
065127,Santa Marina,campania,3198
065128,Sant'Angelo a Fasanella,campania,514
065129,Sant'Arsenio,campania,2685
065130,Sant'Egidio del Monte Albino,campania,8857
065131,Santomenna,campania,401
065132,San Valentino Torio,campania,10844
065133,Sanza,campania,2372
065134,Sapri,campania,6401
065135,Sarno,campania,30652
065136,Sassano,campania,4634
065137,Scafati,campania,48421
065138,Scala,campania,1504
065139,Serramezzana,campania,290
065140,Serre,campania,3701
065141,Sessa Cilento,campania,1200
065142,Siano,campania,9496
065143,Sicignano degli Alburni,campania,3101
065144,Stella Cilento,campania,685
065145,Stio,campania,776
065146,Teggiano,campania,7186
065147,Torchiara,campania,1824
065148,Torraca,campania,1185
065149,Torre Orsaia,campania,1982
065150,Tortorella,campania,473
065151,Tramonti,campania,4092
065152,Trentinara,campania,1572
065153,Valle dell'Angelo,campania,220
065154,Vallo della Lucania,campania,8084
065155,Valva,campania,1551
065156,Vibonati,campania,3215
065157,Vietri sul Mare,campania,7318
065158,Bellizzi,campania,13295
066001,Acciano,abruzzo,282
066002,Aielli,abruzzo,1423
066003,Alfedena,abruzzo,925
066004,Anversa degli Abruzzi,abruzzo,303
066005,Ateleta,abruzzo,1093
066006,Avezzano,abruzzo,41026
066007,Balsorano,abruzzo,3262
066008,Barete,abruzzo,617
066009,Barisciano,abruzzo,1669
066010,Barrea,abruzzo,718
066011,Bisegna,abruzzo,207
066012,Bugnara,abruzzo,1034
066013,Cagnano Amiterno,abruzzo,1152
066014,Calascio,abruzzo,133
066015,Campo di Giove,abruzzo,750
066016,Campotosto,abruzzo,473
066017,Canistro,abruzzo,911
066018,Cansano,abruzzo,205
066019,Capestrano,abruzzo,840
066020,Capistrello,abruzzo,4875
066021,Capitignano,abruzzo,619
066022,Caporciano,abruzzo,206
066023,Cappadocia,abruzzo,563
066024,Carapelle Calvisio,abruzzo,78
066025,Carsoli,abruzzo,5067
066026,Castel del Monte,abruzzo,456
066027,Castel di Ieri,abruzzo,296
066028,Castel di Sangro,abruzzo,6543
066029,Castellafiume,abruzzo,1044
066030,Castelvecchio Calvisio,abruzzo,124
066031,Castelvecchio Subequo,abruzzo,845
066032,Celano,abruzzo,10379
066033,Cerchio,abruzzo,1569
066034,Civita d'Antino,abruzzo,918
066035,Civitella Alfedena,abruzzo,287
066036,Civitella Roveto,abruzzo,3069
066037,Cocullo,abruzzo,213
066038,Collarmele,abruzzo,814
066039,Collelongo,abruzzo,1122
066040,Collepietro,abruzzo,200
066041,Corfinio,abruzzo,979
066042,Fagnano Alto,abruzzo,375
066043,Fontecchio,abruzzo,289
066044,Fossa,abruzzo,698
066045,Gagliano Aterno,abruzzo,236
066046,Gioia dei Marsi,abruzzo,1705
066047,Goriano Sicoli,abruzzo,510
066048,Introdacqua,abruzzo,1973
066049,L'Aquila,abruzzo,69210
066050,Lecce nei Marsi,abruzzo,1543
066051,Luco dei Marsi,abruzzo,5996
066052,Lucoli,abruzzo,872
066053,Magliano de' Marsi,abruzzo,3525
066054,Massa d'Albe,abruzzo,1365
066055,Molina Aterno,abruzzo,354
066056,Montereale,abruzzo,2200
066057,Morino,abruzzo,1316
066058,Navelli,abruzzo,499
066059,Ocre,abruzzo,1099
066060,Ofena,abruzzo,428
066061,Opi,abruzzo,374
066062,Oricola,abruzzo,1251
066063,Ortona dei Marsi,abruzzo,434
066064,Ortucchio,abruzzo,1774
066065,Ovindoli,abruzzo,1158
066066,Pacentro,abruzzo,1105
066067,Pereto,abruzzo,638
066068,Pescasseroli,abruzzo,2076
066069,Pescina,abruzzo,3762
066070,Pescocostanzo,abruzzo,1091
066071,Pettorano sul Gizio,abruzzo,1324
066072,Pizzoli,abruzzo,4298
066073,Poggio Picenze,abruzzo,1036
066074,Prata d'Ansidonia,abruzzo,453
066075,Pratola Peligna,abruzzo,7132
066076,Prezza,abruzzo,886
066077,Raiano,abruzzo,2631
066078,Rivisondoli,abruzzo,674
066079,Roccacasale,abruzzo,598
066080,Rocca di Botte,abruzzo,856
066081,Rocca di Cambio,abruzzo,490
066082,Rocca di Mezzo,abruzzo,1348
066083,Rocca Pia,abruzzo,178
066084,Roccaraso,abruzzo,1507
066085,San Benedetto dei Marsi,abruzzo,3746
066086,San Benedetto in Perillis,abruzzo,98
066087,San Demetrio ne' Vestini,abruzzo,1902
066088,San Pio delle Camere,abruzzo,666
066089,Sante Marie,abruzzo,1099
066090,Sant'Eusanio Forconese,abruzzo,359
066091,Santo Stefano di Sessanio,abruzzo,115
066092,San Vincenzo Valle Roveto,abruzzo,2115
066093,Scanno,abruzzo,1723
066094,Scontrone,abruzzo,555
066095,Scoppito,abruzzo,3762
066096,Scurcola Marsicana,abruzzo,2698
066097,Secinaro,abruzzo,321
066098,Sulmona,abruzzo,22438
066099,Tagliacozzo,abruzzo,6449
066100,Tione degli Abruzzi,abruzzo,267
066101,Tornimparte,abruzzo,2847
066102,Trasacco,abruzzo,5897
066103,Villalago,abruzzo,520
066104,Villa Santa Lucia degli Abruzzi,abruzzo,91
066105,Villa Sant'Angelo,abruzzo,485
066106,Villavallelonga,abruzzo,836
066107,Villetta Barrea,abruzzo,589
066108,Vittorito,abruzzo,822
067001,Alba Adriatica,abruzzo,12741
067002,Ancarano,abruzzo,1811
067003,Arsita,abruzzo,756
067004,Atri,abruzzo,10064
067005,Basciano,abruzzo,2349
067006,Bellante,abruzzo,6846
067007,Bisenti,abruzzo,1696
067008,Campli,abruzzo,6630
067009,Canzano,abruzzo,1794
067010,Castel Castagna,abruzzo,451
067011,Castellalto,abruzzo,7338
067012,Castelli,abruzzo,997
067013,Castiglione Messer Raimondo,abruzzo,2052
067014,Castilenti,abruzzo,1373
067015,Cellino Attanasio,abruzzo,2274
067016,Cermignano,abruzzo,1459
067017,Civitella del Tronto,abruzzo,4601
067018,Colledara,abruzzo,2097
067019,Colonnella,abruzzo,3627
067020,Controguerra,abruzzo,2236
067021,Corropoli,abruzzo,5108
067022,Cortino,abruzzo,601
067023,Crognaleto,abruzzo,1119
067024,Fano Adriano,abruzzo,257
067025,Giulianova,abruzzo,23442
067026,Isola del Gran Sasso d'Italia,abruzzo,4472
067027,Montefino,abruzzo,967
067028,Montorio al Vomano,abruzzo,7528
067029,Morro d'Oro,abruzzo,3560
067030,Mosciano Sant'Angelo,abruzzo,9088
067031,Nereto,abruzzo,5274
067032,Notaresco,abruzzo,6387
067033,Penna Sant'Andrea,abruzzo,1635
067034,Pietracamela,abruzzo,222
067035,Pineto,abruzzo,14538
067036,Rocca Santa Maria,abruzzo,477
067037,Roseto degli Abruzzi,abruzzo,25473
067038,Sant'Egidio alla Vibrata,abruzzo,9804
067039,Sant'Omero,abruzzo,5112
067040,Silvi,abruzzo,15388
067041,Teramo,abruzzo,51849
067042,Torano Nuovo,abruzzo,1490
067043,Torricella Sicura,abruzzo,2460
067044,Tortoreto,abruzzo,11846
067045,Tossicia,abruzzo,1258
067046,Valle Castellana,abruzzo,880
067047,Martinsicuro,abruzzo,16219
068001,Abbateggio,abruzzo,363
068002,Alanno,abruzzo,3390
068003,Bolognano,abruzzo,1024
068004,Brittoli,abruzzo,266
068005,Bussi sul Tirino,abruzzo,2296
068006,Cappelle sul Tavo,abruzzo,4017
068007,Caramanico Terme,abruzzo,1796
068008,Carpineto della Nora,abruzzo,556
068009,Castiglione a Casauria,abruzzo,734
068010,Catignano,abruzzo,1236
068011,Cepagatti,abruzzo,10960
068012,Città Sant'Angelo,abruzzo,14799
068013,Civitaquana,abruzzo,1169
068014,Civitella Casanova,abruzzo,1605
068015,Collecorvino,abruzzo,5961
068016,Corvara,abruzzo,206
068017,Cugnoli,abruzzo,1350
068018,Elice,abruzzo,1639
068019,Farindola,abruzzo,1357
068020,Lettomanoppello,abruzzo,2713
068021,Loreto Aprutino,abruzzo,7156
068022,Manoppello,abruzzo,6771
068023,Montebello di Bertona,abruzzo,883
068024,Montesilvano,abruzzo,53402
068025,Moscufo,abruzzo,3092
068026,Nocciano,abruzzo,1725
068027,Penne,abruzzo,11368
068028,Pescara,abruzzo,118992
068029,Pescosansonesco,abruzzo,471
068030,Pianella,abruzzo,8524
068031,Picciano,abruzzo,1287
068032,Pietranico,abruzzo,435
068033,Popoli,abruzzo,4757
068034,Roccamorice,abruzzo,894
068035,Rosciano,abruzzo,4038
068036,Salle,abruzzo,270
068037,Sant'Eufemia a Maiella,abruzzo,265
068038,San Valentino in Abruzzo Citeriore,abruzzo,1858
068039,Scafa,abruzzo,3508
068040,Serramonacesca,abruzzo,531
068041,Spoltore,abruzzo,18935
068042,Tocco da Casauria,abruzzo,2422
068043,Torre de' Passeri,abruzzo,2883
068044,Turrivalignani,abruzzo,790
068045,Vicoli,abruzzo,381
068046,Villa Celiera,abruzzo,556
069001,Altino,abruzzo,3075
069002,Archi,abruzzo,2032
069003,Ari,abruzzo,1068
069004,Arielli,abruzzo,1081
069005,Atessa,abruzzo,10441
069006,Bomba,abruzzo,727
069007,Borrello,abruzzo,306
069008,Bucchianico,abruzzo,4980
069009,Montebello sul Sangro,abruzzo,74
069010,Canosa Sannita,abruzzo,1288
069011,Carpineto Sinello,abruzzo,530
069012,Carunchio,abruzzo,579
069013,Casacanditella,abruzzo,1170
069014,Casalanguida,abruzzo,837
069015,Casalbordino,abruzzo,5830
069016,Casalincontrada,abruzzo,3011
069017,Casoli,abruzzo,5230
069018,Castel Frentano,abruzzo,4262
069019,Castelguidone,abruzzo,304
069020,Castiglione Messer Marino,abruzzo,1545
069021,Celenza sul Trigno,abruzzo,802
069022,Chieti,abruzzo,48666
069023,Civitaluparella,abruzzo,292
069024,Civitella Messer Raimondo,abruzzo,790
069025,Colledimacine,abruzzo,161
069026,Colledimezzo,abruzzo,439
069027,Crecchio,abruzzo,2628
069028,Cupello,abruzzo,4748
069029,Dogliola,abruzzo,311
069030,Fara Filiorum Petri,abruzzo,1971
069031,Fara San Martino,abruzzo,1294
069032,Filetto,abruzzo,878
069033,Fossacesia,abruzzo,6244
069034,Fraine,abruzzo,274
069035,Francavilla al Mare,abruzzo,25723
069036,Fresagrandinaria,abruzzo,899
069037,Frisa,abruzzo,1626
069038,Furci,abruzzo,820
069039,Gamberale,abruzzo,281
069040,Gessopalena,abruzzo,1234
069041,Gissi,abruzzo,2517
069042,Giuliano Teatino,abruzzo,1135
069043,Guardiagrele,abruzzo,8548
069044,Guilmi,abruzzo,404
069045,Lama dei Peligni,abruzzo,1087
069046,Lanciano,abruzzo,34201
069047,Lentella,abruzzo,649
069048,Lettopalena,abruzzo,320
069049,Liscia,abruzzo,648
069050,Miglianico,abruzzo,4640
069051,Montazzoli,abruzzo,859
069052,Monteferrante,abruzzo,111
069053,Montelapiano,abruzzo,77
069054,Montenerodomo,abruzzo,604
069055,Monteodorisio,abruzzo,2348
069056,Mozzagrogna,abruzzo,2426
069057,Orsogna,abruzzo,3653
069058,Ortona,abruzzo,22305
069059,Paglieta,abruzzo,4154
069060,Palena,abruzzo,1251
069061,Palmoli,abruzzo,804
069062,Palombaro,abruzzo,961
069063,Pennadomo,abruzzo,218
069064,Pennapiedimonte,abruzzo,425
069065,Perano,abruzzo,1518
069066,Pizzoferrato,abruzzo,978
069067,Poggiofiorito,abruzzo,827
069068,Pollutri,abruzzo,2057
069069,Pretoro,abruzzo,865
069070,Quadri,abruzzo,717
069071,Rapino,abruzzo,1202
069072,Ripa Teatina,abruzzo,3981
069073,Roccamontepiano,abruzzo,1572
069074,Rocca San Giovanni,abruzzo,2281
069075,Roccascalegna,abruzzo,1057
069076,Roccaspinalveti,abruzzo,1195
069077,Roio del Sangro,abruzzo,98
069078,Rosello,abruzzo,186
069079,San Buono,abruzzo,869
069080,San Giovanni Lipioni,abruzzo,139
069081,San Giovanni Teatino,abruzzo,14258
069082,San Martino sulla Marrucina,abruzzo,832
069083,San Salvo,abruzzo,19555
069084,Santa Maria Imbaro,abruzzo,2020
069085,Sant'Eusanio del Sangro,abruzzo,2279
069086,San Vito Chietino,abruzzo,5175
069087,Scerni,abruzzo,3020
069088,Schiavi di Abruzzo,abruzzo,679
069089,Taranta Peligna,abruzzo,329
069090,Tollo,abruzzo,3928
069091,Torino di Sangro,abruzzo,2945
069092,Tornareccio,abruzzo,1663
069093,Torrebruna,abruzzo,717
069094,Torrevecchia Teatina,abruzzo,4206
069095,Torricella Peligna,abruzzo,1152
069096,Treglio,abruzzo,1730
069097,Tufillo,abruzzo,357
069098,Vacri,abruzzo,1526
069099,Vasto,abruzzo,40565
069100,Villalfonsina,abruzzo,897
069101,Villamagna,abruzzo,2172
069102,Villa Santa Maria,abruzzo,1120
069103,Pietraferrazzana,abruzzo,130
069104,Fallo,abruzzo,124
070001,Acquaviva Collecroce,molise,585
070002,Baranello,molise,2496
070003,Bojano,molise,7502
070004,Bonefro,molise,1214
070005,Busso,molise,1170
070006,Campobasso,molise,47587
070007,Campochiaro,molise,595
070008,Campodipietra,molise,2435
070009,Campolieto,molise,800
070010,Campomarino,molise,7648
070011,Casacalenda,molise,1880
070012,Casalciprano,molise,470
070013,Castelbottaccio,molise,251
070014,Castellino del Biferno,molise,444
070015,Castelmauro,molise,1227
070016,Castropignano,molise,874
070017,Cercemaggiore,molise,3594
070018,Cercepiccola,molise,610
070019,Civitacampomarano,molise,314
070020,Colle d'Anchise,molise,731
070021,Colletorto,molise,1692
070022,Duronia,molise,397
070023,Ferrazzano,molise,3197
070024,Fossalto,molise,1178
070025,Gambatesa,molise,1283
070026,Gildone,molise,755
070027,Guardialfiera,molise,956
070028,Guardiaregia,molise,715
070029,Guglionesi,molise,4926
070030,Jelsi,molise,1638
070031,Larino,molise,6409
070032,Limosano,molise,699
070033,Lucito,molise,630
070034,Lupara,molise,415
070035,Macchia Valfortore,molise,490
070036,Mafalda,molise,1092
070037,Matrice,molise,1056
070038,Mirabello Sannitico,molise,2037
070039,Molise,molise,158
070040,Monacilioni,molise,479
070041,Montagano,molise,1008
070042,Montecilfone,molise,1204
070043,Montefalcone nel Sannio,molise,1399
070044,Montelongo,molise,315
070045,Montemitro,molise,299
070046,Montenero di Bisaccia,molise,6191
070047,Montorio nei Frentani,molise,366
070048,Morrone del Sannio,molise,533
070049,Oratino,molise,1625
070050,Palata,molise,1575
070051,Petacciato,molise,3494
070052,Petrella Tifernina,molise,1044
070053,Pietracatella,molise,1249
070054,Pietracupa,molise,207
070055,Portocannone,molise,2339
070056,Provvidenti,molise,107
070057,Riccia,molise,4901
070058,Ripabottoni,molise,456
070059,Ripalimosani,molise,3036
070060,Roccavivara,molise,641
070061,Rotello,molise,1122
070062,Salcito,molise,631
070063,San Biase,molise,134
070064,San Felice del Molise,molise,560
070065,San Giacomo degli Schiavoni,molise,1392
070066,San Giovanni in Galdo,molise,537
070067,San Giuliano del Sannio,molise,958
070068,San Giuliano di Puglia,molise,989
070069,San Martino in Pensilis,molise,4531
070070,San Massimo,molise,802
070071,San Polo Matese,molise,476
070072,Santa Croce di Magliano,molise,4012
070073,Sant'Angelo Limosano,molise,317
070074,Sant'Elia a Pianisi,molise,1585
070075,Sepino,molise,1795
070076,Spinete,molise,1186
070077,Tavenna,molise,602
070078,Termoli,molise,32391
070079,Torella del Sannio,molise,704
070080,Toro,molise,1243
070081,Trivento,molise,4437
070082,Tufara,molise,798
070083,Ururi,molise,2470
070084,Vinchiaturo,molise,3296
071001,Accadia,puglia,2182
071002,Alberona,puglia,849
071003,Anzano di Puglia,puglia,1103
071004,Apricena,puglia,12617
071005,Ascoli Satriano,puglia,5925
071006,Biccari,puglia,2640
071007,Bovino,puglia,2998
071008,Cagnano Varano,puglia,6648
071009,Candela,puglia,2540
071010,Carapelle,puglia,6782
071011,Carlantino,puglia,826
071012,Carpino,puglia,3881
071013,Casalnuovo Monterotaro,puglia,1379
071014,Casalvecchio di Puglia,puglia,1704
071015,Castelluccio dei Sauri,puglia,2038
071016,Castelluccio Valmaggiore,puglia,1226
071017,Castelnuovo della Daunia,puglia,1292
071018,Celenza Valfortore,puglia,1403
071019,Celle di San Vito,puglia,147
071020,Cerignola,puglia,57127
071021,Chieuti,puglia,1563
071022,Deliceto,puglia,3563
071023,Faeto,puglia,606
071024,Foggia,puglia,146803
071025,Ischitella,puglia,4155
071026,Isole Tremiti,puglia,464
071027,Lesina,puglia,6220
071028,Lucera,puglia,31458
071029,Manfredonia,puglia,54342
071031,Mattinata,puglia,6031
071032,Monteleone di Puglia,puglia,959
071033,Monte Sant'Angelo,puglia,11508
071034,Motta Montecorvino,puglia,655
071035,Orsara di Puglia,puglia,2521
071036,Orta Nova,puglia,16869
071037,Panni,puglia,714
071038,Peschici,puglia,4305
071039,Pietramontecorvino,puglia,2511
071040,Poggio Imperiale,puglia,2511
071041,Rignano Garganico,puglia,1847
071042,Rocchetta Sant'Antonio,puglia,1683
071043,Rodi Garganico,puglia,3350
071044,Roseto Valfortore,puglia,986
071046,San Giovanni Rotondo,puglia,26382
071047,San Marco in Lamis,puglia,12789
071048,San Marco la Catola,puglia,890
071049,San Nicandro Garganico,puglia,13986
071050,San Paolo di Civitate,puglia,5563
071051,San Severo,puglia,49843
071052,Sant'Agata di Puglia,puglia,1831
071053,Serracapriola,puglia,3704
071054,Stornara,puglia,5707
071055,Stornarella,puglia,5228
071056,Torremaggiore,puglia,16567
071058,Troia,puglia,6771
071059,Vico del Gargano,puglia,7353
071060,Vieste,puglia,13434
071061,Volturara Appula,puglia,391
071062,Volturino,puglia,1554
071063,Ordona,puglia,2820
071064,Zapponeta,puglia,3284
072001,Acquaviva delle Fonti,puglia,20087
072002,Adelfia,puglia,16554
072003,Alberobello,puglia,10331
072004,Altamura,puglia,69855
072006,Bari,puglia,315948
072008,Binetto,puglia,2138
072010,Bitetto,puglia,11794
072011,Bitonto,puglia,53396
072012,Bitritto,puglia,11287
072014,Capurso,puglia,15275
072015,Casamassima,puglia,19404
072016,Cassano delle Murge,puglia,14970
072017,Castellana Grotte,puglia,19401
072018,Cellamare,puglia,5798
072019,Conversano,puglia,25784
072020,Corato,puglia,47117
072021,Gioia del Colle,puglia,26731
072022,Giovinazzo,puglia,19485
072023,Gravina in Puglia,puglia,42915
072024,Grumo Appula,puglia,12284
072025,Locorotondo,puglia,13978
072027,Modugno,puglia,36539
072028,Mola di Bari,puglia,24625
072029,Molfetta,puglia,57645
072030,Monopoli,puglia,48078
072031,Noci,puglia,18444
072032,Noicattaro,puglia,26016
072033,Palo del Colle,puglia,20761
072034,Poggiorsini,puglia,1291
072035,Polignano a Mare,puglia,17680
072036,Putignano,puglia,26087
072037,Rutigliano,puglia,18262
072038,Ruvo di Puglia,puglia,24520
072039,Sammichele di Bari,puglia,6074
072040,Sannicandro di Bari,puglia,9592
072041,Santeramo in Colle,puglia,25870
072043,Terlizzi,puglia,26209
072044,Toritto,puglia,8061
072046,Triggiano,puglia,26113
072047,Turi,puglia,12928
072048,Valenzano,puglia,17457
073001,Avetrana,puglia,6311
073002,Carosino,puglia,6663
073003,Castellaneta,puglia,16343
073004,Crispiano,puglia,13231
073005,Faggiano,puglia,3423
073006,Fragagnano,puglia,4999
073007,Ginosa,puglia,21869
073008,Grottaglie,puglia,30869
073009,Laterza,puglia,14906
073010,Leporano,puglia,8187
073011,Lizzano,puglia,9628
073012,Manduria,puglia,30117
073013,Martina Franca,puglia,47301
073014,Maruggio,puglia,5288
073015,Massafra,puglia,32116
073016,Monteiasi,puglia,5377
073017,Montemesola,puglia,3608
073018,Monteparano,puglia,2315
073019,Mottola,puglia,15419
073020,Palagianello,puglia,7627
073021,Palagiano,puglia,15788
073022,Pulsano,puglia,11204
073023,Roccaforzata,puglia,1800
073024,San Giorgio Ionico,puglia,14355
073025,San Marzano di San Giuseppe,puglia,8963
073026,Sava,puglia,15423
073027,Taranto,puglia,189461
073028,Torricella,puglia,4165
073029,Statte,puglia,13136
074001,Brindisi,puglia,83317
074002,Carovigno,puglia,16925
074003,Ceglie Messapica,puglia,18880
074004,Cellino San Marco,puglia,6170
074005,Cisternino,puglia,11231
074006,Erchie,puglia,8286
074007,Fasano,puglia,38943
074008,Francavilla Fontana,puglia,35246
074009,Latiano,puglia,13660
074010,Mesagne,puglia,26114
074011,Oria,puglia,14569
074012,Ostuni,puglia,30302
074013,San Donaci,puglia,6216
074014,San Michele Salentino,puglia,6134
074015,San Pancrazio Salentino,puglia,9386
074016,San Pietro Vernotico,puglia,13156
074017,San Vito dei Normanni,puglia,18267
074018,Torchiarolo,puglia,5241
074019,Torre Santa Susanna,puglia,10151
074020,Villa Castelli,puglia,9079
075002,Alessano,puglia,6080
075003,Alezio,puglia,5629
075004,Alliste,puglia,6481
075005,Andrano,puglia,4609
075006,Aradeo,puglia,8928
075007,Arnesano,puglia,3946
075008,Bagnolo del Salento,puglia,1767
075009,Botrugno,puglia,2613
075010,Calimera,puglia,6777
075011,Campi Salentina,puglia,9885
075012,Cannole,puglia,1631
075013,Caprarica di Lecce,puglia,2322
075014,Carmiano,puglia,11720
075015,Carpignano Salentino,puglia,3678
075016,Casarano,puglia,19372
075017,Castri di Lecce,puglia,2789
075018,Castrignano de' Greci,puglia,3727
075019,Castrignano del Capo,puglia,5143
075020,Cavallino,puglia,12839
075021,Collepasso,puglia,5685
075022,Copertino,puglia,23159
075023,Corigliano d'Otranto,puglia,5697
075024,Corsano,puglia,5199
075025,Cursi,puglia,3891
075026,Cutrofiano,puglia,8721
075027,Diso,puglia,2852
075028,Gagliano del Capo,puglia,4894
075029,Galatina,puglia,25885
075030,Galatone,puglia,15095
075031,Gallipoli,puglia,19561
075032,Giuggianello,puglia,1141
075033,Giurdignano,puglia,1946
075034,Guagnano,puglia,5486
075035,Lecce,puglia,94783
075036,Lequile,puglia,8688
075037,Leverano,puglia,13763
075038,Lizzanello,puglia,11840
075039,Maglie,puglia,13619
075040,Martano,puglia,8620
075041,Martignano,puglia,1586
075042,Matino,puglia,10993
075043,Melendugno,puglia,9996
075044,Melissano,puglia,6771
075045,Melpignano,puglia,2126
075046,Miggiano,puglia,3296
075047,Minervino di Lecce,puglia,3500
075048,Monteroni di Lecce,puglia,13425
075049,Montesano Salentino,puglia,2599
075050,Morciano di Leuca,puglia,3049
075051,Muro Leccese,puglia,4765
075052,Nardò,puglia,30790
075053,Neviano,puglia,4954
075054,Nociglia,puglia,2159
075055,Novoli,puglia,7639
075056,Ortelle,puglia,2234
075057,Otranto,puglia,5715
075058,Palmariggi,puglia,1403
075059,Parabita,puglia,8741
075060,Patù,puglia,1688
075061,Poggiardo,puglia,5854
075063,Racale,puglia,10743
075064,Ruffano,puglia,9353
075065,Salice Salentino,puglia,7838
075066,Salve,puglia,4485
075067,Sanarica,puglia,1469
075068,San Cesario di Lecce,puglia,7912
075069,San Donato di Lecce,puglia,5484
075070,Sannicola,puglia,5702
075071,San Pietro in Lama,puglia,3390
075072,Santa Cesarea Terme,puglia,2847
075073,Scorrano,puglia,6726
075074,Seclì,puglia,1820
075075,Sogliano Cavour,puglia,3932
075076,Soleto,puglia,5236
075077,Specchia,puglia,4602
075078,Spongano,puglia,3490
075079,Squinzano,puglia,13482
075080,Sternatia,puglia,2179
075081,Supersano,puglia,4181
075082,Surano,puglia,1542
075083,Surbo,puglia,14695
075084,Taurisano,puglia,11345
075085,Taviano,puglia,11551
075086,Tiggiano,puglia,2753
075087,Trepuzzi,puglia,14099
075088,Tricase,puglia,17142
075089,Tuglie,puglia,5067
075090,Ugento,puglia,12075
075091,Uggiano la Chiesa,puglia,4347
075092,Veglie,puglia,13421
075093,Vernole,puglia,6774
075094,Zollino,puglia,1892
075095,San Cassiano,puglia,1963
075096,Castro,puglia,2365
075097,Porto Cesareo,puglia,6300
075098,Presicce-Acquarica,puglia,9402
076001,Abriola,basilicata,1317
076002,Acerenza,basilicata,2130
076003,Albano di Lucania,basilicata,1362
076004,Anzi,basilicata,1553
076005,Armento,basilicata,579
076006,Atella,basilicata,3681
076007,Avigliano,basilicata,10716
076008,Balvano,basilicata,1742
076009,Banzi,basilicata,1195
076010,Baragiano,basilicata,2534
076011,Barile,basilicata,2621
076012,Bella,basilicata,4727
076013,Brienza,basilicata,3855
076014,Brindisi Montagna,basilicata,811
076015,Calvello,basilicata,1764
076016,Calvera,basilicata,358
076017,Campomaggiore,basilicata,730
076018,Cancellara,basilicata,1167
076019,Carbone,basilicata,541
076020,San Paolo Albanese,basilicata,220
076021,Castelgrande,basilicata,825
076022,Castelluccio Inferiore,basilicata,1947
076023,Castelluccio Superiore,basilicata,731
076024,Castelmezzano,basilicata,727
076025,Castelsaraceno,basilicata,1197
076026,Castronuovo di Sant'Andrea,basilicata,929
076027,Cersosimo,basilicata,541
076028,Chiaromonte,basilicata,1765
076029,Corleto Perticara,basilicata,2328
076030,Episcopia,basilicata,1280
076031,Fardella,basilicata,575
076032,Filiano,basilicata,2768
076033,Forenza,basilicata,1875
076034,Francavilla in Sinni,basilicata,3985
076035,Gallicchio,basilicata,813
076036,Genzano di Lucania,basilicata,5303
076037,Grumento Nova,basilicata,1568
076038,Guardia Perticara,basilicata,520
076039,Lagonegro,basilicata,5138
076040,Latronico,basilicata,4129
076041,Laurenzana,basilicata,1625
076042,Lauria,basilicata,12017
076043,Lavello,basilicata,13028
076044,Maratea,basilicata,4817
076045,Marsico Nuovo,basilicata,3870
076046,Marsicovetere,basilicata,5556
076047,Maschito,basilicata,1506
076048,Melfi,basilicata,17109
076049,Missanello,basilicata,483
076050,Moliterno,basilicata,3631
076051,Montemilone,basilicata,1402
076052,Montemurro,basilicata,1120
076053,Muro Lucano,basilicata,4960
076054,Nemoli,basilicata,1404
076055,Noepoli,basilicata,766
076056,Oppido Lucano,basilicata,3616
076057,Palazzo San Gervasio,basilicata,4511
076058,Pescopagano,basilicata,1702
076059,Picerno,basilicata,5664
076060,Pietragalla,basilicata,3863
076061,Pietrapertosa,basilicata,924
076062,Pignola,basilicata,6783
076063,Potenza,basilicata,64850
076064,Rapolla,basilicata,4191
076065,Rapone,basilicata,885
076066,Rionero in Vulture,basilicata,12636
076067,Ripacandida,basilicata,1594
076068,Rivello,basilicata,2542
076069,Roccanova,basilicata,1313
076070,Rotonda,basilicata,3225
076071,Ruoti,basilicata,3345
076072,Ruvo del Monte,basilicata,1001
076073,San Chirico Nuovo,basilicata,1206
076074,San Chirico Raparo,basilicata,953
076075,San Costantino Albanese,basilicata,624
076076,San Fele,basilicata,2655
076077,San Martino d'Agri,basilicata,688
076078,San Severino Lucano,basilicata,1404
076079,Sant'Angelo Le Fratte,basilicata,1314
076080,Sant'Arcangelo,basilicata,6032
076081,Sarconi,basilicata,1406
076082,Sasso di Castalda,basilicata,751
076083,Satriano di Lucania,basilicata,2249
076084,Savoia di Lucania,basilicata,1020
076085,Senise,basilicata,6635
076086,Spinoso,basilicata,1355
076087,Teana,basilicata,533
076088,Terranova di Pollino,basilicata,1039
076089,Tito,basilicata,7147
076090,Tolve,basilicata,2990
076091,Tramutola,basilicata,2941
076092,Trecchina,basilicata,2182
076093,Trivigno,basilicata,588
076094,Vaglio Basilicata,basilicata,1880
076095,Venosa,basilicata,11035
076096,Vietri di Potenza,basilicata,2683
076097,Viggianello,basilicata,2758
076098,Viggiano,basilicata,3284
076099,Ginestra,basilicata,709
076100,Paterno,basilicata,3069
077001,Accettura,basilicata,1648
077002,Aliano,basilicata,893
077003,Bernalda,basilicata,11964
077004,Calciano,basilicata,667
077005,Cirigliano,basilicata,290
077006,Colobraro,basilicata,1070
077007,Craco,basilicata,644
077008,Ferrandina,basilicata,8089
077009,Garaguso,basilicata,994
077010,Gorgoglione,basilicata,870
077011,Grassano,basilicata,4788
077012,Grottole,basilicata,2063
077013,Irsina,basilicata,4441
077014,Matera,basilicata,59748
077015,Miglionico,basilicata,2350
077016,Montalbano Jonico,basilicata,6796
077017,Montescaglioso,basilicata,9247
077018,Nova Siri,basilicata,6708
077019,Oliveto Lucano,basilicata,366
077020,Pisticci,basilicata,16836
077021,Policoro,basilicata,17685
077022,Pomarico,basilicata,3832
077023,Rotondella,basilicata,2448
077024,Salandra,basilicata,2575
077025,San Giorgio Lucano,basilicata,1078
077026,San Mauro Forte,basilicata,1287
077027,Stigliano,basilicata,3667
077028,Tricarico,basilicata,4857
077029,Tursi,basilicata,4753
077030,Valsinni,basilicata,1373
077031,Scanzano Jonico,basilicata,7525
078001,Acquaformosa,calabria,1001
078002,Acquappesa,calabria,1743
078003,Acri,calabria,19127
078004,Aiello Calabro,calabria,1435
078005,Aieta,calabria,765
078006,Albidona,calabria,1184
078007,Alessandria del Carretto,calabria,362
078008,Altilia,calabria,673
078009,Altomonte,calabria,4074
078010,Amantea,calabria,13889
078011,Amendolara,calabria,2760
078012,Aprigliano,calabria,2384
078013,Belmonte Calabro,calabria,1780
078014,Belsito,calabria,892
078015,Belvedere Marittimo,calabria,8903
078016,Bianchi,calabria,1210
078017,Bisignano,calabria,9614
078018,Bocchigliero,calabria,1091
078019,Bonifati,calabria,2624
078020,Buonvicino,calabria,2048
078021,Calopezzati,calabria,1301
078022,Caloveto,calabria,1131
078023,Campana,calabria,1509
078024,Canna,calabria,649
078025,Cariati,calabria,7476
078026,Carolei,calabria,3155
078027,Carpanzano,calabria,210
078029,Cassano all'Ionio,calabria,16579
078030,Castiglione Cosentino,calabria,2652
078031,Castrolibero,calabria,9296
078032,Castroregio,calabria,239
078033,Castrovillari,calabria,20932
078034,Celico,calabria,2534
078035,Cellara,calabria,480
078036,Cerchiara di Calabria,calabria,2184
078037,Cerisano,calabria,2939
078038,Cervicati,calabria,786
078039,Cerzeto,calabria,1228
078040,Cetraro,calabria,9496
078041,Civita,calabria,822
078042,Cleto,calabria,1194
078043,Colosimi,calabria,1158
078045,Cosenza,calabria,64073
078046,Cropalati,calabria,1017
078047,Crosia,calabria,9630
078048,Diamante,calabria,5084
078049,Dipignano,calabria,4122
078050,Domanico,calabria,904
078051,Fagnano Castello,calabria,3473
078052,Falconara Albanese,calabria,1427
078053,Figline Vegliaturo,calabria,1113
078054,Firmo,calabria,1880
078055,Fiumefreddo Bruzio,calabria,2799
078056,Francavilla Marittima,calabria,2778
078057,Frascineto,calabria,1927
078058,Fuscaldo,calabria,7827
078059,Grimaldi,calabria,1536
078060,Grisolia,calabria,2229
078061,Guardia Piemontese,calabria,1726
078062,Lago,calabria,2303
078063,Laino Borgo,calabria,1737
078064,Laino Castello,calabria,789
078065,Lappano,calabria,884
078066,Lattarico,calabria,3774
078067,Longobardi,calabria,2326
078068,Longobucco,calabria,2700
078069,Lungro,calabria,2227
078070,Luzzi,calabria,8796
078071,Maierà,calabria,1139
078072,Malito,calabria,747
078073,Malvito,calabria,1661
078074,Mandatoriccio,calabria,2455
078075,Mangone,calabria,1885
078076,Marano Marchesato,calabria,3333
078077,Marano Principato,calabria,3063
078078,Marzi,calabria,964
078079,Mendicino,calabria,9208
078080,Mongrassano,calabria,1479
078081,Montalto Uffugo,calabria,20159
078082,Montegiordano,calabria,1595
078083,Morano Calabro,calabria,3944
078084,Mormanno,calabria,2671
078085,Mottafollone,calabria,1094
078086,Nocara,calabria,325
078087,Oriolo,calabria,1885
078088,Orsomarso,calabria,1140
078089,Paludi,calabria,1014
078090,Panettieri,calabria,316
078091,Paola,calabria,14827
078092,Papasidero,calabria,634
078093,Parenti,calabria,2031
078094,Paterno Calabro,calabria,1350
078096,Pedivigliano,calabria,744
078097,Piane Crati,calabria,1378
078098,Pietrafitta,calabria,1166
078099,Pietrapaola,calabria,1021
078100,Plataci,calabria,675
078101,Praia a Mare,calabria,6418
078102,Rende,calabria,36123
078103,Rocca Imperiale,calabria,3226
078104,Roggiano Gravina,calabria,6820
078105,Rogliano,calabria,5399
078106,Rose,calabria,4164
078107,Roseto Capo Spulico,calabria,1859
078109,Rota Greca,calabria,1011
078110,Rovito,calabria,3025
078111,San Basile,calabria,954
078112,San Benedetto Ullano,calabria,1390
078113,San Cosmo Albanese,calabria,578
078114,San Demetrio Corone,calabria,3122
078115,San Donato di Ninea,calabria,1131
078116,San Fili,calabria,2531
078117,Sangineto,calabria,1244
078118,San Giorgio Albanese,calabria,1336
078119,San Giovanni in Fiore,calabria,16106
078120,San Lorenzo Bellizzi,calabria,551
078121,San Lorenzo del Vallo,calabria,3098
078122,San Lucido,calabria,6005
078123,San Marco Argentano,calabria,6942
078124,San Martino di Finita,calabria,968
078125,San Nicola Arcella,calabria,1949
078126,San Pietro in Amantea,calabria,481
078127,San Pietro in Guarano,calabria,3434
078128,San Sosti,calabria,1879
078129,Santa Caterina Albanese,calabria,1128
078130,Santa Domenica Talao,calabria,1140
078131,Sant'Agata di Esaro,calabria,1715
078132,Santa Maria del Cedro,calabria,4949
078133,Santa Sofia d'Epiro,calabria,2205
078134,Santo Stefano di Rogliano,calabria,1704
078135,San Vincenzo La Costa,calabria,2022
078136,Saracena,calabria,3451
078137,Scala Coeli,calabria,828
078138,Scalea,calabria,11076
078139,Scigliano,calabria,1116
078140,Serra d'Aiello,calabria,514
078142,Spezzano Albanese,calabria,6636
078143,Spezzano della Sila,calabria,4283
078145,Tarsia,calabria,1878
078146,Terranova da Sibari,calabria,4622
078147,Terravecchia,calabria,610
078148,Torano Castello,calabria,4343
078149,Tortora,calabria,5949
078150,Trebisacce,calabria,8593
078152,Vaccarizzo Albanese,calabria,1029
078153,Verbicaro,calabria,2674
078154,Villapiana,calabria,5439
078155,Zumpano,calabria,2633
078156,Casali del Manco,calabria,9596
078157,Corigliano-Rossano,calabria,74173
079002,Albi,calabria,830
079003,Amaroni,calabria,1680
079004,Amato,calabria,787
079005,Andali,calabria,662
079007,Argusto,calabria,458
079008,Badolato,calabria,2831
079009,Belcastro,calabria,1227
079011,Borgia,calabria,7218
079012,Botricello,calabria,5026
079017,Caraffa di Catanzaro,calabria,1739
079018,Cardinale,calabria,1856
079020,Carlopoli,calabria,1406
079023,Catanzaro,calabria,85609
079024,Cenadi,calabria,507
079025,Centrache,calabria,340
079027,Cerva,calabria,1106
079029,Chiaravalle Centrale,calabria,5138
079030,Cicala,calabria,893
079033,Conflenti,calabria,1295
079034,Cortale,calabria,1889
079036,Cropani,calabria,4657
079039,Curinga,calabria,6520
079042,Davoli,calabria,5481
079043,Decollatura,calabria,2920
079047,Falerna,calabria,3759
079048,Feroleto Antico,calabria,1990
079052,Fossato Serralta,calabria,574
079055,Gagliato,calabria,440
079056,Gasperina,calabria,1908
079058,Gimigliano,calabria,3035
079059,Girifalco,calabria,5623
079060,Gizzeria,calabria,4997
079061,Guardavalle,calabria,4173
079063,Isca sullo Ionio,calabria,1491
079065,Jacurso,calabria,562
079068,Magisano,calabria,1111
079069,Maida,calabria,4428
079071,Marcedusa,calabria,395
079072,Marcellinara,calabria,2182
079073,Martirano,calabria,854
079074,Martirano Lombardo,calabria,980
079077,Miglierina,calabria,731
079080,Montauro,calabria,1771
079081,Montepaone,calabria,5614
079083,Motta Santa Lucia,calabria,789
079087,Nocera Terinese,calabria,4719
079088,Olivadi,calabria,482
079089,Palermiti,calabria,1075
079092,Pentone,calabria,1934
079094,Petrizzi,calabria,1028
079095,Petronà,calabria,2404
079096,Pianopoli,calabria,2539
079099,Platania,calabria,1948
079108,San Floro,calabria,689
079110,San Mango d'Aquino,calabria,1440
079114,San Pietro a Maida,calabria,3812
079115,San Pietro Apostolo,calabria,1561
079116,San Sostene,calabria,1414
079117,Santa Caterina dello Ionio,calabria,1940
079118,Sant'Andrea Apostolo dello Ionio,calabria,1759
079122,San Vito sullo Ionio,calabria,1629
079123,Satriano,calabria,3360
079126,Sellia,calabria,494
079127,Sellia Marina,calabria,7579
079129,Serrastretta,calabria,2945
079130,Sersale,calabria,4291
079131,Settingiano,calabria,3204
079133,Simeri Crichi,calabria,4748
079134,Sorbo San Basile,calabria,773
079137,Soverato,calabria,8683
079138,Soveria Mannelli,calabria,2903
079139,Soveria Simeri,calabria,1461
079142,Squillace,calabria,3543
079143,Stalettì,calabria,2320
079146,Taverna,calabria,2529
079147,Tiriolo,calabria,3605
079148,Torre di Ruggiero,calabria,961
079151,Vallefiorita,calabria,1531
079157,Zagarise,calabria,1475
079160,Lamezia Terme,calabria,67413
080001,Africo,calabria,2783
080002,Agnana Calabra,calabria,466
080003,Anoia,calabria,2048
080004,Antonimina,calabria,1191
080005,Ardore,calabria,4780
080006,Bagaladi,calabria,953
080007,Bagnara Calabra,calabria,9373
080008,Benestare,calabria,2478
080009,Bianco,calabria,4188
080010,Bivongi,calabria,1163
080011,Bova,calabria,400
080012,Bovalino,calabria,8672
080013,Bova Marina,calabria,4080
080014,Brancaleone,calabria,3282
080015,Bruzzano Zeffirio,calabria,1056
080016,Calanna,calabria,782
080017,Camini,calabria,808
080018,Campo Calabro,calabria,4449
080019,Candidoni,calabria,418
080020,Canolo,calabria,703
080021,Caraffa del Bianco,calabria,463
080022,Cardeto,calabria,1361
080023,Careri,calabria,2135
080024,Casignana,calabria,707
080025,Caulonia,calabria,6739
080026,Ciminà,calabria,530
080027,Cinquefrondi,calabria,6269
080028,Cittanova,calabria,9829
080029,Condofuri,calabria,4677
080030,Cosoleto,calabria,795
080031,Delianuova,calabria,3125
080032,Feroleto della Chiesa,calabria,1520
080033,Ferruzzano,calabria,776
080034,Fiumara,calabria,849
080035,Galatro,calabria,1453
080036,Gerace,calabria,2399
080037,Giffone,calabria,1615
080038,Gioia Tauro,calabria,19254
080039,Gioiosa Ionica,calabria,6865
080040,Grotteria,calabria,2881
080041,Laganadi,calabria,352
080042,Laureana di Borrello,calabria,4699
080043,Locri,calabria,11922
080044,Mammola,calabria,2498
080045,Marina di Gioiosa Ionica,calabria,6304
080046,Maropati,calabria,1385
080047,Martone,calabria,503
080048,Melicuccà,calabria,854
080049,Melicucco,calabria,4889
080050,Melito di Porto Salvo,calabria,10577
080051,Molochio,calabria,2262
080052,Monasterace,calabria,3311
080053,Montebello Jonico,calabria,5721
080054,Motta San Giovanni,calabria,5672
080055,Oppido Mamertina,calabria,4859
080056,Palizzi,calabria,1993
080057,Palmi,calabria,17868
080058,Pazzano,calabria,498
080059,Placanica,calabria,1043
080060,Platì,calabria,3736
080061,Polistena,calabria,9960
080062,Portigliola,calabria,1091
080063,Reggio di Calabria,calabria,172479
080064,Riace,calabria,1813
080065,Rizziconi,calabria,7711
080066,Roccaforte del Greco,calabria,367
080067,Roccella Ionica,calabria,6180
080068,Roghudi,calabria,971
080069,Rosarno,calabria,14639
080070,Samo,calabria,737
080071,San Giorgio Morgeto,calabria,2965
080072,San Giovanni di Gerace,calabria,419
080073,San Lorenzo,calabria,2271
080074,San Luca,calabria,3482
080075,San Pietro di Caridà,calabria,1022
080076,San Procopio,calabria,495
080077,San Roberto,calabria,1551
080078,Santa Cristina d'Aspromonte,calabria,774
080079,Sant'Agata del Bianco,calabria,591
080080,Sant'Alessio in Aspromonte,calabria,331
080081,Sant'Eufemia d'Aspromonte,calabria,3740
080082,Sant'Ilario dello Ionio,calabria,1348
080083,Santo Stefano in Aspromonte,calabria,1091
080084,Scido,calabria,841
080085,Scilla,calabria,4576
080086,Seminara,calabria,2488
080087,Serrata,calabria,796
080088,Siderno,calabria,17610
080089,Sinopoli,calabria,1891
080090,Staiti,calabria,189
080091,Stignano,calabria,1231
080092,Stilo,calabria,2404
080093,Taurianova,calabria,14947
080094,Terranova Sappo Minulio,calabria,460
080095,Varapodio,calabria,1997
080096,Villa San Giovanni,calabria,12920
080097,San Ferdinando,calabria,4488
081001,Alcamo,sicilia,44719
081002,Buseto Palizzolo,sicilia,2805
081003,Calatafimi-Segesta,sicilia,6243
081004,Campobello di Mazara,sicilia,11463
081005,Castellammare del Golfo,sicilia,14636
081006,Castelvetrano,sicilia,29592
081007,Custonaci,sicilia,5306
081008,Erice,sicilia,26435
081009,Favignana,sicilia,4468
081010,Gibellina,sicilia,3801
081011,Marsala,sicilia,80474
081012,Mazara del Vallo,sicilia,50312
081013,Paceco,sicilia,10896
081014,Pantelleria,sicilia,7407
081015,Partanna,sicilia,9932
081016,Poggioreale,sicilia,1353
081017,Salaparuta,sicilia,1595
081018,Salemi,sicilia,10082
081019,Santa Ninfa,sicilia,4838
081020,San Vito Lo Capo,sicilia,4820
081021,Trapani,sicilia,56293
081022,Valderice,sicilia,11551
081023,Vita,sicilia,1822
081024,Petrosino,sicilia,7962
081025,Misiliscemi,sicilia,8415
082001,Alia,sicilia,3367
082002,Alimena,sicilia,1773
082003,Aliminusa,sicilia,1089
082004,Altavilla Milicia,sicilia,8500
082005,Altofonte,sicilia,9903
082006,Bagheria,sicilia,53221
082007,Balestrate,sicilia,6239
082008,Baucina,sicilia,1875
082009,Belmonte Mezzagno,sicilia,10948
082010,Bisacquino,sicilia,4190
082011,Bolognetta,sicilia,4097
082012,Bompietro,sicilia,1224
082013,Borgetto,sicilia,7134
082014,Caccamo,sicilia,7747
082015,Caltavuturo,sicilia,3612
082016,Campofelice di Fitalia,sicilia,467
082017,Campofelice di Roccella,sicilia,7605
082018,Campofiorito,sicilia,1179
082019,Camporeale,sicilia,3015
082020,Capaci,sicilia,11333
082021,Carini,sicilia,39275
082022,Castelbuono,sicilia,8219
082023,Casteldaccia,sicilia,11643
082024,Castellana Sicula,sicilia,3089
082025,Castronovo di Sicilia,sicilia,2865
082026,Cefalà Diana,sicilia,987
082027,Cefalù,sicilia,13958
082028,Cerda,sicilia,4942
082029,Chiusa Sclafani,sicilia,2577
082030,Ciminna,sicilia,3466
082031,Cinisi,sicilia,11941
082032,Collesano,sicilia,3691
082033,Contessa Entellina,sicilia,1529
082034,Corleone,sicilia,10493
082035,Ficarazzi,sicilia,12899
082036,Gangi,sicilia,6179
082037,Geraci Siculo,sicilia,1720
082038,Giardinello,sicilia,2293
082039,Giuliana,sicilia,1731
082040,Godrano,sicilia,1063
082041,Gratteri,sicilia,873
082042,Isnello,sicilia,1334
082043,Isola delle Femmine,sicilia,7084
082044,Lascari,sicilia,3674
082045,Lercara Friddi,sicilia,6329
082046,Marineo,sicilia,6214
082047,Mezzojuso,sicilia,2682
082048,Misilmeri,sicilia,28894
082049,Monreale,sicilia,38665
082050,Montelepre,sicilia,5857
082051,Montemaggiore Belsito,sicilia,2990
082052,Palazzo Adriano,sicilia,1849
082053,Palermo,sicilia,635439
082054,Partinico,sicilia,30844
082055,Petralia Soprana,sicilia,2992
082056,Petralia Sottana,sicilia,2492
082057,Piana degli Albanesi,sicilia,5703
082058,Polizzi Generosa,sicilia,2975
082059,Pollina,sicilia,2854
082060,Prizzi,sicilia,4264
082061,Roccamena,sicilia,1394
082062,Roccapalumba,sicilia,2264
082063,San Cipirello,sicilia,4998
082064,San Giuseppe Jato,sicilia,8204
082065,San Mauro Castelverde,sicilia,1384
082066,Santa Cristina Gela,sicilia,990
082067,Santa Flavia,sicilia,10999
082068,Sciara,sicilia,2569
082069,Sclafani Bagni,sicilia,387
082070,Termini Imerese,sicilia,25082
082071,Terrasini,sicilia,12706
082072,Torretta,sicilia,4201
082073,Trabia,sicilia,10505
082074,Trappeto,sicilia,3055
082075,Ustica,sicilia,1307
082076,Valledolmo,sicilia,3227
082077,Ventimiglia di Sicilia,sicilia,1851
082078,Vicari,sicilia,2461
082079,Villabate,sicilia,19731
082080,Villafrati,sicilia,3083
082081,Scillato,sicilia,614
082082,Blufi,sicilia,893
083001,Alcara li Fusi,sicilia,1742
083002,Alì,sicilia,685
083003,Alì Terme,sicilia,2369
083004,Antillo,sicilia,840
083005,Barcellona Pozzo di Gotto,sicilia,40029
083006,Basicò,sicilia,532
083007,Brolo,sicilia,5753
083008,Capizzi,sicilia,2888
083009,Capo d'Orlando,sicilia,13102
083010,Capri Leone,sicilia,4354
083011,Caronia,sicilia,3093
083012,Casalvecchio Siculo,sicilia,735
083013,Castel di Lucio,sicilia,1184
083014,Castell'Umberto,sicilia,2878
083015,Castelmola,sicilia,1062
083016,Castroreale,sicilia,2244
083017,Cesarò,sicilia,2204
083018,Condrò,sicilia,464
083019,Falcone,sicilia,2785
083020,Ficarra,sicilia,1316
083021,Fiumedinisi,sicilia,1288
083022,Floresta,sicilia,470
083023,Fondachelli-Fantina,sicilia,943
083024,Forza d'Agrò,sicilia,848
083025,Francavilla di Sicilia,sicilia,3591
083026,Frazzanò,sicilia,594
083027,Furci Siculo,sicilia,3221
083028,Furnari,sicilia,3851
083029,Gaggi,sicilia,3116
083030,Galati Mamertino,sicilia,2328
083031,Gallodoro,sicilia,336
083032,Giardini-Naxos,sicilia,9148
083033,Gioiosa Marea,sicilia,6737
083034,Graniti,sicilia,1449
083035,Gualtieri Sicaminò,sicilia,1591
083036,Itala,sicilia,1495
083037,Leni,sicilia,681
083038,Letojanni,sicilia,2808
083039,Librizzi,sicilia,1584
083040,Limina,sicilia,738
083041,Lipari,sicilia,12508
083042,Longi,sicilia,1350
083043,Malfa,sicilia,978
083044,Malvagna,sicilia,639
083045,Mandanici,sicilia,531
083046,Mazzarrà Sant'Andrea,sicilia,1400
083047,Merì,sicilia,2322
083048,Messina,sicilia,221246
083049,Milazzo,sicilia,30397
083050,Militello Rosmarino,sicilia,1174
083051,Mirto,sicilia,906
083052,Mistretta,sicilia,4388
083053,Moio Alcantara,sicilia,685
083054,Monforte San Giorgio,sicilia,2547
083055,Mongiuffi Melia,sicilia,537
083056,Montagnareale,sicilia,1419
083057,Montalbano Elicona,sicilia,2021
083058,Motta Camastra,sicilia,811
083059,Motta d'Affermo,sicilia,672
083060,Naso,sicilia,3513
083061,Nizza di Sicilia,sicilia,3543
083062,Novara di Sicilia,sicilia,1186
083063,Oliveri,sicilia,2048
083064,Pace del Mela,sicilia,6011
083065,Pagliara,sicilia,1135
083066,Patti,sicilia,12802
083067,Pettineo,sicilia,1235
083068,Piraino,sicilia,3798
083069,Raccuja,sicilia,889
083070,Reitano,sicilia,733
083071,Roccafiorita,sicilia,182
083072,Roccalumera,sicilia,3914
083073,Roccavaldina,sicilia,1006
083074,Roccella Valdemone,sicilia,567
083075,Rodì Milici,sicilia,1947
083076,Rometta,sicilia,6529
083077,San Filippo del Mela,sicilia,6791
083078,San Fratello,sicilia,3323
083079,San Marco d'Alunzio,sicilia,1812
083080,San Pier Niceto,sicilia,2632
083081,San Piero Patti,sicilia,2612
083082,San Salvatore di Fitalia,sicilia,1150
083083,Santa Domenica Vittoria,sicilia,873
083084,Sant'Agata di Militello,sicilia,11950
083085,Sant'Alessio Siculo,sicilia,1527
083086,Santa Lucia del Mela,sicilia,4428
083087,Santa Marina Salina,sicilia,854
083088,Sant'Angelo di Brolo,sicilia,2806
083089,Santa Teresa di Riva,sicilia,9337
083090,San Teodoro,sicilia,1244
083091,Santo Stefano di Camastra,sicilia,4415
083092,Saponara,sicilia,3704
083093,Savoca,sicilia,1697
083094,Scaletta Zanclea,sicilia,1871
083095,Sinagra,sicilia,2498
083096,Spadafora,sicilia,4682
083097,Taormina,sicilia,10473
083098,Torregrotta,sicilia,7268
083099,Tortorici,sicilia,5792
083100,Tripi,sicilia,755
083101,Tusa,sicilia,2638
083102,Ucria,sicilia,924
083103,Valdina,sicilia,1268
083104,Venetico,sicilia,3918
083105,Villafranca Tirrena,sicilia,8148
083106,Terme Vigliatore,sicilia,7216
083107,Acquedolci,sicilia,5494
083108,Torrenova,sicilia,4484
084001,Agrigento,sicilia,55849
084002,Alessandria della Rocca,sicilia,2521
084003,Aragona,sicilia,8860
084004,Bivona,sicilia,3257
084005,Burgio,sicilia,2509
084006,Calamonaci,sicilia,1184
084007,Caltabellotta,sicilia,3238
084008,Camastra,sicilia,1947
084009,Cammarata,sicilia,5920
084010,Campobello di Licata,sicilia,9175
084011,Canicattì,sicilia,34588
084012,Casteltermini,sicilia,7384
084013,Castrofilippo,sicilia,2645
084014,Cattolica Eraclea,sicilia,3325
084015,Cianciana,sicilia,3159
084016,Comitini,sicilia,896
084017,Favara,sicilia,31913
084018,Grotte,sicilia,5298
084019,Joppolo Giancaxio,sicilia,1084
084020,Lampedusa e Linosa,sicilia,6462
084021,Licata,sicilia,34619
084022,Lucca Sicula,sicilia,1733
084023,Menfi,sicilia,11929
084024,Montallegro,sicilia,2394
084025,Montevago,sicilia,2743
084026,Naro,sicilia,7051
084027,Palma di Montechiaro,sicilia,21509
084028,Porto Empedocle,sicilia,15661
084029,Racalmuto,sicilia,7645
084030,Raffadali,sicilia,12184
084031,Ravanusa,sicilia,10500
084032,Realmonte,sicilia,4384
084033,Ribera,sicilia,17986
084034,Sambuca di Sicilia,sicilia,5418
084035,San Biagio Platani,sicilia,2919
084036,San Giovanni Gemini,sicilia,7604
084037,Santa Elisabetta,sicilia,2172
084038,Santa Margherita di Belice,sicilia,6097
084039,Sant'Angelo Muxaro,sicilia,1182
084040,Santo Stefano Quisquina,sicilia,4159
084041,Sciacca,sicilia,39263
084042,Siculiana,sicilia,4176
084043,Villafranca Sicula,sicilia,1345
085001,Acquaviva Platani,sicilia,891
085002,Bompensiere,sicilia,513
085003,Butera,sicilia,4199
085004,Caltanissetta,sicilia,59245
085005,Campofranco,sicilia,2716
085006,Delia,sicilia,3903
085007,Gela,sicilia,71937
085008,Marianopoli,sicilia,1642
085009,Mazzarino,sicilia,11086
085010,Milena,sicilia,2731
085011,Montedoro,sicilia,1419
085012,Mussomeli,sicilia,10011
085013,Niscemi,sicilia,25179
085014,Resuttano,sicilia,1767
085015,Riesi,sicilia,10631
085016,San Cataldo,sicilia,21212
085017,Santa Caterina Villarmosa,sicilia,4785
085018,Serradifalco,sicilia,5588
085019,Sommatino,sicilia,6441
085020,Sutera,sicilia,1209
085021,Vallelunga Pratameno,sicilia,3164
085022,Villalba,sicilia,1446
086001,Agira,sicilia,7726
086002,Aidone,sicilia,4284
086003,Assoro,sicilia,4868
086004,Barrafranca,sicilia,12000
086005,Calascibetta,sicilia,4166
086006,Catenanuova,sicilia,4546
086007,Centuripe,sicilia,5129
086008,Cerami,sicilia,1867
086009,Enna,sicilia,25815
086010,Gagliano Castelferrato,sicilia,3344
086011,Leonforte,sicilia,12513
086012,Nicosia,sicilia,12877
086013,Nissoria,sicilia,2861
086014,Piazza Armerina,sicilia,20733
086015,Pietraperzia,sicilia,6387
086016,Regalbuto,sicilia,6743
086017,Sperlinga,sicilia,697
086018,Troina,sicilia,8642
086019,Valguarnera Caropepe,sicilia,7082
086020,Villarosa,sicilia,4450
087001,Aci Bonaccorsi,sicilia,3525
087002,Aci Castello,sicilia,17975
087003,Aci Catena,sicilia,28124
087004,Acireale,sicilia,50735
087005,Aci Sant'Antonio,sicilia,18058
087006,Adrano,sicilia,34110
087007,Belpasso,sicilia,27851
087008,Biancavilla,sicilia,23031
087009,Bronte,sicilia,18307
087010,Calatabiano,sicilia,5167
087011,Caltagirone,sicilia,36058
087012,Camporotondo Etneo,sicilia,5213
087013,Castel di Iudica,sicilia,4309
087014,Castiglione di Sicilia,sicilia,2930
087015,Catania,sicilia,301104
087016,Fiumefreddo di Sicilia,sicilia,9128
087017,Giarre,sicilia,26685
087018,Grammichele,sicilia,12566
087019,Gravina di Catania,sicilia,25156
087020,Licodia Eubea,sicilia,2762
087021,Linguaglossa,sicilia,4995
087022,Maletto,sicilia,3598
087023,Mascali,sicilia,14287
087024,Mascalucia,sicilia,31998
087025,Militello in Val di Catania,sicilia,6796
087026,Milo,sicilia,1038
087027,Mineo,sicilia,4607
087028,Mirabella Imbaccari,sicilia,4280
087029,Misterbianco,sicilia,49294
087030,Motta Sant'Anastasia,sicilia,12054
087031,Nicolosi,sicilia,7596
087032,Palagonia,sicilia,15802
087033,Paternò,sicilia,45539
087034,Pedara,sicilia,14915
087035,Piedimonte Etneo,sicilia,3926
087036,Raddusa,sicilia,2848
087037,Ramacca,sicilia,10344
087038,Randazzo,sicilia,10313
087039,Riposto,sicilia,14078
087040,San Cono,sicilia,2440
087041,San Giovanni la Punta,sicilia,23649
087042,San Gregorio di Catania,sicilia,11487
087043,San Michele di Ganzaria,sicilia,2922
087044,San Pietro Clarenza,sicilia,8229
087045,Sant'Agata li Battiati,sicilia,9338
087046,Sant'Alfio,sicilia,1518
087047,Santa Maria di Licodia,sicilia,7453
087048,Santa Venerina,sicilia,8421
087049,Scordia,sicilia,16211
087050,Trecastagni,sicilia,11230
087051,Tremestieri Etneo,sicilia,19851
087052,Valverde,sicilia,7838
087053,Viagrande,sicilia,8789
087054,Vizzini,sicilia,5747
087055,Zafferana Etnea,sicilia,9383
087056,Mazzarrone,sicilia,3955
087057,Maniace,sicilia,3768
087058,Ragalna,sicilia,4184
088001,Acate,sicilia,10581
088002,Chiaramonte Gulfi,sicilia,8024
088003,Comiso,sicilia,30073
088004,Giarratana,sicilia,2803
088005,Ispica,sicilia,16187
088006,Modica,sicilia,53554
088007,Monterosso Almo,sicilia,2821
088008,Pozzallo,sicilia,18997
088009,Ragusa,sicilia,72779
088010,Santa Croce Camerina,sicilia,10912
088011,Scicli,sicilia,26878
088012,Vittoria,sicilia,62533
089001,Augusta,sicilia,34715
089002,Avola,sicilia,30474
089003,Buccheri,sicilia,1765
089004,Buscemi,sicilia,968
089005,Canicattini Bagni,sicilia,6619
089006,Carlentini,sicilia,17160
089007,Cassaro,sicilia,725
089008,Ferla,sicilia,2325
089009,Floridia,sicilia,21471
089010,Francofonte,sicilia,11888
089011,Lentini,sicilia,21926
089012,Melilli,sicilia,13227
089013,Noto,sicilia,23905
089014,Pachino,sicilia,21678
089015,Palazzolo Acreide,sicilia,8233
089016,Rosolini,sicilia,20639
089017,Siracusa,sicilia,117055
089018,Solarino,sicilia,7578
089019,Sortino,sicilia,8298
089020,Portopalo di Capo Passero,sicilia,3798
089021,Priolo Gargallo,sicilia,11453
090001,Aggius,sardegna,1405
090002,Alà dei Sardi,sardegna,1789
090003,Alghero,sardegna,42458
090004,Anela,sardegna,588
090005,Ardara,sardegna,736
090006,Arzachena,sardegna,13328
090007,Banari,sardegna,535
090008,Benetutti,sardegna,1726
090009,Berchidda,sardegna,2634
090010,Bessude,sardegna,391
090011,Bonnanaro,sardegna,930
090012,Bono,sardegna,3356
090013,Bonorva,sardegna,3231
090014,Bortigiadas,sardegna,729
090015,Borutta,sardegna,260
090016,Bottidda,sardegna,651
090017,Buddusò,sardegna,3659
090018,Bultei,sardegna,841
090019,Bulzi,sardegna,470
090020,Burgos,sardegna,856
090021,Calangianus,sardegna,3853
090022,Cargeghe,sardegna,593
090023,Castelsardo,sardegna,5711
090024,Cheremule,sardegna,402
090025,Chiaramonti,sardegna,1525
090026,Codrongianos,sardegna,1283
090027,Cossoine,sardegna,765
090028,Esporlatu,sardegna,382
090029,Florinas,sardegna,1446
090030,Giave,sardegna,494
090031,Illorai,sardegna,763
090032,Ittireddu,sardegna,481
090033,Ittiri,sardegna,8097
090034,Laerru,sardegna,859
090035,La Maddalena,sardegna,10687
090036,Luogosanto,sardegna,1818
090037,Luras,sardegna,2429
090038,Mara,sardegna,526
090039,Martis,sardegna,470
090040,Monteleone Rocca Doria,sardegna,111
090041,Monti,sardegna,2348
090042,Mores,sardegna,1758
090043,Muros,sardegna,830
090044,Nughedu San Nicolò,sardegna,763
090045,Nule,sardegna,1293
090046,Nulvi,sardegna,2648
090047,Olbia,sardegna,60711
090048,Olmedo,sardegna,4134
090049,Oschiri,sardegna,3051
090050,Osilo,sardegna,2834
090051,Ossi,sardegna,5513
090052,Ozieri,sardegna,9935
090053,Padria,sardegna,605
090054,Palau,sardegna,4106
090055,Pattada,sardegna,2892
090056,Perfugas,sardegna,2272
090057,Ploaghe,sardegna,4350
090058,Porto Torres,sardegna,21330
090059,Pozzomaggiore,sardegna,2416
090060,Putifigari,sardegna,691
090061,Romana,sardegna,497
090062,Aglientu,sardegna,1168
090063,Santa Teresa Gallura,sardegna,5006
090064,Sassari,sardegna,122159
090065,Sedini,sardegna,1256
090066,Semestene,sardegna,141
090067,Sennori,sardegna,6935
090068,Siligo,sardegna,812
090069,Sorso,sardegna,14501
090070,Tempio Pausania,sardegna,13329
090071,Thiesi,sardegna,2814
090072,Tissi,sardegna,2361
090073,Torralba,sardegna,904
090074,Trinità d'Agultu e Vignola,sardegna,2239
090075,Tula,sardegna,1466
090076,Uri,sardegna,2856
090077,Usini,sardegna,4237
090078,Villanova Monteleone,sardegna,2124
090079,Valledoria,sardegna,4264
090080,Telti,sardegna,2236
090081,Badesi,sardegna,1838
090082,Viddalba,sardegna,1623
090083,Golfo Aranci,sardegna,2376
090084,Loiri Porto San Paolo,sardegna,3659
090085,Sant'Antonio di Gallura,sardegna,1443
090086,Tergu,sardegna,606
090087,Santa Maria Coghinas,sardegna,1309
090088,Erula,sardegna,691
090089,Stintino,sardegna,1538
090090,Padru,sardegna,2055
090091,Budoni,sardegna,5333
090092,San Teodoro,sardegna,4992
091001,Aritzo,sardegna,1237
091002,Arzana,sardegna,2259
091003,Atzara,sardegna,1026
091004,Austis,sardegna,772
091005,Bari Sardo,sardegna,3861
091006,Baunei,sardegna,3480
091007,Belvì,sardegna,560
091008,Birori,sardegna,499
091009,Bitti,sardegna,2610
091010,Bolotana,sardegna,2419
091011,Borore,sardegna,1994
091012,Bortigali,sardegna,1205
091016,Desulo,sardegna,2149
091017,Dorgali,sardegna,8368
091018,Dualchi,sardegna,576
091019,Elini,sardegna,559
091024,Fonni,sardegna,3692
091025,Gadoni,sardegna,703
091026,Gairo,sardegna,1304
091027,Galtellì,sardegna,2384
091028,Gavoi,sardegna,2497
091031,Girasole,sardegna,1335
091032,Ilbono,sardegna,2004
091033,Irgoli,sardegna,2232
091035,Jerzu,sardegna,3054
091037,Lanusei,sardegna,5091
091038,Lei,sardegna,470
091039,Loceri,sardegna,1279
091040,Loculi,sardegna,508
091041,Lodè,sardegna,1529
091042,Lotzorai,sardegna,2116
091043,Lula,sardegna,1266
091044,Macomer,sardegna,9444
091046,Mamoiada,sardegna,2426
091047,Meana Sardo,sardegna,1624
091050,Noragugume,sardegna,286
091051,Nuoro,sardegna,34183
091055,Oliena,sardegna,6657
091056,Ollolai,sardegna,1202
091057,Olzai,sardegna,774
091058,Onanì,sardegna,373
091059,Onifai,sardegna,697
091060,Oniferi,sardegna,873
091061,Orani,sardegna,2723
091062,Orgosolo,sardegna,3971
091063,Orosei,sardegna,6833
091064,Orotelli,sardegna,1905
091066,Ortueri,sardegna,1049
091067,Orune,sardegna,2177
091068,Osidda,sardegna,219
091069,Osini,sardegna,727
091070,Ottana,sardegna,2199
091071,Ovodda,sardegna,1536
091072,Perdasdefogu,sardegna,1763
091073,Posada,sardegna,3020
091077,Sarule,sardegna,1564
091083,Silanus,sardegna,2018
091084,Sindia,sardegna,1609
091085,Siniscola,sardegna,11245
091086,Sorgono,sardegna,1529
091088,Talana,sardegna,964
091089,Tertenia,sardegna,3855
091090,Teti,sardegna,610
091091,Tiana,sardegna,444
091093,Tonara,sardegna,1812
091094,Torpè,sardegna,2720
091095,Tortolì,sardegna,11024
091097,Triei,sardegna,1071
091098,Ulassai,sardegna,1369
091099,Urzulei,sardegna,1125
091100,Ussassai,sardegna,473
091101,Villagrande Strisaili,sardegna,3011
091103,Cardedu,sardegna,1927
091104,Lodine,sardegna,307
092003,Assemini,sardegna,26159
092009,Cagliari,sardegna,149092
092011,Capoterra,sardegna,23235
092015,Decimomannu,sardegna,8336
092037,Maracalagonis,sardegna,7909
092050,Pula,sardegna,7106
092051,Quartu Sant'Elena,sardegna,68853
092066,Sarroch,sardegna,5057
092068,Selargius,sardegna,28648
092074,Sestu,sardegna,20800
092075,Settimo San Pietro,sardegna,6882
092080,Sinnai,sardegna,17323
092090,Uta,sardegna,8671
092099,Villa San Pietro,sardegna,2165
092105,Quartucciu,sardegna,12910
092108,Elmas,sardegna,9424
092109,Monserrato,sardegna,19118
093001,Andreis,friuli-venezia-giulia,246
093002,Arba,friuli-venezia-giulia,1274
093004,Aviano,friuli-venezia-giulia,8866
093005,Azzano Decimo,friuli-venezia-giulia,15660
093006,Barcis,friuli-venezia-giulia,226
093007,Brugnera,friuli-venezia-giulia,9268
093008,Budoia,friuli-venezia-giulia,2492
093009,Caneva,friuli-venezia-giulia,6254
093010,Casarsa della Delizia,friuli-venezia-giulia,8240
093011,Castelnovo del Friuli,friuli-venezia-giulia,831
093012,Cavasso Nuovo,friuli-venezia-giulia,1501
093013,Chions,friuli-venezia-giulia,5100
093014,Cimolais,friuli-venezia-giulia,343
093015,Claut,friuli-venezia-giulia,883
093016,Clauzetto,friuli-venezia-giulia,372
093017,Cordenons,friuli-venezia-giulia,17886
093018,Cordovado,friuli-venezia-giulia,2726
093019,Erto e Casso,friuli-venezia-giulia,373
093020,Fanna,friuli-venezia-giulia,1480
093021,Fiume Veneto,friuli-venezia-giulia,11739
093022,Fontanafredda,friuli-venezia-giulia,12762
093024,Frisanco,friuli-venezia-giulia,559
093025,Maniago,friuli-venezia-giulia,11555
093026,Meduno,friuli-venezia-giulia,1504
093027,Montereale Valcellina,friuli-venezia-giulia,4267
093028,Morsano al Tagliamento,friuli-venezia-giulia,2680
093029,Pasiano di Pordenone,friuli-venezia-giulia,7760
093030,Pinzano al Tagliamento,friuli-venezia-giulia,1498
093031,Polcenigo,friuli-venezia-giulia,3123
093032,Porcia,friuli-venezia-giulia,14985
093033,Pordenone,friuli-venezia-giulia,51617
093034,Prata di Pordenone,friuli-venezia-giulia,8350
093035,Pravisdomini,friuli-venezia-giulia,3410
093036,Roveredo in Piano,friuli-venezia-giulia,5860
093037,Sacile,friuli-venezia-giulia,19877
093038,San Giorgio della Richinvelda,friuli-venezia-giulia,4531
093039,San Martino al Tagliamento,friuli-venezia-giulia,1453
093040,San Quirino,friuli-venezia-giulia,4191
093041,San Vito al Tagliamento,friuli-venezia-giulia,15097
093042,Sequals,friuli-venezia-giulia,2170
093043,Sesto al Reghena,friuli-venezia-giulia,6301
093044,Spilimbergo,friuli-venezia-giulia,11826
093045,Tramonti di Sopra,friuli-venezia-giulia,271
093046,Tramonti di Sotto,friuli-venezia-giulia,339
093047,Travesio,friuli-venezia-giulia,1783
093049,Vito d'Asio,friuli-venezia-giulia,720
093050,Vivaro,friuli-venezia-giulia,1292
093051,Zoppola,friuli-venezia-giulia,8346
093052,Vajont,friuli-venezia-giulia,1669
093053,Valvasone Arzene,friuli-venezia-giulia,3917
094001,Acquaviva d'Isernia,molise,377
094002,Agnone,molise,4703
094003,Bagnoli del Trigno,molise,649
094004,Belmonte del Sannio,molise,646
094005,Cantalupo nel Sannio,molise,725
094006,Capracotta,molise,815
094007,Carovilli,molise,1273
094008,Carpinone,molise,1042
094009,Castel del Giudice,molise,322
094010,Castelpetroso,molise,1565
094011,Castelpizzuto,molise,139
094012,Castel San Vincenzo,molise,461
094013,Castelverrino,molise,100
094014,Cerro al Volturno,molise,1155
094015,Chiauci,molise,206
094016,Civitanova del Sannio,molise,890
094017,Colli a Volturno,molise,1271
094018,Conca Casale,molise,175
094019,Filignano,molise,586
094020,Forlì del Sannio,molise,633
094021,Fornelli,molise,1791
094022,Frosolone,molise,2889
094023,Isernia,molise,20748
094024,Longano,molise,637
094025,Macchia d'Isernia,molise,1030
094026,Macchiagodena,molise,1655
094027,Miranda,molise,957
094028,Montaquila,molise,2303
094029,Montenero Val Cocchiara,molise,503
094030,Monteroduni,molise,2037
094031,Pesche,molise,1517
094032,Pescolanciano,molise,810
094033,Pescopennataro,molise,233
094034,Pettoranello del Molise,molise,449
094035,Pietrabbondante,molise,635
094036,Pizzone,molise,315
094037,Poggio Sannita,molise,584
094038,Pozzilli,molise,2174
094039,Rionero Sannitico,molise,998
094040,Roccamandolfi,molise,857
094041,Roccasicura,molise,492
094042,Rocchetta a Volturno,molise,1074
094043,San Pietro Avellana,molise,439
094044,Sant'Agapito,molise,1411
094045,Santa Maria del Molise,molise,664
094046,Sant'Angelo del Pesco,molise,325
094047,Sant'Elena Sannita,molise,270
094048,Scapoli,molise,591
094049,Sessano del Molise,molise,663
094050,Sesto Campano,molise,2140
094051,Vastogirardi,molise,634
094052,Venafro,molise,11006
095001,Abbasanta,sardegna,2594
095002,Aidomaggiore,sardegna,398
095003,Albagiara,sardegna,246
095004,Ales,sardegna,1293
095005,Allai,sardegna,358
095006,Arborea,sardegna,3777
095007,Ardauli,sardegna,780
095008,Assolo,sardegna,348
095009,Asuni,sardegna,311
095010,Baradili,sardegna,76
095011,Baratili San Pietro,sardegna,1211
095012,Baressa,sardegna,568
095013,Bauladu,sardegna,647
095014,Bidonì,sardegna,128
095015,Bonarcado,sardegna,1519
095016,Boroneddu,sardegna,154
095017,Busachi,sardegna,1172
095018,Cabras,sardegna,8809
095019,Cuglieri,sardegna,2487
095020,Fordongianus,sardegna,850
095021,Ghilarza,sardegna,4241
095022,Gonnoscodina,sardegna,436
095023,Gonnosnò,sardegna,712
095024,Gonnostramatza,sardegna,809
095025,Marrubiu,sardegna,4643
095026,Masullas,sardegna,1012
095027,Milis,sardegna,1433
095028,Mogorella,sardegna,412
095029,Mogoro,sardegna,3959
095030,Morgongiori,sardegna,661
095031,Narbolia,sardegna,1692
095032,Neoneli,sardegna,622
095033,Norbello,sardegna,1141
095034,Nughedu Santa Vittoria,sardegna,441
095035,Nurachi,sardegna,1692
095036,Nureci,sardegna,320
095037,Ollastra,sardegna,1144
095038,Oristano,sardegna,30653
095039,Palmas Arborea,sardegna,1475
095040,Pau,sardegna,276
095041,Paulilatino,sardegna,2096
095042,Pompu,sardegna,215
095043,Riola Sardo,sardegna,2060
095044,Ruinas,sardegna,621
095045,Samugheo,sardegna,2796
095046,San Nicolò d'Arcidano,sardegna,2526
095047,Santa Giusta,sardegna,4646
095048,Villa Sant'Antonio,sardegna,333
095049,Santu Lussurgiu,sardegna,2229
095050,San Vero Milis,sardegna,2434
095051,Scano di Montiferro,sardegna,1417
095052,Sedilo,sardegna,1995
095053,Seneghe,sardegna,1682
095054,Senis,sardegna,424
095055,Sennariolo,sardegna,155
095056,Siamaggiore,sardegna,884
095057,Siamanna,sardegna,773
095058,Simala,sardegna,284
095059,Simaxis,sardegna,2146
095060,Sini,sardegna,485
095061,Siris,sardegna,223
095062,Solarussa,sardegna,2291
095063,Sorradile,sardegna,349
095064,Tadasuni,sardegna,141
095065,Terralba,sardegna,9792
095066,Tramatza,sardegna,937
095067,Tresnuraghes,sardegna,1051
095068,Ulà Tirso,sardegna,475
095069,Uras,sardegna,2697
095070,Usellus,sardegna,727
095071,Villanova Truschedu,sardegna,293
095072,Villaurbana,sardegna,1490
095073,Villa Verde,sardegna,288
095074,Zeddiani,sardegna,1131
095075,Zerfaliu,sardegna,1017
095076,Siapiccia,sardegna,344
095077,Curcuris,sardegna,311
095078,Soddì,sardegna,120
095079,Bosa,sardegna,7539
095080,Flussio,sardegna,426
095082,Laconi,sardegna,1685
095083,Magomadas,sardegna,604
095084,Modolo,sardegna,155
095085,Montresta,sardegna,440
095086,Sagama,sardegna,195
095087,Suni,sardegna,994
095088,Tinnura,sardegna,239
096001,Ailoche,piemonte,314
096002,Andorno Micca,piemonte,3043
096003,Benna,piemonte,1146
096004,Biella,piemonte,42783
096005,Bioglio,piemonte,905
096006,Borriana,piemonte,861
096007,Brusnengo,piemonte,1975
096008,Callabiana,piemonte,147
096009,Camandona,piemonte,311
096010,Camburzano,piemonte,1120
096012,Candelo,piemonte,7271
096013,Caprile,piemonte,196
096014,Casapinta,piemonte,397
096015,Castelletto Cervo,piemonte,796
096016,Cavaglià,piemonte,3546
096018,Cerrione,piemonte,2810
096019,Coggiola,piemonte,1651
096020,Cossato,piemonte,14015
096021,Crevacuore,piemonte,1390
096023,Curino,piemonte,463
096024,Donato,piemonte,710
096025,Dorzano,piemonte,528
096026,Gaglianico,piemonte,3741
096027,Gifflenga,piemonte,104
096028,Graglia,piemonte,1466
096030,Magnano,piemonte,366
096031,Massazza,piemonte,569
096032,Masserano,piemonte,1916
096033,Mezzana Mortigliengo,piemonte,495
096034,Miagliano,piemonte,548
096035,Mongrando,piemonte,3667
096037,Mottalciata,piemonte,1332
096038,Muzzano,piemonte,578
096039,Netro,piemonte,939
096040,Occhieppo Inferiore,piemonte,3753
096041,Occhieppo Superiore,piemonte,2638
096042,Pettinengo,piemonte,1470
096043,Piatto,piemonte,478
096044,Piedicavallo,piemonte,174
096046,Pollone,piemonte,2033
096047,Ponderano,piemonte,3740
096048,Portula,piemonte,1133
096049,Pralungo,piemonte,2290
096050,Pray,piemonte,2008
096053,Ronco Biellese,piemonte,1432
096054,Roppolo,piemonte,861
096055,Rosazza,piemonte,104
096056,Sagliano Micca,piemonte,1540
096057,Sala Biellese,piemonte,571
096058,Salussola,piemonte,1868
096059,Sandigliano,piemonte,2570
096063,Sordevolo,piemonte,1299
096064,Sostegno,piemonte,740
096065,Strona,piemonte,967
096066,Tavigliano,piemonte,937
096067,Ternengo,piemonte,260
096068,Tollegno,piemonte,2383
096069,Torrazzo,piemonte,205
096071,Valdengo,piemonte,2396
096072,Vallanzengo,piemonte,206
096074,Valle San Nicolao,piemonte,881
096075,Veglio,piemonte,454
096076,Verrone,piemonte,1177
096077,Vigliano Biellese,piemonte,7596
096078,Villa del Bosco,piemonte,316
096079,Villanova Biellese,piemonte,182
096080,Viverone,piemonte,1353
096081,Zimone,piemonte,392
096082,Zubiena,piemonte,1117
096083,Zumaglia,piemonte,983
096085,Lessona,piemonte,2634
096086,Campiglia Cervo,piemonte,521
096087,Quaregna Cerreto,piemonte,2031
096088,Valdilana,piemonte,10235
097001,Abbadia Lariana,lombardia,3202
097002,Airuno,lombardia,2832
097003,Annone di Brianza,lombardia,2285
097004,Ballabio,lombardia,4150
097005,Barzago,lombardia,2406
097006,Barzanò,lombardia,4993
097007,Barzio,lombardia,1260
097008,Bellano,lombardia,3415
097009,Bosisio Parini,lombardia,3312
097010,Brivio,lombardia,4459
097011,Bulciago,lombardia,2866
097012,Calco,lombardia,5333
097013,Calolziocorte,lombardia,13507
097014,Carenno,lombardia,1382
097015,Casargo,lombardia,837
097016,Casatenovo,lombardia,13183
097017,Cassago Brianza,lombardia,4370
097018,Cassina Valsassina,lombardia,529
097019,Castello di Brianza,lombardia,2602
097020,Cernusco Lombardone,lombardia,3808
097021,Cesana Brianza,lombardia,2384
097022,Civate,lombardia,3713
097023,Colico,lombardia,7994
097024,Colle Brianza,lombardia,1773
097025,Cortenova,lombardia,1147
097026,Costa Masnaga,lombardia,4758
097027,Crandola Valsassina,lombardia,269
097028,Cremella,lombardia,1679
097029,Cremeno,lombardia,1671
097030,Dervio,lombardia,2586
097031,Dolzago,lombardia,2518
097032,Dorio,lombardia,321
097033,Ello,lombardia,1207
097034,Erve,lombardia,686
097035,Esino Lario,lombardia,762
097036,Galbiate,lombardia,8458
097037,Garbagnate Monastero,lombardia,2533
097038,Garlate,lombardia,2666
097039,Imbersago,lombardia,2480
097040,Introbio,lombardia,1919
097042,Lecco,lombardia,46831
097043,Lierna,lombardia,2167
097044,Lomagna,lombardia,5026
097045,Malgrate,lombardia,4296
097046,Mandello del Lario,lombardia,10014
097047,Margno,lombardia,375
097048,Merate,lombardia,14661
097049,Missaglia,lombardia,8767
097050,Moggio,lombardia,473
097051,Molteno,lombardia,3534
097052,Monte Marenzo,lombardia,1868
097053,Montevecchia,lombardia,2677
097054,Monticello Brianza,lombardia,4153
097055,Morterone,lombardia,31
097056,Nibionno,lombardia,3600
097057,Oggiono,lombardia,9043
097058,Olgiate Molgora,lombardia,6346
097059,Olginate,lombardia,6938
097060,Oliveto Lario,lombardia,1199
097061,Osnago,lombardia,4742
097062,Paderno d'Adda,lombardia,3846
097063,Pagnona,lombardia,328
097064,Parlasco,lombardia,136
097065,Pasturo,lombardia,1933
097067,Perledo,lombardia,864
097068,Pescate,lombardia,2149
097069,Premana,lombardia,2178
097070,Primaluna,lombardia,2246
097071,Robbiate,lombardia,6262
097072,Rogeno,lombardia,3058
097074,Santa Maria Hoè,lombardia,2130
097075,Sirone,lombardia,2305
097076,Sirtori,lombardia,2777
097077,Sueglio,lombardia,141
097078,Suello,lombardia,1765
097079,Taceno,lombardia,539
097082,Valgreghentino,lombardia,3405
097083,Valmadrera,lombardia,11161
097084,Varenna,lombardia,725
097086,Vercurago,lombardia,2734
097090,Viganò,lombardia,2093
097091,Verderio,lombardia,5508
097092,La Valletta Brianza,lombardia,4670
097093,Valvarrone,lombardia,508
098001,Abbadia Cerreto,lombardia,275
098002,Bertonico,lombardia,1071
098003,Boffalora d'Adda,lombardia,1731
098004,Borghetto Lodigiano,lombardia,4288
098005,Borgo San Giovanni,lombardia,2435
098006,Brembio,lombardia,2692
098008,Casaletto Lodigiano,lombardia,2959
098009,Casalmaiocco,lombardia,3208
098010,Casalpusterlengo,lombardia,15399
098011,Caselle Landi,lombardia,1497
098012,Caselle Lurani,lombardia,3038
098013,Castelnuovo Bocca d'Adda,lombardia,1542
098014,Castiglione d'Adda,lombardia,4495
098015,Castiraga Vidardo,lombardia,2952
098017,Cavenago d'Adda,lombardia,2098
098018,Cervignano d'Adda,lombardia,2184
098019,Codogno,lombardia,15490
098020,Comazzo,lombardia,2259
098021,Cornegliano Laudense,lombardia,2834
098022,Corno Giovine,lombardia,1139
098023,Cornovecchio,lombardia,207
098024,Corte Palasio,lombardia,1529
098025,Crespiatica,lombardia,2192
098026,Fombio,lombardia,2239
098027,Galgagnano,lombardia,1310
098028,Graffignana,lombardia,2578
098029,Guardamiglio,lombardia,2634
098030,Livraga,lombardia,2423
098031,Lodi,lombardia,44716
098032,Lodi Vecchio,lombardia,7485
098033,Maccastorna,lombardia,63
098034,Mairago,lombardia,1385
098035,Maleo,lombardia,3017
098036,Marudo,lombardia,1769
098037,Massalengo,lombardia,4379
098038,Meleti,lombardia,445
098039,Merlino,lombardia,1726
098040,Montanaso Lombardo,lombardia,2234
098041,Mulazzano,lombardia,5834
098042,Orio Litta,lombardia,2004
098043,Ospedaletto Lodigiano,lombardia,1953
098044,Ossago Lodigiano,lombardia,1415
098045,Pieve Fissiraga,lombardia,1757
098046,Salerano sul Lambro,lombardia,2602
098047,San Fiorano,lombardia,1851
098048,San Martino in Strada,lombardia,3710
098049,San Rocco al Porto,lombardia,3347
098050,Sant'Angelo Lodigiano,lombardia,13346
098051,Santo Stefano Lodigiano,lombardia,1849
098052,Secugnago,lombardia,1945
098053,Senna Lodigiana,lombardia,1764
098054,Somaglia,lombardia,3839
098055,Sordio,lombardia,3387
098056,Tavazzano con Villavesco,lombardia,5897
098057,Terranova dei Passerini,lombardia,931
098058,Turano Lodigiano,lombardia,1500
098059,Valera Fratta,lombardia,1730
098060,Villanova del Sillaro,lombardia,1850
098061,Zelo Buon Persico,lombardia,7418
098062,Castelgerundo,lombardia,1481
099001,Bellaria-Igea Marina,emilia-romagna,19495
099002,Cattolica,emilia-romagna,16569
099003,Coriano,emilia-romagna,10441
099004,Gemmano,emilia-romagna,1121
099005,Misano Adriatico,emilia-romagna,13913
099006,Mondaino,emilia-romagna,1319
099008,Montefiore Conca,emilia-romagna,2237
099009,Montegridolfo,emilia-romagna,991
099011,Morciano di Romagna,emilia-romagna,7139
099013,Riccione,emilia-romagna,34603
099014,Rimini,emilia-romagna,149169
099015,Saludecio,emilia-romagna,3048
099016,San Clemente,emilia-romagna,5671
099017,San Giovanni in Marignano,emilia-romagna,9451
099018,Santarcangelo di Romagna,emilia-romagna,22184
099020,Verucchio,emilia-romagna,10045
099021,Casteldelci,emilia-romagna,370
099022,Maiolo,emilia-romagna,785
099023,Novafeltria,emilia-romagna,6962
099024,Pennabilli,emilia-romagna,2629
099025,San Leo,emilia-romagna,2818
099026,Sant'Agata Feltria,emilia-romagna,1998
099027,Talamello,emilia-romagna,1067
099028,Poggio Torriana,emilia-romagna,5161
099029,Montescudo-Monte Colombo,emilia-romagna,6782
099030,Montecopiolo,emilia-romagna,1035
099031,Sassofeltrio,emilia-romagna,1366
100001,Cantagallo,toscana,3092
100002,Carmignano,toscana,14753
100003,Montemurlo,toscana,19100
100004,Poggio a Caiano,toscana,9956
100005,Prato,toscana,195213
100006,Vaiano,toscana,9943
100007,Vernio,toscana,6066
101001,Belvedere di Spinello,calabria,1973
101002,Caccuri,calabria,1553
101003,Carfizzi,calabria,524
101004,Casabona,calabria,2377
101005,Castelsilano,calabria,900
101006,Cerenzia,calabria,1035
101007,Cirò,calabria,2534
101008,Cirò Marina,calabria,14002
101009,Cotronei,calabria,5261
101010,Crotone,calabria,59359
101011,Crucoli,calabria,2781
101012,Cutro,calabria,9478
101013,Isola di Capo Rizzuto,calabria,17281
101014,Melissa,calabria,3274
101015,Mesoraca,calabria,5908
101016,Pallagorio,calabria,1019
101017,Petilia Policastro,calabria,8714
101018,Roccabernarda,calabria,3167
101019,Rocca di Neto,calabria,5343
101020,San Mauro Marchesato,calabria,1952
101021,San Nicola dell'Alto,calabria,721
101022,Santa Severina,calabria,1929
101023,Savelli,calabria,1045
101024,Scandale,calabria,2889
101025,Strongoli,calabria,6163
101026,Umbriatico,calabria,755
101027,Verzino,calabria,1616
102001,Acquaro,calabria,1891
102002,Arena,calabria,1253
102003,Briatico,calabria,3781
102004,Brognaturo,calabria,668
102005,Capistrano,calabria,980
102006,Cessaniti,calabria,2999
102007,Dasà,calabria,1113
102008,Dinami,calabria,1828
102009,Drapia,calabria,2062
102010,Fabrizia,calabria,2003
102011,Filadelfia,calabria,4948
102012,Filandari,calabria,1771
102013,Filogaso,calabria,1337
102014,Francavilla Angitola,calabria,1807
102015,Francica,calabria,1578
102016,Gerocarne,calabria,1936
102017,Ionadi,calabria,4502
102018,Joppolo,calabria,1671
102019,Limbadi,calabria,3267
102020,Maierato,calabria,2056
102021,Mileto,calabria,6415
102022,Mongiana,calabria,650
102023,Monterosso Calabro,calabria,1548
102024,Nardodipace,calabria,1115
102025,Nicotera,calabria,5835
102026,Parghelia,calabria,1261
102027,Pizzo,calabria,8878
102028,Pizzoni,calabria,1000
102029,Polia,calabria,840
102030,Ricadi,calabria,4959
102031,Rombiolo,calabria,4354
102032,San Calogero,calabria,3942
102033,San Costantino Calabro,calabria,2089
102034,San Gregorio d'Ippona,calabria,2521
102035,San Nicola da Crissa,calabria,1244
102036,Sant'Onofrio,calabria,2872
102037,Serra San Bruno,calabria,6355
102038,Simbario,calabria,923
102039,Sorianello,calabria,1098
102040,Soriano Calabro,calabria,2306
102041,Spadola,calabria,799
102042,Spilinga,calabria,1345
102043,Stefanaconi,calabria,2345
102044,Tropea,calabria,5911
102045,Vallelonga,calabria,719
102046,Vazzano,calabria,964
102047,Vibo Valentia,calabria,31480
102048,Zaccanopoli,calabria,673
102049,Zambrone,calabria,1784
102050,Zungri,calabria,1882
103001,Antrona Schieranco,piemonte,400
103002,Anzola d'Ossola,piemonte,381
103003,Arizzano,piemonte,1941
103004,Arola,piemonte,241
103005,Aurano,piemonte,103
103006,Baceno,piemonte,869
103007,Bannio Anzino,piemonte,476
103008,Baveno,piemonte,4742
103009,Bee,piemonte,758
103010,Belgirate,piemonte,498
103011,Beura-Cardezza,piemonte,1437
103012,Bognanco,piemonte,191
103013,Brovello-Carpugnino,piemonte,774
103014,Calasca-Castiglione,piemonte,567
103015,Cambiasca,piemonte,1568
103016,Cannero Riviera,piemonte,910
103017,Cannobio,piemonte,5000
103018,Caprezzo,piemonte,171
103019,Casale Corte Cerro,piemonte,3385
103021,Ceppo Morelli,piemonte,301
103022,Cesara,piemonte,597
103023,Cossogno,piemonte,668
103024,Craveggia,piemonte,758
103025,Crevoladossola,piemonte,4510
103026,Crodo,piemonte,1419
103028,Domodossola,piemonte,17684
103029,Druogno,piemonte,1050
103031,Formazza,piemonte,442
103032,Germagno,piemonte,181
103033,Ghiffa,piemonte,2294
103034,Gignese,piemonte,1055
103035,Gravellona Toce,piemonte,7671
103036,Gurro,piemonte,190
103037,Intragna,piemonte,100
103038,Loreglia,piemonte,217
103039,Macugnaga,piemonte,526
103040,Madonna del Sasso,piemonte,371
103041,Malesco,piemonte,1360
103042,Masera,piemonte,1476
103043,Massiola,piemonte,117
103044,Mergozzo,piemonte,2156
103045,Miazzina,piemonte,368
103046,Montecrestese,piemonte,1273
103047,Montescheno,piemonte,380
103048,Nonio,piemonte,844
103049,Oggebbio,piemonte,854
103050,Omegna,piemonte,14503
103051,Ornavasso,piemonte,3354
103052,Pallanzeno,piemonte,1102
103053,Piedimulera,piemonte,1465
103054,Pieve Vergonte,piemonte,2453
103055,Premeno,piemonte,764
103056,Premia,piemonte,544
103057,Premosello-Chiovenda,piemonte,1838
103058,Quarna Sopra,piemonte,252
103059,Quarna Sotto,piemonte,365
103060,Re,piemonte,698
103061,San Bernardino Verbano,piemonte,1256
103062,Santa Maria Maggiore,piemonte,1290
103064,Stresa,piemonte,4627
103065,Toceno,piemonte,727
103066,Trarego Viggiona,piemonte,409
103067,Trasquera,piemonte,182
103068,Trontano,piemonte,1632
103069,Valstrona,piemonte,1163
103070,Vanzone con San Carlo,piemonte,390
103071,Varzo,piemonte,1940
103072,Verbania,piemonte,29856
103074,Vignone,piemonte,1195
103075,Villadossola,piemonte,6233
103076,Villette,piemonte,273
103077,Vogogna,piemonte,1707
103078,Borgomezzavalle,piemonte,292
103079,Valle Cannobina,piemonte,465
108001,Agrate Brianza,lombardia,15505
108002,Aicurzio,lombardia,2071
108003,Albiate,lombardia,6574
108004,Arcore,lombardia,17828
108005,Barlassina,lombardia,6873
108006,Bellusco,lombardia,7370
108007,Bernareggio,lombardia,11385
108008,Besana in Brianza,lombardia,15442
108009,Biassono,lombardia,12217
108010,Bovisio-Masciago,lombardia,16756
108011,Briosco,lombardia,6091
108012,Brugherio,lombardia,34870
108013,Burago di Molgora,lombardia,4206
108014,Camparada,lombardia,2156
108015,Carate Brianza,lombardia,17788
108016,Carnate,lombardia,7594
108017,Cavenago di Brianza,lombardia,7400
108018,Ceriano Laghetto,lombardia,6645
108019,Cesano Maderno,lombardia,39042
108020,Cogliate,lombardia,8459
108021,Concorezzo,lombardia,15763
108022,Correzzana,lombardia,3114
108023,Desio,lombardia,41668
108024,Giussano,lombardia,26015
108025,Lazzate,lombardia,7699
108026,Lesmo,lombardia,8419
108027,Limbiate,lombardia,34809
108028,Lissone,lombardia,46191
108029,Macherio,lombardia,7449
108030,Meda,lombardia,23350
108031,Mezzago,lombardia,4470
108032,Misinto,lombardia,5664
108033,Monza,lombardia,121984
108034,Muggiò,lombardia,23513
108035,Nova Milanese,lombardia,23070
108036,Ornago,lombardia,5255
108037,Renate,lombardia,3991
108038,Ronco Briantino,lombardia,3581
108039,Seregno,lombardia,44825
108040,Seveso,lombardia,23804
108041,Sovico,lombardia,8314
108042,Sulbiate,lombardia,4417
108043,Triuggio,lombardia,8668
108044,Usmate Velate,lombardia,10483
108045,Varedo,lombardia,13619
108046,Vedano al Lambro,lombardia,7504
108047,Veduggio con Colzano,lombardia,4216
108048,Verano Brianza,lombardia,9171
108049,Villasanta,lombardia,14068
108050,Vimercate,lombardia,25783
108051,Busnago,lombardia,6764
108052,Caponago,lombardia,5123
108053,Cornate d'Adda,lombardia,10784
108054,Lentate sul Seveso,lombardia,15802
108055,Roncello,lombardia,4785
109001,Altidona,marche,3507
109002,Amandola,marche,3303
109003,Belmonte Piceno,marche,586
109004,Campofilone,marche,1910
109005,Falerone,marche,3142
109006,Fermo,marche,35923
109007,Francavilla d'Ete,marche,936
109008,Grottazzolina,marche,3214
109009,Lapedona,marche,1159
109010,Magliano di Tenna,marche,1432
109011,Massa Fermana,marche,878
109012,Monsampietro Morico,marche,621
109013,Montappone,marche,1584
109014,Montefalcone Appennino,marche,375
109015,Montefortino,marche,1077
109016,Monte Giberto,marche,738
109017,Montegiorgio,marche,6407
109018,Montegranaro,marche,12497
109019,Monteleone di Fermo,marche,357
109020,Montelparo,marche,713
109021,Monte Rinaldo,marche,324
109022,Monterubbiano,marche,2041
109023,Monte San Pietrangeli,marche,2293
109024,Monte Urano,marche,7887
109025,Monte Vidon Combatte,marche,400
109026,Monte Vidon Corrado,marche,683
109027,Montottone,marche,878
109028,Moresco,marche,524
109029,Ortezzano,marche,745
109030,Pedaso,marche,2811
109031,Petritoli,marche,2156
109032,Ponzano di Fermo,marche,1641
109033,Porto San Giorgio,marche,15699
109034,Porto Sant'Elpidio,marche,25757
109035,Rapagnano,marche,1927
109036,Santa Vittoria in Matenano,marche,1227
109037,Sant'Elpidio a Mare,marche,16543
109038,Servigliano,marche,2179
109039,Smerillo,marche,336
109040,Torre San Patrizio,marche,1884
110001,Andria,puglia,97588
110002,Barletta,puglia,92798
110003,Bisceglie,puglia,53738
110004,Canosa di Puglia,puglia,28187
110005,Margherita di Savoia,puglia,11262
110006,Minervino Murge,puglia,8298
110007,San Ferdinando di Puglia,puglia,13713
110008,Spinazzola,puglia,6027
110009,Trani,puglia,55035
110010,Trinitapoli,puglia,13970
111001,Arbus,sardegna,5843
111002,Armungia,sardegna,428
111003,Ballao,sardegna,731
111004,Barrali,sardegna,1095
111005,Barumini,sardegna,1176
111006,Buggerru,sardegna,1053
111007,Burcei,sardegna,2666
111008,Calasetta,sardegna,2802
111009,Carbonia,sardegna,26565
111010,Carloforte,sardegna,5983
111011,Castiadas,sardegna,1661
111012,Collinas,sardegna,781
111013,Decimoputzu,sardegna,4205
111014,Dolianova,sardegna,9496
111015,Domus de Maria,sardegna,1628
111016,Domusnovas,sardegna,5922
111017,Donori,sardegna,1976
111018,Escalaplano,sardegna,2092
111019,Escolca,sardegna,543
111020,Esterzili,sardegna,565
111021,Fluminimaggiore,sardegna,2681
111022,Furtei,sardegna,1525
111023,Genoni,sardegna,771
111024,Genuri,sardegna,314
111025,Gergei,sardegna,1137
111026,Gesico,sardegna,771
111027,Gesturi,sardegna,1164
111028,Giba,sardegna,1919
111029,Goni,sardegna,455
111030,Gonnesa,sardegna,4697
111031,Gonnosfanadiga,sardegna,6243
111032,Guamaggiore,sardegna,919
111033,Guasila,sardegna,2509
111034,Guspini,sardegna,11134
111035,Iglesias,sardegna,25382
111036,Isili,sardegna,2503
111037,Las Plassas,sardegna,215
111038,Lunamatrona,sardegna,1649
111039,Mandas,sardegna,2028
111040,Masainas,sardegna,1227
111041,Monastir,sardegna,4469
111042,Muravera,sardegna,5171
111043,Musei,sardegna,1512
111044,Narcao,sardegna,3105
111045,Nuragus,sardegna,842
111046,Nurallao,sardegna,1178
111047,Nuraminis,sardegna,2339
111048,Nurri,sardegna,2034
111049,Nuxis,sardegna,1455
111050,Orroli,sardegna,2017
111051,Ortacesus,sardegna,883
111052,Pabillonis,sardegna,2540
111053,Pauli Arbarei,sardegna,564
111054,Perdaxius,sardegna,1326
111055,Pimentel,sardegna,1131
111056,Piscinas,sardegna,816
111057,Portoscuso,sardegna,4869
111058,Sadali,sardegna,873
111059,Samassi,sardegna,4836
111060,Samatzai,sardegna,1558
111061,San Basilio,sardegna,1150
111062,San Gavino Monreale,sardegna,8160
111063,San Giovanni Suergiu,sardegna,5689
111064,San Nicolò Gerrei,sardegna,718
111065,San Sperate,sardegna,8398
111066,San Vito,sardegna,3488
111067,Sanluri,sardegna,8170
111068,Santadi,sardegna,3194
111069,Sant'Andrea Frius,sardegna,1717
111070,Sant'Anna Arresi,sardegna,2663
111071,Sant'Antioco,sardegna,10756
111072,Sardara,sardegna,3842
111073,Segariu,sardegna,1112
111074,Selegas,sardegna,1306
111075,Senorbì,sardegna,4762
111076,Serdiana,sardegna,2665
111077,Serramanna,sardegna,8640
111078,Serrenti,sardegna,4581
111079,Serri,sardegna,629
111080,Setzu,sardegna,133
111081,Seui,sardegna,1178
111082,Seulo,sardegna,795
111083,Siddi,sardegna,595
111084,Siliqua,sardegna,3614
111085,Silius,sardegna,1064
111086,Siurgus Donigala,sardegna,1848
111087,Soleminis,sardegna,1854
111088,Suelli,sardegna,1082
111089,Teulada,sardegna,3300
111090,Tratalias,sardegna,1020
111091,Tuili,sardegna,948
111092,Turri,sardegna,391
111093,Ussana,sardegna,4023
111094,Ussaramanna,sardegna,492
111095,Vallermosa,sardegna,1810
111096,Villacidro,sardegna,13317
111097,Villamar,sardegna,2472
111098,Villamassargia,sardegna,3440
111099,Villanova Tulo,sardegna,1019
111100,Villanovaforru,sardegna,622
111101,Villanovafranca,sardegna,1201
111102,Villaperuccio,sardegna,1010
111103,Villaputzu,sardegna,4509
111104,Villasalto,sardegna,989
111105,Villasimius,sardegna,3705
111106,Villasor,sardegna,6599
111107,Villaspeciosa,sardegna,2536
